usage_start,product_code,usage_type,resource_id,tier,nodepool,unblended_cost_usd
2026-09-04T13:00:00Z,AmazonEC2,EUC1-NatGateway-Bytes,arn:aws:ec2:eu-central-1:790348267926:natgateway/nat-08e283a51761f1e9b,shared,,0.4605815196
2026-09-04T13:00:00Z,AmazonEC2,EUC1-SpotUsage:c5ad.2xlarge,i-0c5a766c76c0b5edb,apps-serving,apps-serving,0.1204436719
2026-09-04T13:00:00Z,AmazonEKS,EUC1-AmazonEKS-Hours:perCluster,arn:aws:eks:eu-central-1:790348267926:cluster/simple-rag-cluster,,,0.1
2026-09-04T13:00:00Z,AmazonEC2,EUC1-BoxUsage:r7g.large,i-0cbd317f11af8998a,database,,0.0834775412
2026-09-04T13:00:00Z,AmazonEC2,EUC1-BoxUsage:t3.large,i-000774fc9042827fa,core-on-demand,,0.06216
2026-09-04T13:00:00Z,AmazonEC2,EUC1-BoxUsage:t3.large,i-024928ed4d6dacdf1,core-on-demand,,0.06216
2026-09-04T13:00:00Z,AmazonEC2,EUC1-SpotUsage:c5a.xlarge,i-01ad8bda61d1630ef,apps-serving,apps-serving,0.0542691143
2026-09-04T13:00:00Z,AmazonEC2,EUC1-NatGateway-Hours,arn:aws:ec2:eu-central-1:790348267926:natgateway/nat-08e283a51761f1e9b,shared,,0.052
2026-09-04T13:00:00Z,AmazonEC2,EUC1-DataTransfer-Regional-Bytes,i-024928ed4d6dacdf1,core-on-demand,,0.0429683288
2026-09-04T13:00:00Z,AmazonEC2,EUC1-DataTransfer-Regional-Bytes,arn:aws:ec2:eu-central-1:790348267926:natgateway/nat-08e283a51761f1e9b,shared,,0.0427112977
2026-09-04T13:00:00Z,AmazonVPC,EUC1-VpcEndpoint-Hours,arn:aws:ec2:eu-central-1:790348267926:vpc-endpoint/vpce-06643e750a0c407cc,shared,,0.036
2026-09-04T13:00:00Z,AmazonVPC,EUC1-VpcEndpoint-Hours,arn:aws:ec2:eu-central-1:790348267926:vpc-endpoint/vpce-02a394392d9e4ff1b,shared,,0.036
2026-09-04T13:00:00Z,AmazonEC2,EUC1-BoxUsage:r7g.large,i-04dc7d23b0e3e1853,database,,0.0293570824
2026-09-04T13:00:00Z,AWSELB,EUC1-LoadBalancerUsage,arn:aws:elasticloadbalancing:eu-central-1:790348267926:loadbalancer/net/k8s-ragplatf-ciliumga-e24be0dc76/e249bbc0f0ca55f7,,,0.027
2026-09-04T13:00:00Z,AmazonEC2,EUC1-DataTransfer-Regional-Bytes,i-000774fc9042827fa,core-on-demand,,0.0243918666
2026-09-04T13:00:00Z,AmazonEC2,EUC1-SpotUsage:c7g.2xlarge,i-0d1145c81b05cfc36,apps-compute,apps-compute,0.02269925
2026-09-04T13:00:00Z,AmazonEC2,EUC1-SpotUsage:c7g.2xlarge,i-000647b3154cc26d5,apps-compute,apps-compute,0.0218757768
2026-09-04T13:00:00Z,AmazonEC2,EUC1-EBS:VolumeUsage.gp3,vol-06668d97c1216b1e6,shared,,0.0198333333
2026-09-04T13:00:00Z,AmazonEC2,EUC1-SpotUsage:c7i-flex.2xlarge,i-0b7fe59464ca9a524,apps-serving,apps-serving,0.01960825
2026-09-04T13:00:00Z,AmazonEC2,EUC1-SpotUsage:c7g.2xlarge,i-0cec629d07f4b8dfb,apps-compute,apps-compute,0.0180979775
2026-09-04T13:00:00Z,AmazonEKS,EUC1-Fargate-vCPU-Hours:perCPU,arn:aws:eks:eu-central-1:790348267926:pod/simple-rag-cluster/karpenter/karpenter-7894f49b5c-t7z4k/a9ea1551-985e-4b1e-a8f1-65724b7a569b,,,0.0140003331
2026-09-04T13:00:00Z,AmazonEKS,EUC1-Fargate-vCPU-Hours:perCPU,arn:aws:eks:eu-central-1:790348267926:pod/simple-rag-cluster/karpenter/karpenter-7894f49b5c-d76hx/3f79e0ba-a98f-4636-990f-4e049ac4a03f,,,0.0139874002
2026-09-04T13:00:00Z,AmazonEC2,EUC1-DataTransfer-Regional-Bytes,i-0c5a766c76c0b5edb,apps-serving,apps-serving,0.0106563129
2026-09-04T13:00:00Z,AmazonEC2,EUC1-SpotUsage:c6a.xlarge,i-0428722104546b18b,apps-serving,apps-serving,0.0097551771
2026-09-04T13:00:00Z,AmazonEC2,EUC1-EBS:VolumeUsage.gp3,vol-05b6f7435be2a0064,,,0.0066111111
2026-09-04T13:00:00Z,AmazonEC2,EUC1-EBS:VolumeUsage.gp3,vol-0d2756f69b9b45ae4,,,0.0066111111
2026-09-04T13:00:00Z,AmazonEC2,EUC1-EBS:VolumeUsage.gp3,vol-087ef691ffddb546d,,,0.0066111111
2026-09-04T13:00:00Z,AmazonEC2,EUC1-EBS:VolumeUsage.gp3,vol-0d56318bc3d9cf78c,,,0.0066111111
2026-09-04T13:00:00Z,AmazonEC2,EUC1-DataTransfer-Regional-Bytes,i-04dc7d23b0e3e1853,database,,0.0060923438
2026-09-04T13:00:00Z,AmazonEC2,EUC1-DataTransfer-Regional-Bytes,i-0b7fe59464ca9a524,apps-serving,apps-serving,0.0056750046
2026-09-04T13:00:00Z,AmazonVPC,EUC1-PublicIPv4:InUseAddress,arn:aws:ec2:eu-central-1:790348267926:network-interface/eni-0762c6d65ef2f8bb2,,,0.005
2026-09-04T13:00:00Z,AmazonEC2,EUC1-DataTransfer-Regional-Bytes,i-0cec629d07f4b8dfb,apps-compute,apps-compute,0.0045010129
2026-09-04T13:00:00Z,AmazonEC2,EUC1-DataTransfer-Regional-Bytes,i-000774fc9042827fa,core-on-demand,,0.0031304916
2026-09-04T13:00:00Z,AmazonEKS,EUC1-Fargate-GB-Hours,arn:aws:eks:eu-central-1:790348267926:pod/simple-rag-cluster/karpenter/karpenter-7894f49b5c-t7z4k/a9ea1551-985e-4b1e-a8f1-65724b7a569b,,,0.0030730972
2026-09-04T13:00:00Z,AmazonEKS,EUC1-Fargate-GB-Hours,arn:aws:eks:eu-central-1:790348267926:pod/simple-rag-cluster/karpenter/karpenter-7894f49b5c-d76hx/3f79e0ba-a98f-4636-990f-4e049ac4a03f,,,0.0030702583
2026-09-04T13:00:00Z,AmazonVPC,EUC1-PublicIPv4:InUseAddress,arn:aws:ec2:eu-central-1:790348267926:network-interface/eni-03bd95de2c69b6e36,,,0.00294861
2026-09-04T13:00:00Z,AmazonVPC,EUC1-PublicIPv4:InUseAddress,arn:aws:ec2:eu-central-1:790348267926:network-interface/eni-0cb6e6a246fbca17c,,,0.00294861
2026-09-04T13:00:00Z,AmazonVPC,EUC1-PublicIPv4:InUseAddress,arn:aws:ec2:eu-central-1:790348267926:network-interface/eni-0c20dd828753d44ba,,,0.00294722
2026-09-04T13:00:00Z,AmazonEKS,EUC1-DataTransfer-Regional-Bytes,arn:aws:eks:eu-central-1:790348267926:pod/simple-rag-cluster/karpenter/karpenter-7894f49b5c-d76hx/3f79e0ba-a98f-4636-990f-4e049ac4a03f,,,0.0027601927
2026-09-04T13:00:00Z,AmazonEC2,EUC1-EBS:VolumeUsage.gp3,vol-0419af6a71ede6ce9,core-on-demand,,0.0026444444
2026-09-04T13:00:00Z,AmazonEC2,EUC1-EBS:VolumeUsage.gp3,vol-067294104dab552a0,core-on-demand,,0.0026444444
2026-09-04T13:00:00Z,AmazonEC2,EUC1-EBS:VolumeUsage.gp3,vol-0e9da4a4252d7ffe5,database,,0.0026444444
2026-09-04T13:00:00Z,AmazonEC2,EUC1-EBS:VolumeUsage.gp3,vol-0fcad6970a407fceb,database,,0.0026444444
2026-09-04T13:00:00Z,AmazonEC2,EUC1-DataTransfer-Regional-Bytes,i-024928ed4d6dacdf1,core-on-demand,,0.0023465005
2026-09-04T13:00:00Z,AmazonEC2,EUC1-EBS:VolumeUsage.gp3,vol-0a7c15af970ab7bc6,apps-serving,apps-serving,0.0022301481
2026-09-04T13:00:00Z,AmazonEC2,EUC1-EBS:VolumeUsage.gp3,vol-0dd7ec618840e854e,apps-serving,apps-serving,0.001973784
2026-09-04T13:00:00Z,AmazonEC2,EUC1-DataTransfer-Regional-Bytes,arn:aws:ec2:eu-central-1:790348267926:natgateway/nat-08e283a51761f1e9b,shared,,0.001688914
2026-09-04T13:00:00Z,awskms,eu-central-1-KMS-Keys,arn:aws:kms:eu-central-1:790348267926:key/a45ca597-dc2a-44a0-9199-0ac85c067d09,,,0.0013888889
2026-09-04T13:00:00Z,AmazonEC2,EUC1-EBS:VolumeUsage.gp3,vol-0ecaff5e5057c9450,,,0.0013222222
2026-09-04T13:00:00Z,AmazonEC2,EUC1-EBS:VolumeUsage.gp3,vol-07423f03d288f8f4c,,,0.0013222222
2026-09-04T13:00:00Z,AmazonEC2,EUC1-EBS:VolumeUsage.gp3,vol-00e83c74f9bd1114c,,,0.0013222222
2026-09-04T13:00:00Z,AmazonEC2,EUC1-EBS:VolumeUsage.gp3,vol-08044db097d9917e2,,,0.0013222222
2026-09-04T13:00:00Z,AmazonEKS,EUC1-DataTransfer-Regional-Bytes,arn:aws:eks:eu-central-1:790348267926:pod/simple-rag-cluster/karpenter/karpenter-7894f49b5c-t7z4k/a9ea1551-985e-4b1e-a8f1-65724b7a569b,,,0.0007828769
2026-09-04T13:00:00Z,AmazonEC2,EUC1-EBS:VolumeUsage.gp3,vol-04dcf0cba280384d6,apps-compute,apps-compute,0.0003511235
2026-09-04T13:00:00Z,AmazonEC2,EUC1-EBS:VolumeUsage.gp3,vol-044c3dcce6812de51,apps-compute,apps-compute,0.0003408395
2026-09-04T13:00:00Z,AmazonEC2,EUC1-EBS:VolumeUsage.gp3,vol-06bb66af3eab5d0c7,apps-serving,apps-serving,0.0003217407
2026-09-04T13:00:00Z,AmazonEC2,EUC1-EBS:VolumeUsage.gp3,vol-087e0024f55f92c5c,apps-compute,apps-compute,0.0003151296
2026-09-04T13:00:00Z,AmazonEC2,EUC1-EBS:VolumeUsage.gp3,vol-0eda89bc8ff475b3e,apps-serving,apps-serving,0.0003107222
2026-09-04T13:00:00Z,AmazonEC2,EUC1-DataTransfer-Regional-Bytes,i-04dc7d23b0e3e1853,database,,0.0002966911
2026-09-04T13:00:00Z,AmazonEC2,EUC1-DataTransfer-Regional-Bytes,i-0c5a766c76c0b5edb,apps-serving,apps-serving,0.0002674812
2026-09-04T13:00:00Z,AmazonEC2,EUC1-DataTransfer-Regional-Bytes,arn:aws:ec2:eu-central-1:790348267926:natgateway/nat-08e283a51761f1e9b,shared,,0.0001362995
2026-09-04T13:00:00Z,AmazonEC2,EUC1-DataTransfer-Regional-Bytes,i-0cbd317f11af8998a,database,,0.0001063537
2026-09-04T13:00:00Z,AmazonEC2,EUC1-DataTransfer-Regional-Bytes,i-0cbd317f11af8998a,database,,4.86072e-05
2026-09-04T13:00:00Z,AmazonEC2,EUC1-DataTransfer-Regional-Bytes,i-0cec629d07f4b8dfb,apps-compute,apps-compute,4.63537e-05
2026-09-04T13:00:00Z,AmazonEC2,EUC1-DataTransfer-Regional-Bytes,i-0b7fe59464ca9a524,apps-serving,apps-serving,4.56385e-05
2026-09-04T13:00:00Z,AmazonEC2,EUC1-DataTransfer-Regional-Bytes,i-000647b3154cc26d5,apps-compute,apps-compute,4.56084e-05
2026-09-04T13:00:00Z,AmazonEC2,EUC1-DataTransfer-Regional-Bytes,i-0428722104546b18b,apps-serving,apps-serving,4.28226e-05
2026-09-04T13:00:00Z,AmazonEC2,EUC1-DataTransfer-Regional-Bytes,arn:aws:ec2:eu-central-1:790348267926:natgateway/nat-08e283a51761f1e9b,shared,,3.08338e-05
2026-09-04T13:00:00Z,AmazonEC2,EUC1-USE1-AWS-Out-Bytes,arn:aws:ec2:eu-central-1:790348267926:natgateway/nat-08e283a51761f1e9b,shared,,2.4639e-05
2026-09-04T13:00:00Z,AmazonEC2,EUC1-EUW3-AWS-Out-Bytes,arn:aws:ec2:eu-central-1:790348267926:natgateway/nat-08e283a51761f1e9b,shared,,1.52962e-05
2026-09-04T13:00:00Z,AmazonEC2,EUC1-DataTransfer-Regional-Bytes,i-000647b3154cc26d5,apps-compute,apps-compute,6.0344e-06
2026-09-04T13:00:00Z,AmazonEC2,EUC1-DataTransfer-Regional-Bytes,i-0428722104546b18b,apps-serving,apps-serving,5.9114e-06
2026-09-04T13:00:00Z,AmazonS3,EUC1-Requests-Tier1,simple-rag-raw-docs-07f373d08a67,shared,,5.4e-06
2026-09-04T13:00:00Z,AmazonS3,EUC1-Requests-Tier1,qdrant-backups-simple-rag-ef15fcb37dd0,shared,,5.4e-06
2026-09-04T13:00:00Z,AmazonS3,EUC1-Requests-Tier1,qdrant-backups-simple-rag-ef15fcb37dd0,shared,,5.4e-06
2026-09-04T13:00:00Z,AmazonS3,EUC1-Requests-Tier1,qdrant-backups-simple-rag-ef15fcb37dd0,shared,,5.4e-06
2026-09-04T13:00:00Z,AmazonS3,EUC1-Requests-Tier1,simple-rag-raw-docs-07f373d08a67,shared,,5.4e-06
2026-09-04T13:00:00Z,AmazonS3,Requests-Tier1,qdrant-backups-simple-rag-ef15fcb37dd0,shared,,5e-06
2026-09-04T13:00:00Z,AmazonS3,EUC1-Requests-Tier2,qdrant-backups-simple-rag-ef15fcb37dd0,shared,,4.73e-06
2026-09-04T13:00:00Z,AmazonS3,EUC1-Requests-Tier2,simple-rag-raw-docs-07f373d08a67,shared,,3.44e-06
2026-09-04T13:00:00Z,AmazonEC2,EUC1-DataTransfer-Regional-Bytes,i-01ad8bda61d1630ef,apps-serving,apps-serving,2.6212e-06
2026-09-04T13:00:00Z,AmazonS3,EUC1-Requests-Tier2,simple-rag-raw-docs-07f373d08a67,shared,,2.58e-06
2026-09-04T13:00:00Z,AmazonEC2,EUC1-USE1-AWS-Out-Bytes,arn:aws:ec2:eu-central-1:790348267926:natgateway/nat-08e283a51761f1e9b,shared,,2.1813e-06
2026-09-04T13:00:00Z,AmazonS3,Requests-Tier2,,,,2e-06
2026-09-04T13:00:00Z,AmazonS3,EUC1-Requests-Tier2,simple-rag-raw-docs-07f373d08a67,shared,,1.72e-06
2026-09-04T13:00:00Z,AmazonS3,EUC1-Requests-Tier2,simple-rag-raw-docs-07f373d08a67,shared,,1.72e-06
2026-09-04T13:00:00Z,AmazonS3,EUC1-Requests-Tier2,simple-rag-raw-docs-07f373d08a67,shared,,1.72e-06
2026-09-04T13:00:00Z,AmazonS3,EUC1-Requests-Tier2,simple-rag-raw-docs-07f373d08a67,shared,,1.72e-06
2026-09-04T13:00:00Z,AmazonS3,EUC1-Requests-Tier2,simple-rag-raw-docs-07f373d08a67,shared,,1.72e-06
2026-09-04T13:00:00Z,AmazonS3,EUC1-Requests-Tier2,simple-rag-raw-docs-07f373d08a67,shared,,1.72e-06
2026-09-04T13:00:00Z,AmazonS3,EUC1-Requests-Tier2,simple-rag-raw-docs-07f373d08a67,shared,,1.72e-06
2026-09-04T13:00:00Z,AmazonS3,EUC1-Requests-Tier2,qdrant-backups-simple-rag-ef15fcb37dd0,shared,,1.72e-06
2026-09-04T13:00:00Z,AmazonS3,EUC1-Requests-Tier2,simple-rag-raw-docs-07f373d08a67,shared,,1.72e-06
2026-09-04T13:00:00Z,AmazonS3,EUC1-Requests-Tier2,simple-rag-raw-docs-07f373d08a67,shared,,1.72e-06
2026-09-04T13:00:00Z,AmazonS3,EUC1-Requests-Tier2,simple-rag-raw-docs-07f373d08a67,shared,,1.72e-06
2026-09-04T13:00:00Z,AmazonS3,EUC1-Requests-Tier2,simple-rag-raw-docs-07f373d08a67,shared,,1.72e-06
2026-09-04T13:00:00Z,AmazonEC2,EUC1-DataTransfer-Regional-Bytes,i-01ad8bda61d1630ef,apps-serving,apps-serving,1.3706e-06
2026-09-04T13:00:00Z,AmazonS3,EUC1-Requests-Tier2,qdrant-backups-simple-rag-ef15fcb37dd0,shared,,1.29e-06
2026-09-04T13:00:00Z,AmazonEC2,EUC1-EUW2-AWS-Out-Bytes,arn:aws:ec2:eu-central-1:790348267926:natgateway/nat-08e283a51761f1e9b,shared,,1.1679e-06
2026-09-04T13:00:00Z,AmazonEC2,EUC1-DataTransfer-Regional-Bytes,i-0d1145c81b05cfc36,apps-compute,apps-compute,1.1051e-06
2026-09-04T13:00:00Z,AmazonEC2,EUC1-DataTransfer-Regional-Bytes,i-0d1145c81b05cfc36,apps-compute,apps-compute,9.785e-07
2026-09-04T13:00:00Z,AmazonS3,EUC1-Requests-Tier2,qdrant-backups-simple-rag-ef15fcb37dd0,shared,,8.6e-07
2026-09-04T13:00:00Z,AmazonS3,EUC1-Requests-Tier2,qdrant-backups-simple-rag-ef15fcb37dd0,shared,,8.6e-07
2026-09-04T13:00:00Z,AWSELB,EUC1-LCUUsage,arn:aws:elasticloadbalancing:eu-central-1:790348267926:loadbalancer/net/k8s-ragplatf-ciliumga-e24be0dc76/e249bbc0f0ca55f7,,,5.403e-07
2026-09-04T13:00:00Z,AmazonS3,EUC1-Requests-Tier2,qdrant-backups-simple-rag-ef15fcb37dd0,shared,,4.3e-07
2026-09-04T13:00:00Z,AmazonS3,EUC1-Requests-Tier2,qdrant-backups-simple-rag-ef15fcb37dd0,shared,,4.3e-07
2026-09-04T13:00:00Z,AmazonS3,EUC1-Requests-Tier2,qdrant-backups-simple-rag-ef15fcb37dd0,shared,,4.3e-07
2026-09-04T13:00:00Z,AmazonS3,EUC1-Requests-Tier2,qdrant-backups-simple-rag-ef15fcb37dd0,shared,,4.3e-07
2026-09-04T13:00:00Z,AmazonS3,EUC1-Requests-Tier2,qdrant-backups-simple-rag-ef15fcb37dd0,shared,,4.3e-07
2026-09-04T13:00:00Z,AmazonS3,EUC1-Requests-Tier2,qdrant-backups-simple-rag-ef15fcb37dd0,shared,,4.3e-07
2026-09-04T13:00:00Z,AmazonS3,EUC1-Requests-Tier2,qdrant-backups-simple-rag-ef15fcb37dd0,shared,,4.3e-07
2026-09-04T13:00:00Z,AmazonCloudWatch,EUC1-VendedLog-Bytes,arn:aws:logs:eu-central-1:790348267926:log-group:/aws/eks/simple-rag-cluster/cluster,,,0.0
2026-09-04T13:00:00Z,awskms,eu-central-1-KMS-Requests,arn:aws:kms:eu-central-1:790348267926:key/c963afa3-e015-497a-a094-9355cc41ca2d,,,0.0
2026-09-04T13:00:00Z,awskms,eu-central-1-KMS-Requests,arn:aws:kms:eu-central-1:790348267926:key/c963afa3-e015-497a-a094-9355cc41ca2d,,,0.0
2026-09-04T13:00:00Z,awskms,eu-central-1-KMS-Requests,arn:aws:kms:eu-central-1:790348267926:key/a45ca597-dc2a-44a0-9199-0ac85c067d09,,,0.0
2026-09-04T13:00:00Z,awskms,eu-central-1-KMS-Requests,arn:aws:kms:eu-central-1:790348267926:key/c963afa3-e015-497a-a094-9355cc41ca2d,,,0.0
2026-09-04T13:00:00Z,awskms,eu-central-1-KMS-Requests,arn:aws:kms:eu-central-1:790348267926:key/a45ca597-dc2a-44a0-9199-0ac85c067d09,,,0.0
2026-09-04T13:00:00Z,awskms,eu-central-1-KMS-Requests,arn:aws:kms:eu-central-1:790348267926:key/a45ca597-dc2a-44a0-9199-0ac85c067d09,,,0.0
2026-09-04T13:00:00Z,awskms,eu-central-1-KMS-Requests,*,,,0.0
2026-09-04T13:00:00Z,awskms,eu-central-1-KMS-Requests,arn:aws:kms:eu-central-1:790348267926:key/a45ca597-dc2a-44a0-9199-0ac85c067d09,,,0.0
2026-09-04T13:00:00Z,AWSGlue,USE1-Catalog-Request,,,,0.0
2026-09-04T13:00:00Z,AmazonS3,DataTransfer-Out-Bytes,,,,0.0
2026-09-04T13:00:00Z,AWSELB,EUC1-APS1-AWS-In-Bytes,arn:aws:elasticloadbalancing:eu-central-1:790348267926:loadbalancer/net/k8s-ragplatf-ciliumga-e24be0dc76/e249bbc0f0ca55f7,,,0.0
2026-09-04T13:00:00Z,AWSELB,EUC1-USE1-AWS-In-Bytes,arn:aws:elasticloadbalancing:eu-central-1:790348267926:loadbalancer/net/k8s-ragplatf-ciliumga-e24be0dc76/e249bbc0f0ca55f7,,,0.0
2026-09-04T13:00:00Z,AWSELB,EUC1-USE2-AWS-In-Bytes,arn:aws:elasticloadbalancing:eu-central-1:790348267926:loadbalancer/net/k8s-ragplatf-ciliumga-e24be0dc76/e249bbc0f0ca55f7,,,0.0
2026-09-04T13:00:00Z,AWSELB,EUC1-DataTransfer-In-Bytes,arn:aws:elasticloadbalancing:eu-central-1:790348267926:loadbalancer/net/k8s-ragplatf-ciliumga-e24be0dc76/e249bbc0f0ca55f7,,,0.0
2026-09-04T13:00:00Z,AWSELB,EUC1-DataTransfer-In-Bytes,arn:aws:elasticloadbalancing:eu-central-1:790348267926:loadbalancer/net/k8s-ragplatf-ciliumga-e24be0dc76/e249bbc0f0ca55f7,,,0.0
2026-09-04T13:00:00Z,AWSELB,EUC1-DataTransfer-In-Bytes,arn:aws:elasticloadbalancing:eu-central-1:790348267926:loadbalancer/net/k8s-ragplatf-ciliumga-e24be0dc76/e249bbc0f0ca55f7,,,0.0
2026-09-04T13:00:00Z,AWSELB,EUC1-DataTransfer-In-Bytes,arn:aws:elasticloadbalancing:eu-central-1:790348267926:loadbalancer/net/k8s-ragplatf-ciliumga-e24be0dc76/e249bbc0f0ca55f7,,,0.0
2026-09-04T13:00:00Z,AWSELB,EUC1-DataTransfer-In-Bytes,arn:aws:elasticloadbalancing:eu-central-1:790348267926:loadbalancer/net/k8s-ragplatf-ciliumga-e24be0dc76/e249bbc0f0ca55f7,,,0.0
2026-09-04T13:00:00Z,AWSELB,EUC1-DataTransfer-In-Bytes,arn:aws:elasticloadbalancing:eu-central-1:790348267926:loadbalancer/net/k8s-ragplatf-ciliumga-e24be0dc76/e249bbc0f0ca55f7,,,0.0
2026-09-04T13:00:00Z,AWSELB,EUC1-DataTransfer-In-Bytes,arn:aws:elasticloadbalancing:eu-central-1:790348267926:loadbalancer/net/k8s-ragplatf-ciliumga-e24be0dc76/e249bbc0f0ca55f7,,,0.0
2026-09-04T13:00:00Z,AWSELB,EUC1-DataTransfer-In-Bytes,arn:aws:elasticloadbalancing:eu-central-1:790348267926:loadbalancer/net/k8s-ragplatf-ciliumga-e24be0dc76/e249bbc0f0ca55f7,,,0.0
2026-09-04T13:00:00Z,AWSELB,EUC1-DataTransfer-In-Bytes,arn:aws:elasticloadbalancing:eu-central-1:790348267926:loadbalancer/net/k8s-ragplatf-ciliumga-e24be0dc76/e249bbc0f0ca55f7,,,0.0
2026-09-04T13:00:00Z,AWSELB,EUC1-DataTransfer-In-Bytes,arn:aws:elasticloadbalancing:eu-central-1:790348267926:loadbalancer/net/k8s-ragplatf-ciliumga-e24be0dc76/e249bbc0f0ca55f7,,,0.0
2026-09-04T13:00:00Z,AWSELB,EUC1-DataTransfer-In-Bytes,arn:aws:elasticloadbalancing:eu-central-1:790348267926:loadbalancer/net/k8s-ragplatf-ciliumga-e24be0dc76/e249bbc0f0ca55f7,,,0.0
2026-09-04T13:00:00Z,AWSELB,EUC1-DataTransfer-In-Bytes,arn:aws:elasticloadbalancing:eu-central-1:790348267926:loadbalancer/net/k8s-ragplatf-ciliumga-e24be0dc76/e249bbc0f0ca55f7,,,0.0
2026-09-04T13:00:00Z,AWSELB,EUC1-DataTransfer-In-Bytes,arn:aws:elasticloadbalancing:eu-central-1:790348267926:loadbalancer/net/k8s-ragplatf-ciliumga-e24be0dc76/e249bbc0f0ca55f7,,,0.0
2026-09-04T13:00:00Z,AWSELB,EUC1-DataTransfer-In-Bytes,arn:aws:elasticloadbalancing:eu-central-1:790348267926:loadbalancer/net/k8s-ragplatf-ciliumga-e24be0dc76/e249bbc0f0ca55f7,,,0.0
2026-09-04T13:00:00Z,AWSELB,EUC1-DataTransfer-Out-Bytes,arn:aws:elasticloadbalancing:eu-central-1:790348267926:loadbalancer/net/k8s-ragplatf-ciliumga-e24be0dc76/e249bbc0f0ca55f7,,,0.0
2026-09-04T13:00:00Z,AWSELB,EUC1-DataTransfer-Out-Bytes,arn:aws:elasticloadbalancing:eu-central-1:790348267926:loadbalancer/net/k8s-ragplatf-ciliumga-e24be0dc76/e249bbc0f0ca55f7,,,0.0
2026-09-04T13:00:00Z,AWSELB,EUC1-DataTransfer-Out-Bytes,arn:aws:elasticloadbalancing:eu-central-1:790348267926:loadbalancer/net/k8s-ragplatf-ciliumga-e24be0dc76/e249bbc0f0ca55f7,,,0.0
2026-09-04T13:00:00Z,AWSELB,EUC1-DataTransfer-Out-Bytes,arn:aws:elasticloadbalancing:eu-central-1:790348267926:loadbalancer/net/k8s-ragplatf-ciliumga-e24be0dc76/e249bbc0f0ca55f7,,,0.0
2026-09-04T13:00:00Z,AWSELB,EUC1-DataTransfer-Out-Bytes,arn:aws:elasticloadbalancing:eu-central-1:790348267926:loadbalancer/net/k8s-ragplatf-ciliumga-e24be0dc76/e249bbc0f0ca55f7,,,0.0
2026-09-04T13:00:00Z,AWSELB,EUC1-DataTransfer-Out-Bytes,arn:aws:elasticloadbalancing:eu-central-1:790348267926:loadbalancer/net/k8s-ragplatf-ciliumga-e24be0dc76/e249bbc0f0ca55f7,,,0.0
2026-09-04T13:00:00Z,AWSELB,EUC1-DataTransfer-Out-Bytes,arn:aws:elasticloadbalancing:eu-central-1:790348267926:loadbalancer/net/k8s-ragplatf-ciliumga-e24be0dc76/e249bbc0f0ca55f7,,,0.0
2026-09-04T13:00:00Z,AWSELB,EUC1-DataTransfer-Out-Bytes,arn:aws:elasticloadbalancing:eu-central-1:790348267926:loadbalancer/net/k8s-ragplatf-ciliumga-e24be0dc76/e249bbc0f0ca55f7,,,0.0
2026-09-04T13:00:00Z,AWSQueueService,EUC1-Requests-Tier1,arn:aws:sqs:eu-central-1:790348267926:simple-rag-cluster-karpenter-interruption,shared,,0.0
2026-09-04T13:00:00Z,AWSQueueService,EUC1-Requests-Tier1,arn:aws:sqs:eu-central-1:790348267926:simple-rag-stage-1-parsing,shared,,0.0
2026-09-04T13:00:00Z,AWSQueueService,EUC1-Requests-Tier1,arn:aws:sqs:eu-central-1:790348267926:simple-rag-stage-2-indexing,shared,,0.0
2026-09-04T13:00:00Z,AWSQueueService,EUC1-Requests-Tier1,arn:aws:sqs:eu-central-1:790348267926:simple-rag-cluster-karpenter-interruption,shared,,0.0
2026-09-04T13:00:00Z,AWSQueueService,EUC1-Requests-Tier1,arn:aws:sqs:eu-central-1:790348267926:simple-rag-stage-1-parsing,shared,,0.0
2026-09-04T13:00:00Z,AWSQueueService,EUC1-Requests-Tier1,arn:aws:sqs:eu-central-1:790348267926:simple-rag-cluster-karpenter-interruption,shared,,0.0
2026-09-04T13:00:00Z,AWSQueueService,EUC1-Requests-Tier1,arn:aws:sqs:eu-central-1:790348267926:simple-rag-stage-1-parsing,shared,,0.0
2026-09-04T13:00:00Z,AWSQueueService,EUC1-Requests-Tier1,arn:aws:sqs:eu-central-1:790348267926:simple-rag-stage-1-parsing-dlq,shared,,0.0
2026-09-04T13:00:00Z,AWSQueueService,EUC1-Requests-Tier1,arn:aws:sqs:eu-central-1:790348267926:simple-rag-stage-2-indexing,shared,,0.0
2026-09-04T13:00:00Z,AWSQueueService,EUC1-Requests-Tier1,arn:aws:sqs:eu-central-1:790348267926:simple-rag-stage-2-indexing-dlq,shared,,0.0
2026-09-04T13:00:00Z,AWSQueueService,EUC1-Requests-Tier1,arn:aws:sqs:eu-central-1:790348267926:simple-rag-cluster-karpenter-interruption,shared,,0.0
2026-09-04T13:00:00Z,AWSQueueService,EUC1-Requests-Tier1,arn:aws:sqs:eu-central-1:790348267926:simple-rag-cluster-karpenter-interruption,shared,,0.0
2026-09-04T13:00:00Z,AWSQueueService,EUC1-Requests-Tier1,arn:aws:sqs:eu-central-1:790348267926:simple-rag-stage-1-parsing,shared,,0.0
2026-09-04T13:00:00Z,AWSQueueService,EUC1-Requests-Tier1,arn:aws:sqs:eu-central-1:790348267926:simple-rag-stage-1-parsing-dlq,shared,,0.0
2026-09-04T13:00:00Z,AWSQueueService,EUC1-Requests-Tier1,arn:aws:sqs:eu-central-1:790348267926:simple-rag-stage-2-indexing,shared,,0.0
2026-09-04T13:00:00Z,AWSQueueService,EUC1-Requests-Tier1,arn:aws:sqs:eu-central-1:790348267926:simple-rag-stage-2-indexing-dlq,shared,,0.0
2026-09-04T13:00:00Z,AWSQueueService,EUC1-Requests-Tier1,arn:aws:sqs:eu-central-1:790348267926:simple-rag-stage-1-parsing,shared,,0.0
2026-09-04T13:00:00Z,AWSQueueService,EUC1-Requests-Tier1,arn:aws:sqs:eu-central-1:790348267926:simple-rag-stage-2-indexing,shared,,0.0
2026-09-04T13:00:00Z,AWSQueueService,EUC1-Requests-Tier1,arn:aws:sqs:eu-central-1:790348267926:simple-rag-cluster-karpenter-interruption,shared,,0.0
2026-09-04T13:00:00Z,AWSQueueService,EUC1-Requests-Tier1,arn:aws:sqs:eu-central-1:790348267926:simple-rag-stage-1-parsing,shared,,0.0
2026-09-04T13:00:00Z,AWSQueueService,EUC1-Requests-Tier1,arn:aws:sqs:eu-central-1:790348267926:simple-rag-cluster-karpenter-interruption,shared,,0.0
2026-09-04T13:00:00Z,AWSQueueService,EUC1-Requests-Tier1,arn:aws:sqs:eu-central-1:790348267926:simple-rag-stage-1-parsing,shared,,0.0
2026-09-04T13:00:00Z,AWSQueueService,EUC1-Requests-Tier1,arn:aws:sqs:eu-central-1:790348267926:simple-rag-cluster-karpenter-interruption,shared,,0.0
2026-09-04T13:00:00Z,AWSQueueService,EUC1-Requests-Tier1,arn:aws:sqs:eu-central-1:790348267926:simple-rag-stage-1-parsing,shared,,0.0
2026-09-04T13:00:00Z,AmazonEC2,EUC1-APS1-AWS-In-Bytes,arn:aws:ec2:eu-central-1:790348267926:natgateway/nat-08e283a51761f1e9b,shared,,0.0
2026-09-04T13:00:00Z,AmazonEC2,EUC1-EUW2-AWS-In-Bytes,arn:aws:ec2:eu-central-1:790348267926:natgateway/nat-08e283a51761f1e9b,shared,,0.0
2026-09-04T13:00:00Z,AmazonEC2,EUC1-EUW3-AWS-In-Bytes,arn:aws:ec2:eu-central-1:790348267926:natgateway/nat-08e283a51761f1e9b,shared,,0.0
2026-09-04T13:00:00Z,AmazonEC2,EUC1-USE1-AWS-In-Bytes,arn:aws:ec2:eu-central-1:790348267926:natgateway/nat-08e283a51761f1e9b,shared,,0.0
2026-09-04T13:00:00Z,AmazonEC2,EUC1-USE1-AWS-In-Bytes,arn:aws:ec2:eu-central-1:790348267926:natgateway/nat-08e283a51761f1e9b,shared,,0.0
2026-09-04T13:00:00Z,AmazonEC2,EUC1-USE2-AWS-In-Bytes,arn:aws:ec2:eu-central-1:790348267926:natgateway/nat-08e283a51761f1e9b,shared,,0.0
2026-09-04T13:00:00Z,AmazonEC2,EUC1-CloudFront-In-Bytes,arn:aws:ec2:eu-central-1:790348267926:natgateway/nat-08e283a51761f1e9b,shared,,0.0
2026-09-04T13:00:00Z,AmazonEC2,EUC1-CloudFront-Out-Bytes,arn:aws:ec2:eu-central-1:790348267926:natgateway/nat-08e283a51761f1e9b,shared,,0.0
2026-09-04T13:00:00Z,AmazonS3,DataTransfer-In-Bytes,qdrant-backups-simple-rag-ef15fcb37dd0,shared,,0.0
2026-09-04T13:00:00Z,AmazonEC2,EUC1-DataTransfer-In-Bytes,arn:aws:ec2:eu-central-1:790348267926:natgateway/nat-08e283a51761f1e9b,shared,,0.0
2026-09-04T13:00:00Z,AmazonEC2,EUC1-DataTransfer-In-Bytes,arn:aws:ec2:eu-central-1:790348267926:natgateway/nat-08e283a51761f1e9b,shared,,0.0
2026-09-04T13:00:00Z,AmazonEC2,EUC1-DataTransfer-In-Bytes,arn:aws:ec2:eu-central-1:790348267926:natgateway/nat-08e283a51761f1e9b,shared,,0.0
2026-09-04T13:00:00Z,AmazonEC2,EUC1-DataTransfer-In-Bytes,arn:aws:ec2:eu-central-1:790348267926:natgateway/nat-08e283a51761f1e9b,shared,,0.0
2026-09-04T13:00:00Z,AmazonEC2,EUC1-DataTransfer-In-Bytes,arn:aws:ec2:eu-central-1:790348267926:natgateway/nat-08e283a51761f1e9b,shared,,0.0
2026-09-04T13:00:00Z,AmazonEC2,EUC1-DataTransfer-In-Bytes,arn:aws:ec2:eu-central-1:790348267926:natgateway/nat-08e283a51761f1e9b,shared,,0.0
2026-09-04T13:00:00Z,AmazonEC2,EUC1-DataTransfer-In-Bytes,arn:aws:ec2:eu-central-1:790348267926:natgateway/nat-08e283a51761f1e9b,shared,,0.0
2026-09-04T13:00:00Z,AmazonEC2,EUC1-DataTransfer-In-Bytes,arn:aws:ec2:eu-central-1:790348267926:natgateway/nat-08e283a51761f1e9b,shared,,0.0
2026-09-04T13:00:00Z,AmazonEC2,EUC1-DataTransfer-In-Bytes,arn:aws:ec2:eu-central-1:790348267926:natgateway/nat-08e283a51761f1e9b,shared,,0.0
2026-09-04T13:00:00Z,AmazonEC2,EUC1-DataTransfer-In-Bytes,arn:aws:ec2:eu-central-1:790348267926:natgateway/nat-08e283a51761f1e9b,shared,,0.0
2026-09-04T13:00:00Z,AmazonEC2,EUC1-DataTransfer-In-Bytes,arn:aws:ec2:eu-central-1:790348267926:natgateway/nat-08e283a51761f1e9b,shared,,0.0
2026-09-04T13:00:00Z,AmazonEC2,EUC1-DataTransfer-In-Bytes,arn:aws:ec2:eu-central-1:790348267926:natgateway/nat-08e283a51761f1e9b,shared,,0.0
2026-09-04T13:00:00Z,AmazonEC2,EUC1-DataTransfer-In-Bytes,arn:aws:ec2:eu-central-1:790348267926:natgateway/nat-08e283a51761f1e9b,shared,,0.0
2026-09-04T13:00:00Z,AmazonEC2,EUC1-DataTransfer-In-Bytes,arn:aws:ec2:eu-central-1:790348267926:natgateway/nat-08e283a51761f1e9b,shared,,0.0
2026-09-04T13:00:00Z,AmazonS3,EUC1-DataTransfer-In-Bytes,qdrant-backups-simple-rag-ef15fcb37dd0,shared,,0.0
2026-09-04T13:00:00Z,AmazonS3,EUC1-DataTransfer-In-Bytes,qdrant-backups-simple-rag-ef15fcb37dd0,shared,,0.0
2026-09-04T13:00:00Z,AmazonS3,EUC1-DataTransfer-In-Bytes,qdrant-backups-simple-rag-ef15fcb37dd0,shared,,0.0
2026-09-04T13:00:00Z,AmazonS3,EUC1-DataTransfer-In-Bytes,simple-rag-raw-docs-07f373d08a67,shared,,0.0
2026-09-04T13:00:00Z,AmazonS3,EUC1-DataTransfer-Out-Bytes,simple-rag-raw-docs-07f373d08a67,shared,,0.0
2026-09-04T13:00:00Z,AmazonS3,EUC1-DataTransfer-Out-Bytes,qdrant-backups-simple-rag-ef15fcb37dd0,shared,,0.0
2026-09-04T13:00:00Z,AmazonS3,EUC1-DataTransfer-Out-Bytes,simple-rag-raw-docs-07f373d08a67,shared,,0.0
2026-09-04T13:00:00Z,AmazonS3,EUC1-DataTransfer-Out-Bytes,qdrant-backups-simple-rag-ef15fcb37dd0,shared,,0.0
2026-09-04T13:00:00Z,AmazonS3,EUC1-DataTransfer-Out-Bytes,simple-rag-raw-docs-07f373d08a67,shared,,0.0
2026-09-04T13:00:00Z,AmazonS3,EUC1-DataTransfer-Out-Bytes,qdrant-backups-simple-rag-ef15fcb37dd0,shared,,0.0
2026-09-04T13:00:00Z,AmazonS3,EUC1-DataTransfer-Out-Bytes,simple-rag-raw-docs-07f373d08a67,shared,,0.0
2026-09-04T13:00:00Z,AmazonS3,EUC1-DataTransfer-Out-Bytes,qdrant-backups-simple-rag-ef15fcb37dd0,shared,,0.0
2026-09-04T13:00:00Z,AmazonS3,EUC1-DataTransfer-Out-Bytes,simple-rag-raw-docs-07f373d08a67,shared,,0.0
2026-09-04T13:00:00Z,AmazonS3,EUC1-DataTransfer-Out-Bytes,qdrant-backups-simple-rag-ef15fcb37dd0,shared,,0.0
2026-09-04T13:00:00Z,AmazonS3,EUC1-DataTransfer-Out-Bytes,simple-rag-raw-docs-07f373d08a67,shared,,0.0
2026-09-04T13:00:00Z,AmazonS3,EUC1-DataTransfer-Out-Bytes,qdrant-backups-simple-rag-ef15fcb37dd0,shared,,0.0
2026-09-04T13:00:00Z,AmazonS3,EUC1-DataTransfer-Out-Bytes,simple-rag-raw-docs-07f373d08a67,shared,,0.0
2026-09-04T13:00:00Z,AmazonS3,EUC1-DataTransfer-Out-Bytes,qdrant-backups-simple-rag-ef15fcb37dd0,shared,,0.0
2026-09-04T13:00:00Z,AmazonS3,EUC1-DataTransfer-Out-Bytes,simple-rag-raw-docs-07f373d08a67,shared,,0.0
2026-09-04T13:00:00Z,AmazonS3,EUC1-DataTransfer-Out-Bytes,qdrant-backups-simple-rag-ef15fcb37dd0,shared,,0.0
2026-09-04T13:00:00Z,AmazonS3,EUC1-DataTransfer-Out-Bytes,simple-rag-raw-docs-07f373d08a67,shared,,0.0
2026-09-04T13:00:00Z,AmazonS3,EUC1-DataTransfer-Out-Bytes,qdrant-backups-simple-rag-ef15fcb37dd0,shared,,0.0
2026-09-04T13:00:00Z,AmazonS3,EUC1-DataTransfer-Out-Bytes,simple-rag-raw-docs-07f373d08a67,shared,,0.0
2026-09-04T13:00:00Z,AmazonS3,EUC1-DataTransfer-Out-Bytes,simple-rag-raw-docs-07f373d08a67,shared,,0.0
2026-09-04T13:00:00Z,AmazonS3,EUC1-DataTransfer-Out-Bytes,qdrant-backups-simple-rag-ef15fcb37dd0,shared,,0.0
2026-09-04T13:00:00Z,AmazonS3,EUC1-DataTransfer-Out-Bytes,simple-rag-raw-docs-07f373d08a67,shared,,0.0
2026-09-04T13:00:00Z,AmazonS3,EUC1-DataTransfer-Out-Bytes,qdrant-backups-simple-rag-ef15fcb37dd0,shared,,0.0
2026-09-04T13:00:00Z,AmazonS3,EUC1-DataTransfer-Out-Bytes,simple-rag-raw-docs-07f373d08a67,shared,,0.0
2026-09-04T13:00:00Z,AmazonEC2,EUC1-DataTransfer-Out-Bytes,arn:aws:ec2:eu-central-1:790348267926:natgateway/nat-08e283a51761f1e9b,shared,,0.0
2026-09-04T13:00:00Z,AmazonEC2,EUC1-DataTransfer-Out-Bytes,arn:aws:ec2:eu-central-1:790348267926:natgateway/nat-08e283a51761f1e9b,shared,,0.0
2026-09-04T13:00:00Z,AmazonEC2,EUC1-DataTransfer-Out-Bytes,arn:aws:ec2:eu-central-1:790348267926:natgateway/nat-08e283a51761f1e9b,shared,,0.0
2026-09-04T13:00:00Z,AmazonEC2,EUC1-DataTransfer-Out-Bytes,arn:aws:ec2:eu-central-1:790348267926:natgateway/nat-08e283a51761f1e9b,shared,,0.0
2026-09-04T13:00:00Z,AmazonEC2,EUC1-DataTransfer-Out-Bytes,arn:aws:ec2:eu-central-1:790348267926:natgateway/nat-08e283a51761f1e9b,shared,,0.0
2026-09-04T13:00:00Z,AmazonEC2,EUC1-APE1-AWS-In-Bytes,arn:aws:ec2:eu-central-1:790348267926:natgateway/nat-08e283a51761f1e9b,shared,,0.0
2026-09-04T13:00:00Z,AmazonEKS,EUC1-EKS-EC2-GB-Hours,arn:aws:eks:eu-central-1:790348267926:pod/simple-rag-cluster/kube-system/coredns-768d6544c7-7s8vv/61384ade-8cdd-4130-962a-ab207d3620e7,,,0.0
2026-09-04T13:00:00Z,AmazonEKS,EUC1-EKS-EC2-vCPU-Hours,arn:aws:eks:eu-central-1:790348267926:pod/simple-rag-cluster/kube-system/coredns-768d6544c7-7s8vv/61384ade-8cdd-4130-962a-ab207d3620e7,,,0.0
2026-09-04T13:00:00Z,AmazonEKS,EUC1-EKS-EC2-GB-Hours,arn:aws:eks:eu-central-1:790348267926:pod/simple-rag-cluster/kube-system/coredns-768d6544c7-fcnhp/89cfff1f-7691-43eb-b0a4-0ef524a490d3,,,0.0
2026-09-04T13:00:00Z,AmazonEKS,EUC1-EKS-EC2-vCPU-Hours,arn:aws:eks:eu-central-1:790348267926:pod/simple-rag-cluster/kube-system/coredns-768d6544c7-fcnhp/89cfff1f-7691-43eb-b0a4-0ef524a490d3,,,0.0
2026-09-04T13:00:00Z,AmazonEKS,EUC1-EKS-EC2-GB-Hours,arn:aws:eks:eu-central-1:790348267926:pod/simple-rag-cluster/rag-api/api-558767889d-sxncl/001f99bc-4a23-4d4f-98b0-a108f44c577f,,,0.0
2026-09-04T13:00:00Z,AmazonEKS,EUC1-EKS-EC2-vCPU-Hours,arn:aws:eks:eu-central-1:790348267926:pod/simple-rag-cluster/rag-api/api-558767889d-sxncl/001f99bc-4a23-4d4f-98b0-a108f44c577f,,,0.0
2026-09-04T13:00:00Z,AmazonEKS,EUC1-EKS-EC2-GB-Hours,arn:aws:eks:eu-central-1:790348267926:pod/simple-rag-cluster/rag-api/api-558767889d-66pgt/7861b6d0-3eaf-484e-ba5b-5ef63048705b,,,0.0
2026-09-04T13:00:00Z,AmazonEKS,EUC1-EKS-EC2-vCPU-Hours,arn:aws:eks:eu-central-1:790348267926:pod/simple-rag-cluster/rag-api/api-558767889d-66pgt/7861b6d0-3eaf-484e-ba5b-5ef63048705b,,,0.0
2026-09-04T13:00:00Z,AmazonEKS,EUC1-EKS-EC2-GB-Hours,arn:aws:eks:eu-central-1:790348267926:pod/simple-rag-cluster/rag-api/api-558767889d-ppnth/72fa2764-17bf-4939-a4c0-bdfd9e69393d,,,0.0
2026-09-04T13:00:00Z,AmazonEKS,EUC1-EKS-EC2-vCPU-Hours,arn:aws:eks:eu-central-1:790348267926:pod/simple-rag-cluster/rag-api/api-558767889d-ppnth/72fa2764-17bf-4939-a4c0-bdfd9e69393d,,,0.0
2026-09-04T13:00:00Z,AmazonEKS,EUC1-EKS-EC2-GB-Hours,arn:aws:eks:eu-central-1:790348267926:pod/simple-rag-cluster/rag-jobs/chunker-mljf7-vkh8g/508bd50d-a9e3-4023-b312-0ed8ec0d95bd,,,0.0
2026-09-04T13:00:00Z,AmazonEKS,EUC1-EKS-EC2-vCPU-Hours,arn:aws:eks:eu-central-1:790348267926:pod/simple-rag-cluster/rag-jobs/chunker-mljf7-vkh8g/508bd50d-a9e3-4023-b312-0ed8ec0d95bd,,,0.0
2026-09-04T13:00:00Z,AmazonEKS,EUC1-EKS-EC2-vCPU-Hours,arn:aws:eks:eu-central-1:790348267926:pod/simple-rag-cluster/rag-jobs/chunker-p7kgk-cr5wx/487da198-675a-496f-9e26-75069fc58b92,,,0.0
2026-09-04T13:00:00Z,AmazonEKS,EUC1-EKS-EC2-GB-Hours,arn:aws:eks:eu-central-1:790348267926:pod/simple-rag-cluster/rag-jobs/chunker-p7kgk-cr5wx/487da198-675a-496f-9e26-75069fc58b92,,,0.0
2026-09-04T13:00:00Z,AmazonEKS,EUC1-EKS-EC2-vCPU-Hours,arn:aws:eks:eu-central-1:790348267926:pod/simple-rag-cluster/kube-system/ebs-csi-controller-7588875979-crqnm/be2aba4d-c50a-4fd4-ab8b-46e407e300d2,,,0.0
2026-09-04T13:00:00Z,AmazonEKS,EUC1-EKS-EC2-GB-Hours,arn:aws:eks:eu-central-1:790348267926:pod/simple-rag-cluster/kube-system/ebs-csi-controller-7588875979-crqnm/be2aba4d-c50a-4fd4-ab8b-46e407e300d2,,,0.0
2026-09-04T13:00:00Z,AmazonEKS,EUC1-EKS-EC2-vCPU-Hours,arn:aws:eks:eu-central-1:790348267926:pod/simple-rag-cluster/kube-system/ebs-csi-controller-7588875979-pjfls/07f94411-a3e9-4bae-9f0c-d37c85534a21,,,0.0
2026-09-04T13:00:00Z,AmazonEKS,EUC1-EKS-EC2-GB-Hours,arn:aws:eks:eu-central-1:790348267926:pod/simple-rag-cluster/kube-system/ebs-csi-controller-7588875979-pjfls/07f94411-a3e9-4bae-9f0c-d37c85534a21,,,0.0
2026-09-04T13:00:00Z,AmazonEKS,EUC1-EKS-EC2-GB-Hours,arn:aws:eks:eu-central-1:790348267926:pod/simple-rag-cluster/rag-platform/tei-embeddings-74986d5f9c-722v6/0cc56baf-ae13-48a1-9c95-68497c705d67,,,0.0
2026-09-04T13:00:00Z,AmazonEKS,EUC1-EKS-EC2-vCPU-Hours,arn:aws:eks:eu-central-1:790348267926:pod/simple-rag-cluster/rag-platform/tei-embeddings-74986d5f9c-722v6/0cc56baf-ae13-48a1-9c95-68497c705d67,,,0.0
2026-09-04T13:00:00Z,AmazonEKS,EUC1-EKS-EC2-GB-Hours,arn:aws:eks:eu-central-1:790348267926:pod/simple-rag-cluster/rag-platform/tei-embeddings-74986d5f9c-knhlq/ca74bb21-8d50-4321-ab67-d4dc2d8c8f14,,,0.0
2026-09-04T13:00:00Z,AmazonEKS,EUC1-EKS-EC2-vCPU-Hours,arn:aws:eks:eu-central-1:790348267926:pod/simple-rag-cluster/rag-platform/tei-embeddings-74986d5f9c-knhlq/ca74bb21-8d50-4321-ab67-d4dc2d8c8f14,,,0.0
2026-09-04T13:00:00Z,AmazonEKS,EUC1-EKS-EC2-GB-Hours,arn:aws:eks:eu-central-1:790348267926:pod/simple-rag-cluster/argocd/argocd-image-updater-5fbd7dbf4d-qbgc9/dc5426ae-ff21-44c9-9b44-2c4a46b5e0bc,,,0.0
2026-09-04T13:00:00Z,AmazonEKS,EUC1-EKS-EC2-vCPU-Hours,arn:aws:eks:eu-central-1:790348267926:pod/simple-rag-cluster/argocd/argocd-image-updater-5fbd7dbf4d-qbgc9/dc5426ae-ff21-44c9-9b44-2c4a46b5e0bc,,,0.0
2026-09-04T13:00:00Z,AmazonEKS,EUC1-EKS-EC2-GB-Hours,arn:aws:eks:eu-central-1:790348267926:pod/simple-rag-cluster/kube-system/aws-load-balancer-controller-7f888988b9-w26fj/c994f113-b955-4a36-ab9c-92205bb984f3,,,0.0
2026-09-04T13:00:00Z,AmazonEKS,EUC1-EKS-EC2-vCPU-Hours,arn:aws:eks:eu-central-1:790348267926:pod/simple-rag-cluster/kube-system/aws-load-balancer-controller-7f888988b9-w26fj/c994f113-b955-4a36-ab9c-92205bb984f3,,,0.0
2026-09-04T13:00:00Z,AmazonEKS,EUC1-EKS-EC2-GB-Hours,arn:aws:eks:eu-central-1:790348267926:pod/simple-rag-cluster/kube-system/aws-load-balancer-controller-7f888988b9-hmgzb/4e69d45d-5f34-4caf-91ea-6bf19c6d59b1,,,0.0
2026-09-04T13:00:00Z,AmazonEKS,EUC1-EKS-EC2-vCPU-Hours,arn:aws:eks:eu-central-1:790348267926:pod/simple-rag-cluster/kube-system/aws-load-balancer-controller-7f888988b9-hmgzb/4e69d45d-5f34-4caf-91ea-6bf19c6d59b1,,,0.0
2026-09-04T13:00:00Z,AmazonEKS,EUC1-EKS-EC2-GB-Hours,arn:aws:eks:eu-central-1:790348267926:pod/simple-rag-cluster/monitoring/monitoring-grafana-57b98c9b67-gdxvg/b4c94e1b-864b-45db-9ee7-7bda1cdb0eaf,,,0.0
2026-09-04T13:00:00Z,AmazonEKS,EUC1-EKS-EC2-vCPU-Hours,arn:aws:eks:eu-central-1:790348267926:pod/simple-rag-cluster/monitoring/monitoring-grafana-57b98c9b67-gdxvg/b4c94e1b-864b-45db-9ee7-7bda1cdb0eaf,,,0.0
2026-09-04T13:00:00Z,AmazonEKS,EUC1-EKS-EC2-vCPU-Hours,arn:aws:eks:eu-central-1:790348267926:pod/simple-rag-cluster/kube-system/ebs-csi-node-j8pcw/9b5185c2-0f35-41ea-bfb0-f4aac29b44d0,,,0.0
2026-09-04T13:00:00Z,AmazonEKS,EUC1-EKS-EC2-GB-Hours,arn:aws:eks:eu-central-1:790348267926:pod/simple-rag-cluster/kube-system/ebs-csi-node-j8pcw/9b5185c2-0f35-41ea-bfb0-f4aac29b44d0,,,0.0
2026-09-04T13:00:00Z,AmazonEKS,EUC1-EKS-EC2-GB-Hours,arn:aws:eks:eu-central-1:790348267926:pod/simple-rag-cluster/kube-system/ebs-csi-node-jtpmh/687d125c-a553-4ce9-88e6-1052ea47d2b7,,,0.0
2026-09-04T13:00:00Z,AmazonEKS,EUC1-EKS-EC2-vCPU-Hours,arn:aws:eks:eu-central-1:790348267926:pod/simple-rag-cluster/kube-system/ebs-csi-node-jtpmh/687d125c-a553-4ce9-88e6-1052ea47d2b7,,,0.0
2026-09-04T13:00:00Z,AmazonEKS,EUC1-EKS-EC2-GB-Hours,arn:aws:eks:eu-central-1:790348267926:pod/simple-rag-cluster/kube-system/ebs-csi-node-wtcjg/f7bd4859-1086-4895-adb9-145b09e7c4ff,,,0.0
2026-09-04T13:00:00Z,AmazonEKS,EUC1-EKS-EC2-vCPU-Hours,arn:aws:eks:eu-central-1:790348267926:pod/simple-rag-cluster/kube-system/ebs-csi-node-wtcjg/f7bd4859-1086-4895-adb9-145b09e7c4ff,,,0.0
2026-09-04T13:00:00Z,AmazonEKS,EUC1-EKS-EC2-GB-Hours,arn:aws:eks:eu-central-1:790348267926:pod/simple-rag-cluster/kube-system/ebs-csi-node-9mbdl/5a50cf1c-e0dd-4ac1-b05e-218aafb94514,,,0.0
2026-09-04T13:00:00Z,AmazonEKS,EUC1-EKS-EC2-vCPU-Hours,arn:aws:eks:eu-central-1:790348267926:pod/simple-rag-cluster/kube-system/ebs-csi-node-9mbdl/5a50cf1c-e0dd-4ac1-b05e-218aafb94514,,,0.0
2026-09-04T13:00:00Z,AmazonEKS,EUC1-EKS-EC2-GB-Hours,arn:aws:eks:eu-central-1:790348267926:pod/simple-rag-cluster/kube-system/ebs-csi-node-b2bww/24483802-b605-4c39-b374-d5daaa2e39f4,,,0.0
2026-09-04T13:00:00Z,AmazonEKS,EUC1-EKS-EC2-vCPU-Hours,arn:aws:eks:eu-central-1:790348267926:pod/simple-rag-cluster/kube-system/ebs-csi-node-b2bww/24483802-b605-4c39-b374-d5daaa2e39f4,,,0.0
2026-09-04T13:00:00Z,AmazonEKS,EUC1-EKS-EC2-vCPU-Hours,arn:aws:eks:eu-central-1:790348267926:pod/simple-rag-cluster/kube-system/ebs-csi-node-szx42/665d8778-ddd6-44aa-b856-d907e03360b0,,,0.0
2026-09-04T13:00:00Z,AmazonEKS,EUC1-EKS-EC2-GB-Hours,arn:aws:eks:eu-central-1:790348267926:pod/simple-rag-cluster/kube-system/ebs-csi-node-szx42/665d8778-ddd6-44aa-b856-d907e03360b0,,,0.0
2026-09-04T13:00:00Z,AmazonEKS,EUC1-EKS-EC2-GB-Hours,arn:aws:eks:eu-central-1:790348267926:pod/simple-rag-cluster/kube-system/ebs-csi-node-v4br4/d63af609-eac0-4825-b718-459ba9ce65e9,,,0.0
2026-09-04T13:00:00Z,AmazonEKS,EUC1-EKS-EC2-vCPU-Hours,arn:aws:eks:eu-central-1:790348267926:pod/simple-rag-cluster/kube-system/ebs-csi-node-v4br4/d63af609-eac0-4825-b718-459ba9ce65e9,,,0.0
2026-09-04T13:00:00Z,AmazonEKS,EUC1-EKS-EC2-GB-Hours,arn:aws:eks:eu-central-1:790348267926:pod/simple-rag-cluster/kube-system/ebs-csi-node-qqgp4/a6116f0f-1bf9-4a31-a506-d113ac08321c,,,0.0
2026-09-04T13:00:00Z,AmazonEKS,EUC1-EKS-EC2-vCPU-Hours,arn:aws:eks:eu-central-1:790348267926:pod/simple-rag-cluster/kube-system/ebs-csi-node-qqgp4/a6116f0f-1bf9-4a31-a506-d113ac08321c,,,0.0
2026-09-04T13:00:00Z,AmazonEKS,EUC1-EKS-EC2-GB-Hours,arn:aws:eks:eu-central-1:790348267926:pod/simple-rag-cluster/kube-system/ebs-csi-node-9gl5k/823f586d-0c7c-4d4d-9464-5b4bdaf1921f,,,0.0
2026-09-04T13:00:00Z,AmazonEKS,EUC1-EKS-EC2-vCPU-Hours,arn:aws:eks:eu-central-1:790348267926:pod/simple-rag-cluster/kube-system/ebs-csi-node-9gl5k/823f586d-0c7c-4d4d-9464-5b4bdaf1921f,,,0.0
2026-09-04T13:00:00Z,AmazonEKS,EUC1-EKS-EC2-GB-Hours,arn:aws:eks:eu-central-1:790348267926:pod/simple-rag-cluster/kube-system/ebs-csi-node-984jj/72f464c4-f0e1-4434-995f-3976b259c457,,,0.0
2026-09-04T13:00:00Z,AmazonEKS,EUC1-EKS-EC2-vCPU-Hours,arn:aws:eks:eu-central-1:790348267926:pod/simple-rag-cluster/kube-system/ebs-csi-node-984jj/72f464c4-f0e1-4434-995f-3976b259c457,,,0.0
2026-09-04T13:00:00Z,AmazonEKS,EUC1-EKS-EC2-GB-Hours,arn:aws:eks:eu-central-1:790348267926:pod/simple-rag-cluster/kube-system/ebs-csi-node-7vr9t/0f3c368e-d2a2-4e6e-a310-23ea4570ed18,,,0.0
2026-09-04T13:00:00Z,AmazonEKS,EUC1-EKS-EC2-vCPU-Hours,arn:aws:eks:eu-central-1:790348267926:pod/simple-rag-cluster/kube-system/ebs-csi-node-7vr9t/0f3c368e-d2a2-4e6e-a310-23ea4570ed18,,,0.0
2026-09-04T13:00:00Z,AmazonEKS,EUC1-EKS-EC2-vCPU-Hours,arn:aws:eks:eu-central-1:790348267926:pod/simple-rag-cluster/kube-system/ebs-csi-node-lcppp/93173144-6920-4fc9-8588-aba8fc2d328e,,,0.0
2026-09-04T13:00:00Z,AmazonEKS,EUC1-EKS-EC2-GB-Hours,arn:aws:eks:eu-central-1:790348267926:pod/simple-rag-cluster/kube-system/ebs-csi-node-lcppp/93173144-6920-4fc9-8588-aba8fc2d328e,,,0.0
2026-09-04T13:00:00Z,AmazonEKS,EUC1-EKS-EC2-GB-Hours,arn:aws:eks:eu-central-1:790348267926:pod/simple-rag-cluster/kube-system/ebs-csi-node-mrdwm/17154658-ac04-44e6-9824-b502be4a5fcd,,,0.0
2026-09-04T13:00:00Z,AmazonEKS,EUC1-EKS-EC2-vCPU-Hours,arn:aws:eks:eu-central-1:790348267926:pod/simple-rag-cluster/kube-system/ebs-csi-node-mrdwm/17154658-ac04-44e6-9824-b502be4a5fcd,,,0.0
2026-09-04T13:00:00Z,AmazonEKS,EUC1-EKS-EC2-GB-Hours,arn:aws:eks:eu-central-1:790348267926:pod/simple-rag-cluster/kube-system/ebs-csi-node-fn965/8d5c02a4-486c-4f19-a0a6-e0aadf9bb07e,,,0.0
2026-09-04T13:00:00Z,AmazonEKS,EUC1-EKS-EC2-vCPU-Hours,arn:aws:eks:eu-central-1:790348267926:pod/simple-rag-cluster/kube-system/ebs-csi-node-fn965/8d5c02a4-486c-4f19-a0a6-e0aadf9bb07e,,,0.0
2026-09-04T13:00:00Z,AmazonEKS,EUC1-EKS-EC2-GB-Hours,arn:aws:eks:eu-central-1:790348267926:pod/simple-rag-cluster/kube-system/eks-pod-identity-agent-774zj/c384715e-f719-469f-9c21-3c5a1862ce18,,,0.0
2026-09-04T13:00:00Z,AmazonEKS,EUC1-EKS-EC2-vCPU-Hours,arn:aws:eks:eu-central-1:790348267926:pod/simple-rag-cluster/kube-system/eks-pod-identity-agent-774zj/c384715e-f719-469f-9c21-3c5a1862ce18,,,0.0
2026-09-04T13:00:00Z,AmazonEKS,EUC1-EKS-EC2-GB-Hours,arn:aws:eks:eu-central-1:790348267926:pod/simple-rag-cluster/kube-system/eks-pod-identity-agent-54kvn/e84dc20c-8739-447d-84ad-b51adffdd7fb,,,0.0
2026-09-04T13:00:00Z,AmazonEKS,EUC1-EKS-EC2-vCPU-Hours,arn:aws:eks:eu-central-1:790348267926:pod/simple-rag-cluster/kube-system/eks-pod-identity-agent-54kvn/e84dc20c-8739-447d-84ad-b51adffdd7fb,,,0.0
2026-09-04T13:00:00Z,AmazonEKS,EUC1-EKS-EC2-GB-Hours,arn:aws:eks:eu-central-1:790348267926:pod/simple-rag-cluster/kube-system/eks-pod-identity-agent-5xbfc/c505ff8e-373f-440f-b701-3314516fa529,,,0.0
2026-09-04T13:00:00Z,AmazonEKS,EUC1-EKS-EC2-vCPU-Hours,arn:aws:eks:eu-central-1:790348267926:pod/simple-rag-cluster/kube-system/eks-pod-identity-agent-5xbfc/c505ff8e-373f-440f-b701-3314516fa529,,,0.0
2026-09-04T13:00:00Z,AmazonEKS,EUC1-EKS-EC2-GB-Hours,arn:aws:eks:eu-central-1:790348267926:pod/simple-rag-cluster/kube-system/eks-pod-identity-agent-65qt9/e6e03876-351f-48c4-87bb-acccbe33d24e,,,0.0
2026-09-04T13:00:00Z,AmazonEKS,EUC1-EKS-EC2-vCPU-Hours,arn:aws:eks:eu-central-1:790348267926:pod/simple-rag-cluster/kube-system/eks-pod-identity-agent-65qt9/e6e03876-351f-48c4-87bb-acccbe33d24e,,,0.0
2026-09-04T13:00:00Z,AmazonEKS,EUC1-EKS-EC2-GB-Hours,arn:aws:eks:eu-central-1:790348267926:pod/simple-rag-cluster/kube-system/eks-pod-identity-agent-6v4vf/57c18a8d-c188-4b06-9432-a61639475f87,,,0.0
2026-09-04T13:00:00Z,AmazonEKS,EUC1-EKS-EC2-vCPU-Hours,arn:aws:eks:eu-central-1:790348267926:pod/simple-rag-cluster/kube-system/eks-pod-identity-agent-6v4vf/57c18a8d-c188-4b06-9432-a61639475f87,,,0.0
2026-09-04T13:00:00Z,AmazonEKS,EUC1-EKS-EC2-GB-Hours,arn:aws:eks:eu-central-1:790348267926:pod/simple-rag-cluster/kube-system/eks-pod-identity-agent-gjrdt/3c818af9-0878-4bc1-956e-6ade25edb659,,,0.0
2026-09-04T13:00:00Z,AmazonEKS,EUC1-EKS-EC2-vCPU-Hours,arn:aws:eks:eu-central-1:790348267926:pod/simple-rag-cluster/kube-system/eks-pod-identity-agent-gjrdt/3c818af9-0878-4bc1-956e-6ade25edb659,,,0.0
2026-09-04T13:00:00Z,AmazonEKS,EUC1-EKS-EC2-GB-Hours,arn:aws:eks:eu-central-1:790348267926:pod/simple-rag-cluster/kube-system/eks-pod-identity-agent-hn4b4/becc6a8c-b91c-4603-9533-49a1b0a80055,,,0.0
2026-09-04T13:00:00Z,AmazonEKS,EUC1-EKS-EC2-vCPU-Hours,arn:aws:eks:eu-central-1:790348267926:pod/simple-rag-cluster/kube-system/eks-pod-identity-agent-hn4b4/becc6a8c-b91c-4603-9533-49a1b0a80055,,,0.0
2026-09-04T13:00:00Z,AmazonEKS,EUC1-EKS-EC2-GB-Hours,arn:aws:eks:eu-central-1:790348267926:pod/simple-rag-cluster/kube-system/eks-pod-identity-agent-rpmjm/40b0feff-5c7c-4313-bbff-a20d85c74d50,,,0.0
2026-09-04T13:00:00Z,AmazonEKS,EUC1-EKS-EC2-vCPU-Hours,arn:aws:eks:eu-central-1:790348267926:pod/simple-rag-cluster/kube-system/eks-pod-identity-agent-rpmjm/40b0feff-5c7c-4313-bbff-a20d85c74d50,,,0.0
2026-09-04T13:00:00Z,AmazonEKS,EUC1-EKS-EC2-GB-Hours,arn:aws:eks:eu-central-1:790348267926:pod/simple-rag-cluster/kube-system/eks-pod-identity-agent-t4pfh/08a84d18-21b5-4cc5-9ba9-a410cc0e183e,,,0.0
2026-09-04T13:00:00Z,AmazonEKS,EUC1-EKS-EC2-vCPU-Hours,arn:aws:eks:eu-central-1:790348267926:pod/simple-rag-cluster/kube-system/eks-pod-identity-agent-t4pfh/08a84d18-21b5-4cc5-9ba9-a410cc0e183e,,,0.0
2026-09-04T13:00:00Z,AmazonEKS,EUC1-EKS-EC2-GB-Hours,arn:aws:eks:eu-central-1:790348267926:pod/simple-rag-cluster/kube-system/eks-pod-identity-agent-2l4mc/e2edcdbd-1e43-4027-a648-03d841f5b0a0,,,0.0
2026-09-04T13:00:00Z,AmazonEKS,EUC1-EKS-EC2-vCPU-Hours,arn:aws:eks:eu-central-1:790348267926:pod/simple-rag-cluster/kube-system/eks-pod-identity-agent-2l4mc/e2edcdbd-1e43-4027-a648-03d841f5b0a0,,,0.0
2026-09-04T13:00:00Z,AmazonEKS,EUC1-EKS-EC2-GB-Hours,arn:aws:eks:eu-central-1:790348267926:pod/simple-rag-cluster/kube-system/eks-pod-identity-agent-5tv6f/5c690c4a-e032-4460-b1bf-9ad8359bbdb8,,,0.0
2026-09-04T13:00:00Z,AmazonEKS,EUC1-EKS-EC2-vCPU-Hours,arn:aws:eks:eu-central-1:790348267926:pod/simple-rag-cluster/kube-system/eks-pod-identity-agent-5tv6f/5c690c4a-e032-4460-b1bf-9ad8359bbdb8,,,0.0
2026-09-04T13:00:00Z,AmazonEKS,EUC1-EKS-EC2-GB-Hours,arn:aws:eks:eu-central-1:790348267926:pod/simple-rag-cluster/kube-system/eks-pod-identity-agent-9fcl8/9107b518-51f7-4ff8-9209-98c5404607fe,,,0.0
2026-09-04T13:00:00Z,AmazonEKS,EUC1-EKS-EC2-vCPU-Hours,arn:aws:eks:eu-central-1:790348267926:pod/simple-rag-cluster/kube-system/eks-pod-identity-agent-9fcl8/9107b518-51f7-4ff8-9209-98c5404607fe,,,0.0
2026-09-04T13:00:00Z,AmazonEKS,EUC1-EKS-EC2-GB-Hours,arn:aws:eks:eu-central-1:790348267926:pod/simple-rag-cluster/kube-system/eks-pod-identity-agent-hjhn2/d45b7bc8-57ad-4ce8-90b2-0b33214c35bf,,,0.0
2026-09-04T13:00:00Z,AmazonEKS,EUC1-EKS-EC2-vCPU-Hours,arn:aws:eks:eu-central-1:790348267926:pod/simple-rag-cluster/kube-system/eks-pod-identity-agent-hjhn2/d45b7bc8-57ad-4ce8-90b2-0b33214c35bf,,,0.0
2026-09-04T13:00:00Z,AmazonEKS,EUC1-EKS-EC2-GB-Hours,arn:aws:eks:eu-central-1:790348267926:pod/simple-rag-cluster/kube-system/eks-pod-identity-agent-pl2sl/7a1c81e6-3085-48b4-bd93-2e5015d69c5d,,,0.0
2026-09-04T13:00:00Z,AmazonEKS,EUC1-EKS-EC2-vCPU-Hours,arn:aws:eks:eu-central-1:790348267926:pod/simple-rag-cluster/kube-system/eks-pod-identity-agent-pl2sl/7a1c81e6-3085-48b4-bd93-2e5015d69c5d,,,0.0
2026-09-04T13:00:00Z,AmazonEKS,EUC1-EKS-EC2-GB-Hours,arn:aws:eks:eu-central-1:790348267926:pod/simple-rag-cluster/kube-system/eks-pod-identity-agent-tpk68/c2a34718-eb4d-446a-bce7-9222be4ab4dc,,,0.0
2026-09-04T13:00:00Z,AmazonEKS,EUC1-EKS-EC2-vCPU-Hours,arn:aws:eks:eu-central-1:790348267926:pod/simple-rag-cluster/kube-system/eks-pod-identity-agent-tpk68/c2a34718-eb4d-446a-bce7-9222be4ab4dc,,,0.0
2026-09-04T13:00:00Z,AmazonEKS,EUC1-EKS-EC2-GB-Hours,arn:aws:eks:eu-central-1:790348267926:pod/simple-rag-cluster/kube-system/eks-pod-identity-agent-wbcnh/030df5b0-e470-4960-9568-3985017a1311,,,0.0
2026-09-04T13:00:00Z,AmazonEKS,EUC1-EKS-EC2-vCPU-Hours,arn:aws:eks:eu-central-1:790348267926:pod/simple-rag-cluster/kube-system/eks-pod-identity-agent-wbcnh/030df5b0-e470-4960-9568-3985017a1311,,,0.0
2026-09-04T13:00:00Z,AmazonEKS,EUC1-EKS-EC2-GB-Hours,arn:aws:eks:eu-central-1:790348267926:pod/simple-rag-cluster/kube-system/eks-pod-identity-agent-wrbbm/bfc8183b-4a1d-4572-8f59-014e38fdd220,,,0.0
2026-09-04T13:00:00Z,AmazonEKS,EUC1-EKS-EC2-vCPU-Hours,arn:aws:eks:eu-central-1:790348267926:pod/simple-rag-cluster/kube-system/eks-pod-identity-agent-wrbbm/bfc8183b-4a1d-4572-8f59-014e38fdd220,,,0.0
2026-09-04T13:00:00Z,AmazonEKS,EUC1-EKS-EC2-GB-Hours,arn:aws:eks:eu-central-1:790348267926:pod/simple-rag-cluster/kube-system/eks-pod-identity-agent-29xgr/4e57be51-d8c4-4a08-b570-36ff2865ab15,,,0.0
2026-09-04T13:00:00Z,AmazonEKS,EUC1-EKS-EC2-vCPU-Hours,arn:aws:eks:eu-central-1:790348267926:pod/simple-rag-cluster/kube-system/eks-pod-identity-agent-29xgr/4e57be51-d8c4-4a08-b570-36ff2865ab15,,,0.0
2026-09-04T13:00:00Z,AmazonEKS,EUC1-EKS-EC2-GB-Hours,arn:aws:eks:eu-central-1:790348267926:pod/simple-rag-cluster/kube-system/eks-pod-identity-agent-95hjq/bba87bfd-2656-4006-8b68-e4a348774eb5,,,0.0
2026-09-04T13:00:00Z,AmazonEKS,EUC1-EKS-EC2-vCPU-Hours,arn:aws:eks:eu-central-1:790348267926:pod/simple-rag-cluster/kube-system/eks-pod-identity-agent-95hjq/bba87bfd-2656-4006-8b68-e4a348774eb5,,,0.0
2026-09-04T13:00:00Z,AmazonEKS,EUC1-EKS-EC2-GB-Hours,arn:aws:eks:eu-central-1:790348267926:pod/simple-rag-cluster/kube-system/eks-pod-identity-agent-lc9dq/39de5695-a3e4-4780-9417-35cd85f10b14,,,0.0
2026-09-04T13:00:00Z,AmazonEKS,EUC1-EKS-EC2-vCPU-Hours,arn:aws:eks:eu-central-1:790348267926:pod/simple-rag-cluster/kube-system/eks-pod-identity-agent-lc9dq/39de5695-a3e4-4780-9417-35cd85f10b14,,,0.0
2026-09-04T13:00:00Z,AmazonEKS,EUC1-EKS-EC2-GB-Hours,arn:aws:eks:eu-central-1:790348267926:pod/simple-rag-cluster/kube-system/eks-pod-identity-agent-rzmh8/ce324450-a7da-47a8-9b80-1e1f1811847e,,,0.0
2026-09-04T13:00:00Z,AmazonEKS,EUC1-EKS-EC2-vCPU-Hours,arn:aws:eks:eu-central-1:790348267926:pod/simple-rag-cluster/kube-system/eks-pod-identity-agent-rzmh8/ce324450-a7da-47a8-9b80-1e1f1811847e,,,0.0
2026-09-04T13:00:00Z,AmazonEKS,EUC1-EKS-EC2-GB-Hours,arn:aws:eks:eu-central-1:790348267926:pod/simple-rag-cluster/kube-system/eks-pod-identity-agent-x8g65/4204814f-41cd-47db-b31c-9b139c056f83,,,0.0
2026-09-04T13:00:00Z,AmazonEKS,EUC1-EKS-EC2-vCPU-Hours,arn:aws:eks:eu-central-1:790348267926:pod/simple-rag-cluster/kube-system/eks-pod-identity-agent-x8g65/4204814f-41cd-47db-b31c-9b139c056f83,,,0.0
2026-09-04T13:00:00Z,AmazonEKS,EUC1-EKS-EC2-GB-Hours,arn:aws:eks:eu-central-1:790348267926:pod/simple-rag-cluster/kube-system/eks-pod-identity-agent-gkr8n/f5ae91ab-640b-4151-9dec-2feeb25fb937,,,0.0
2026-09-04T13:00:00Z,AmazonEKS,EUC1-EKS-EC2-vCPU-Hours,arn:aws:eks:eu-central-1:790348267926:pod/simple-rag-cluster/kube-system/eks-pod-identity-agent-gkr8n/f5ae91ab-640b-4151-9dec-2feeb25fb937,,,0.0
2026-09-04T13:00:00Z,AmazonEKS,EUC1-EKS-EC2-GB-Hours,arn:aws:eks:eu-central-1:790348267926:pod/simple-rag-cluster/kube-system/eks-pod-identity-agent-jgzn8/85a1996c-8cd9-48b7-852a-a2385ddfedc6,,,0.0
2026-09-04T13:00:00Z,AmazonEKS,EUC1-EKS-EC2-vCPU-Hours,arn:aws:eks:eu-central-1:790348267926:pod/simple-rag-cluster/kube-system/eks-pod-identity-agent-jgzn8/85a1996c-8cd9-48b7-852a-a2385ddfedc6,,,0.0
2026-09-04T13:00:00Z,AmazonEKS,EUC1-EKS-EC2-GB-Hours,arn:aws:eks:eu-central-1:790348267926:pod/simple-rag-cluster/kube-system/eks-pod-identity-agent-28vd4/21d5ffbf-6fc5-413b-803f-fddcff85f9de,,,0.0
2026-09-04T13:00:00Z,AmazonEKS,EUC1-EKS-EC2-vCPU-Hours,arn:aws:eks:eu-central-1:790348267926:pod/simple-rag-cluster/kube-system/eks-pod-identity-agent-28vd4/21d5ffbf-6fc5-413b-803f-fddcff85f9de,,,0.0
2026-09-04T13:00:00Z,AmazonEKS,EUC1-EKS-EC2-GB-Hours,arn:aws:eks:eu-central-1:790348267926:pod/simple-rag-cluster/kube-system/eks-pod-identity-agent-66m97/0cac060b-5265-4ea7-bd63-af57c50eeb93,,,0.0
2026-09-04T13:00:00Z,AmazonEKS,EUC1-EKS-EC2-vCPU-Hours,arn:aws:eks:eu-central-1:790348267926:pod/simple-rag-cluster/kube-system/eks-pod-identity-agent-66m97/0cac060b-5265-4ea7-bd63-af57c50eeb93,,,0.0
2026-09-04T13:00:00Z,AmazonEKS,EUC1-EKS-EC2-GB-Hours,arn:aws:eks:eu-central-1:790348267926:pod/simple-rag-cluster/kube-system/eks-pod-identity-agent-7bxr7/9e0cf455-c3ce-4b4a-989c-5fb944d5b861,,,0.0
2026-09-04T13:00:00Z,AmazonEKS,EUC1-EKS-EC2-vCPU-Hours,arn:aws:eks:eu-central-1:790348267926:pod/simple-rag-cluster/kube-system/eks-pod-identity-agent-7bxr7/9e0cf455-c3ce-4b4a-989c-5fb944d5b861,,,0.0
2026-09-04T13:00:00Z,AmazonEKS,EUC1-EKS-EC2-GB-Hours,arn:aws:eks:eu-central-1:790348267926:pod/simple-rag-cluster/kube-system/eks-pod-identity-agent-bfzq2/3451e04d-22dc-4504-9580-dcbf844db8e2,,,0.0
2026-09-04T13:00:00Z,AmazonEKS,EUC1-EKS-EC2-vCPU-Hours,arn:aws:eks:eu-central-1:790348267926:pod/simple-rag-cluster/kube-system/eks-pod-identity-agent-bfzq2/3451e04d-22dc-4504-9580-dcbf844db8e2,,,0.0
2026-09-04T13:00:00Z,AmazonEKS,EUC1-EKS-EC2-GB-Hours,arn:aws:eks:eu-central-1:790348267926:pod/simple-rag-cluster/kube-system/eks-pod-identity-agent-nm6ml/5789e8cf-dd07-4cc3-a4a5-002df76da0c4,,,0.0
2026-09-04T13:00:00Z,AmazonEKS,EUC1-EKS-EC2-vCPU-Hours,arn:aws:eks:eu-central-1:790348267926:pod/simple-rag-cluster/kube-system/eks-pod-identity-agent-nm6ml/5789e8cf-dd07-4cc3-a4a5-002df76da0c4,,,0.0
2026-09-04T13:00:00Z,AmazonEKS,EUC1-EKS-EC2-GB-Hours,arn:aws:eks:eu-central-1:790348267926:pod/simple-rag-cluster/kube-system/eks-pod-identity-agent-sx7xx/f49842ef-0941-497f-b55d-421e45cedaf3,,,0.0
2026-09-04T13:00:00Z,AmazonEKS,EUC1-EKS-EC2-vCPU-Hours,arn:aws:eks:eu-central-1:790348267926:pod/simple-rag-cluster/kube-system/eks-pod-identity-agent-sx7xx/f49842ef-0941-497f-b55d-421e45cedaf3,,,0.0
2026-09-04T13:00:00Z,AmazonEKS,EUC1-EKS-EC2-GB-Hours,arn:aws:eks:eu-central-1:790348267926:pod/simple-rag-cluster/kube-system/eks-pod-identity-agent-t4p57/d016eab1-9e1c-4f5c-ad09-68c3a124354b,,,0.0
2026-09-04T13:00:00Z,AmazonEKS,EUC1-EKS-EC2-vCPU-Hours,arn:aws:eks:eu-central-1:790348267926:pod/simple-rag-cluster/kube-system/eks-pod-identity-agent-t4p57/d016eab1-9e1c-4f5c-ad09-68c3a124354b,,,0.0
2026-09-04T13:00:00Z,AmazonEKS,EUC1-EKS-EC2-GB-Hours,arn:aws:eks:eu-central-1:790348267926:pod/simple-rag-cluster/kube-system/eks-pod-identity-agent-xgtf9/3561461f-4bf6-43b9-b64c-cd932484d611,,,0.0
2026-09-04T13:00:00Z,AmazonEKS,EUC1-EKS-EC2-vCPU-Hours,arn:aws:eks:eu-central-1:790348267926:pod/simple-rag-cluster/kube-system/eks-pod-identity-agent-xgtf9/3561461f-4bf6-43b9-b64c-cd932484d611,,,0.0
2026-09-04T13:00:00Z,AmazonEKS,EUC1-EKS-EC2-GB-Hours,arn:aws:eks:eu-central-1:790348267926:pod/simple-rag-cluster/kube-system/eks-pod-identity-agent-4w9bp/46095212-cff2-4642-a6f0-7f198f7be980,,,0.0
2026-09-04T13:00:00Z,AmazonEKS,EUC1-EKS-EC2-vCPU-Hours,arn:aws:eks:eu-central-1:790348267926:pod/simple-rag-cluster/kube-system/eks-pod-identity-agent-4w9bp/46095212-cff2-4642-a6f0-7f198f7be980,,,0.0
2026-09-04T13:00:00Z,AmazonEKS,EUC1-EKS-EC2-GB-Hours,arn:aws:eks:eu-central-1:790348267926:pod/simple-rag-cluster/kube-system/eks-pod-identity-agent-s9vj9/f39f11a2-49a1-464d-94d9-aa87cd22f8b5,,,0.0
2026-09-04T13:00:00Z,AmazonEKS,EUC1-EKS-EC2-vCPU-Hours,arn:aws:eks:eu-central-1:790348267926:pod/simple-rag-cluster/kube-system/eks-pod-identity-agent-s9vj9/f39f11a2-49a1-464d-94d9-aa87cd22f8b5,,,0.0
2026-09-04T13:00:00Z,AmazonEKS,EUC1-EKS-EC2-GB-Hours,arn:aws:eks:eu-central-1:790348267926:pod/simple-rag-cluster/kube-system/eks-pod-identity-agent-2hgjl/f34e2381-123d-47dd-8982-4a3f266cf899,,,0.0
2026-09-04T13:00:00Z,AmazonEKS,EUC1-EKS-EC2-vCPU-Hours,arn:aws:eks:eu-central-1:790348267926:pod/simple-rag-cluster/kube-system/eks-pod-identity-agent-2hgjl/f34e2381-123d-47dd-8982-4a3f266cf899,,,0.0
2026-09-04T13:00:00Z,AmazonEKS,EUC1-EKS-EC2-GB-Hours,arn:aws:eks:eu-central-1:790348267926:pod/simple-rag-cluster/kube-system/eks-pod-identity-agent-4r2mm/d5540968-7ca6-44be-b47c-0f3e7caa4e9a,,,0.0
2026-09-04T13:00:00Z,AmazonEKS,EUC1-EKS-EC2-vCPU-Hours,arn:aws:eks:eu-central-1:790348267926:pod/simple-rag-cluster/kube-system/eks-pod-identity-agent-4r2mm/d5540968-7ca6-44be-b47c-0f3e7caa4e9a,,,0.0
2026-09-04T13:00:00Z,AmazonEKS,EUC1-EKS-EC2-GB-Hours,arn:aws:eks:eu-central-1:790348267926:pod/simple-rag-cluster/kube-system/eks-pod-identity-agent-dtdnk/4688b962-32c2-4690-bc6f-b6e0fd256995,,,0.0
2026-09-04T13:00:00Z,AmazonEKS,EUC1-EKS-EC2-vCPU-Hours,arn:aws:eks:eu-central-1:790348267926:pod/simple-rag-cluster/kube-system/eks-pod-identity-agent-dtdnk/4688b962-32c2-4690-bc6f-b6e0fd256995,,,0.0
2026-09-04T13:00:00Z,AmazonEKS,EUC1-EKS-EC2-GB-Hours,arn:aws:eks:eu-central-1:790348267926:pod/simple-rag-cluster/kube-system/eks-pod-identity-agent-mlh75/00fdf3a7-d304-4e4b-8e4d-4f42d6516a23,,,0.0
2026-09-04T13:00:00Z,AmazonEKS,EUC1-EKS-EC2-vCPU-Hours,arn:aws:eks:eu-central-1:790348267926:pod/simple-rag-cluster/kube-system/eks-pod-identity-agent-mlh75/00fdf3a7-d304-4e4b-8e4d-4f42d6516a23,,,0.0
2026-09-04T13:00:00Z,AmazonEKS,EUC1-EKS-EC2-GB-Hours,arn:aws:eks:eu-central-1:790348267926:pod/simple-rag-cluster/kube-system/eks-pod-identity-agent-psv5k/cdaad1d4-6af4-4b0c-9ca0-333cee00ec8c,,,0.0
2026-09-04T13:00:00Z,AmazonEKS,EUC1-EKS-EC2-vCPU-Hours,arn:aws:eks:eu-central-1:790348267926:pod/simple-rag-cluster/kube-system/eks-pod-identity-agent-psv5k/cdaad1d4-6af4-4b0c-9ca0-333cee00ec8c,,,0.0
2026-09-04T13:00:00Z,AmazonEKS,EUC1-EKS-EC2-GB-Hours,arn:aws:eks:eu-central-1:790348267926:pod/simple-rag-cluster/kube-system/eks-pod-identity-agent-tqg5m/dd89e7cc-c890-4ed0-aaaa-de19e3081bae,,,0.0
2026-09-04T13:00:00Z,AmazonEKS,EUC1-EKS-EC2-vCPU-Hours,arn:aws:eks:eu-central-1:790348267926:pod/simple-rag-cluster/kube-system/eks-pod-identity-agent-tqg5m/dd89e7cc-c890-4ed0-aaaa-de19e3081bae,,,0.0
2026-09-04T13:00:00Z,AmazonEKS,EUC1-EKS-EC2-GB-Hours,arn:aws:eks:eu-central-1:790348267926:pod/simple-rag-cluster/kube-system/eks-pod-identity-agent-vhxq7/18c6c687-00fc-4126-90a9-52ed119ad570,,,0.0
2026-09-04T13:00:00Z,AmazonEKS,EUC1-EKS-EC2-vCPU-Hours,arn:aws:eks:eu-central-1:790348267926:pod/simple-rag-cluster/kube-system/eks-pod-identity-agent-vhxq7/18c6c687-00fc-4126-90a9-52ed119ad570,,,0.0
2026-09-04T13:00:00Z,AmazonEKS,EUC1-EKS-EC2-GB-Hours,arn:aws:eks:eu-central-1:790348267926:pod/simple-rag-cluster/kube-system/eks-pod-identity-agent-x49rb/9399ad8f-5f3c-4a0a-9cf9-20dbf9b0c274,,,0.0
2026-09-04T13:00:00Z,AmazonEKS,EUC1-EKS-EC2-vCPU-Hours,arn:aws:eks:eu-central-1:790348267926:pod/simple-rag-cluster/kube-system/eks-pod-identity-agent-x49rb/9399ad8f-5f3c-4a0a-9cf9-20dbf9b0c274,,,0.0
2026-09-04T13:00:00Z,AmazonEKS,EUC1-EKS-EC2-GB-Hours,arn:aws:eks:eu-central-1:790348267926:pod/simple-rag-cluster/kube-system/eks-pod-identity-agent-9fs9d/b8b3bb27-392e-4ebb-affd-09c80badb2bb,,,0.0
2026-09-04T13:00:00Z,AmazonEKS,EUC1-EKS-EC2-vCPU-Hours,arn:aws:eks:eu-central-1:790348267926:pod/simple-rag-cluster/kube-system/eks-pod-identity-agent-9fs9d/b8b3bb27-392e-4ebb-affd-09c80badb2bb,,,0.0
2026-09-04T13:00:00Z,AmazonEKS,EUC1-EKS-EC2-vCPU-Hours,arn:aws:eks:eu-central-1:790348267926:pod/simple-rag-cluster/monitoring/monitoring-promtail-96x4s/c00e408c-14fc-470b-a0f5-7fe598afa788,,,0.0
2026-09-04T13:00:00Z,AmazonEKS,EUC1-EKS-EC2-GB-Hours,arn:aws:eks:eu-central-1:790348267926:pod/simple-rag-cluster/monitoring/monitoring-promtail-96x4s/c00e408c-14fc-470b-a0f5-7fe598afa788,,,0.0
2026-09-04T13:00:00Z,AmazonEKS,EUC1-EKS-EC2-GB-Hours,arn:aws:eks:eu-central-1:790348267926:pod/simple-rag-cluster/monitoring/monitoring-promtail-bzc7r/48189327-aac1-457a-aa2c-149aeccf072a,,,0.0
2026-09-04T13:00:00Z,AmazonEKS,EUC1-EKS-EC2-vCPU-Hours,arn:aws:eks:eu-central-1:790348267926:pod/simple-rag-cluster/monitoring/monitoring-promtail-bzc7r/48189327-aac1-457a-aa2c-149aeccf072a,,,0.0
2026-09-04T13:00:00Z,AmazonEKS,EUC1-EKS-EC2-GB-Hours,arn:aws:eks:eu-central-1:790348267926:pod/simple-rag-cluster/monitoring/monitoring-promtail-d6fmj/1968da10-5eee-43a7-9994-87d624938bce,,,0.0
2026-09-04T13:00:00Z,AmazonEKS,EUC1-EKS-EC2-vCPU-Hours,arn:aws:eks:eu-central-1:790348267926:pod/simple-rag-cluster/monitoring/monitoring-promtail-d6fmj/1968da10-5eee-43a7-9994-87d624938bce,,,0.0
2026-09-04T13:00:00Z,AmazonEKS,EUC1-EKS-EC2-GB-Hours,arn:aws:eks:eu-central-1:790348267926:pod/simple-rag-cluster/monitoring/monitoring-promtail-gmfm4/cd0c0345-d266-41e2-92ce-c46edfc80b55,,,0.0
2026-09-04T13:00:00Z,AmazonEKS,EUC1-EKS-EC2-vCPU-Hours,arn:aws:eks:eu-central-1:790348267926:pod/simple-rag-cluster/monitoring/monitoring-promtail-gmfm4/cd0c0345-d266-41e2-92ce-c46edfc80b55,,,0.0
2026-09-04T13:00:00Z,AmazonEKS,EUC1-EKS-EC2-GB-Hours,arn:aws:eks:eu-central-1:790348267926:pod/simple-rag-cluster/monitoring/monitoring-promtail-jmt7b/314608b5-bbce-4c6b-9596-935848d90804,,,0.0
2026-09-04T13:00:00Z,AmazonEKS,EUC1-EKS-EC2-vCPU-Hours,arn:aws:eks:eu-central-1:790348267926:pod/simple-rag-cluster/monitoring/monitoring-promtail-jmt7b/314608b5-bbce-4c6b-9596-935848d90804,,,0.0
2026-09-04T13:00:00Z,AmazonEKS,EUC1-EKS-EC2-vCPU-Hours,arn:aws:eks:eu-central-1:790348267926:pod/simple-rag-cluster/monitoring/monitoring-promtail-k8qk5/ad825b05-fe94-4dbd-90b3-d7e723380e9b,,,0.0
2026-09-04T13:00:00Z,AmazonEKS,EUC1-EKS-EC2-GB-Hours,arn:aws:eks:eu-central-1:790348267926:pod/simple-rag-cluster/monitoring/monitoring-promtail-k8qk5/ad825b05-fe94-4dbd-90b3-d7e723380e9b,,,0.0
2026-09-04T13:00:00Z,AmazonEKS,EUC1-EKS-EC2-GB-Hours,arn:aws:eks:eu-central-1:790348267926:pod/simple-rag-cluster/monitoring/monitoring-promtail-lffjb/934b0a24-3645-4ee0-8faf-a6fbd649a279,,,0.0
2026-09-04T13:00:00Z,AmazonEKS,EUC1-EKS-EC2-vCPU-Hours,arn:aws:eks:eu-central-1:790348267926:pod/simple-rag-cluster/monitoring/monitoring-promtail-lffjb/934b0a24-3645-4ee0-8faf-a6fbd649a279,,,0.0
2026-09-04T13:00:00Z,AmazonEKS,EUC1-EKS-EC2-GB-Hours,arn:aws:eks:eu-central-1:790348267926:pod/simple-rag-cluster/monitoring/monitoring-promtail-lnc89/1a302169-9b9c-4148-a74e-13bc996edfb8,,,0.0
2026-09-04T13:00:00Z,AmazonEKS,EUC1-EKS-EC2-vCPU-Hours,arn:aws:eks:eu-central-1:790348267926:pod/simple-rag-cluster/monitoring/monitoring-promtail-lnc89/1a302169-9b9c-4148-a74e-13bc996edfb8,,,0.0
2026-09-04T13:00:00Z,AmazonEKS,EUC1-EKS-EC2-GB-Hours,arn:aws:eks:eu-central-1:790348267926:pod/simple-rag-cluster/monitoring/monitoring-promtail-tk9fj/3da944ca-b4a8-4804-a76f-a6c090450450,,,0.0
2026-09-04T13:00:00Z,AmazonEKS,EUC1-EKS-EC2-vCPU-Hours,arn:aws:eks:eu-central-1:790348267926:pod/simple-rag-cluster/monitoring/monitoring-promtail-tk9fj/3da944ca-b4a8-4804-a76f-a6c090450450,,,0.0
2026-09-04T13:00:00Z,AmazonEKS,EUC1-EKS-EC2-GB-Hours,arn:aws:eks:eu-central-1:790348267926:pod/simple-rag-cluster/monitoring/monitoring-promtail-25mjt/2f50a49e-f736-4b47-a9aa-a84f82c388ec,,,0.0
2026-09-04T13:00:00Z,AmazonEKS,EUC1-EKS-EC2-vCPU-Hours,arn:aws:eks:eu-central-1:790348267926:pod/simple-rag-cluster/monitoring/monitoring-promtail-25mjt/2f50a49e-f736-4b47-a9aa-a84f82c388ec,,,0.0
2026-09-04T13:00:00Z,AmazonEKS,EUC1-EKS-EC2-GB-Hours,arn:aws:eks:eu-central-1:790348267926:pod/simple-rag-cluster/monitoring/monitoring-promtail-27lmw/9af0bbd3-6dab-4fd7-8328-8aa70ba595c9,,,0.0
2026-09-04T13:00:00Z,AmazonEKS,EUC1-EKS-EC2-vCPU-Hours,arn:aws:eks:eu-central-1:790348267926:pod/simple-rag-cluster/monitoring/monitoring-promtail-27lmw/9af0bbd3-6dab-4fd7-8328-8aa70ba595c9,,,0.0
2026-09-04T13:00:00Z,AmazonEKS,EUC1-EKS-EC2-GB-Hours,arn:aws:eks:eu-central-1:790348267926:pod/simple-rag-cluster/monitoring/monitoring-promtail-6q9ks/ac70c578-9410-4c4d-935b-c2067eb9715f,,,0.0
2026-09-04T13:00:00Z,AmazonEKS,EUC1-EKS-EC2-vCPU-Hours,arn:aws:eks:eu-central-1:790348267926:pod/simple-rag-cluster/monitoring/monitoring-promtail-6q9ks/ac70c578-9410-4c4d-935b-c2067eb9715f,,,0.0
2026-09-04T13:00:00Z,AmazonEKS,EUC1-EKS-EC2-GB-Hours,arn:aws:eks:eu-central-1:790348267926:pod/simple-rag-cluster/monitoring/monitoring-promtail-hnvpx/81bc3e92-d1ad-4f17-9781-7826e9de6124,,,0.0
2026-09-04T13:00:00Z,AmazonEKS,EUC1-EKS-EC2-vCPU-Hours,arn:aws:eks:eu-central-1:790348267926:pod/simple-rag-cluster/monitoring/monitoring-promtail-hnvpx/81bc3e92-d1ad-4f17-9781-7826e9de6124,,,0.0
2026-09-04T13:00:00Z,AmazonEKS,EUC1-EKS-EC2-GB-Hours,arn:aws:eks:eu-central-1:790348267926:pod/simple-rag-cluster/monitoring/monitoring-promtail-ndj2l/feac161a-e0cb-40cf-9d6f-5dccbc470035,,,0.0
2026-09-04T13:00:00Z,AmazonEKS,EUC1-EKS-EC2-vCPU-Hours,arn:aws:eks:eu-central-1:790348267926:pod/simple-rag-cluster/monitoring/monitoring-promtail-ndj2l/feac161a-e0cb-40cf-9d6f-5dccbc470035,,,0.0
2026-09-04T13:00:00Z,AmazonEKS,EUC1-EKS-EC2-vCPU-Hours,arn:aws:eks:eu-central-1:790348267926:pod/simple-rag-cluster/monitoring/monitoring-promtail-p958h/ba3d8c9c-6071-4556-a50c-47322d59686b,,,0.0
2026-09-04T13:00:00Z,AmazonEKS,EUC1-EKS-EC2-GB-Hours,arn:aws:eks:eu-central-1:790348267926:pod/simple-rag-cluster/monitoring/monitoring-promtail-p958h/ba3d8c9c-6071-4556-a50c-47322d59686b,,,0.0
2026-09-04T13:00:00Z,AmazonEKS,EUC1-EKS-EC2-GB-Hours,arn:aws:eks:eu-central-1:790348267926:pod/simple-rag-cluster/monitoring/monitoring-promtail-wdt54/06fe30b1-f26f-438a-9363-2bf6c3f4e37c,,,0.0
2026-09-04T13:00:00Z,AmazonEKS,EUC1-EKS-EC2-vCPU-Hours,arn:aws:eks:eu-central-1:790348267926:pod/simple-rag-cluster/monitoring/monitoring-promtail-wdt54/06fe30b1-f26f-438a-9363-2bf6c3f4e37c,,,0.0
2026-09-04T13:00:00Z,AmazonEKS,EUC1-EKS-EC2-GB-Hours,arn:aws:eks:eu-central-1:790348267926:pod/simple-rag-cluster/monitoring/monitoring-promtail-wwwbw/67432500-9778-4859-b8fc-990206649740,,,0.0
2026-09-04T13:00:00Z,AmazonEKS,EUC1-EKS-EC2-vCPU-Hours,arn:aws:eks:eu-central-1:790348267926:pod/simple-rag-cluster/monitoring/monitoring-promtail-wwwbw/67432500-9778-4859-b8fc-990206649740,,,0.0
2026-09-04T13:00:00Z,AmazonEKS,EUC1-EKS-EC2-vCPU-Hours,arn:aws:eks:eu-central-1:790348267926:pod/simple-rag-cluster/monitoring/monitoring-promtail-6mvvp/4dcb96df-5e2a-4eae-a1e4-e2df3eaa2b9f,,,0.0
2026-09-04T13:00:00Z,AmazonEKS,EUC1-EKS-EC2-GB-Hours,arn:aws:eks:eu-central-1:790348267926:pod/simple-rag-cluster/monitoring/monitoring-promtail-6mvvp/4dcb96df-5e2a-4eae-a1e4-e2df3eaa2b9f,,,0.0
2026-09-04T13:00:00Z,AmazonEKS,EUC1-EKS-EC2-GB-Hours,arn:aws:eks:eu-central-1:790348267926:pod/simple-rag-cluster/monitoring/monitoring-promtail-mtlrk/31704136-6eb1-4cea-9e75-7d4be4ea0ec2,,,0.0
2026-09-04T13:00:00Z,AmazonEKS,EUC1-EKS-EC2-vCPU-Hours,arn:aws:eks:eu-central-1:790348267926:pod/simple-rag-cluster/monitoring/monitoring-promtail-mtlrk/31704136-6eb1-4cea-9e75-7d4be4ea0ec2,,,0.0
2026-09-04T13:00:00Z,AmazonEKS,EUC1-EKS-EC2-GB-Hours,arn:aws:eks:eu-central-1:790348267926:pod/simple-rag-cluster/monitoring/monitoring-promtail-p8kfk/8d8a47c9-4491-4588-ba76-a7a02013181e,,,0.0
2026-09-04T13:00:00Z,AmazonEKS,EUC1-EKS-EC2-vCPU-Hours,arn:aws:eks:eu-central-1:790348267926:pod/simple-rag-cluster/monitoring/monitoring-promtail-p8kfk/8d8a47c9-4491-4588-ba76-a7a02013181e,,,0.0
2026-09-04T13:00:00Z,AmazonEKS,EUC1-EKS-EC2-GB-Hours,arn:aws:eks:eu-central-1:790348267926:pod/simple-rag-cluster/monitoring/monitoring-promtail-qr7vz/f1b20cfd-1946-40cd-8669-31bf8870b30b,,,0.0
2026-09-04T13:00:00Z,AmazonEKS,EUC1-EKS-EC2-vCPU-Hours,arn:aws:eks:eu-central-1:790348267926:pod/simple-rag-cluster/monitoring/monitoring-promtail-qr7vz/f1b20cfd-1946-40cd-8669-31bf8870b30b,,,0.0
2026-09-04T13:00:00Z,AmazonEKS,EUC1-EKS-EC2-GB-Hours,arn:aws:eks:eu-central-1:790348267926:pod/simple-rag-cluster/monitoring/monitoring-promtail-rrnll/9abc4df4-5b0c-4417-b5e4-f30451a9d9b9,,,0.0
2026-09-04T13:00:00Z,AmazonEKS,EUC1-EKS-EC2-vCPU-Hours,arn:aws:eks:eu-central-1:790348267926:pod/simple-rag-cluster/monitoring/monitoring-promtail-rrnll/9abc4df4-5b0c-4417-b5e4-f30451a9d9b9,,,0.0
2026-09-04T13:00:00Z,AmazonEKS,EUC1-EKS-EC2-GB-Hours,arn:aws:eks:eu-central-1:790348267926:pod/simple-rag-cluster/monitoring/monitoring-promtail-pntkb/f38737a5-bf21-4356-a55d-9cf740f25083,,,0.0
2026-09-04T13:00:00Z,AmazonEKS,EUC1-EKS-EC2-vCPU-Hours,arn:aws:eks:eu-central-1:790348267926:pod/simple-rag-cluster/monitoring/monitoring-promtail-pntkb/f38737a5-bf21-4356-a55d-9cf740f25083,,,0.0
2026-09-04T13:00:00Z,AmazonEKS,EUC1-EKS-EC2-GB-Hours,arn:aws:eks:eu-central-1:790348267926:pod/simple-rag-cluster/monitoring/monitoring-promtail-vt2tf/018aa859-20b5-4b24-bf99-afa9bb3424af,,,0.0
2026-09-04T13:00:00Z,AmazonEKS,EUC1-EKS-EC2-vCPU-Hours,arn:aws:eks:eu-central-1:790348267926:pod/simple-rag-cluster/monitoring/monitoring-promtail-vt2tf/018aa859-20b5-4b24-bf99-afa9bb3424af,,,0.0
2026-09-04T13:00:00Z,AmazonEKS,EUC1-EKS-EC2-vCPU-Hours,arn:aws:eks:eu-central-1:790348267926:pod/simple-rag-cluster/monitoring/monitoring-promtail-4rqsl/dbbb1dc6-f50c-4ead-b80d-89ed1596084e,,,0.0
2026-09-04T13:00:00Z,AmazonEKS,EUC1-EKS-EC2-GB-Hours,arn:aws:eks:eu-central-1:790348267926:pod/simple-rag-cluster/monitoring/monitoring-promtail-4rqsl/dbbb1dc6-f50c-4ead-b80d-89ed1596084e,,,0.0
2026-09-04T13:00:00Z,AmazonEKS,EUC1-EKS-EC2-GB-Hours,arn:aws:eks:eu-central-1:790348267926:pod/simple-rag-cluster/monitoring/monitoring-promtail-dxsmx/db9b3c76-ab9f-44e9-9c19-29519c2f9c8b,,,0.0
2026-09-04T13:00:00Z,AmazonEKS,EUC1-EKS-EC2-vCPU-Hours,arn:aws:eks:eu-central-1:790348267926:pod/simple-rag-cluster/monitoring/monitoring-promtail-dxsmx/db9b3c76-ab9f-44e9-9c19-29519c2f9c8b,,,0.0
2026-09-04T13:00:00Z,AmazonEKS,EUC1-EKS-EC2-GB-Hours,arn:aws:eks:eu-central-1:790348267926:pod/simple-rag-cluster/monitoring/monitoring-promtail-ff79x/cf2212a5-a6cc-4e18-92dc-4046a45f1b33,,,0.0
2026-09-04T13:00:00Z,AmazonEKS,EUC1-EKS-EC2-vCPU-Hours,arn:aws:eks:eu-central-1:790348267926:pod/simple-rag-cluster/monitoring/monitoring-promtail-ff79x/cf2212a5-a6cc-4e18-92dc-4046a45f1b33,,,0.0
2026-09-04T13:00:00Z,AmazonEKS,EUC1-EKS-EC2-GB-Hours,arn:aws:eks:eu-central-1:790348267926:pod/simple-rag-cluster/monitoring/monitoring-promtail-jxbr8/b32691cd-cf0f-40df-b2bf-89e03a6f397f,,,0.0
2026-09-04T13:00:00Z,AmazonEKS,EUC1-EKS-EC2-vCPU-Hours,arn:aws:eks:eu-central-1:790348267926:pod/simple-rag-cluster/monitoring/monitoring-promtail-jxbr8/b32691cd-cf0f-40df-b2bf-89e03a6f397f,,,0.0
2026-09-04T13:00:00Z,AmazonEKS,EUC1-EKS-EC2-GB-Hours,arn:aws:eks:eu-central-1:790348267926:pod/simple-rag-cluster/monitoring/monitoring-promtail-nltrb/4fde2c6e-ad03-4c27-9efc-ad4c41d7858c,,,0.0
2026-09-04T13:00:00Z,AmazonEKS,EUC1-EKS-EC2-vCPU-Hours,arn:aws:eks:eu-central-1:790348267926:pod/simple-rag-cluster/monitoring/monitoring-promtail-nltrb/4fde2c6e-ad03-4c27-9efc-ad4c41d7858c,,,0.0
2026-09-04T13:00:00Z,AmazonEKS,EUC1-EKS-EC2-GB-Hours,arn:aws:eks:eu-central-1:790348267926:pod/simple-rag-cluster/monitoring/monitoring-promtail-p4mpt/59d0ae3f-28bf-4339-af97-83629c38cceb,,,0.0
2026-09-04T13:00:00Z,AmazonEKS,EUC1-EKS-EC2-vCPU-Hours,arn:aws:eks:eu-central-1:790348267926:pod/simple-rag-cluster/monitoring/monitoring-promtail-p4mpt/59d0ae3f-28bf-4339-af97-83629c38cceb,,,0.0
2026-09-04T13:00:00Z,AmazonEKS,EUC1-EKS-EC2-GB-Hours,arn:aws:eks:eu-central-1:790348267926:pod/simple-rag-cluster/monitoring/monitoring-promtail-pns4c/81d50b70-e2e6-481c-9e04-b78267cfd1af,,,0.0
2026-09-04T13:00:00Z,AmazonEKS,EUC1-EKS-EC2-vCPU-Hours,arn:aws:eks:eu-central-1:790348267926:pod/simple-rag-cluster/monitoring/monitoring-promtail-pns4c/81d50b70-e2e6-481c-9e04-b78267cfd1af,,,0.0
2026-09-04T13:00:00Z,AmazonEKS,EUC1-EKS-EC2-GB-Hours,arn:aws:eks:eu-central-1:790348267926:pod/simple-rag-cluster/monitoring/monitoring-promtail-zqrrr/32c391d0-a6d4-4a13-b37b-f9baba6383ca,,,0.0
2026-09-04T13:00:00Z,AmazonEKS,EUC1-EKS-EC2-vCPU-Hours,arn:aws:eks:eu-central-1:790348267926:pod/simple-rag-cluster/monitoring/monitoring-promtail-zqrrr/32c391d0-a6d4-4a13-b37b-f9baba6383ca,,,0.0
2026-09-04T13:00:00Z,AmazonEKS,EUC1-EKS-EC2-GB-Hours,arn:aws:eks:eu-central-1:790348267926:pod/simple-rag-cluster/monitoring/monitoring-promtail-gr9sj/0c8a94b0-38a6-474a-ab30-443efff99c7b,,,0.0
2026-09-04T13:00:00Z,AmazonEKS,EUC1-EKS-EC2-vCPU-Hours,arn:aws:eks:eu-central-1:790348267926:pod/simple-rag-cluster/monitoring/monitoring-promtail-gr9sj/0c8a94b0-38a6-474a-ab30-443efff99c7b,,,0.0
2026-09-04T13:00:00Z,AmazonEKS,EUC1-EKS-EC2-vCPU-Hours,arn:aws:eks:eu-central-1:790348267926:pod/simple-rag-cluster/monitoring/monitoring-promtail-smbp9/c5222441-679a-4915-aada-eda8b124f8c3,,,0.0
2026-09-04T13:00:00Z,AmazonEKS,EUC1-EKS-EC2-GB-Hours,arn:aws:eks:eu-central-1:790348267926:pod/simple-rag-cluster/monitoring/monitoring-promtail-smbp9/c5222441-679a-4915-aada-eda8b124f8c3,,,0.0
2026-09-04T13:00:00Z,AmazonEKS,EUC1-EKS-EC2-GB-Hours,arn:aws:eks:eu-central-1:790348267926:pod/simple-rag-cluster/monitoring/monitoring-promtail-2m6sq/2d950b73-d468-4cae-9a3b-36dd37099d45,,,0.0
2026-09-04T13:00:00Z,AmazonEKS,EUC1-EKS-EC2-vCPU-Hours,arn:aws:eks:eu-central-1:790348267926:pod/simple-rag-cluster/monitoring/monitoring-promtail-2m6sq/2d950b73-d468-4cae-9a3b-36dd37099d45,,,0.0
2026-09-04T13:00:00Z,AmazonEKS,EUC1-EKS-EC2-GB-Hours,arn:aws:eks:eu-central-1:790348267926:pod/simple-rag-cluster/monitoring/monitoring-promtail-gnxjg/b82aa334-541a-44ee-a487-c1632decc6f0,,,0.0
2026-09-04T13:00:00Z,AmazonEKS,EUC1-EKS-EC2-vCPU-Hours,arn:aws:eks:eu-central-1:790348267926:pod/simple-rag-cluster/monitoring/monitoring-promtail-gnxjg/b82aa334-541a-44ee-a487-c1632decc6f0,,,0.0
2026-09-04T13:00:00Z,AmazonEKS,EUC1-EKS-EC2-GB-Hours,arn:aws:eks:eu-central-1:790348267926:pod/simple-rag-cluster/monitoring/monitoring-promtail-jnnqj/e3019627-4f97-460b-ba49-42a34fbdfbce,,,0.0
2026-09-04T13:00:00Z,AmazonEKS,EUC1-EKS-EC2-vCPU-Hours,arn:aws:eks:eu-central-1:790348267926:pod/simple-rag-cluster/monitoring/monitoring-promtail-jnnqj/e3019627-4f97-460b-ba49-42a34fbdfbce,,,0.0
2026-09-04T13:00:00Z,AmazonEKS,EUC1-EKS-EC2-GB-Hours,arn:aws:eks:eu-central-1:790348267926:pod/simple-rag-cluster/monitoring/monitoring-promtail-l9gfc/ae4677c5-5711-47bf-86d4-d19fccf7e37c,,,0.0
2026-09-04T13:00:00Z,AmazonEKS,EUC1-EKS-EC2-vCPU-Hours,arn:aws:eks:eu-central-1:790348267926:pod/simple-rag-cluster/monitoring/monitoring-promtail-l9gfc/ae4677c5-5711-47bf-86d4-d19fccf7e37c,,,0.0
2026-09-04T13:00:00Z,AmazonEKS,EUC1-EKS-EC2-GB-Hours,arn:aws:eks:eu-central-1:790348267926:pod/simple-rag-cluster/monitoring/monitoring-promtail-p5sb2/4d087ec8-0ffc-40f9-b961-9705b5dd75c7,,,0.0
2026-09-04T13:00:00Z,AmazonEKS,EUC1-EKS-EC2-vCPU-Hours,arn:aws:eks:eu-central-1:790348267926:pod/simple-rag-cluster/monitoring/monitoring-promtail-p5sb2/4d087ec8-0ffc-40f9-b961-9705b5dd75c7,,,0.0
2026-09-04T13:00:00Z,AmazonEKS,EUC1-EKS-EC2-GB-Hours,arn:aws:eks:eu-central-1:790348267926:pod/simple-rag-cluster/monitoring/monitoring-promtail-wzb9t/0f691d39-5db8-4de0-a70e-a2d9e673db92,,,0.0
2026-09-04T13:00:00Z,AmazonEKS,EUC1-EKS-EC2-vCPU-Hours,arn:aws:eks:eu-central-1:790348267926:pod/simple-rag-cluster/monitoring/monitoring-promtail-wzb9t/0f691d39-5db8-4de0-a70e-a2d9e673db92,,,0.0
2026-09-04T13:00:00Z,AmazonEKS,EUC1-EKS-EC2-vCPU-Hours,arn:aws:eks:eu-central-1:790348267926:pod/simple-rag-cluster/monitoring/monitoring-promtail-zfmxw/813746de-978c-4062-9446-e8c20cd52ab0,,,0.0
2026-09-04T13:00:00Z,AmazonEKS,EUC1-EKS-EC2-GB-Hours,arn:aws:eks:eu-central-1:790348267926:pod/simple-rag-cluster/monitoring/monitoring-promtail-zfmxw/813746de-978c-4062-9446-e8c20cd52ab0,,,0.0
2026-09-04T13:00:00Z,AmazonEKS,EUC1-EKS-EC2-GB-Hours,arn:aws:eks:eu-central-1:790348267926:pod/simple-rag-cluster/monitoring/monitoring-promtail-zh7nq/e9118be0-00f3-49e2-a554-48c41e8b1acd,,,0.0
2026-09-04T13:00:00Z,AmazonEKS,EUC1-EKS-EC2-vCPU-Hours,arn:aws:eks:eu-central-1:790348267926:pod/simple-rag-cluster/monitoring/monitoring-promtail-zh7nq/e9118be0-00f3-49e2-a554-48c41e8b1acd,,,0.0
2026-09-04T13:00:00Z,AmazonEKS,EUC1-EKS-EC2-GB-Hours,arn:aws:eks:eu-central-1:790348267926:pod/simple-rag-cluster/monitoring/monitoring-promtail-cl42k/fa788980-500c-4d0f-9f1b-92f3dcc092f8,,,0.0
2026-09-04T13:00:00Z,AmazonEKS,EUC1-EKS-EC2-vCPU-Hours,arn:aws:eks:eu-central-1:790348267926:pod/simple-rag-cluster/monitoring/monitoring-promtail-cl42k/fa788980-500c-4d0f-9f1b-92f3dcc092f8,,,0.0
2026-09-04T13:00:00Z,AmazonEKS,EUC1-EKS-EC2-GB-Hours,arn:aws:eks:eu-central-1:790348267926:pod/simple-rag-cluster/monitoring/alertmanager-monitoring-kube-prometheus-alertmanager-0/cfc9c23b-5414-4888-a47f-456b65006b5b,,,0.0
2026-09-04T13:00:00Z,AmazonEKS,EUC1-EKS-EC2-vCPU-Hours,arn:aws:eks:eu-central-1:790348267926:pod/simple-rag-cluster/monitoring/alertmanager-monitoring-kube-prometheus-alertmanager-0/cfc9c23b-5414-4888-a47f-456b65006b5b,,,0.0
2026-09-04T13:00:00Z,AmazonEKS,EUC1-EKS-EC2-vCPU-Hours,arn:aws:eks:eu-central-1:790348267926:pod/simple-rag-cluster/monitoring/prometheus-monitoring-kube-prometheus-prometheus-0/c6ca63dc-63e2-4895-a206-e21cdd9b53d5,,,0.0
2026-09-04T13:00:00Z,AmazonEKS,EUC1-EKS-EC2-GB-Hours,arn:aws:eks:eu-central-1:790348267926:pod/simple-rag-cluster/monitoring/prometheus-monitoring-kube-prometheus-prometheus-0/c6ca63dc-63e2-4895-a206-e21cdd9b53d5,,,0.0
2026-09-04T13:00:00Z,AmazonEKS,EUC1-EKS-EC2-GB-Hours,arn:aws:eks:eu-central-1:790348267926:pod/simple-rag-cluster/rag-platform/qdrant-0/0b56db45-409a-49ae-893e-f6d7e97df508,,,0.0
2026-09-04T13:00:00Z,AmazonEKS,EUC1-EKS-EC2-vCPU-Hours,arn:aws:eks:eu-central-1:790348267926:pod/simple-rag-cluster/rag-platform/qdrant-0/0b56db45-409a-49ae-893e-f6d7e97df508,,,0.0
2026-09-04T13:00:00Z,AmazonEKS,EUC1-EKS-EC2-GB-Hours,arn:aws:eks:eu-central-1:790348267926:pod/simple-rag-cluster/rag-platform/qdrant-1/d9bcc049-9c70-4c74-a236-05872c1a961e,,,0.0
2026-09-04T13:00:00Z,AmazonEKS,EUC1-EKS-EC2-vCPU-Hours,arn:aws:eks:eu-central-1:790348267926:pod/simple-rag-cluster/rag-platform/qdrant-1/d9bcc049-9c70-4c74-a236-05872c1a961e,,,0.0
2026-09-04T13:00:00Z,AmazonEKS,EUC1-EKS-EC2-GB-Hours,arn:aws:eks:eu-central-1:790348267926:pod/simple-rag-cluster/argocd/argocd-applicationset-controller-68c7dc74cd-mtmg8/f50348b6-9df6-4517-b6ff-10fa9d32b419,,,0.0
2026-09-04T13:00:00Z,AmazonEKS,EUC1-EKS-EC2-vCPU-Hours,arn:aws:eks:eu-central-1:790348267926:pod/simple-rag-cluster/argocd/argocd-applicationset-controller-68c7dc74cd-mtmg8/f50348b6-9df6-4517-b6ff-10fa9d32b419,,,0.0
2026-09-04T13:00:00Z,AmazonEKS,EUC1-EKS-EC2-GB-Hours,arn:aws:eks:eu-central-1:790348267926:pod/simple-rag-cluster/argocd/argocd-dex-server-59486ff57c-v42jg/37f6be87-60e6-4bd6-b475-c234214d5202,,,0.0
2026-09-04T13:00:00Z,AmazonEKS,EUC1-EKS-EC2-vCPU-Hours,arn:aws:eks:eu-central-1:790348267926:pod/simple-rag-cluster/argocd/argocd-dex-server-59486ff57c-v42jg/37f6be87-60e6-4bd6-b475-c234214d5202,,,0.0
2026-09-04T13:00:00Z,AmazonEKS,EUC1-EKS-EC2-GB-Hours,arn:aws:eks:eu-central-1:790348267926:pod/simple-rag-cluster/argocd/argocd-notifications-controller-687c8c4b9f-sx6fz/fbc54745-3507-4951-8d8a-ec1e2e5619fd,,,0.0
2026-09-04T13:00:00Z,AmazonEKS,EUC1-EKS-EC2-vCPU-Hours,arn:aws:eks:eu-central-1:790348267926:pod/simple-rag-cluster/argocd/argocd-notifications-controller-687c8c4b9f-sx6fz/fbc54745-3507-4951-8d8a-ec1e2e5619fd,,,0.0
2026-09-04T13:00:00Z,AmazonEKS,EUC1-EKS-EC2-GB-Hours,arn:aws:eks:eu-central-1:790348267926:pod/simple-rag-cluster/argocd/argocd-redis-5fbbd9dbd4-54fqt/74686497-6ea3-4b9e-a320-e8866dc7a22c,,,0.0
2026-09-04T13:00:00Z,AmazonEKS,EUC1-EKS-EC2-vCPU-Hours,arn:aws:eks:eu-central-1:790348267926:pod/simple-rag-cluster/argocd/argocd-redis-5fbbd9dbd4-54fqt/74686497-6ea3-4b9e-a320-e8866dc7a22c,,,0.0
2026-09-04T13:00:00Z,AmazonEKS,EUC1-EKS-EC2-GB-Hours,arn:aws:eks:eu-central-1:790348267926:pod/simple-rag-cluster/argocd/argocd-redis-secret-init-pxgxs/9ca3ea5b-4b24-4946-9cad-dfe64e4ad3ba,,,0.0
2026-09-04T13:00:00Z,AmazonEKS,EUC1-EKS-EC2-vCPU-Hours,arn:aws:eks:eu-central-1:790348267926:pod/simple-rag-cluster/argocd/argocd-redis-secret-init-pxgxs/9ca3ea5b-4b24-4946-9cad-dfe64e4ad3ba,,,0.0
2026-09-04T13:00:00Z,AmazonEKS,EUC1-EKS-EC2-GB-Hours,arn:aws:eks:eu-central-1:790348267926:pod/simple-rag-cluster/argocd/argocd-repo-server-5547dc4896-vpzqg/06bd2e9b-e557-4678-b627-7557a26598cc,,,0.0
2026-09-04T13:00:00Z,AmazonEKS,EUC1-EKS-EC2-vCPU-Hours,arn:aws:eks:eu-central-1:790348267926:pod/simple-rag-cluster/argocd/argocd-repo-server-5547dc4896-vpzqg/06bd2e9b-e557-4678-b627-7557a26598cc,,,0.0
2026-09-04T13:00:00Z,AmazonEKS,EUC1-EKS-EC2-GB-Hours,arn:aws:eks:eu-central-1:790348267926:pod/simple-rag-cluster/argocd/argocd-server-54d67dc9c-hftnz/61e95f36-4534-47fa-a8a3-15e253ab02f8,,,0.0
2026-09-04T13:00:00Z,AmazonEKS,EUC1-EKS-EC2-vCPU-Hours,arn:aws:eks:eu-central-1:790348267926:pod/simple-rag-cluster/argocd/argocd-server-54d67dc9c-hftnz/61e95f36-4534-47fa-a8a3-15e253ab02f8,,,0.0
2026-09-04T13:00:00Z,AmazonEKS,EUC1-EKS-EC2-GB-Hours,arn:aws:eks:eu-central-1:790348267926:pod/simple-rag-cluster/argocd/argocd-application-controller-0/6d2685d3-6f47-40c6-a0e9-4915c4420a3c,,,0.0
2026-09-04T13:00:00Z,AmazonEKS,EUC1-EKS-EC2-vCPU-Hours,arn:aws:eks:eu-central-1:790348267926:pod/simple-rag-cluster/argocd/argocd-application-controller-0/6d2685d3-6f47-40c6-a0e9-4915c4420a3c,,,0.0
2026-09-04T13:00:00Z,AmazonEKS,EUC1-EKS-EC2-GB-Hours,arn:aws:eks:eu-central-1:790348267926:pod/simple-rag-cluster/kube-system/cilium-operator-8dc98466f-c54vl/d9d33e8f-be6b-4acb-98b0-b3051e635743,,,0.0
2026-09-04T13:00:00Z,AmazonEKS,EUC1-EKS-EC2-vCPU-Hours,arn:aws:eks:eu-central-1:790348267926:pod/simple-rag-cluster/kube-system/cilium-operator-8dc98466f-c54vl/d9d33e8f-be6b-4acb-98b0-b3051e635743,,,0.0
2026-09-04T13:00:00Z,AmazonEKS,EUC1-EKS-EC2-GB-Hours,arn:aws:eks:eu-central-1:790348267926:pod/simple-rag-cluster/kube-system/cilium-operator-8dc98466f-qlznw/4adeb35a-1eae-4bf5-ba60-6bea9665fbeb,,,0.0
2026-09-04T13:00:00Z,AmazonEKS,EUC1-EKS-EC2-vCPU-Hours,arn:aws:eks:eu-central-1:790348267926:pod/simple-rag-cluster/kube-system/cilium-operator-8dc98466f-qlznw/4adeb35a-1eae-4bf5-ba60-6bea9665fbeb,,,0.0
2026-09-04T13:00:00Z,AmazonEKS,EUC1-EKS-EC2-GB-Hours,arn:aws:eks:eu-central-1:790348267926:pod/simple-rag-cluster/kube-system/cilium-krnqv/f8b0f0ea-8ce8-4744-9c6f-5eae790fbd03,,,0.0
2026-09-04T13:00:00Z,AmazonEKS,EUC1-EKS-EC2-vCPU-Hours,arn:aws:eks:eu-central-1:790348267926:pod/simple-rag-cluster/kube-system/cilium-krnqv/f8b0f0ea-8ce8-4744-9c6f-5eae790fbd03,,,0.0
2026-09-04T13:00:00Z,AmazonEKS,EUC1-EKS-EC2-GB-Hours,arn:aws:eks:eu-central-1:790348267926:pod/simple-rag-cluster/kube-system/cilium-4hbpz/d20781b9-7f7e-4afa-a597-670f423a3157,,,0.0
2026-09-04T13:00:00Z,AmazonEKS,EUC1-EKS-EC2-vCPU-Hours,arn:aws:eks:eu-central-1:790348267926:pod/simple-rag-cluster/kube-system/cilium-4hbpz/d20781b9-7f7e-4afa-a597-670f423a3157,,,0.0
2026-09-04T13:00:00Z,AmazonEKS,EUC1-EKS-EC2-GB-Hours,arn:aws:eks:eu-central-1:790348267926:pod/simple-rag-cluster/kube-system/cilium-bblkr/f69c0fb3-8228-45eb-aefb-e0e7c1d3552e,,,0.0
2026-09-04T13:00:00Z,AmazonEKS,EUC1-EKS-EC2-vCPU-Hours,arn:aws:eks:eu-central-1:790348267926:pod/simple-rag-cluster/kube-system/cilium-bblkr/f69c0fb3-8228-45eb-aefb-e0e7c1d3552e,,,0.0
2026-09-04T13:00:00Z,AmazonEKS,EUC1-EKS-EC2-GB-Hours,arn:aws:eks:eu-central-1:790348267926:pod/simple-rag-cluster/kube-system/cilium-glq2c/da7a8088-de27-4884-8c60-04720d47826a,,,0.0
2026-09-04T13:00:00Z,AmazonEKS,EUC1-EKS-EC2-vCPU-Hours,arn:aws:eks:eu-central-1:790348267926:pod/simple-rag-cluster/kube-system/cilium-glq2c/da7a8088-de27-4884-8c60-04720d47826a,,,0.0
2026-09-04T13:00:00Z,AmazonEKS,EUC1-EKS-EC2-vCPU-Hours,arn:aws:eks:eu-central-1:790348267926:pod/simple-rag-cluster/kube-system/cilium-m5h7t/151013aa-cf82-44fe-9040-3661d91c39c6,,,0.0
2026-09-04T13:00:00Z,AmazonEKS,EUC1-EKS-EC2-GB-Hours,arn:aws:eks:eu-central-1:790348267926:pod/simple-rag-cluster/kube-system/cilium-m5h7t/151013aa-cf82-44fe-9040-3661d91c39c6,,,0.0
2026-09-04T13:00:00Z,AmazonEKS,EUC1-EKS-EC2-GB-Hours,arn:aws:eks:eu-central-1:790348267926:pod/simple-rag-cluster/kube-system/cilium-qqls9/4490e6ec-41d8-469a-8a04-0d7ff80c6e42,,,0.0
2026-09-04T13:00:00Z,AmazonEKS,EUC1-EKS-EC2-vCPU-Hours,arn:aws:eks:eu-central-1:790348267926:pod/simple-rag-cluster/kube-system/cilium-qqls9/4490e6ec-41d8-469a-8a04-0d7ff80c6e42,,,0.0
2026-09-04T13:00:00Z,AmazonEKS,EUC1-EKS-EC2-GB-Hours,arn:aws:eks:eu-central-1:790348267926:pod/simple-rag-cluster/kube-system/cilium-tc74s/d3eabfc8-f52d-400a-9301-67d232c17af0,,,0.0
2026-09-04T13:00:00Z,AmazonEKS,EUC1-EKS-EC2-vCPU-Hours,arn:aws:eks:eu-central-1:790348267926:pod/simple-rag-cluster/kube-system/cilium-tc74s/d3eabfc8-f52d-400a-9301-67d232c17af0,,,0.0
2026-09-04T13:00:00Z,AmazonEKS,EUC1-EKS-EC2-GB-Hours,arn:aws:eks:eu-central-1:790348267926:pod/simple-rag-cluster/kube-system/cilium-tctdm/bc233a8e-0feb-4f62-9f15-458eae61846f,,,0.0
2026-09-04T13:00:00Z,AmazonEKS,EUC1-EKS-EC2-vCPU-Hours,arn:aws:eks:eu-central-1:790348267926:pod/simple-rag-cluster/kube-system/cilium-tctdm/bc233a8e-0feb-4f62-9f15-458eae61846f,,,0.0
2026-09-04T13:00:00Z,AmazonEKS,EUC1-EKS-EC2-GB-Hours,arn:aws:eks:eu-central-1:790348267926:pod/simple-rag-cluster/kube-system/cilium-xnbr2/0c6925da-2ba5-4a1b-a8f5-2e1bf87c90a4,,,0.0
2026-09-04T13:00:00Z,AmazonEKS,EUC1-EKS-EC2-vCPU-Hours,arn:aws:eks:eu-central-1:790348267926:pod/simple-rag-cluster/kube-system/cilium-xnbr2/0c6925da-2ba5-4a1b-a8f5-2e1bf87c90a4,,,0.0
2026-09-04T13:00:00Z,AmazonEKS,EUC1-EKS-EC2-GB-Hours,arn:aws:eks:eu-central-1:790348267926:pod/simple-rag-cluster/kube-system/cilium-9dgsx/e151ae1d-312a-45ea-906e-8b0438ce96d7,,,0.0
2026-09-04T13:00:00Z,AmazonEKS,EUC1-EKS-EC2-vCPU-Hours,arn:aws:eks:eu-central-1:790348267926:pod/simple-rag-cluster/kube-system/cilium-9dgsx/e151ae1d-312a-45ea-906e-8b0438ce96d7,,,0.0
2026-09-04T13:00:00Z,AmazonEKS,EUC1-EKS-EC2-GB-Hours,arn:aws:eks:eu-central-1:790348267926:pod/simple-rag-cluster/kube-system/cilium-9g8vz/82ed1b95-dc02-49c4-bf14-465a9b1f8ee3,,,0.0
2026-09-04T13:00:00Z,AmazonEKS,EUC1-EKS-EC2-vCPU-Hours,arn:aws:eks:eu-central-1:790348267926:pod/simple-rag-cluster/kube-system/cilium-9g8vz/82ed1b95-dc02-49c4-bf14-465a9b1f8ee3,,,0.0
2026-09-04T13:00:00Z,AmazonEKS,EUC1-EKS-EC2-GB-Hours,arn:aws:eks:eu-central-1:790348267926:pod/simple-rag-cluster/kube-system/cilium-9wlvh/a4c6cc8e-4b10-445d-9005-5c9cf622c370,,,0.0
2026-09-04T13:00:00Z,AmazonEKS,EUC1-EKS-EC2-vCPU-Hours,arn:aws:eks:eu-central-1:790348267926:pod/simple-rag-cluster/kube-system/cilium-9wlvh/a4c6cc8e-4b10-445d-9005-5c9cf622c370,,,0.0
2026-09-04T13:00:00Z,AmazonEKS,EUC1-EKS-EC2-GB-Hours,arn:aws:eks:eu-central-1:790348267926:pod/simple-rag-cluster/kube-system/cilium-d8nvd/51c71ec5-3e51-4cdd-ab2f-6959bd6c4198,,,0.0
2026-09-04T13:00:00Z,AmazonEKS,EUC1-EKS-EC2-vCPU-Hours,arn:aws:eks:eu-central-1:790348267926:pod/simple-rag-cluster/kube-system/cilium-d8nvd/51c71ec5-3e51-4cdd-ab2f-6959bd6c4198,,,0.0
2026-09-04T13:00:00Z,AmazonEKS,EUC1-EKS-EC2-GB-Hours,arn:aws:eks:eu-central-1:790348267926:pod/simple-rag-cluster/kube-system/cilium-mzmr8/fb66a210-f2a4-4f5e-b924-d625de635866,,,0.0
2026-09-04T13:00:00Z,AmazonEKS,EUC1-EKS-EC2-vCPU-Hours,arn:aws:eks:eu-central-1:790348267926:pod/simple-rag-cluster/kube-system/cilium-mzmr8/fb66a210-f2a4-4f5e-b924-d625de635866,,,0.0
2026-09-04T13:00:00Z,AmazonEKS,EUC1-EKS-EC2-GB-Hours,arn:aws:eks:eu-central-1:790348267926:pod/simple-rag-cluster/kube-system/cilium-nlqgv/ce3ce3e6-7d3a-4e24-a26c-d02f195b54de,,,0.0
2026-09-04T13:00:00Z,AmazonEKS,EUC1-EKS-EC2-vCPU-Hours,arn:aws:eks:eu-central-1:790348267926:pod/simple-rag-cluster/kube-system/cilium-nlqgv/ce3ce3e6-7d3a-4e24-a26c-d02f195b54de,,,0.0
2026-09-04T13:00:00Z,AmazonEKS,EUC1-EKS-EC2-GB-Hours,arn:aws:eks:eu-central-1:790348267926:pod/simple-rag-cluster/kube-system/cilium-vtpjx/8c3ec4ac-38e5-40ff-b61d-87dbdad02317,,,0.0
2026-09-04T13:00:00Z,AmazonEKS,EUC1-EKS-EC2-vCPU-Hours,arn:aws:eks:eu-central-1:790348267926:pod/simple-rag-cluster/kube-system/cilium-vtpjx/8c3ec4ac-38e5-40ff-b61d-87dbdad02317,,,0.0
2026-09-04T13:00:00Z,AmazonEKS,EUC1-EKS-EC2-GB-Hours,arn:aws:eks:eu-central-1:790348267926:pod/simple-rag-cluster/kube-system/cilium-z845x/ffab085f-03a1-4d9e-9019-a5f89585d135,,,0.0
2026-09-04T13:00:00Z,AmazonEKS,EUC1-EKS-EC2-vCPU-Hours,arn:aws:eks:eu-central-1:790348267926:pod/simple-rag-cluster/kube-system/cilium-z845x/ffab085f-03a1-4d9e-9019-a5f89585d135,,,0.0
2026-09-04T13:00:00Z,AmazonEKS,EUC1-EKS-EC2-vCPU-Hours,arn:aws:eks:eu-central-1:790348267926:pod/simple-rag-cluster/kube-system/cilium-2w4wz/0c0c53f0-ff07-4ee1-9d50-1c01a4b39707,,,0.0
2026-09-04T13:00:00Z,AmazonEKS,EUC1-EKS-EC2-GB-Hours,arn:aws:eks:eu-central-1:790348267926:pod/simple-rag-cluster/kube-system/cilium-2w4wz/0c0c53f0-ff07-4ee1-9d50-1c01a4b39707,,,0.0
2026-09-04T13:00:00Z,AmazonEKS,EUC1-EKS-EC2-GB-Hours,arn:aws:eks:eu-central-1:790348267926:pod/simple-rag-cluster/kube-system/cilium-5548j/fac11cca-848e-441f-9fa9-586a98b0e48b,,,0.0
2026-09-04T13:00:00Z,AmazonEKS,EUC1-EKS-EC2-vCPU-Hours,arn:aws:eks:eu-central-1:790348267926:pod/simple-rag-cluster/kube-system/cilium-5548j/fac11cca-848e-441f-9fa9-586a98b0e48b,,,0.0
2026-09-04T13:00:00Z,AmazonEKS,EUC1-EKS-EC2-GB-Hours,arn:aws:eks:eu-central-1:790348267926:pod/simple-rag-cluster/kube-system/cilium-69klg/b0fcdabc-eeda-4bfd-b1be-d3a3751e7a9b,,,0.0
2026-09-04T13:00:00Z,AmazonEKS,EUC1-EKS-EC2-vCPU-Hours,arn:aws:eks:eu-central-1:790348267926:pod/simple-rag-cluster/kube-system/cilium-69klg/b0fcdabc-eeda-4bfd-b1be-d3a3751e7a9b,,,0.0
2026-09-04T13:00:00Z,AmazonEKS,EUC1-EKS-EC2-GB-Hours,arn:aws:eks:eu-central-1:790348267926:pod/simple-rag-cluster/kube-system/cilium-gqngs/a3474c1c-41b9-4866-acad-f69c721dad04,,,0.0
2026-09-04T13:00:00Z,AmazonEKS,EUC1-EKS-EC2-vCPU-Hours,arn:aws:eks:eu-central-1:790348267926:pod/simple-rag-cluster/kube-system/cilium-gqngs/a3474c1c-41b9-4866-acad-f69c721dad04,,,0.0
2026-09-04T13:00:00Z,AmazonEKS,EUC1-EKS-EC2-vCPU-Hours,arn:aws:eks:eu-central-1:790348267926:pod/simple-rag-cluster/kube-system/cilium-bxd28/3cf8dd49-f09d-4b3b-9999-b05d9e5b065b,,,0.0
2026-09-04T13:00:00Z,AmazonEKS,EUC1-EKS-EC2-GB-Hours,arn:aws:eks:eu-central-1:790348267926:pod/simple-rag-cluster/kube-system/cilium-bxd28/3cf8dd49-f09d-4b3b-9999-b05d9e5b065b,,,0.0
2026-09-04T13:00:00Z,AmazonEKS,EUC1-EKS-EC2-GB-Hours,arn:aws:eks:eu-central-1:790348267926:pod/simple-rag-cluster/kube-system/cilium-tfblt/05799081-2d05-4c97-9953-b689b8a21929,,,0.0
2026-09-04T13:00:00Z,AmazonEKS,EUC1-EKS-EC2-vCPU-Hours,arn:aws:eks:eu-central-1:790348267926:pod/simple-rag-cluster/kube-system/cilium-tfblt/05799081-2d05-4c97-9953-b689b8a21929,,,0.0
2026-09-04T13:00:00Z,AmazonEKS,EUC1-EKS-EC2-GB-Hours,arn:aws:eks:eu-central-1:790348267926:pod/simple-rag-cluster/kube-system/cilium-4gjgb/ce3de09f-cdd6-4863-865c-bd452b1723a9,,,0.0
2026-09-04T13:00:00Z,AmazonEKS,EUC1-EKS-EC2-vCPU-Hours,arn:aws:eks:eu-central-1:790348267926:pod/simple-rag-cluster/kube-system/cilium-4gjgb/ce3de09f-cdd6-4863-865c-bd452b1723a9,,,0.0
2026-09-04T13:00:00Z,AmazonEKS,EUC1-EKS-EC2-GB-Hours,arn:aws:eks:eu-central-1:790348267926:pod/simple-rag-cluster/kube-system/cilium-8d6jn/20c2f75b-5ffe-46a8-9435-aa9803b9bf6a,,,0.0
2026-09-04T13:00:00Z,AmazonEKS,EUC1-EKS-EC2-vCPU-Hours,arn:aws:eks:eu-central-1:790348267926:pod/simple-rag-cluster/kube-system/cilium-8d6jn/20c2f75b-5ffe-46a8-9435-aa9803b9bf6a,,,0.0
2026-09-04T13:00:00Z,AmazonEKS,EUC1-EKS-EC2-GB-Hours,arn:aws:eks:eu-central-1:790348267926:pod/simple-rag-cluster/kube-system/cilium-9rwpv/5102ee31-14ab-4742-8cfb-02c4a2bc571c,,,0.0
2026-09-04T13:00:00Z,AmazonEKS,EUC1-EKS-EC2-vCPU-Hours,arn:aws:eks:eu-central-1:790348267926:pod/simple-rag-cluster/kube-system/cilium-9rwpv/5102ee31-14ab-4742-8cfb-02c4a2bc571c,,,0.0
2026-09-04T13:00:00Z,AmazonEKS,EUC1-EKS-EC2-GB-Hours,arn:aws:eks:eu-central-1:790348267926:pod/simple-rag-cluster/kube-system/cilium-bhqpd/0faeb991-02f1-471d-a8bc-56627ea2b2b3,,,0.0
2026-09-04T13:00:00Z,AmazonEKS,EUC1-EKS-EC2-vCPU-Hours,arn:aws:eks:eu-central-1:790348267926:pod/simple-rag-cluster/kube-system/cilium-bhqpd/0faeb991-02f1-471d-a8bc-56627ea2b2b3,,,0.0
2026-09-04T13:00:00Z,AmazonEKS,EUC1-EKS-EC2-GB-Hours,arn:aws:eks:eu-central-1:790348267926:pod/simple-rag-cluster/kube-system/cilium-gqm9g/811a379a-f4b4-4c5a-866b-153fbecf658b,,,0.0
2026-09-04T13:00:00Z,AmazonEKS,EUC1-EKS-EC2-vCPU-Hours,arn:aws:eks:eu-central-1:790348267926:pod/simple-rag-cluster/kube-system/cilium-gqm9g/811a379a-f4b4-4c5a-866b-153fbecf658b,,,0.0
2026-09-04T13:00:00Z,AmazonEKS,EUC1-EKS-EC2-vCPU-Hours,arn:aws:eks:eu-central-1:790348267926:pod/simple-rag-cluster/kube-system/cilium-ksrdj/d666f654-450f-414a-b6e6-26e06c27f35c,,,0.0
2026-09-04T13:00:00Z,AmazonEKS,EUC1-EKS-EC2-GB-Hours,arn:aws:eks:eu-central-1:790348267926:pod/simple-rag-cluster/kube-system/cilium-ksrdj/d666f654-450f-414a-b6e6-26e06c27f35c,,,0.0
2026-09-04T13:00:00Z,AmazonEKS,EUC1-EKS-EC2-GB-Hours,arn:aws:eks:eu-central-1:790348267926:pod/simple-rag-cluster/kube-system/cilium-vkktk/fcbddf4e-7045-43fb-ad06-8e6b764fbd0c,,,0.0
2026-09-04T13:00:00Z,AmazonEKS,EUC1-EKS-EC2-vCPU-Hours,arn:aws:eks:eu-central-1:790348267926:pod/simple-rag-cluster/kube-system/cilium-vkktk/fcbddf4e-7045-43fb-ad06-8e6b764fbd0c,,,0.0
2026-09-04T13:00:00Z,AmazonEKS,EUC1-EKS-EC2-GB-Hours,arn:aws:eks:eu-central-1:790348267926:pod/simple-rag-cluster/kube-system/cilium-xf5dv/602d63e3-ffcf-4a5a-8d77-b31970a28cc6,,,0.0
2026-09-04T13:00:00Z,AmazonEKS,EUC1-EKS-EC2-vCPU-Hours,arn:aws:eks:eu-central-1:790348267926:pod/simple-rag-cluster/kube-system/cilium-xf5dv/602d63e3-ffcf-4a5a-8d77-b31970a28cc6,,,0.0
2026-09-04T13:00:00Z,AmazonEKS,EUC1-EKS-EC2-GB-Hours,arn:aws:eks:eu-central-1:790348267926:pod/simple-rag-cluster/kube-system/cilium-nb785/06399c7b-ba22-40e0-82e4-aac2641a8480,,,0.0
2026-09-04T13:00:00Z,AmazonEKS,EUC1-EKS-EC2-vCPU-Hours,arn:aws:eks:eu-central-1:790348267926:pod/simple-rag-cluster/kube-system/cilium-nb785/06399c7b-ba22-40e0-82e4-aac2641a8480,,,0.0
2026-09-04T13:00:00Z,AmazonEKS,EUC1-EKS-EC2-vCPU-Hours,arn:aws:eks:eu-central-1:790348267926:pod/simple-rag-cluster/kube-system/cilium-c27l9/f4e80491-f733-4262-a712-5e165bfa2d08,,,0.0
2026-09-04T13:00:00Z,AmazonEKS,EUC1-EKS-EC2-GB-Hours,arn:aws:eks:eu-central-1:790348267926:pod/simple-rag-cluster/kube-system/cilium-c27l9/f4e80491-f733-4262-a712-5e165bfa2d08,,,0.0
2026-09-04T13:00:00Z,AmazonEKS,EUC1-EKS-EC2-GB-Hours,arn:aws:eks:eu-central-1:790348267926:pod/simple-rag-cluster/kube-system/cilium-2mr4p/909c454e-a3df-4455-9841-19a730f21a33,,,0.0
2026-09-04T13:00:00Z,AmazonEKS,EUC1-EKS-EC2-vCPU-Hours,arn:aws:eks:eu-central-1:790348267926:pod/simple-rag-cluster/kube-system/cilium-2mr4p/909c454e-a3df-4455-9841-19a730f21a33,,,0.0
2026-09-04T13:00:00Z,AmazonEKS,EUC1-EKS-EC2-GB-Hours,arn:aws:eks:eu-central-1:790348267926:pod/simple-rag-cluster/kube-system/cilium-b6bjt/be60a316-d075-43c6-b43d-0c580cef5155,,,0.0
2026-09-04T13:00:00Z,AmazonEKS,EUC1-EKS-EC2-vCPU-Hours,arn:aws:eks:eu-central-1:790348267926:pod/simple-rag-cluster/kube-system/cilium-b6bjt/be60a316-d075-43c6-b43d-0c580cef5155,,,0.0
2026-09-04T13:00:00Z,AmazonEKS,EUC1-EKS-EC2-GB-Hours,arn:aws:eks:eu-central-1:790348267926:pod/simple-rag-cluster/kube-system/cilium-b7wmg/357e6a91-3293-4d54-be0d-7fde66f38a41,,,0.0
2026-09-04T13:00:00Z,AmazonEKS,EUC1-EKS-EC2-vCPU-Hours,arn:aws:eks:eu-central-1:790348267926:pod/simple-rag-cluster/kube-system/cilium-b7wmg/357e6a91-3293-4d54-be0d-7fde66f38a41,,,0.0
2026-09-04T13:00:00Z,AmazonEKS,EUC1-EKS-EC2-GB-Hours,arn:aws:eks:eu-central-1:790348267926:pod/simple-rag-cluster/kube-system/cilium-dxc29/e8318629-8608-40bc-9793-25bc1aca4d91,,,0.0
2026-09-04T13:00:00Z,AmazonEKS,EUC1-EKS-EC2-vCPU-Hours,arn:aws:eks:eu-central-1:790348267926:pod/simple-rag-cluster/kube-system/cilium-dxc29/e8318629-8608-40bc-9793-25bc1aca4d91,,,0.0
2026-09-04T13:00:00Z,AmazonEKS,EUC1-EKS-EC2-vCPU-Hours,arn:aws:eks:eu-central-1:790348267926:pod/simple-rag-cluster/kube-system/cilium-l59c6/7db12873-b5d6-4d4c-bd3d-79c120c0e495,,,0.0
2026-09-04T13:00:00Z,AmazonEKS,EUC1-EKS-EC2-GB-Hours,arn:aws:eks:eu-central-1:790348267926:pod/simple-rag-cluster/kube-system/cilium-l59c6/7db12873-b5d6-4d4c-bd3d-79c120c0e495,,,0.0
2026-09-04T13:00:00Z,AmazonEKS,EUC1-EKS-EC2-GB-Hours,arn:aws:eks:eu-central-1:790348267926:pod/simple-rag-cluster/kube-system/cilium-lx84j/65d49fb7-4976-4315-8459-25564e1d3792,,,0.0
2026-09-04T13:00:00Z,AmazonEKS,EUC1-EKS-EC2-vCPU-Hours,arn:aws:eks:eu-central-1:790348267926:pod/simple-rag-cluster/kube-system/cilium-lx84j/65d49fb7-4976-4315-8459-25564e1d3792,,,0.0
2026-09-04T13:00:00Z,AmazonEKS,EUC1-EKS-EC2-GB-Hours,arn:aws:eks:eu-central-1:790348267926:pod/simple-rag-cluster/kube-system/cilium-rfc5r/cd9bad94-f623-41ea-b084-9c5ff5390598,,,0.0
2026-09-04T13:00:00Z,AmazonEKS,EUC1-EKS-EC2-vCPU-Hours,arn:aws:eks:eu-central-1:790348267926:pod/simple-rag-cluster/kube-system/cilium-rfc5r/cd9bad94-f623-41ea-b084-9c5ff5390598,,,0.0
2026-09-04T13:00:00Z,AmazonEKS,EUC1-EKS-EC2-GB-Hours,arn:aws:eks:eu-central-1:790348267926:pod/simple-rag-cluster/kube-system/cilium-wvz4w/c69f25b9-a88b-48e7-ab86-b9056f3c5eb2,,,0.0
2026-09-04T13:00:00Z,AmazonEKS,EUC1-EKS-EC2-vCPU-Hours,arn:aws:eks:eu-central-1:790348267926:pod/simple-rag-cluster/kube-system/cilium-wvz4w/c69f25b9-a88b-48e7-ab86-b9056f3c5eb2,,,0.0
2026-09-04T13:00:00Z,AmazonEKS,EUC1-EKS-EC2-GB-Hours,arn:aws:eks:eu-central-1:790348267926:pod/simple-rag-cluster/kube-system/cilium-jwwq9/cdb88e4a-46f4-47b3-809d-07ec0fd77c64,,,0.0
2026-09-04T13:00:00Z,AmazonEKS,EUC1-EKS-EC2-vCPU-Hours,arn:aws:eks:eu-central-1:790348267926:pod/simple-rag-cluster/kube-system/cilium-jwwq9/cdb88e4a-46f4-47b3-809d-07ec0fd77c64,,,0.0
2026-09-04T13:00:00Z,AmazonEKS,EUC1-EKS-EC2-GB-Hours,arn:aws:eks:eu-central-1:790348267926:pod/simple-rag-cluster/kube-system/cilium-envoy-d2tn5/ad957b0c-af16-4a79-966d-bf7d14f7bd81,,,0.0
2026-09-04T13:00:00Z,AmazonEKS,EUC1-EKS-EC2-vCPU-Hours,arn:aws:eks:eu-central-1:790348267926:pod/simple-rag-cluster/kube-system/cilium-envoy-d2tn5/ad957b0c-af16-4a79-966d-bf7d14f7bd81,,,0.0
2026-09-04T13:00:00Z,AmazonEKS,EUC1-EKS-EC2-GB-Hours,arn:aws:eks:eu-central-1:790348267926:pod/simple-rag-cluster/kube-system/cilium-envoy-2bc4p/0b05d940-4be2-4262-8858-6ba074eda6d3,,,0.0
2026-09-04T13:00:00Z,AmazonEKS,EUC1-EKS-EC2-vCPU-Hours,arn:aws:eks:eu-central-1:790348267926:pod/simple-rag-cluster/kube-system/cilium-envoy-2bc4p/0b05d940-4be2-4262-8858-6ba074eda6d3,,,0.0
2026-09-04T13:00:00Z,AmazonEKS,EUC1-EKS-EC2-GB-Hours,arn:aws:eks:eu-central-1:790348267926:pod/simple-rag-cluster/kube-system/cilium-envoy-6xnrf/ffd8c745-d813-432b-9963-c2f0f8844637,,,0.0
2026-09-04T13:00:00Z,AmazonEKS,EUC1-EKS-EC2-vCPU-Hours,arn:aws:eks:eu-central-1:790348267926:pod/simple-rag-cluster/kube-system/cilium-envoy-6xnrf/ffd8c745-d813-432b-9963-c2f0f8844637,,,0.0
2026-09-04T13:00:00Z,AmazonEKS,EUC1-EKS-EC2-GB-Hours,arn:aws:eks:eu-central-1:790348267926:pod/simple-rag-cluster/kube-system/cilium-envoy-f2g52/40e23235-d5dd-4c53-9d8f-4af8c86968c8,,,0.0
2026-09-04T13:00:00Z,AmazonEKS,EUC1-EKS-EC2-vCPU-Hours,arn:aws:eks:eu-central-1:790348267926:pod/simple-rag-cluster/kube-system/cilium-envoy-f2g52/40e23235-d5dd-4c53-9d8f-4af8c86968c8,,,0.0
2026-09-04T13:00:00Z,AmazonEKS,EUC1-EKS-EC2-GB-Hours,arn:aws:eks:eu-central-1:790348267926:pod/simple-rag-cluster/kube-system/cilium-envoy-hgstg/7999fa8b-e17d-40f8-b603-23f624430b5c,,,0.0
2026-09-04T13:00:00Z,AmazonEKS,EUC1-EKS-EC2-vCPU-Hours,arn:aws:eks:eu-central-1:790348267926:pod/simple-rag-cluster/kube-system/cilium-envoy-hgstg/7999fa8b-e17d-40f8-b603-23f624430b5c,,,0.0
2026-09-04T13:00:00Z,AmazonEKS,EUC1-EKS-EC2-GB-Hours,arn:aws:eks:eu-central-1:790348267926:pod/simple-rag-cluster/kube-system/cilium-envoy-lwqmx/516a4e11-86e7-4b36-8193-38f1d9363a99,,,0.0
2026-09-04T13:00:00Z,AmazonEKS,EUC1-EKS-EC2-vCPU-Hours,arn:aws:eks:eu-central-1:790348267926:pod/simple-rag-cluster/kube-system/cilium-envoy-lwqmx/516a4e11-86e7-4b36-8193-38f1d9363a99,,,0.0
2026-09-04T13:00:00Z,AmazonEKS,EUC1-EKS-EC2-GB-Hours,arn:aws:eks:eu-central-1:790348267926:pod/simple-rag-cluster/kube-system/cilium-envoy-qpvwv/45f89227-1878-4b0d-8167-c3d1918638bb,,,0.0
2026-09-04T13:00:00Z,AmazonEKS,EUC1-EKS-EC2-vCPU-Hours,arn:aws:eks:eu-central-1:790348267926:pod/simple-rag-cluster/kube-system/cilium-envoy-qpvwv/45f89227-1878-4b0d-8167-c3d1918638bb,,,0.0
2026-09-04T13:00:00Z,AmazonEKS,EUC1-EKS-EC2-GB-Hours,arn:aws:eks:eu-central-1:790348267926:pod/simple-rag-cluster/kube-system/cilium-envoy-bmrkc/9cad57bc-f94b-43ed-957a-6b1093e05e9c,,,0.0
2026-09-04T13:00:00Z,AmazonEKS,EUC1-EKS-EC2-vCPU-Hours,arn:aws:eks:eu-central-1:790348267926:pod/simple-rag-cluster/kube-system/cilium-envoy-bmrkc/9cad57bc-f94b-43ed-957a-6b1093e05e9c,,,0.0
2026-09-04T13:00:00Z,AmazonEKS,EUC1-EKS-EC2-GB-Hours,arn:aws:eks:eu-central-1:790348267926:pod/simple-rag-cluster/kube-system/cilium-envoy-mjql5/8cb88629-9e90-409d-ad05-455521101599,,,0.0
2026-09-04T13:00:00Z,AmazonEKS,EUC1-EKS-EC2-vCPU-Hours,arn:aws:eks:eu-central-1:790348267926:pod/simple-rag-cluster/kube-system/cilium-envoy-mjql5/8cb88629-9e90-409d-ad05-455521101599,,,0.0
2026-09-04T13:00:00Z,AmazonEKS,EUC1-EKS-EC2-GB-Hours,arn:aws:eks:eu-central-1:790348267926:pod/simple-rag-cluster/kube-system/cilium-envoy-pcvsf/ba3d47fd-3ffd-418f-8bfe-46e650e04f19,,,0.0
2026-09-04T13:00:00Z,AmazonEKS,EUC1-EKS-EC2-vCPU-Hours,arn:aws:eks:eu-central-1:790348267926:pod/simple-rag-cluster/kube-system/cilium-envoy-pcvsf/ba3d47fd-3ffd-418f-8bfe-46e650e04f19,,,0.0
2026-09-04T13:00:00Z,AmazonEKS,EUC1-EKS-EC2-GB-Hours,arn:aws:eks:eu-central-1:790348267926:pod/simple-rag-cluster/kube-system/cilium-envoy-rmv4w/add1fc71-e731-4c96-a864-aac24a4c3848,,,0.0
2026-09-04T13:00:00Z,AmazonEKS,EUC1-EKS-EC2-vCPU-Hours,arn:aws:eks:eu-central-1:790348267926:pod/simple-rag-cluster/kube-system/cilium-envoy-rmv4w/add1fc71-e731-4c96-a864-aac24a4c3848,,,0.0
2026-09-04T13:00:00Z,AmazonEKS,EUC1-EKS-EC2-GB-Hours,arn:aws:eks:eu-central-1:790348267926:pod/simple-rag-cluster/kube-system/cilium-envoy-xkhkl/52121ee1-0e4e-4a07-be40-8b89cec795c8,,,0.0
2026-09-04T13:00:00Z,AmazonEKS,EUC1-EKS-EC2-vCPU-Hours,arn:aws:eks:eu-central-1:790348267926:pod/simple-rag-cluster/kube-system/cilium-envoy-xkhkl/52121ee1-0e4e-4a07-be40-8b89cec795c8,,,0.0
2026-09-04T13:00:00Z,AmazonEKS,EUC1-EKS-EC2-GB-Hours,arn:aws:eks:eu-central-1:790348267926:pod/simple-rag-cluster/kube-system/cilium-envoy-xrxwz/a79d5042-6c14-48cc-ae53-519495133f53,,,0.0
2026-09-04T13:00:00Z,AmazonEKS,EUC1-EKS-EC2-vCPU-Hours,arn:aws:eks:eu-central-1:790348267926:pod/simple-rag-cluster/kube-system/cilium-envoy-xrxwz/a79d5042-6c14-48cc-ae53-519495133f53,,,0.0
2026-09-04T13:00:00Z,AmazonEKS,EUC1-EKS-EC2-GB-Hours,arn:aws:eks:eu-central-1:790348267926:pod/simple-rag-cluster/kube-system/cilium-envoy-jp75l/fb770d08-b2bf-4e0a-8ed9-2d018bd9c5b4,,,0.0
2026-09-04T13:00:00Z,AmazonEKS,EUC1-EKS-EC2-vCPU-Hours,arn:aws:eks:eu-central-1:790348267926:pod/simple-rag-cluster/kube-system/cilium-envoy-jp75l/fb770d08-b2bf-4e0a-8ed9-2d018bd9c5b4,,,0.0
2026-09-04T13:00:00Z,AmazonEKS,EUC1-EKS-EC2-GB-Hours,arn:aws:eks:eu-central-1:790348267926:pod/simple-rag-cluster/kube-system/cilium-envoy-k4wxn/6c1c218a-1729-41da-b7d8-0912679db86c,,,0.0
2026-09-04T13:00:00Z,AmazonEKS,EUC1-EKS-EC2-vCPU-Hours,arn:aws:eks:eu-central-1:790348267926:pod/simple-rag-cluster/kube-system/cilium-envoy-k4wxn/6c1c218a-1729-41da-b7d8-0912679db86c,,,0.0
2026-09-04T13:00:00Z,AmazonEKS,EUC1-EKS-EC2-GB-Hours,arn:aws:eks:eu-central-1:790348267926:pod/simple-rag-cluster/kube-system/cilium-envoy-b8rzv/1272bab4-2bcf-406f-95d5-40827b16e0e1,,,0.0
2026-09-04T13:00:00Z,AmazonEKS,EUC1-EKS-EC2-vCPU-Hours,arn:aws:eks:eu-central-1:790348267926:pod/simple-rag-cluster/kube-system/cilium-envoy-b8rzv/1272bab4-2bcf-406f-95d5-40827b16e0e1,,,0.0
2026-09-04T13:00:00Z,AmazonEKS,EUC1-EKS-EC2-GB-Hours,arn:aws:eks:eu-central-1:790348267926:pod/simple-rag-cluster/kube-system/cilium-envoy-5kwrp/9ea6597c-4c4b-4411-ad5d-ca47725d5e99,,,0.0
2026-09-04T13:00:00Z,AmazonEKS,EUC1-EKS-EC2-vCPU-Hours,arn:aws:eks:eu-central-1:790348267926:pod/simple-rag-cluster/kube-system/cilium-envoy-5kwrp/9ea6597c-4c4b-4411-ad5d-ca47725d5e99,,,0.0
2026-09-04T13:00:00Z,AmazonEKS,EUC1-EKS-EC2-GB-Hours,arn:aws:eks:eu-central-1:790348267926:pod/simple-rag-cluster/kube-system/cilium-envoy-bmbw6/10203c08-c6c7-43e4-9b89-406b1a456223,,,0.0
2026-09-04T13:00:00Z,AmazonEKS,EUC1-EKS-EC2-vCPU-Hours,arn:aws:eks:eu-central-1:790348267926:pod/simple-rag-cluster/kube-system/cilium-envoy-bmbw6/10203c08-c6c7-43e4-9b89-406b1a456223,,,0.0
2026-09-04T13:00:00Z,AmazonEKS,EUC1-EKS-EC2-GB-Hours,arn:aws:eks:eu-central-1:790348267926:pod/simple-rag-cluster/kube-system/cilium-envoy-lwdq9/a63c6e50-1d55-4f61-8bec-870ce667b6b9,,,0.0
2026-09-04T13:00:00Z,AmazonEKS,EUC1-EKS-EC2-vCPU-Hours,arn:aws:eks:eu-central-1:790348267926:pod/simple-rag-cluster/kube-system/cilium-envoy-lwdq9/a63c6e50-1d55-4f61-8bec-870ce667b6b9,,,0.0
2026-09-04T13:00:00Z,AmazonEKS,EUC1-EKS-EC2-GB-Hours,arn:aws:eks:eu-central-1:790348267926:pod/simple-rag-cluster/kube-system/cilium-envoy-pln2x/a44ae6e6-cb34-4cca-bf66-db43820ce91d,,,0.0
2026-09-04T13:00:00Z,AmazonEKS,EUC1-EKS-EC2-vCPU-Hours,arn:aws:eks:eu-central-1:790348267926:pod/simple-rag-cluster/kube-system/cilium-envoy-pln2x/a44ae6e6-cb34-4cca-bf66-db43820ce91d,,,0.0
2026-09-04T13:00:00Z,AmazonEKS,EUC1-EKS-EC2-GB-Hours,arn:aws:eks:eu-central-1:790348267926:pod/simple-rag-cluster/kube-system/cilium-envoy-vbr5s/d3849a29-cc9f-419a-ab28-0ab02fd4dd97,,,0.0
2026-09-04T13:00:00Z,AmazonEKS,EUC1-EKS-EC2-vCPU-Hours,arn:aws:eks:eu-central-1:790348267926:pod/simple-rag-cluster/kube-system/cilium-envoy-vbr5s/d3849a29-cc9f-419a-ab28-0ab02fd4dd97,,,0.0
2026-09-04T13:00:00Z,AmazonEKS,EUC1-EKS-EC2-GB-Hours,arn:aws:eks:eu-central-1:790348267926:pod/simple-rag-cluster/kube-system/cilium-envoy-xx7jp/4a7be728-90e5-44fb-8642-e0c6c38565de,,,0.0
2026-09-04T13:00:00Z,AmazonEKS,EUC1-EKS-EC2-vCPU-Hours,arn:aws:eks:eu-central-1:790348267926:pod/simple-rag-cluster/kube-system/cilium-envoy-xx7jp/4a7be728-90e5-44fb-8642-e0c6c38565de,,,0.0
2026-09-04T13:00:00Z,AmazonEKS,EUC1-EKS-EC2-GB-Hours,arn:aws:eks:eu-central-1:790348267926:pod/simple-rag-cluster/kube-system/cilium-envoy-zvxtv/331998f8-3aa3-4d29-8152-fc76a3896ee9,,,0.0
2026-09-04T13:00:00Z,AmazonEKS,EUC1-EKS-EC2-vCPU-Hours,arn:aws:eks:eu-central-1:790348267926:pod/simple-rag-cluster/kube-system/cilium-envoy-zvxtv/331998f8-3aa3-4d29-8152-fc76a3896ee9,,,0.0
2026-09-04T13:00:00Z,AmazonEKS,EUC1-EKS-EC2-GB-Hours,arn:aws:eks:eu-central-1:790348267926:pod/simple-rag-cluster/kube-system/cilium-envoy-5kcwg/87d21abf-2ab5-4081-b8fc-0208c7438dd9,,,0.0
2026-09-04T13:00:00Z,AmazonEKS,EUC1-EKS-EC2-vCPU-Hours,arn:aws:eks:eu-central-1:790348267926:pod/simple-rag-cluster/kube-system/cilium-envoy-5kcwg/87d21abf-2ab5-4081-b8fc-0208c7438dd9,,,0.0
2026-09-04T13:00:00Z,AmazonEKS,EUC1-EKS-EC2-GB-Hours,arn:aws:eks:eu-central-1:790348267926:pod/simple-rag-cluster/kube-system/cilium-envoy-h4dps/d0768a35-fb29-4582-abae-8f8555f550ef,,,0.0
2026-09-04T13:00:00Z,AmazonEKS,EUC1-EKS-EC2-vCPU-Hours,arn:aws:eks:eu-central-1:790348267926:pod/simple-rag-cluster/kube-system/cilium-envoy-h4dps/d0768a35-fb29-4582-abae-8f8555f550ef,,,0.0
2026-09-04T13:00:00Z,AmazonEKS,EUC1-EKS-EC2-GB-Hours,arn:aws:eks:eu-central-1:790348267926:pod/simple-rag-cluster/kube-system/cilium-envoy-2jz9k/797efcb5-c29c-4dc2-b101-5618f039a71e,,,0.0
2026-09-04T13:00:00Z,AmazonEKS,EUC1-EKS-EC2-vCPU-Hours,arn:aws:eks:eu-central-1:790348267926:pod/simple-rag-cluster/kube-system/cilium-envoy-2jz9k/797efcb5-c29c-4dc2-b101-5618f039a71e,,,0.0
2026-09-04T13:00:00Z,AmazonEKS,EUC1-EKS-EC2-GB-Hours,arn:aws:eks:eu-central-1:790348267926:pod/simple-rag-cluster/kube-system/cilium-envoy-52fld/af048d18-16b0-4729-b4e7-e7a100eae581,,,0.0
2026-09-04T13:00:00Z,AmazonEKS,EUC1-EKS-EC2-vCPU-Hours,arn:aws:eks:eu-central-1:790348267926:pod/simple-rag-cluster/kube-system/cilium-envoy-52fld/af048d18-16b0-4729-b4e7-e7a100eae581,,,0.0
2026-09-04T13:00:00Z,AmazonEKS,EUC1-EKS-EC2-GB-Hours,arn:aws:eks:eu-central-1:790348267926:pod/simple-rag-cluster/kube-system/cilium-envoy-9hhhs/df40a787-0df9-4601-84e8-c43ba6237fb6,,,0.0
2026-09-04T13:00:00Z,AmazonEKS,EUC1-EKS-EC2-vCPU-Hours,arn:aws:eks:eu-central-1:790348267926:pod/simple-rag-cluster/kube-system/cilium-envoy-9hhhs/df40a787-0df9-4601-84e8-c43ba6237fb6,,,0.0
2026-09-04T13:00:00Z,AmazonEKS,EUC1-EKS-EC2-GB-Hours,arn:aws:eks:eu-central-1:790348267926:pod/simple-rag-cluster/kube-system/cilium-envoy-b442b/0803d43a-fc8b-4b19-ac59-629122b08031,,,0.0
2026-09-04T13:00:00Z,AmazonEKS,EUC1-EKS-EC2-vCPU-Hours,arn:aws:eks:eu-central-1:790348267926:pod/simple-rag-cluster/kube-system/cilium-envoy-b442b/0803d43a-fc8b-4b19-ac59-629122b08031,,,0.0
2026-09-04T13:00:00Z,AmazonEKS,EUC1-EKS-EC2-GB-Hours,arn:aws:eks:eu-central-1:790348267926:pod/simple-rag-cluster/kube-system/cilium-envoy-m8v6v/d9e9c556-247b-472e-89d4-e2cc8888d652,,,0.0
2026-09-04T13:00:00Z,AmazonEKS,EUC1-EKS-EC2-vCPU-Hours,arn:aws:eks:eu-central-1:790348267926:pod/simple-rag-cluster/kube-system/cilium-envoy-m8v6v/d9e9c556-247b-472e-89d4-e2cc8888d652,,,0.0
2026-09-04T13:00:00Z,AmazonEKS,EUC1-EKS-EC2-GB-Hours,arn:aws:eks:eu-central-1:790348267926:pod/simple-rag-cluster/kube-system/cilium-envoy-n45jx/42fb9539-13e4-48ea-9767-7f9a9b5e2b13,,,0.0
2026-09-04T13:00:00Z,AmazonEKS,EUC1-EKS-EC2-vCPU-Hours,arn:aws:eks:eu-central-1:790348267926:pod/simple-rag-cluster/kube-system/cilium-envoy-n45jx/42fb9539-13e4-48ea-9767-7f9a9b5e2b13,,,0.0
2026-09-04T13:00:00Z,AmazonEKS,EUC1-EKS-EC2-GB-Hours,arn:aws:eks:eu-central-1:790348267926:pod/simple-rag-cluster/kube-system/cilium-envoy-plxts/dde0463e-7f8f-4418-8198-a6adc0f4ba45,,,0.0
2026-09-04T13:00:00Z,AmazonEKS,EUC1-EKS-EC2-vCPU-Hours,arn:aws:eks:eu-central-1:790348267926:pod/simple-rag-cluster/kube-system/cilium-envoy-plxts/dde0463e-7f8f-4418-8198-a6adc0f4ba45,,,0.0
2026-09-04T13:00:00Z,AmazonEKS,EUC1-EKS-EC2-GB-Hours,arn:aws:eks:eu-central-1:790348267926:pod/simple-rag-cluster/keda/keda-admission-webhooks-5477d67459-jfcmb/713ee131-f278-4032-af15-71d66529bac8,,,0.0
2026-09-04T13:00:00Z,AmazonEKS,EUC1-EKS-EC2-vCPU-Hours,arn:aws:eks:eu-central-1:790348267926:pod/simple-rag-cluster/keda/keda-admission-webhooks-5477d67459-jfcmb/713ee131-f278-4032-af15-71d66529bac8,,,0.0
2026-09-04T13:00:00Z,AmazonEKS,EUC1-EKS-EC2-GB-Hours,arn:aws:eks:eu-central-1:790348267926:pod/simple-rag-cluster/keda/keda-operator-574d776c5f-s6bgk/773cb383-b91e-4061-9bb8-efee29714c50,,,0.0
2026-09-04T13:00:00Z,AmazonEKS,EUC1-EKS-EC2-vCPU-Hours,arn:aws:eks:eu-central-1:790348267926:pod/simple-rag-cluster/keda/keda-operator-574d776c5f-s6bgk/773cb383-b91e-4061-9bb8-efee29714c50,,,0.0
2026-09-04T13:00:00Z,AmazonEKS,EUC1-EKS-EC2-GB-Hours,arn:aws:eks:eu-central-1:790348267926:pod/simple-rag-cluster/keda/keda-operator-metrics-apiserver-785f9d6764-jrk6w/5eb952a8-9272-4367-af88-df8be2bfc3cb,,,0.0
2026-09-04T13:00:00Z,AmazonEKS,EUC1-EKS-EC2-vCPU-Hours,arn:aws:eks:eu-central-1:790348267926:pod/simple-rag-cluster/keda/keda-operator-metrics-apiserver-785f9d6764-jrk6w/5eb952a8-9272-4367-af88-df8be2bfc3cb,,,0.0
2026-09-04T13:00:00Z,AmazonEKS,EUC1-EKS-EC2-vCPU-Hours,arn:aws:eks:eu-central-1:790348267926:pod/simple-rag-cluster/monitoring/monitoring-loki-0/fa35c738-a0d6-4e23-b5d3-2186294562f9,,,0.0
2026-09-04T13:00:00Z,AmazonEKS,EUC1-EKS-EC2-GB-Hours,arn:aws:eks:eu-central-1:790348267926:pod/simple-rag-cluster/monitoring/monitoring-loki-0/fa35c738-a0d6-4e23-b5d3-2186294562f9,,,0.0
2026-09-04T13:00:00Z,AmazonEKS,EUC1-EKS-EC2-GB-Hours,arn:aws:eks:eu-central-1:790348267926:pod/simple-rag-cluster/monitoring/monitoring-kube-prometheus-admission-create-wmfp5/c68479c1-699a-42b0-a87b-da3b72118c4d,,,0.0
2026-09-04T13:00:00Z,AmazonEKS,EUC1-EKS-EC2-vCPU-Hours,arn:aws:eks:eu-central-1:790348267926:pod/simple-rag-cluster/monitoring/monitoring-kube-prometheus-admission-create-wmfp5/c68479c1-699a-42b0-a87b-da3b72118c4d,,,0.0
2026-09-04T13:00:00Z,AmazonEKS,EUC1-EKS-EC2-GB-Hours,arn:aws:eks:eu-central-1:790348267926:pod/simple-rag-cluster/monitoring/monitoring-kube-prometheus-admission-create-9h7jd/56ade9ff-c991-4a7d-a7b4-40ec278bb14b,,,0.0
2026-09-04T13:00:00Z,AmazonEKS,EUC1-EKS-EC2-vCPU-Hours,arn:aws:eks:eu-central-1:790348267926:pod/simple-rag-cluster/monitoring/monitoring-kube-prometheus-admission-create-9h7jd/56ade9ff-c991-4a7d-a7b4-40ec278bb14b,,,0.0
2026-09-04T13:00:00Z,AmazonEKS,EUC1-EKS-EC2-GB-Hours,arn:aws:eks:eu-central-1:790348267926:pod/simple-rag-cluster/monitoring/monitoring-kube-prometheus-admission-patch-4fgsg/26935965-7af3-4abd-a8b7-c5da3f9406b1,,,0.0
2026-09-04T13:00:00Z,AmazonEKS,EUC1-EKS-EC2-vCPU-Hours,arn:aws:eks:eu-central-1:790348267926:pod/simple-rag-cluster/monitoring/monitoring-kube-prometheus-admission-patch-4fgsg/26935965-7af3-4abd-a8b7-c5da3f9406b1,,,0.0
2026-09-04T13:00:00Z,AmazonEKS,EUC1-EKS-EC2-GB-Hours,arn:aws:eks:eu-central-1:790348267926:pod/simple-rag-cluster/monitoring/monitoring-kube-prometheus-operator-7d89d8b68-rxv67/c765dab3-00d9-456b-932d-e3a17a38fd03,,,0.0
2026-09-04T13:00:00Z,AmazonEKS,EUC1-EKS-EC2-vCPU-Hours,arn:aws:eks:eu-central-1:790348267926:pod/simple-rag-cluster/monitoring/monitoring-kube-prometheus-operator-7d89d8b68-rxv67/c765dab3-00d9-456b-932d-e3a17a38fd03,,,0.0
2026-09-04T13:00:00Z,AmazonEKS,EUC1-EKS-EC2-GB-Hours,arn:aws:eks:eu-central-1:790348267926:pod/simple-rag-cluster/monitoring/monitoring-kube-state-metrics-57bf8c5797-tn7gt/0e77fe01-fc34-4b64-b359-36bb8e25e129,,,0.0
2026-09-04T13:00:00Z,AmazonEKS,EUC1-EKS-EC2-vCPU-Hours,arn:aws:eks:eu-central-1:790348267926:pod/simple-rag-cluster/monitoring/monitoring-kube-state-metrics-57bf8c5797-tn7gt/0e77fe01-fc34-4b64-b359-36bb8e25e129,,,0.0
2026-09-04T13:00:00Z,AmazonEKS,EUC1-EKS-EC2-GB-Hours,arn:aws:eks:eu-central-1:790348267926:pod/simple-rag-cluster/monitoring/monitoring-prometheus-node-exporter-ckq42/ce410b46-2c34-4df3-80d9-f7b024b570dd,,,0.0
2026-09-04T13:00:00Z,AmazonEKS,EUC1-EKS-EC2-vCPU-Hours,arn:aws:eks:eu-central-1:790348267926:pod/simple-rag-cluster/monitoring/monitoring-prometheus-node-exporter-ckq42/ce410b46-2c34-4df3-80d9-f7b024b570dd,,,0.0
2026-09-04T13:00:00Z,AmazonEKS,EUC1-EKS-EC2-GB-Hours,arn:aws:eks:eu-central-1:790348267926:pod/simple-rag-cluster/monitoring/monitoring-prometheus-node-exporter-6xkqx/73e2b709-0fbb-4597-8421-7cf04930c0cd,,,0.0
2026-09-04T13:00:00Z,AmazonEKS,EUC1-EKS-EC2-vCPU-Hours,arn:aws:eks:eu-central-1:790348267926:pod/simple-rag-cluster/monitoring/monitoring-prometheus-node-exporter-6xkqx/73e2b709-0fbb-4597-8421-7cf04930c0cd,,,0.0
2026-09-04T13:00:00Z,AmazonEKS,EUC1-EKS-EC2-GB-Hours,arn:aws:eks:eu-central-1:790348267926:pod/simple-rag-cluster/monitoring/monitoring-prometheus-node-exporter-hxp6r/eaa4fb8c-3e35-4ef7-a667-1b79b060d2a5,,,0.0
2026-09-04T13:00:00Z,AmazonEKS,EUC1-EKS-EC2-vCPU-Hours,arn:aws:eks:eu-central-1:790348267926:pod/simple-rag-cluster/monitoring/monitoring-prometheus-node-exporter-hxp6r/eaa4fb8c-3e35-4ef7-a667-1b79b060d2a5,,,0.0
2026-09-04T13:00:00Z,AmazonEKS,EUC1-EKS-EC2-GB-Hours,arn:aws:eks:eu-central-1:790348267926:pod/simple-rag-cluster/monitoring/monitoring-prometheus-node-exporter-ljgtr/3e464c7b-db2a-46a8-8855-d571978cc72e,,,0.0
2026-09-04T13:00:00Z,AmazonEKS,EUC1-EKS-EC2-vCPU-Hours,arn:aws:eks:eu-central-1:790348267926:pod/simple-rag-cluster/monitoring/monitoring-prometheus-node-exporter-ljgtr/3e464c7b-db2a-46a8-8855-d571978cc72e,,,0.0
2026-09-04T13:00:00Z,AmazonEKS,EUC1-EKS-EC2-GB-Hours,arn:aws:eks:eu-central-1:790348267926:pod/simple-rag-cluster/monitoring/monitoring-prometheus-node-exporter-ltwqn/241cf2c5-024f-49ac-ae6c-ff7cb0a8e120,,,0.0
2026-09-04T13:00:00Z,AmazonEKS,EUC1-EKS-EC2-vCPU-Hours,arn:aws:eks:eu-central-1:790348267926:pod/simple-rag-cluster/monitoring/monitoring-prometheus-node-exporter-ltwqn/241cf2c5-024f-49ac-ae6c-ff7cb0a8e120,,,0.0
2026-09-04T13:00:00Z,AmazonEKS,EUC1-EKS-EC2-GB-Hours,arn:aws:eks:eu-central-1:790348267926:pod/simple-rag-cluster/monitoring/monitoring-prometheus-node-exporter-mw2jc/0b62b5fc-914f-431a-9ee2-90d09ee31d1c,,,0.0
2026-09-04T13:00:00Z,AmazonEKS,EUC1-EKS-EC2-vCPU-Hours,arn:aws:eks:eu-central-1:790348267926:pod/simple-rag-cluster/monitoring/monitoring-prometheus-node-exporter-mw2jc/0b62b5fc-914f-431a-9ee2-90d09ee31d1c,,,0.0
2026-09-04T13:00:00Z,AmazonEKS,EUC1-EKS-EC2-GB-Hours,arn:aws:eks:eu-central-1:790348267926:pod/simple-rag-cluster/monitoring/monitoring-prometheus-node-exporter-psg2m/0d997447-5a4b-412f-8c16-b1160aceeaa4,,,0.0
2026-09-04T13:00:00Z,AmazonEKS,EUC1-EKS-EC2-vCPU-Hours,arn:aws:eks:eu-central-1:790348267926:pod/simple-rag-cluster/monitoring/monitoring-prometheus-node-exporter-psg2m/0d997447-5a4b-412f-8c16-b1160aceeaa4,,,0.0
2026-09-04T13:00:00Z,AmazonEKS,EUC1-EKS-EC2-GB-Hours,arn:aws:eks:eu-central-1:790348267926:pod/simple-rag-cluster/monitoring/monitoring-prometheus-node-exporter-qm7pp/9e4a12a9-a668-4b79-8df2-8975a7000be1,,,0.0
2026-09-04T13:00:00Z,AmazonEKS,EUC1-EKS-EC2-vCPU-Hours,arn:aws:eks:eu-central-1:790348267926:pod/simple-rag-cluster/monitoring/monitoring-prometheus-node-exporter-qm7pp/9e4a12a9-a668-4b79-8df2-8975a7000be1,,,0.0
2026-09-04T13:00:00Z,AmazonEKS,EUC1-EKS-EC2-GB-Hours,arn:aws:eks:eu-central-1:790348267926:pod/simple-rag-cluster/monitoring/monitoring-prometheus-node-exporter-6fq4v/d2f7a652-c1e9-4b21-a866-270ff9fef4df,,,0.0
2026-09-04T13:00:00Z,AmazonEKS,EUC1-EKS-EC2-vCPU-Hours,arn:aws:eks:eu-central-1:790348267926:pod/simple-rag-cluster/monitoring/monitoring-prometheus-node-exporter-6fq4v/d2f7a652-c1e9-4b21-a866-270ff9fef4df,,,0.0
2026-09-04T13:00:00Z,AmazonEKS,EUC1-EKS-EC2-GB-Hours,arn:aws:eks:eu-central-1:790348267926:pod/simple-rag-cluster/monitoring/monitoring-prometheus-node-exporter-jdbnw/12226b7f-6ea1-4a16-8c5a-0a1a027f7f95,,,0.0
2026-09-04T13:00:00Z,AmazonEKS,EUC1-EKS-EC2-vCPU-Hours,arn:aws:eks:eu-central-1:790348267926:pod/simple-rag-cluster/monitoring/monitoring-prometheus-node-exporter-jdbnw/12226b7f-6ea1-4a16-8c5a-0a1a027f7f95,,,0.0
2026-09-04T13:00:00Z,AmazonEKS,EUC1-EKS-EC2-GB-Hours,arn:aws:eks:eu-central-1:790348267926:pod/simple-rag-cluster/monitoring/monitoring-prometheus-node-exporter-p4g78/f0d9e401-a200-4918-a140-f301b0c6bf05,,,0.0
2026-09-04T13:00:00Z,AmazonEKS,EUC1-EKS-EC2-vCPU-Hours,arn:aws:eks:eu-central-1:790348267926:pod/simple-rag-cluster/monitoring/monitoring-prometheus-node-exporter-p4g78/f0d9e401-a200-4918-a140-f301b0c6bf05,,,0.0
2026-09-04T13:00:00Z,AmazonEKS,EUC1-EKS-EC2-GB-Hours,arn:aws:eks:eu-central-1:790348267926:pod/simple-rag-cluster/monitoring/monitoring-prometheus-node-exporter-prdfr/489cf80c-c8df-437e-a91d-48ed43b9050a,,,0.0
2026-09-04T13:00:00Z,AmazonEKS,EUC1-EKS-EC2-vCPU-Hours,arn:aws:eks:eu-central-1:790348267926:pod/simple-rag-cluster/monitoring/monitoring-prometheus-node-exporter-prdfr/489cf80c-c8df-437e-a91d-48ed43b9050a,,,0.0
2026-09-04T13:00:00Z,AmazonEKS,EUC1-EKS-EC2-GB-Hours,arn:aws:eks:eu-central-1:790348267926:pod/simple-rag-cluster/monitoring/monitoring-prometheus-node-exporter-s6ksx/b28f37a3-afc5-4859-83f7-455b063a450e,,,0.0
2026-09-04T13:00:00Z,AmazonEKS,EUC1-EKS-EC2-vCPU-Hours,arn:aws:eks:eu-central-1:790348267926:pod/simple-rag-cluster/monitoring/monitoring-prometheus-node-exporter-s6ksx/b28f37a3-afc5-4859-83f7-455b063a450e,,,0.0
2026-09-04T13:00:00Z,AmazonEKS,EUC1-EKS-EC2-GB-Hours,arn:aws:eks:eu-central-1:790348267926:pod/simple-rag-cluster/monitoring/monitoring-prometheus-node-exporter-szm2q/ee01e2e3-0e8c-48d4-922f-e147d6f8a441,,,0.0
2026-09-04T13:00:00Z,AmazonEKS,EUC1-EKS-EC2-vCPU-Hours,arn:aws:eks:eu-central-1:790348267926:pod/simple-rag-cluster/monitoring/monitoring-prometheus-node-exporter-szm2q/ee01e2e3-0e8c-48d4-922f-e147d6f8a441,,,0.0
2026-09-04T13:00:00Z,AmazonEKS,EUC1-EKS-EC2-GB-Hours,arn:aws:eks:eu-central-1:790348267926:pod/simple-rag-cluster/monitoring/monitoring-prometheus-node-exporter-v2wzr/d8acc1f4-98cb-4f00-b0f6-92e895d055df,,,0.0
2026-09-04T13:00:00Z,AmazonEKS,EUC1-EKS-EC2-vCPU-Hours,arn:aws:eks:eu-central-1:790348267926:pod/simple-rag-cluster/monitoring/monitoring-prometheus-node-exporter-v2wzr/d8acc1f4-98cb-4f00-b0f6-92e895d055df,,,0.0
2026-09-04T13:00:00Z,AmazonEKS,EUC1-EKS-EC2-GB-Hours,arn:aws:eks:eu-central-1:790348267926:pod/simple-rag-cluster/monitoring/monitoring-prometheus-node-exporter-b5zr9/b4bb2f6f-a8cd-4503-88db-dbe6fd28dc9d,,,0.0
2026-09-04T13:00:00Z,AmazonEKS,EUC1-EKS-EC2-vCPU-Hours,arn:aws:eks:eu-central-1:790348267926:pod/simple-rag-cluster/monitoring/monitoring-prometheus-node-exporter-b5zr9/b4bb2f6f-a8cd-4503-88db-dbe6fd28dc9d,,,0.0
2026-09-04T13:00:00Z,AmazonEKS,EUC1-EKS-EC2-GB-Hours,arn:aws:eks:eu-central-1:790348267926:pod/simple-rag-cluster/monitoring/monitoring-prometheus-node-exporter-g6b95/c9b0acd4-60b3-4d81-90d3-d13d11a7c83d,,,0.0
2026-09-04T13:00:00Z,AmazonEKS,EUC1-EKS-EC2-vCPU-Hours,arn:aws:eks:eu-central-1:790348267926:pod/simple-rag-cluster/monitoring/monitoring-prometheus-node-exporter-g6b95/c9b0acd4-60b3-4d81-90d3-d13d11a7c83d,,,0.0
2026-09-04T13:00:00Z,AmazonEKS,EUC1-EKS-EC2-GB-Hours,arn:aws:eks:eu-central-1:790348267926:pod/simple-rag-cluster/monitoring/monitoring-prometheus-node-exporter-gzzdx/d5a439ec-1543-4711-bc15-2b8d9db5944b,,,0.0
2026-09-04T13:00:00Z,AmazonEKS,EUC1-EKS-EC2-vCPU-Hours,arn:aws:eks:eu-central-1:790348267926:pod/simple-rag-cluster/monitoring/monitoring-prometheus-node-exporter-gzzdx/d5a439ec-1543-4711-bc15-2b8d9db5944b,,,0.0
2026-09-04T13:00:00Z,AmazonEKS,EUC1-EKS-EC2-GB-Hours,arn:aws:eks:eu-central-1:790348267926:pod/simple-rag-cluster/monitoring/monitoring-prometheus-node-exporter-wg52n/c5b49304-bf63-4025-8692-1dc1f6f58277,,,0.0
2026-09-04T13:00:00Z,AmazonEKS,EUC1-EKS-EC2-vCPU-Hours,arn:aws:eks:eu-central-1:790348267926:pod/simple-rag-cluster/monitoring/monitoring-prometheus-node-exporter-wg52n/c5b49304-bf63-4025-8692-1dc1f6f58277,,,0.0
2026-09-04T13:00:00Z,AmazonEKS,EUC1-EKS-EC2-GB-Hours,arn:aws:eks:eu-central-1:790348267926:pod/simple-rag-cluster/monitoring/monitoring-prometheus-node-exporter-72f2z/79ff3305-0900-413c-b694-d58c94495882,,,0.0
2026-09-04T13:00:00Z,AmazonEKS,EUC1-EKS-EC2-vCPU-Hours,arn:aws:eks:eu-central-1:790348267926:pod/simple-rag-cluster/monitoring/monitoring-prometheus-node-exporter-72f2z/79ff3305-0900-413c-b694-d58c94495882,,,0.0
2026-09-04T13:00:00Z,AmazonEKS,EUC1-EKS-EC2-GB-Hours,arn:aws:eks:eu-central-1:790348267926:pod/simple-rag-cluster/monitoring/monitoring-prometheus-node-exporter-49xft/d03b9c46-2736-4951-a87e-254328fa54d6,,,0.0
2026-09-04T13:00:00Z,AmazonEKS,EUC1-EKS-EC2-vCPU-Hours,arn:aws:eks:eu-central-1:790348267926:pod/simple-rag-cluster/monitoring/monitoring-prometheus-node-exporter-49xft/d03b9c46-2736-4951-a87e-254328fa54d6,,,0.0
2026-09-04T13:00:00Z,AmazonEKS,EUC1-EKS-EC2-GB-Hours,arn:aws:eks:eu-central-1:790348267926:pod/simple-rag-cluster/monitoring/monitoring-prometheus-node-exporter-4rm7x/1ef0deff-595f-4ae9-9161-04a172475612,,,0.0
2026-09-04T13:00:00Z,AmazonEKS,EUC1-EKS-EC2-vCPU-Hours,arn:aws:eks:eu-central-1:790348267926:pod/simple-rag-cluster/monitoring/monitoring-prometheus-node-exporter-4rm7x/1ef0deff-595f-4ae9-9161-04a172475612,,,0.0
2026-09-04T13:00:00Z,AmazonEKS,EUC1-EKS-EC2-GB-Hours,arn:aws:eks:eu-central-1:790348267926:pod/simple-rag-cluster/monitoring/monitoring-prometheus-node-exporter-955hf/2929fcbd-7104-4bd1-af23-8929224f6bf1,,,0.0
2026-09-04T13:00:00Z,AmazonEKS,EUC1-EKS-EC2-vCPU-Hours,arn:aws:eks:eu-central-1:790348267926:pod/simple-rag-cluster/monitoring/monitoring-prometheus-node-exporter-955hf/2929fcbd-7104-4bd1-af23-8929224f6bf1,,,0.0
2026-09-04T13:00:00Z,AmazonEKS,EUC1-EKS-EC2-GB-Hours,arn:aws:eks:eu-central-1:790348267926:pod/simple-rag-cluster/monitoring/monitoring-prometheus-node-exporter-dmx99/7fd53fe5-3425-490f-916e-620800472e90,,,0.0
2026-09-04T13:00:00Z,AmazonEKS,EUC1-EKS-EC2-vCPU-Hours,arn:aws:eks:eu-central-1:790348267926:pod/simple-rag-cluster/monitoring/monitoring-prometheus-node-exporter-dmx99/7fd53fe5-3425-490f-916e-620800472e90,,,0.0
2026-09-04T13:00:00Z,AmazonEKS,EUC1-EKS-EC2-GB-Hours,arn:aws:eks:eu-central-1:790348267926:pod/simple-rag-cluster/monitoring/monitoring-prometheus-node-exporter-kl8k4/b8e540e7-0d40-434a-9084-145db9ac3afb,,,0.0
2026-09-04T13:00:00Z,AmazonEKS,EUC1-EKS-EC2-vCPU-Hours,arn:aws:eks:eu-central-1:790348267926:pod/simple-rag-cluster/monitoring/monitoring-prometheus-node-exporter-kl8k4/b8e540e7-0d40-434a-9084-145db9ac3afb,,,0.0
2026-09-04T13:00:00Z,AmazonEKS,EUC1-EKS-EC2-GB-Hours,arn:aws:eks:eu-central-1:790348267926:pod/simple-rag-cluster/monitoring/monitoring-prometheus-node-exporter-nq4bg/84fb25c9-5942-4a0d-ad64-1d762e52b1f4,,,0.0
2026-09-04T13:00:00Z,AmazonEKS,EUC1-EKS-EC2-vCPU-Hours,arn:aws:eks:eu-central-1:790348267926:pod/simple-rag-cluster/monitoring/monitoring-prometheus-node-exporter-nq4bg/84fb25c9-5942-4a0d-ad64-1d762e52b1f4,,,0.0
2026-09-04T13:00:00Z,AmazonEKS,EUC1-EKS-EC2-GB-Hours,arn:aws:eks:eu-central-1:790348267926:pod/simple-rag-cluster/monitoring/monitoring-prometheus-node-exporter-tl6pk/9bb25e7f-07d8-4bab-b326-c0fca4b25a70,,,0.0
2026-09-04T13:00:00Z,AmazonEKS,EUC1-EKS-EC2-vCPU-Hours,arn:aws:eks:eu-central-1:790348267926:pod/simple-rag-cluster/monitoring/monitoring-prometheus-node-exporter-tl6pk/9bb25e7f-07d8-4bab-b326-c0fca4b25a70,,,0.0
2026-09-04T13:00:00Z,AmazonEKS,EUC1-EKS-EC2-GB-Hours,arn:aws:eks:eu-central-1:790348267926:pod/simple-rag-cluster/monitoring/monitoring-prometheus-node-exporter-vfvgx/97bc9d42-1338-456a-9dec-70f504ef861a,,,0.0
2026-09-04T13:00:00Z,AmazonEKS,EUC1-EKS-EC2-vCPU-Hours,arn:aws:eks:eu-central-1:790348267926:pod/simple-rag-cluster/monitoring/monitoring-prometheus-node-exporter-vfvgx/97bc9d42-1338-456a-9dec-70f504ef861a,,,0.0
2026-09-04T13:00:00Z,AmazonEKS,EUC1-EKS-EC2-GB-Hours,arn:aws:eks:eu-central-1:790348267926:pod/simple-rag-cluster/monitoring/monitoring-prometheus-node-exporter-s2t4w/332585e2-e02d-4413-a5f8-1afb40ed80e4,,,0.0
2026-09-04T13:00:00Z,AmazonEKS,EUC1-EKS-EC2-vCPU-Hours,arn:aws:eks:eu-central-1:790348267926:pod/simple-rag-cluster/monitoring/monitoring-prometheus-node-exporter-s2t4w/332585e2-e02d-4413-a5f8-1afb40ed80e4,,,0.0
2026-09-04T13:00:00Z,AmazonEKS,EUC1-EKS-EC2-GB-Hours,arn:aws:eks:eu-central-1:790348267926:pod/simple-rag-cluster/monitoring/monitoring-prometheus-node-exporter-c94xq/96620be9-83b1-40c6-8b25-bbfdc029d99e,,,0.0
2026-09-04T13:00:00Z,AmazonEKS,EUC1-EKS-EC2-vCPU-Hours,arn:aws:eks:eu-central-1:790348267926:pod/simple-rag-cluster/monitoring/monitoring-prometheus-node-exporter-c94xq/96620be9-83b1-40c6-8b25-bbfdc029d99e,,,0.0
2026-09-04T13:00:00Z,AmazonEKS,EUC1-EKS-EC2-GB-Hours,arn:aws:eks:eu-central-1:790348267926:pod/simple-rag-cluster/monitoring/monitoring-prometheus-node-exporter-57jw8/42b9aaa3-d3b4-4b84-ad00-a012c8c77927,,,0.0
2026-09-04T13:00:00Z,AmazonEKS,EUC1-EKS-EC2-vCPU-Hours,arn:aws:eks:eu-central-1:790348267926:pod/simple-rag-cluster/monitoring/monitoring-prometheus-node-exporter-57jw8/42b9aaa3-d3b4-4b84-ad00-a012c8c77927,,,0.0
2026-09-04T13:00:00Z,AmazonEKS,EUC1-EKS-EC2-GB-Hours,arn:aws:eks:eu-central-1:790348267926:pod/simple-rag-cluster/monitoring/monitoring-prometheus-node-exporter-6tlgw/d3911259-aa32-42aa-a8c3-ce0631147399,,,0.0
2026-09-04T13:00:00Z,AmazonEKS,EUC1-EKS-EC2-vCPU-Hours,arn:aws:eks:eu-central-1:790348267926:pod/simple-rag-cluster/monitoring/monitoring-prometheus-node-exporter-6tlgw/d3911259-aa32-42aa-a8c3-ce0631147399,,,0.0
2026-09-04T13:00:00Z,AmazonEKS,EUC1-EKS-EC2-GB-Hours,arn:aws:eks:eu-central-1:790348267926:pod/simple-rag-cluster/monitoring/monitoring-prometheus-node-exporter-b24sh/ff736d07-f3f5-4b19-a7c5-2ba044921275,,,0.0
2026-09-04T13:00:00Z,AmazonEKS,EUC1-EKS-EC2-vCPU-Hours,arn:aws:eks:eu-central-1:790348267926:pod/simple-rag-cluster/monitoring/monitoring-prometheus-node-exporter-b24sh/ff736d07-f3f5-4b19-a7c5-2ba044921275,,,0.0
2026-09-04T13:00:00Z,AmazonEKS,EUC1-EKS-EC2-GB-Hours,arn:aws:eks:eu-central-1:790348267926:pod/simple-rag-cluster/monitoring/monitoring-prometheus-node-exporter-nfwlq/a5d1ff59-e039-4851-9d3b-055106e24543,,,0.0
2026-09-04T13:00:00Z,AmazonEKS,EUC1-EKS-EC2-vCPU-Hours,arn:aws:eks:eu-central-1:790348267926:pod/simple-rag-cluster/monitoring/monitoring-prometheus-node-exporter-nfwlq/a5d1ff59-e039-4851-9d3b-055106e24543,,,0.0
2026-09-04T13:00:00Z,AmazonEKS,EUC1-EKS-EC2-GB-Hours,arn:aws:eks:eu-central-1:790348267926:pod/simple-rag-cluster/monitoring/monitoring-prometheus-node-exporter-ql9nr/7e3518ba-07a5-4933-bc69-fed67c9ca1b0,,,0.0
2026-09-04T13:00:00Z,AmazonEKS,EUC1-EKS-EC2-vCPU-Hours,arn:aws:eks:eu-central-1:790348267926:pod/simple-rag-cluster/monitoring/monitoring-prometheus-node-exporter-ql9nr/7e3518ba-07a5-4933-bc69-fed67c9ca1b0,,,0.0
2026-09-04T13:00:00Z,AmazonEKS,EUC1-EKS-EC2-GB-Hours,arn:aws:eks:eu-central-1:790348267926:pod/simple-rag-cluster/monitoring/monitoring-prometheus-node-exporter-sm5g4/a37343e8-b4b4-498e-9b69-af1e952c84eb,,,0.0
2026-09-04T13:00:00Z,AmazonEKS,EUC1-EKS-EC2-vCPU-Hours,arn:aws:eks:eu-central-1:790348267926:pod/simple-rag-cluster/monitoring/monitoring-prometheus-node-exporter-sm5g4/a37343e8-b4b4-498e-9b69-af1e952c84eb,,,0.0
2026-09-04T13:00:00Z,AmazonEKS,EUC1-EKS-EC2-GB-Hours,arn:aws:eks:eu-central-1:790348267926:pod/simple-rag-cluster/monitoring/monitoring-prometheus-node-exporter-szxf8/71455e33-7df9-47d4-b84e-95c945bdb16c,,,0.0
2026-09-04T13:00:00Z,AmazonEKS,EUC1-EKS-EC2-vCPU-Hours,arn:aws:eks:eu-central-1:790348267926:pod/simple-rag-cluster/monitoring/monitoring-prometheus-node-exporter-szxf8/71455e33-7df9-47d4-b84e-95c945bdb16c,,,0.0
2026-09-04T13:00:00Z,AmazonEKS,EUC1-EKS-EC2-GB-Hours,arn:aws:eks:eu-central-1:790348267926:pod/simple-rag-cluster/monitoring/monitoring-prometheus-node-exporter-79vlr/0299765f-6215-4f31-9a0e-bf9f155089d3,,,0.0
2026-09-04T13:00:00Z,AmazonEKS,EUC1-EKS-EC2-vCPU-Hours,arn:aws:eks:eu-central-1:790348267926:pod/simple-rag-cluster/monitoring/monitoring-prometheus-node-exporter-79vlr/0299765f-6215-4f31-9a0e-bf9f155089d3,,,0.0
