
         /\      Grafana   /‾‾/  
    /\  /  \     |\  __   /  /   
   /  \/    \    | |/ /  /   ‾‾\ 
  /          \   |   (  |  (‾)  |
 / __________ \  |_|\_\  \_____/ 


     execution: local
        script: ./load.js
        output: -

     scenarios: (100.00%) 1 scenario, 2500 max VUs, 10m30s max duration (incl. graceful stop):
              * constant_load: 500.00 iterations/s for 10m0s (maxVUs: 1250-2500, gracefulStop: 30s)


running (00m00.9s), 0450/1250 VUs, 0 complete and 0 interrupted iterations
constant_load   [   0% ] 0450/1250 VUs  00m00.9s/10m0s  500.00 iters/s

running (00m01.9s), 0950/1250 VUs, 0 complete and 0 interrupted iterations
constant_load   [   0% ] 0950/1250 VUs  00m01.9s/10m0s  500.00 iters/s

running (00m02.9s), 1344/1344 VUs, 11 complete and 0 interrupted iterations
constant_load   [   0% ] 1344/1344 VUs  00m02.9s/10m0s  500.00 iters/s

running (00m03.9s), 1467/1467 VUs, 263 complete and 0 interrupted iterations
constant_load   [   1% ] 1467/1467 VUs  00m03.9s/10m0s  500.00 iters/s

running (00m04.9s), 1621/1621 VUs, 456 complete and 0 interrupted iterations
constant_load   [   1% ] 1621/1621 VUs  00m04.9s/10m0s  500.00 iters/s

running (00m05.9s), 1717/1717 VUs, 760 complete and 0 interrupted iterations
constant_load   [   1% ] 1717/1717 VUs  00m05.9s/10m0s  500.00 iters/s

running (00m06.9s), 1782/1877 VUs, 1033 complete and 0 interrupted iterations
constant_load   [   1% ] 1782/1877 VUs  00m06.9s/10m0s  500.00 iters/s

running (00m07.9s), 2032/2038 VUs, 1114 complete and 0 interrupted iterations
constant_load   [   1% ] 2032/2038 VUs  00m07.9s/10m0s  500.00 iters/s

running (00m08.9s), 2038/2073 VUs, 1570 complete and 0 interrupted iterations
constant_load   [   1% ] 2038/2073 VUs  00m08.9s/10m0s  500.00 iters/s

running (00m09.9s), 2136/2177 VUs, 1862 complete and 0 interrupted iterations
constant_load   [   2% ] 2136/2177 VUs  00m09.9s/10m0s  500.00 iters/s

running (00m10.9s), 2373/2373 VUs, 1927 complete and 0 interrupted iterations
constant_load   [   2% ] 2373/2373 VUs  00m10.9s/10m0s  500.00 iters/s
time="2026-09-05T15:53:47+02:00" level=warning msg="Insufficient VUs, reached 2500 active VUs and cannot initialize more" executor=constant-arrival-rate scenario=constant_load

running (00m11.9s), 2500/2500 VUs, 2082 complete and 0 interrupted iterations
constant_load   [   2% ] 2500/2500 VUs  00m11.9s/10m0s  500.00 iters/s

running (00m12.9s), 2500/2500 VUs, 2216 complete and 0 interrupted iterations
constant_load   [   2% ] 2500/2500 VUs  00m12.9s/10m0s  500.00 iters/s

running (00m13.9s), 2492/2500 VUs, 2522 complete and 0 interrupted iterations
constant_load   [   2% ] 2492/2500 VUs  00m13.9s/10m0s  500.00 iters/s

running (00m14.9s), 2405/2500 VUs, 3009 complete and 0 interrupted iterations
constant_load   [   2% ] 2405/2500 VUs  00m14.9s/10m0s  500.00 iters/s

running (00m15.9s), 2500/2500 VUs, 3113 complete and 0 interrupted iterations
constant_load   [   3% ] 2500/2500 VUs  00m15.9s/10m0s  500.00 iters/s

running (00m16.9s), 2495/2500 VUs, 3364 complete and 0 interrupted iterations
constant_load   [   3% ] 2496/2500 VUs  00m16.9s/10m0s  500.00 iters/s

running (00m17.9s), 2500/2500 VUs, 3383 complete and 0 interrupted iterations
constant_load   [   3% ] 2500/2500 VUs  00m17.9s/10m0s  500.00 iters/s

running (00m18.9s), 2169/2500 VUs, 4123 complete and 0 interrupted iterations
constant_load   [   3% ] 2169/2500 VUs  00m18.9s/10m0s  500.00 iters/s

running (00m19.9s), 2500/2500 VUs, 4159 complete and 0 interrupted iterations
constant_load   [   3% ] 2500/2500 VUs  00m19.9s/10m0s  500.00 iters/s

running (00m20.9s), 2500/2500 VUs, 4590 complete and 0 interrupted iterations
constant_load   [   3% ] 2500/2500 VUs  00m20.9s/10m0s  500.00 iters/s

running (00m21.9s), 2500/2500 VUs, 4762 complete and 0 interrupted iterations
constant_load   [   4% ] 2500/2500 VUs  00m21.9s/10m0s  500.00 iters/s

running (00m22.9s), 1884/2500 VUs, 5588 complete and 0 interrupted iterations
constant_load   [   4% ] 1884/2500 VUs  00m22.9s/10m0s  500.00 iters/s

running (00m23.9s), 2382/2500 VUs, 5590 complete and 0 interrupted iterations
constant_load   [   4% ] 2382/2500 VUs  00m23.9s/10m0s  500.00 iters/s

running (00m24.9s), 2441/2500 VUs, 5752 complete and 0 interrupted iterations
constant_load   [   4% ] 2441/2500 VUs  00m24.9s/10m0s  500.00 iters/s

running (00m25.9s), 2193/2500 VUs, 6500 complete and 0 interrupted iterations
constant_load   [   4% ] 2193/2500 VUs  00m25.9s/10m0s  500.00 iters/s

running (00m26.9s), 2500/2500 VUs, 6533 complete and 0 interrupted iterations
constant_load   [   4% ] 2500/2500 VUs  00m26.9s/10m0s  500.00 iters/s

running (00m27.9s), 2500/2500 VUs, 6771 complete and 0 interrupted iterations
constant_load   [   5% ] 2500/2500 VUs  00m27.9s/10m0s  500.00 iters/s

running (00m28.9s), 2500/2500 VUs, 6809 complete and 0 interrupted iterations
constant_load   [   5% ] 2500/2500 VUs  00m28.9s/10m0s  500.00 iters/s

running (00m29.9s), 2324/2500 VUs, 7319 complete and 0 interrupted iterations
constant_load   [   5% ] 2324/2500 VUs  00m29.9s/10m0s  500.00 iters/s

running (00m30.9s), 2500/2500 VUs, 7478 complete and 0 interrupted iterations
constant_load   [   5% ] 2500/2500 VUs  00m30.9s/10m0s  500.00 iters/s

running (00m31.9s), 2500/2500 VUs, 7698 complete and 0 interrupted iterations
constant_load   [   5% ] 2500/2500 VUs  00m31.9s/10m0s  500.00 iters/s

running (00m32.9s), 2437/2500 VUs, 8043 complete and 0 interrupted iterations
constant_load   [   5% ] 2437/2500 VUs  00m32.9s/10m0s  500.00 iters/s

running (00m33.9s), 2369/2500 VUs, 8471 complete and 0 interrupted iterations
constant_load   [   6% ] 2369/2500 VUs  00m33.9s/10m0s  500.00 iters/s

running (00m34.9s), 2088/2500 VUs, 9071 complete and 0 interrupted iterations
constant_load   [   6% ] 2088/2500 VUs  00m34.9s/10m0s  500.00 iters/s

running (00m35.9s), 2191/2500 VUs, 9468 complete and 0 interrupted iterations
constant_load   [   6% ] 2191/2500 VUs  00m35.9s/10m0s  500.00 iters/s

running (00m36.9s), 2500/2500 VUs, 9508 complete and 0 interrupted iterations
constant_load   [   6% ] 2500/2500 VUs  00m36.9s/10m0s  500.00 iters/s

running (00m37.9s), 2500/2500 VUs, 9641 complete and 0 interrupted iterations
constant_load   [   6% ] 2500/2500 VUs  00m37.9s/10m0s  500.00 iters/s

running (00m38.9s), 2293/2500 VUs, 10225 complete and 0 interrupted iterations
constant_load   [   6% ] 2293/2500 VUs  00m38.9s/10m0s  500.00 iters/s

running (00m39.9s), 2445/2500 VUs, 10471 complete and 0 interrupted iterations
constant_load   [   7% ] 2445/2500 VUs  00m39.9s/10m0s  500.00 iters/s

running (00m40.9s), 2500/2500 VUs, 10542 complete and 0 interrupted iterations
constant_load   [   7% ] 2500/2500 VUs  00m40.9s/10m0s  500.00 iters/s

running (00m41.9s), 2480/2500 VUs, 11008 complete and 0 interrupted iterations
constant_load   [   7% ] 2480/2500 VUs  00m41.9s/10m0s  500.00 iters/s

running (00m42.9s), 2500/2500 VUs, 11132 complete and 0 interrupted iterations
constant_load   [   7% ] 2500/2500 VUs  00m42.9s/10m0s  500.00 iters/s

running (00m43.9s), 2279/2500 VUs, 11694 complete and 0 interrupted iterations
constant_load   [   7% ] 2279/2500 VUs  00m43.9s/10m0s  500.00 iters/s

running (00m44.9s), 2460/2500 VUs, 12013 complete and 0 interrupted iterations
constant_load   [   7% ] 2460/2500 VUs  00m44.9s/10m0s  500.00 iters/s

running (00m45.9s), 2468/2500 VUs, 12310 complete and 0 interrupted iterations
constant_load   [   8% ] 2468/2500 VUs  00m45.9s/10m0s  500.00 iters/s

running (00m46.9s), 2434/2500 VUs, 12573 complete and 0 interrupted iterations
constant_load   [   8% ] 2434/2500 VUs  00m46.9s/10m0s  500.00 iters/s

running (00m47.9s), 2447/2500 VUs, 12923 complete and 0 interrupted iterations
constant_load   [   8% ] 2447/2500 VUs  00m47.9s/10m0s  500.00 iters/s

running (00m48.9s), 2500/2500 VUs, 13023 complete and 0 interrupted iterations
constant_load   [   8% ] 2500/2500 VUs  00m48.9s/10m0s  500.00 iters/s

running (00m49.9s), 2500/2500 VUs, 13211 complete and 0 interrupted iterations
constant_load   [   8% ] 2500/2500 VUs  00m49.9s/10m0s  500.00 iters/s

running (00m50.9s), 2463/2500 VUs, 13496 complete and 0 interrupted iterations
constant_load   [   8% ] 2463/2500 VUs  00m50.9s/10m0s  500.00 iters/s

running (00m51.9s), 2410/2500 VUs, 13730 complete and 0 interrupted iterations
constant_load   [   9% ] 2410/2500 VUs  00m51.9s/10m0s  500.00 iters/s

running (00m52.9s), 2291/2500 VUs, 14209 complete and 0 interrupted iterations
constant_load   [   9% ] 2291/2500 VUs  00m52.9s/10m0s  500.00 iters/s

running (00m53.9s), 2296/2500 VUs, 14704 complete and 0 interrupted iterations
constant_load   [   9% ] 2295/2500 VUs  00m53.9s/10m0s  500.00 iters/s

running (00m54.9s), 2486/2500 VUs, 14873 complete and 0 interrupted iterations
constant_load   [   9% ] 2486/2500 VUs  00m54.9s/10m0s  500.00 iters/s

running (00m55.9s), 2500/2500 VUs, 15022 complete and 0 interrupted iterations
constant_load   [   9% ] 2500/2500 VUs  00m55.9s/10m0s  500.00 iters/s

running (00m56.9s), 2480/2500 VUs, 15181 complete and 0 interrupted iterations
constant_load   [   9% ] 2480/2500 VUs  00m56.9s/10m0s  500.00 iters/s

running (00m57.9s), 2142/2500 VUs, 15944 complete and 0 interrupted iterations
constant_load   [  10% ] 2142/2500 VUs  00m57.9s/10m0s  500.00 iters/s

running (00m58.9s), 2500/2500 VUs, 15973 complete and 0 interrupted iterations
constant_load   [  10% ] 2500/2500 VUs  00m58.9s/10m0s  500.00 iters/s

running (00m59.9s), 2500/2500 VUs, 16082 complete and 0 interrupted iterations
constant_load   [  10% ] 2500/2500 VUs  00m59.9s/10m0s  500.00 iters/s

running (01m00.9s), 2500/2500 VUs, 16322 complete and 0 interrupted iterations
constant_load   [  10% ] 2500/2500 VUs  01m00.9s/10m0s  500.00 iters/s

running (01m01.9s), 2500/2500 VUs, 16601 complete and 0 interrupted iterations
constant_load   [  10% ] 2500/2500 VUs  01m01.9s/10m0s  500.00 iters/s

running (01m02.9s), 2499/2500 VUs, 16673 complete and 0 interrupted iterations
constant_load   [  10% ] 2499/2500 VUs  01m02.9s/10m0s  500.00 iters/s

running (01m03.9s), 2184/2500 VUs, 17414 complete and 0 interrupted iterations
constant_load   [  11% ] 2184/2500 VUs  01m03.9s/10m0s  500.00 iters/s

running (01m04.9s), 2445/2500 VUs, 17558 complete and 0 interrupted iterations
constant_load   [  11% ] 2445/2500 VUs  01m04.9s/10m0s  500.00 iters/s

running (01m05.9s), 2474/2500 VUs, 17860 complete and 0 interrupted iterations
constant_load   [  11% ] 2474/2500 VUs  01m05.9s/10m0s  500.00 iters/s

running (01m06.9s), 2317/2500 VUs, 18499 complete and 0 interrupted iterations
constant_load   [  11% ] 2317/2500 VUs  01m06.9s/10m0s  500.00 iters/s

running (01m07.9s), 2500/2500 VUs, 18552 complete and 0 interrupted iterations
constant_load   [  11% ] 2500/2500 VUs  01m07.9s/10m0s  500.00 iters/s

running (01m08.9s), 2457/2500 VUs, 18800 complete and 0 interrupted iterations
constant_load   [  11% ] 2457/2500 VUs  01m08.9s/10m0s  500.00 iters/s

running (01m09.9s), 2430/2500 VUs, 19165 complete and 0 interrupted iterations
constant_load   [  12% ] 2430/2500 VUs  01m09.9s/10m0s  500.00 iters/s

running (01m10.9s), 2339/2500 VUs, 19599 complete and 0 interrupted iterations
constant_load   [  12% ] 2339/2500 VUs  01m10.9s/10m0s  500.00 iters/s

running (01m11.9s), 2500/2500 VUs, 19638 complete and 0 interrupted iterations
constant_load   [  12% ] 2500/2500 VUs  01m11.9s/10m0s  500.00 iters/s

running (01m12.9s), 2277/2500 VUs, 19997 complete and 0 interrupted iterations
constant_load   [  12% ] 2277/2500 VUs  01m12.9s/10m0s  500.00 iters/s

running (01m13.9s), 2217/2500 VUs, 20558 complete and 0 interrupted iterations
constant_load   [  12% ] 2217/2500 VUs  01m13.9s/10m0s  500.00 iters/s

running (01m14.9s), 2500/2500 VUs, 20658 complete and 0 interrupted iterations
constant_load   [  12% ] 2500/2500 VUs  01m14.9s/10m0s  500.00 iters/s

running (01m15.9s), 2500/2500 VUs, 20929 complete and 0 interrupted iterations
constant_load   [  13% ] 2500/2500 VUs  01m15.9s/10m0s  500.00 iters/s

running (01m16.9s), 2489/2500 VUs, 21144 complete and 0 interrupted iterations
constant_load   [  13% ] 2489/2500 VUs  01m16.9s/10m0s  500.00 iters/s

running (01m17.9s), 2500/2500 VUs, 21478 complete and 0 interrupted iterations
constant_load   [  13% ] 2500/2500 VUs  01m17.9s/10m0s  500.00 iters/s

running (01m18.9s), 2500/2500 VUs, 21633 complete and 0 interrupted iterations
constant_load   [  13% ] 2500/2500 VUs  01m18.9s/10m0s  500.00 iters/s

running (01m19.9s), 2310/2500 VUs, 22067 complete and 0 interrupted iterations
constant_load   [  13% ] 2310/2500 VUs  01m19.9s/10m0s  500.00 iters/s

running (01m20.9s), 2483/2500 VUs, 22394 complete and 0 interrupted iterations
constant_load   [  13% ] 2483/2500 VUs  01m20.9s/10m0s  500.00 iters/s

running (01m21.9s), 2260/2500 VUs, 22937 complete and 0 interrupted iterations
constant_load   [  14% ] 2260/2500 VUs  01m21.9s/10m0s  500.00 iters/s

running (01m22.9s), 2496/2500 VUs, 23119 complete and 0 interrupted iterations
constant_load   [  14% ] 2496/2500 VUs  01m22.9s/10m0s  500.00 iters/s

running (01m23.9s), 2500/2500 VUs, 23193 complete and 0 interrupted iterations
constant_load   [  14% ] 2500/2500 VUs  01m23.9s/10m0s  500.00 iters/s

running (01m24.9s), 2398/2500 VUs, 23721 complete and 0 interrupted iterations
constant_load   [  14% ] 2398/2500 VUs  01m24.9s/10m0s  500.00 iters/s

running (01m25.9s), 2500/2500 VUs, 23840 complete and 0 interrupted iterations
constant_load   [  14% ] 2500/2500 VUs  01m25.9s/10m0s  500.00 iters/s

running (01m26.9s), 2496/2500 VUs, 24021 complete and 0 interrupted iterations
constant_load   [  14% ] 2496/2500 VUs  01m26.9s/10m0s  500.00 iters/s

running (01m27.9s), 2357/2500 VUs, 24410 complete and 0 interrupted iterations
constant_load   [  15% ] 2357/2500 VUs  01m27.9s/10m0s  500.00 iters/s

running (01m28.9s), 2451/2500 VUs, 24567 complete and 0 interrupted iterations
constant_load   [  15% ] 2451/2500 VUs  01m28.9s/10m0s  500.00 iters/s

running (01m29.9s), 2394/2500 VUs, 24902 complete and 0 interrupted iterations
constant_load   [  15% ] 2394/2500 VUs  01m29.9s/10m0s  500.00 iters/s

running (01m30.9s), 2500/2500 VUs, 25096 complete and 0 interrupted iterations
constant_load   [  15% ] 2500/2500 VUs  01m30.9s/10m0s  500.00 iters/s

running (01m31.9s), 2500/2500 VUs, 25096 complete and 0 interrupted iterations
constant_load   [  15% ] 2500/2500 VUs  01m31.9s/10m0s  500.00 iters/s

running (01m32.9s), 2200/2500 VUs, 25867 complete and 0 interrupted iterations
constant_load   [  15% ] 2200/2500 VUs  01m32.9s/10m0s  500.00 iters/s

running (01m33.9s), 2444/2500 VUs, 26036 complete and 0 interrupted iterations
constant_load   [  16% ] 2444/2500 VUs  01m33.9s/10m0s  500.00 iters/s

running (01m34.9s), 2469/2500 VUs, 26511 complete and 0 interrupted iterations
constant_load   [  16% ] 2469/2500 VUs  01m34.9s/10m0s  500.00 iters/s

running (01m35.9s), 2252/2500 VUs, 26906 complete and 0 interrupted iterations
constant_load   [  16% ] 2252/2500 VUs  01m35.9s/10m0s  500.00 iters/s

running (01m36.9s), 2427/2500 VUs, 27231 complete and 0 interrupted iterations
constant_load   [  16% ] 2427/2500 VUs  01m36.9s/10m0s  500.00 iters/s

running (01m37.9s), 2500/2500 VUs, 27430 complete and 0 interrupted iterations
constant_load   [  16% ] 2500/2500 VUs  01m37.9s/10m0s  500.00 iters/s

running (01m38.9s), 2500/2500 VUs, 27476 complete and 0 interrupted iterations
constant_load   [  16% ] 2500/2500 VUs  01m38.9s/10m0s  500.00 iters/s

running (01m39.9s), 1911/2500 VUs, 28286 complete and 0 interrupted iterations
constant_load   [  17% ] 1911/2500 VUs  01m39.9s/10m0s  500.00 iters/s

running (01m40.9s), 2330/2500 VUs, 28366 complete and 0 interrupted iterations
constant_load   [  17% ] 2330/2500 VUs  01m40.9s/10m0s  500.00 iters/s

running (01m41.9s), 2245/2500 VUs, 28693 complete and 0 interrupted iterations
constant_load   [  17% ] 2245/2500 VUs  01m41.9s/10m0s  500.00 iters/s

running (01m42.9s), 2490/2500 VUs, 28921 complete and 0 interrupted iterations
constant_load   [  17% ] 2490/2500 VUs  01m42.9s/10m0s  500.00 iters/s

running (01m43.9s), 2371/2500 VUs, 29399 complete and 0 interrupted iterations
constant_load   [  17% ] 2371/2500 VUs  01m43.9s/10m0s  500.00 iters/s

running (01m44.9s), 2500/2500 VUs, 29440 complete and 0 interrupted iterations
constant_load   [  17% ] 2500/2500 VUs  01m44.9s/10m0s  500.00 iters/s

running (01m45.9s), 2069/2500 VUs, 30050 complete and 0 interrupted iterations
constant_load   [  18% ] 2069/2500 VUs  01m45.9s/10m0s  500.00 iters/s

running (01m46.9s), 2500/2500 VUs, 30054 complete and 0 interrupted iterations
constant_load   [  18% ] 2500/2500 VUs  01m46.9s/10m0s  500.00 iters/s

running (01m47.9s), 2300/2500 VUs, 30341 complete and 0 interrupted iterations
constant_load   [  18% ] 2300/2500 VUs  01m47.9s/10m0s  500.00 iters/s

running (01m48.9s), 2373/2500 VUs, 30767 complete and 0 interrupted iterations
constant_load   [  18% ] 2374/2500 VUs  01m48.9s/10m0s  500.00 iters/s

running (01m49.9s), 2466/2500 VUs, 31051 complete and 0 interrupted iterations
constant_load   [  18% ] 2466/2500 VUs  01m49.9s/10m0s  500.00 iters/s

running (01m50.9s), 2500/2500 VUs, 31296 complete and 0 interrupted iterations
constant_load   [  18% ] 2500/2500 VUs  01m50.9s/10m0s  500.00 iters/s

running (01m51.9s), 2500/2500 VUs, 31518 complete and 0 interrupted iterations
constant_load   [  19% ] 2500/2500 VUs  01m51.9s/10m0s  500.00 iters/s

running (01m52.9s), 2420/2500 VUs, 31724 complete and 0 interrupted iterations
constant_load   [  19% ] 2420/2500 VUs  01m52.9s/10m0s  500.00 iters/s

running (01m53.9s), 2479/2500 VUs, 32018 complete and 0 interrupted iterations
constant_load   [  19% ] 2479/2500 VUs  01m53.9s/10m0s  500.00 iters/s

running (01m54.9s), 2460/2500 VUs, 32437 complete and 0 interrupted iterations
constant_load   [  19% ] 2459/2500 VUs  01m54.9s/10m0s  500.00 iters/s

running (01m55.9s), 2500/2500 VUs, 32843 complete and 0 interrupted iterations
constant_load   [  19% ] 2500/2500 VUs  01m55.9s/10m0s  500.00 iters/s

running (01m56.9s), 2500/2500 VUs, 33067 complete and 0 interrupted iterations
constant_load   [  19% ] 2500/2500 VUs  01m56.9s/10m0s  500.00 iters/s

running (01m57.9s), 2500/2500 VUs, 33260 complete and 0 interrupted iterations
constant_load   [  20% ] 2500/2500 VUs  01m57.9s/10m0s  500.00 iters/s

running (01m58.9s), 2494/2500 VUs, 33575 complete and 0 interrupted iterations
constant_load   [  20% ] 2494/2500 VUs  01m58.9s/10m0s  500.00 iters/s

running (01m59.9s), 2481/2500 VUs, 33842 complete and 0 interrupted iterations
constant_load   [  20% ] 2481/2500 VUs  01m59.9s/10m0s  500.00 iters/s

running (02m00.9s), 2500/2500 VUs, 34148 complete and 0 interrupted iterations
constant_load   [  20% ] 2500/2500 VUs  02m00.9s/10m0s  500.00 iters/s

running (02m01.9s), 2334/2500 VUs, 34581 complete and 0 interrupted iterations
constant_load   [  20% ] 2334/2500 VUs  02m01.9s/10m0s  500.00 iters/s

running (02m02.9s), 2500/2500 VUs, 34912 complete and 0 interrupted iterations
constant_load   [  20% ] 2500/2500 VUs  02m02.9s/10m0s  500.00 iters/s

running (02m03.9s), 2434/2500 VUs, 35339 complete and 0 interrupted iterations
constant_load   [  21% ] 2434/2500 VUs  02m03.9s/10m0s  500.00 iters/s

running (02m04.9s), 2500/2500 VUs, 35461 complete and 0 interrupted iterations
constant_load   [  21% ] 2500/2500 VUs  02m04.9s/10m0s  500.00 iters/s

running (02m05.9s), 2464/2500 VUs, 35711 complete and 0 interrupted iterations
constant_load   [  21% ] 2464/2500 VUs  02m05.9s/10m0s  500.00 iters/s

running (02m06.9s), 2500/2500 VUs, 35924 complete and 0 interrupted iterations
constant_load   [  21% ] 2500/2500 VUs  02m06.9s/10m0s  500.00 iters/s

running (02m07.9s), 2500/2500 VUs, 36183 complete and 0 interrupted iterations
constant_load   [  21% ] 2500/2500 VUs  02m07.9s/10m0s  500.00 iters/s

running (02m08.9s), 2432/2500 VUs, 36586 complete and 0 interrupted iterations
constant_load   [  21% ] 2432/2500 VUs  02m08.9s/10m0s  500.00 iters/s

running (02m09.9s), 2440/2500 VUs, 36762 complete and 0 interrupted iterations
constant_load   [  22% ] 2441/2500 VUs  02m09.9s/10m0s  500.00 iters/s

running (02m10.9s), 2443/2500 VUs, 37125 complete and 0 interrupted iterations
constant_load   [  22% ] 2443/2500 VUs  02m10.9s/10m0s  500.00 iters/s

running (02m11.9s), 2500/2500 VUs, 37443 complete and 0 interrupted iterations
constant_load   [  22% ] 2500/2500 VUs  02m11.9s/10m0s  500.00 iters/s

running (02m12.9s), 2500/2500 VUs, 37521 complete and 0 interrupted iterations
constant_load   [  22% ] 2500/2500 VUs  02m12.9s/10m0s  500.00 iters/s

running (02m13.9s), 2409/2500 VUs, 38069 complete and 0 interrupted iterations
constant_load   [  22% ] 2409/2500 VUs  02m13.9s/10m0s  500.00 iters/s

running (02m14.9s), 2398/2500 VUs, 38273 complete and 0 interrupted iterations
constant_load   [  22% ] 2398/2500 VUs  02m14.9s/10m0s  500.00 iters/s

running (02m15.9s), 2473/2500 VUs, 38447 complete and 0 interrupted iterations
constant_load   [  23% ] 2473/2500 VUs  02m15.9s/10m0s  500.00 iters/s

running (02m16.9s), 2500/2500 VUs, 38712 complete and 0 interrupted iterations
constant_load   [  23% ] 2500/2500 VUs  02m16.9s/10m0s  500.00 iters/s

running (02m17.9s), 2396/2500 VUs, 39098 complete and 0 interrupted iterations
constant_load   [  23% ] 2396/2500 VUs  02m17.9s/10m0s  500.00 iters/s

running (02m18.9s), 2500/2500 VUs, 39389 complete and 0 interrupted iterations
constant_load   [  23% ] 2500/2500 VUs  02m18.9s/10m0s  500.00 iters/s
time="2026-09-05T15:55:55+02:00" level=warning msg="Request Failed" error="Post \"http://k8s-ragplatf-ciliumga-56da93c17a-2adc9d09e1c34b13.elb.eu-central-1.amazonaws.com/api/v1/query\": request timeout"

running (02m19.9s), 2500/2500 VUs, 39625 complete and 0 interrupted iterations
constant_load   [  23% ] 2500/2500 VUs  02m19.9s/10m0s  500.00 iters/s

running (02m20.9s), 2405/2500 VUs, 40176 complete and 0 interrupted iterations
constant_load   [  23% ] 2405/2500 VUs  02m20.9s/10m0s  500.00 iters/s
time="2026-09-05T15:55:58+02:00" level=warning msg="Request Failed" error="Post \"http://k8s-ragplatf-ciliumga-56da93c17a-2adc9d09e1c34b13.elb.eu-central-1.amazonaws.com/api/v1/query\": request timeout"
time="2026-09-05T15:55:58+02:00" level=warning msg="Request Failed" error="Post \"http://k8s-ragplatf-ciliumga-56da93c17a-2adc9d09e1c34b13.elb.eu-central-1.amazonaws.com/api/v1/query\": request timeout"

running (02m21.9s), 2445/2500 VUs, 40315 complete and 0 interrupted iterations
constant_load   [  24% ] 2445/2500 VUs  02m21.9s/10m0s  500.00 iters/s
time="2026-09-05T15:55:58+02:00" level=warning msg="Request Failed" error="Post \"http://k8s-ragplatf-ciliumga-56da93c17a-2adc9d09e1c34b13.elb.eu-central-1.amazonaws.com/api/v1/query\": request timeout"
time="2026-09-05T15:55:58+02:00" level=warning msg="Request Failed" error="Post \"http://k8s-ragplatf-ciliumga-56da93c17a-2adc9d09e1c34b13.elb.eu-central-1.amazonaws.com/api/v1/query\": request timeout"
time="2026-09-05T15:55:58+02:00" level=warning msg="Request Failed" error="Post \"http://k8s-ragplatf-ciliumga-56da93c17a-2adc9d09e1c34b13.elb.eu-central-1.amazonaws.com/api/v1/query\": request timeout"
time="2026-09-05T15:55:58+02:00" level=warning msg="Request Failed" error="Post \"http://k8s-ragplatf-ciliumga-56da93c17a-2adc9d09e1c34b13.elb.eu-central-1.amazonaws.com/api/v1/query\": request timeout"
time="2026-09-05T15:55:58+02:00" level=warning msg="Request Failed" error="Post \"http://k8s-ragplatf-ciliumga-56da93c17a-2adc9d09e1c34b13.elb.eu-central-1.amazonaws.com/api/v1/query\": request timeout"
time="2026-09-05T15:55:58+02:00" level=warning msg="Request Failed" error="Post \"http://k8s-ragplatf-ciliumga-56da93c17a-2adc9d09e1c34b13.elb.eu-central-1.amazonaws.com/api/v1/query\": request timeout"
time="2026-09-05T15:55:58+02:00" level=warning msg="Request Failed" error="Post \"http://k8s-ragplatf-ciliumga-56da93c17a-2adc9d09e1c34b13.elb.eu-central-1.amazonaws.com/api/v1/query\": request timeout"
time="2026-09-05T15:55:58+02:00" level=warning msg="Request Failed" error="Post \"http://k8s-ragplatf-ciliumga-56da93c17a-2adc9d09e1c34b13.elb.eu-central-1.amazonaws.com/api/v1/query\": request timeout"
time="2026-09-05T15:55:58+02:00" level=warning msg="Request Failed" error="Post \"http://k8s-ragplatf-ciliumga-56da93c17a-2adc9d09e1c34b13.elb.eu-central-1.amazonaws.com/api/v1/query\": request timeout"
time="2026-09-05T15:55:58+02:00" level=warning msg="Request Failed" error="Post \"http://k8s-ragplatf-ciliumga-56da93c17a-2adc9d09e1c34b13.elb.eu-central-1.amazonaws.com/api/v1/query\": request timeout"
time="2026-09-05T15:55:58+02:00" level=warning msg="Request Failed" error="Post \"http://k8s-ragplatf-ciliumga-56da93c17a-2adc9d09e1c34b13.elb.eu-central-1.amazonaws.com/api/v1/query\": request timeout"
time="2026-09-05T15:55:58+02:00" level=warning msg="Request Failed" error="Post \"http://k8s-ragplatf-ciliumga-56da93c17a-2adc9d09e1c34b13.elb.eu-central-1.amazonaws.com/api/v1/query\": request timeout"
time="2026-09-05T15:55:58+02:00" level=warning msg="Request Failed" error="Post \"http://k8s-ragplatf-ciliumga-56da93c17a-2adc9d09e1c34b13.elb.eu-central-1.amazonaws.com/api/v1/query\": request timeout"
time="2026-09-05T15:55:58+02:00" level=warning msg="Request Failed" error="Post \"http://k8s-ragplatf-ciliumga-56da93c17a-2adc9d09e1c34b13.elb.eu-central-1.amazonaws.com/api/v1/query\": request timeout"
time="2026-09-05T15:55:58+02:00" level=warning msg="Request Failed" error="Post \"http://k8s-ragplatf-ciliumga-56da93c17a-2adc9d09e1c34b13.elb.eu-central-1.amazonaws.com/api/v1/query\": request timeout"
time="2026-09-05T15:55:58+02:00" level=warning msg="Request Failed" error="Post \"http://k8s-ragplatf-ciliumga-56da93c17a-2adc9d09e1c34b13.elb.eu-central-1.amazonaws.com/api/v1/query\": request timeout"
time="2026-09-05T15:55:58+02:00" level=warning msg="Request Failed" error="Post \"http://k8s-ragplatf-ciliumga-56da93c17a-2adc9d09e1c34b13.elb.eu-central-1.amazonaws.com/api/v1/query\": request timeout"
time="2026-09-05T15:55:58+02:00" level=warning msg="Request Failed" error="Post \"http://k8s-ragplatf-ciliumga-56da93c17a-2adc9d09e1c34b13.elb.eu-central-1.amazonaws.com/api/v1/query\": request timeout"
time="2026-09-05T15:55:58+02:00" level=warning msg="Request Failed" error="Post \"http://k8s-ragplatf-ciliumga-56da93c17a-2adc9d09e1c34b13.elb.eu-central-1.amazonaws.com/api/v1/query\": request timeout"
time="2026-09-05T15:55:58+02:00" level=warning msg="Request Failed" error="Post \"http://k8s-ragplatf-ciliumga-56da93c17a-2adc9d09e1c34b13.elb.eu-central-1.amazonaws.com/api/v1/query\": request timeout"
time="2026-09-05T15:55:58+02:00" level=warning msg="Request Failed" error="Post \"http://k8s-ragplatf-ciliumga-56da93c17a-2adc9d09e1c34b13.elb.eu-central-1.amazonaws.com/api/v1/query\": request timeout"
time="2026-09-05T15:55:58+02:00" level=warning msg="Request Failed" error="Post \"http://k8s-ragplatf-ciliumga-56da93c17a-2adc9d09e1c34b13.elb.eu-central-1.amazonaws.com/api/v1/query\": request timeout"
time="2026-09-05T15:55:58+02:00" level=warning msg="Request Failed" error="Post \"http://k8s-ragplatf-ciliumga-56da93c17a-2adc9d09e1c34b13.elb.eu-central-1.amazonaws.com/api/v1/query\": request timeout"
time="2026-09-05T15:55:58+02:00" level=warning msg="Request Failed" error="Post \"http://k8s-ragplatf-ciliumga-56da93c17a-2adc9d09e1c34b13.elb.eu-central-1.amazonaws.com/api/v1/query\": request timeout"
time="2026-09-05T15:55:58+02:00" level=warning msg="Request Failed" error="Post \"http://k8s-ragplatf-ciliumga-56da93c17a-2adc9d09e1c34b13.elb.eu-central-1.amazonaws.com/api/v1/query\": request timeout"
time="2026-09-05T15:55:58+02:00" level=warning msg="Request Failed" error="Post \"http://k8s-ragplatf-ciliumga-56da93c17a-2adc9d09e1c34b13.elb.eu-central-1.amazonaws.com/api/v1/query\": request timeout"
time="2026-09-05T15:55:58+02:00" level=warning msg="Request Failed" error="Post \"http://k8s-ragplatf-ciliumga-56da93c17a-2adc9d09e1c34b13.elb.eu-central-1.amazonaws.com/api/v1/query\": request timeout"
time="2026-09-05T15:55:58+02:00" level=warning msg="Request Failed" error="Post \"http://k8s-ragplatf-ciliumga-56da93c17a-2adc9d09e1c34b13.elb.eu-central-1.amazonaws.com/api/v1/query\": request timeout"
time="2026-09-05T15:55:58+02:00" level=warning msg="Request Failed" error="Post \"http://k8s-ragplatf-ciliumga-56da93c17a-2adc9d09e1c34b13.elb.eu-central-1.amazonaws.com/api/v1/query\": request timeout"
time="2026-09-05T15:55:58+02:00" level=warning msg="Request Failed" error="Post \"http://k8s-ragplatf-ciliumga-56da93c17a-2adc9d09e1c34b13.elb.eu-central-1.amazonaws.com/api/v1/query\": request timeout"
time="2026-09-05T15:55:58+02:00" level=warning msg="Request Failed" error="Post \"http://k8s-ragplatf-ciliumga-56da93c17a-2adc9d09e1c34b13.elb.eu-central-1.amazonaws.com/api/v1/query\": request timeout"
time="2026-09-05T15:55:58+02:00" level=warning msg="Request Failed" error="Post \"http://k8s-ragplatf-ciliumga-56da93c17a-2adc9d09e1c34b13.elb.eu-central-1.amazonaws.com/api/v1/query\": request timeout"
time="2026-09-05T15:55:58+02:00" level=warning msg="Request Failed" error="Post \"http://k8s-ragplatf-ciliumga-56da93c17a-2adc9d09e1c34b13.elb.eu-central-1.amazonaws.com/api/v1/query\": request timeout"
time="2026-09-05T15:55:58+02:00" level=warning msg="Request Failed" error="Post \"http://k8s-ragplatf-ciliumga-56da93c17a-2adc9d09e1c34b13.elb.eu-central-1.amazonaws.com/api/v1/query\": request timeout"
time="2026-09-05T15:55:58+02:00" level=warning msg="Request Failed" error="Post \"http://k8s-ragplatf-ciliumga-56da93c17a-2adc9d09e1c34b13.elb.eu-central-1.amazonaws.com/api/v1/query\": request timeout"
time="2026-09-05T15:55:58+02:00" level=warning msg="Request Failed" error="Post \"http://k8s-ragplatf-ciliumga-56da93c17a-2adc9d09e1c34b13.elb.eu-central-1.amazonaws.com/api/v1/query\": request timeout"
time="2026-09-05T15:55:58+02:00" level=warning msg="Request Failed" error="Post \"http://k8s-ragplatf-ciliumga-56da93c17a-2adc9d09e1c34b13.elb.eu-central-1.amazonaws.com/api/v1/query\": request timeout"
time="2026-09-05T15:55:58+02:00" level=warning msg="Request Failed" error="Post \"http://k8s-ragplatf-ciliumga-56da93c17a-2adc9d09e1c34b13.elb.eu-central-1.amazonaws.com/api/v1/query\": request timeout"
time="2026-09-05T15:55:58+02:00" level=warning msg="Request Failed" error="Post \"http://k8s-ragplatf-ciliumga-56da93c17a-2adc9d09e1c34b13.elb.eu-central-1.amazonaws.com/api/v1/query\": request timeout"
time="2026-09-05T15:55:58+02:00" level=warning msg="Request Failed" error="Post \"http://k8s-ragplatf-ciliumga-56da93c17a-2adc9d09e1c34b13.elb.eu-central-1.amazonaws.com/api/v1/query\": request timeout"
time="2026-09-05T15:55:58+02:00" level=warning msg="Request Failed" error="Post \"http://k8s-ragplatf-ciliumga-56da93c17a-2adc9d09e1c34b13.elb.eu-central-1.amazonaws.com/api/v1/query\": request timeout"
time="2026-09-05T15:55:58+02:00" level=warning msg="Request Failed" error="Post \"http://k8s-ragplatf-ciliumga-56da93c17a-2adc9d09e1c34b13.elb.eu-central-1.amazonaws.com/api/v1/query\": request timeout"
time="2026-09-05T15:55:58+02:00" level=warning msg="Request Failed" error="Post \"http://k8s-ragplatf-ciliumga-56da93c17a-2adc9d09e1c34b13.elb.eu-central-1.amazonaws.com/api/v1/query\": request timeout"
time="2026-09-05T15:55:58+02:00" level=warning msg="Request Failed" error="Post \"http://k8s-ragplatf-ciliumga-56da93c17a-2adc9d09e1c34b13.elb.eu-central-1.amazonaws.com/api/v1/query\": request timeout"
time="2026-09-05T15:55:58+02:00" level=warning msg="Request Failed" error="Post \"http://k8s-ragplatf-ciliumga-56da93c17a-2adc9d09e1c34b13.elb.eu-central-1.amazonaws.com/api/v1/query\": request timeout"
time="2026-09-05T15:55:58+02:00" level=warning msg="Request Failed" error="Post \"http://k8s-ragplatf-ciliumga-56da93c17a-2adc9d09e1c34b13.elb.eu-central-1.amazonaws.com/api/v1/query\": request timeout"
time="2026-09-05T15:55:58+02:00" level=warning msg="Request Failed" error="Post \"http://k8s-ragplatf-ciliumga-56da93c17a-2adc9d09e1c34b13.elb.eu-central-1.amazonaws.com/api/v1/query\": request timeout"
time="2026-09-05T15:55:58+02:00" level=warning msg="Request Failed" error="Post \"http://k8s-ragplatf-ciliumga-56da93c17a-2adc9d09e1c34b13.elb.eu-central-1.amazonaws.com/api/v1/query\": request timeout"
time="2026-09-05T15:55:58+02:00" level=warning msg="Request Failed" error="Post \"http://k8s-ragplatf-ciliumga-56da93c17a-2adc9d09e1c34b13.elb.eu-central-1.amazonaws.com/api/v1/query\": request timeout"
time="2026-09-05T15:55:58+02:00" level=warning msg="Request Failed" error="Post \"http://k8s-ragplatf-ciliumga-56da93c17a-2adc9d09e1c34b13.elb.eu-central-1.amazonaws.com/api/v1/query\": request timeout"
time="2026-09-05T15:55:59+02:00" level=warning msg="Request Failed" error="Post \"http://k8s-ragplatf-ciliumga-56da93c17a-2adc9d09e1c34b13.elb.eu-central-1.amazonaws.com/api/v1/query\": request timeout"
time="2026-09-05T15:55:59+02:00" level=warning msg="Request Failed" error="Post \"http://k8s-ragplatf-ciliumga-56da93c17a-2adc9d09e1c34b13.elb.eu-central-1.amazonaws.com/api/v1/query\": request timeout"
time="2026-09-05T15:55:59+02:00" level=warning msg="Request Failed" error="Post \"http://k8s-ragplatf-ciliumga-56da93c17a-2adc9d09e1c34b13.elb.eu-central-1.amazonaws.com/api/v1/query\": request timeout"
time="2026-09-05T15:55:59+02:00" level=warning msg="Request Failed" error="Post \"http://k8s-ragplatf-ciliumga-56da93c17a-2adc9d09e1c34b13.elb.eu-central-1.amazonaws.com/api/v1/query\": request timeout"
time="2026-09-05T15:55:59+02:00" level=warning msg="Request Failed" error="Post \"http://k8s-ragplatf-ciliumga-56da93c17a-2adc9d09e1c34b13.elb.eu-central-1.amazonaws.com/api/v1/query\": request timeout"
time="2026-09-05T15:55:59+02:00" level=warning msg="Request Failed" error="Post \"http://k8s-ragplatf-ciliumga-56da93c17a-2adc9d09e1c34b13.elb.eu-central-1.amazonaws.com/api/v1/query\": request timeout"
time="2026-09-05T15:55:59+02:00" level=warning msg="Request Failed" error="Post \"http://k8s-ragplatf-ciliumga-56da93c17a-2adc9d09e1c34b13.elb.eu-central-1.amazonaws.com/api/v1/query\": request timeout"
time="2026-09-05T15:55:59+02:00" level=warning msg="Request Failed" error="Post \"http://k8s-ragplatf-ciliumga-56da93c17a-2adc9d09e1c34b13.elb.eu-central-1.amazonaws.com/api/v1/query\": request timeout"
time="2026-09-05T15:55:59+02:00" level=warning msg="Request Failed" error="Post \"http://k8s-ragplatf-ciliumga-56da93c17a-2adc9d09e1c34b13.elb.eu-central-1.amazonaws.com/api/v1/query\": request timeout"

running (02m22.9s), 2500/2500 VUs, 40714 complete and 0 interrupted iterations
constant_load   [  24% ] 2500/2500 VUs  02m22.9s/10m0s  500.00 iters/s
time="2026-09-05T15:55:59+02:00" level=warning msg="Request Failed" error="Post \"http://k8s-ragplatf-ciliumga-56da93c17a-2adc9d09e1c34b13.elb.eu-central-1.amazonaws.com/api/v1/query\": request timeout"
time="2026-09-05T15:55:59+02:00" level=warning msg="Request Failed" error="Post \"http://k8s-ragplatf-ciliumga-56da93c17a-2adc9d09e1c34b13.elb.eu-central-1.amazonaws.com/api/v1/query\": request timeout"
time="2026-09-05T15:55:59+02:00" level=warning msg="Request Failed" error="Post \"http://k8s-ragplatf-ciliumga-56da93c17a-2adc9d09e1c34b13.elb.eu-central-1.amazonaws.com/api/v1/query\": request timeout"
time="2026-09-05T15:55:59+02:00" level=warning msg="Request Failed" error="Post \"http://k8s-ragplatf-ciliumga-56da93c17a-2adc9d09e1c34b13.elb.eu-central-1.amazonaws.com/api/v1/query\": request timeout"

running (02m23.9s), 2500/2500 VUs, 40975 complete and 0 interrupted iterations
constant_load   [  24% ] 2500/2500 VUs  02m23.9s/10m0s  500.00 iters/s
time="2026-09-05T15:56:00+02:00" level=warning msg="Request Failed" error="Post \"http://k8s-ragplatf-ciliumga-56da93c17a-2adc9d09e1c34b13.elb.eu-central-1.amazonaws.com/api/v1/query\": request timeout"
time="2026-09-05T15:56:00+02:00" level=warning msg="Request Failed" error="Post \"http://k8s-ragplatf-ciliumga-56da93c17a-2adc9d09e1c34b13.elb.eu-central-1.amazonaws.com/api/v1/query\": request timeout"
time="2026-09-05T15:56:00+02:00" level=warning msg="Request Failed" error="Post \"http://k8s-ragplatf-ciliumga-56da93c17a-2adc9d09e1c34b13.elb.eu-central-1.amazonaws.com/api/v1/query\": request timeout"
time="2026-09-05T15:56:00+02:00" level=warning msg="Request Failed" error="Post \"http://k8s-ragplatf-ciliumga-56da93c17a-2adc9d09e1c34b13.elb.eu-central-1.amazonaws.com/api/v1/query\": request timeout"
time="2026-09-05T15:56:00+02:00" level=warning msg="Request Failed" error="Post \"http://k8s-ragplatf-ciliumga-56da93c17a-2adc9d09e1c34b13.elb.eu-central-1.amazonaws.com/api/v1/query\": request timeout"
time="2026-09-05T15:56:00+02:00" level=warning msg="Request Failed" error="Post \"http://k8s-ragplatf-ciliumga-56da93c17a-2adc9d09e1c34b13.elb.eu-central-1.amazonaws.com/api/v1/query\": request timeout"
time="2026-09-05T15:56:00+02:00" level=warning msg="Request Failed" error="Post \"http://k8s-ragplatf-ciliumga-56da93c17a-2adc9d09e1c34b13.elb.eu-central-1.amazonaws.com/api/v1/query\": request timeout"
time="2026-09-05T15:56:00+02:00" level=warning msg="Request Failed" error="Post \"http://k8s-ragplatf-ciliumga-56da93c17a-2adc9d09e1c34b13.elb.eu-central-1.amazonaws.com/api/v1/query\": request timeout"
time="2026-09-05T15:56:00+02:00" level=warning msg="Request Failed" error="Post \"http://k8s-ragplatf-ciliumga-56da93c17a-2adc9d09e1c34b13.elb.eu-central-1.amazonaws.com/api/v1/query\": request timeout"
time="2026-09-05T15:56:00+02:00" level=warning msg="Request Failed" error="Post \"http://k8s-ragplatf-ciliumga-56da93c17a-2adc9d09e1c34b13.elb.eu-central-1.amazonaws.com/api/v1/query\": request timeout"
time="2026-09-05T15:56:00+02:00" level=warning msg="Request Failed" error="Post \"http://k8s-ragplatf-ciliumga-56da93c17a-2adc9d09e1c34b13.elb.eu-central-1.amazonaws.com/api/v1/query\": request timeout"
time="2026-09-05T15:56:00+02:00" level=warning msg="Request Failed" error="Post \"http://k8s-ragplatf-ciliumga-56da93c17a-2adc9d09e1c34b13.elb.eu-central-1.amazonaws.com/api/v1/query\": request timeout"
time="2026-09-05T15:56:00+02:00" level=warning msg="Request Failed" error="Post \"http://k8s-ragplatf-ciliumga-56da93c17a-2adc9d09e1c34b13.elb.eu-central-1.amazonaws.com/api/v1/query\": request timeout"
time="2026-09-05T15:56:00+02:00" level=warning msg="Request Failed" error="Post \"http://k8s-ragplatf-ciliumga-56da93c17a-2adc9d09e1c34b13.elb.eu-central-1.amazonaws.com/api/v1/query\": request timeout"
time="2026-09-05T15:56:01+02:00" level=warning msg="Request Failed" error="Post \"http://k8s-ragplatf-ciliumga-56da93c17a-2adc9d09e1c34b13.elb.eu-central-1.amazonaws.com/api/v1/query\": request timeout"
time="2026-09-05T15:56:01+02:00" level=warning msg="Request Failed" error="Post \"http://k8s-ragplatf-ciliumga-56da93c17a-2adc9d09e1c34b13.elb.eu-central-1.amazonaws.com/api/v1/query\": request timeout"
time="2026-09-05T15:56:01+02:00" level=warning msg="Request Failed" error="Post \"http://k8s-ragplatf-ciliumga-56da93c17a-2adc9d09e1c34b13.elb.eu-central-1.amazonaws.com/api/v1/query\": request timeout"

running (02m24.9s), 2500/2500 VUs, 41323 complete and 0 interrupted iterations
constant_load   [  24% ] 2500/2500 VUs  02m24.9s/10m0s  500.00 iters/s
time="2026-09-05T15:56:01+02:00" level=warning msg="Request Failed" error="Post \"http://k8s-ragplatf-ciliumga-56da93c17a-2adc9d09e1c34b13.elb.eu-central-1.amazonaws.com/api/v1/query\": request timeout"
time="2026-09-05T15:56:01+02:00" level=warning msg="Request Failed" error="Post \"http://k8s-ragplatf-ciliumga-56da93c17a-2adc9d09e1c34b13.elb.eu-central-1.amazonaws.com/api/v1/query\": request timeout"
time="2026-09-05T15:56:01+02:00" level=warning msg="Request Failed" error="Post \"http://k8s-ragplatf-ciliumga-56da93c17a-2adc9d09e1c34b13.elb.eu-central-1.amazonaws.com/api/v1/query\": request timeout"
time="2026-09-05T15:56:01+02:00" level=warning msg="Request Failed" error="Post \"http://k8s-ragplatf-ciliumga-56da93c17a-2adc9d09e1c34b13.elb.eu-central-1.amazonaws.com/api/v1/query\": request timeout"
time="2026-09-05T15:56:01+02:00" level=warning msg="Request Failed" error="Post \"http://k8s-ragplatf-ciliumga-56da93c17a-2adc9d09e1c34b13.elb.eu-central-1.amazonaws.com/api/v1/query\": request timeout"
time="2026-09-05T15:56:01+02:00" level=warning msg="Request Failed" error="Post \"http://k8s-ragplatf-ciliumga-56da93c17a-2adc9d09e1c34b13.elb.eu-central-1.amazonaws.com/api/v1/query\": request timeout"
time="2026-09-05T15:56:01+02:00" level=warning msg="Request Failed" error="Post \"http://k8s-ragplatf-ciliumga-56da93c17a-2adc9d09e1c34b13.elb.eu-central-1.amazonaws.com/api/v1/query\": request timeout"
time="2026-09-05T15:56:01+02:00" level=warning msg="Request Failed" error="Post \"http://k8s-ragplatf-ciliumga-56da93c17a-2adc9d09e1c34b13.elb.eu-central-1.amazonaws.com/api/v1/query\": request timeout"

running (02m25.9s), 2500/2500 VUs, 41612 complete and 0 interrupted iterations
constant_load   [  24% ] 2500/2500 VUs  02m25.9s/10m0s  500.00 iters/s

running (02m26.9s), 2260/2500 VUs, 42175 complete and 0 interrupted iterations
constant_load   [  24% ] 2260/2500 VUs  02m26.9s/10m0s  500.00 iters/s
time="2026-09-05T15:56:03+02:00" level=warning msg="Request Failed" error="Post \"http://k8s-ragplatf-ciliumga-56da93c17a-2adc9d09e1c34b13.elb.eu-central-1.amazonaws.com/api/v1/query\": request timeout"
time="2026-09-05T15:56:03+02:00" level=warning msg="Request Failed" error="Post \"http://k8s-ragplatf-ciliumga-56da93c17a-2adc9d09e1c34b13.elb.eu-central-1.amazonaws.com/api/v1/query\": request timeout"
time="2026-09-05T15:56:03+02:00" level=warning msg="Request Failed" error="Post \"http://k8s-ragplatf-ciliumga-56da93c17a-2adc9d09e1c34b13.elb.eu-central-1.amazonaws.com/api/v1/query\": request timeout"
time="2026-09-05T15:56:03+02:00" level=warning msg="Request Failed" error="Post \"http://k8s-ragplatf-ciliumga-56da93c17a-2adc9d09e1c34b13.elb.eu-central-1.amazonaws.com/api/v1/query\": request timeout"
time="2026-09-05T15:56:04+02:00" level=warning msg="Request Failed" error="Post \"http://k8s-ragplatf-ciliumga-56da93c17a-2adc9d09e1c34b13.elb.eu-central-1.amazonaws.com/api/v1/query\": request timeout"
time="2026-09-05T15:56:04+02:00" level=warning msg="Request Failed" error="Post \"http://k8s-ragplatf-ciliumga-56da93c17a-2adc9d09e1c34b13.elb.eu-central-1.amazonaws.com/api/v1/query\": request timeout"
time="2026-09-05T15:56:04+02:00" level=warning msg="Request Failed" error="Post \"http://k8s-ragplatf-ciliumga-56da93c17a-2adc9d09e1c34b13.elb.eu-central-1.amazonaws.com/api/v1/query\": request timeout"
time="2026-09-05T15:56:04+02:00" level=warning msg="Request Failed" error="Post \"http://k8s-ragplatf-ciliumga-56da93c17a-2adc9d09e1c34b13.elb.eu-central-1.amazonaws.com/api/v1/query\": request timeout"
time="2026-09-05T15:56:04+02:00" level=warning msg="Request Failed" error="Post \"http://k8s-ragplatf-ciliumga-56da93c17a-2adc9d09e1c34b13.elb.eu-central-1.amazonaws.com/api/v1/query\": request timeout"
time="2026-09-05T15:56:04+02:00" level=warning msg="Request Failed" error="Post \"http://k8s-ragplatf-ciliumga-56da93c17a-2adc9d09e1c34b13.elb.eu-central-1.amazonaws.com/api/v1/query\": request timeout"
time="2026-09-05T15:56:04+02:00" level=warning msg="Request Failed" error="Post \"http://k8s-ragplatf-ciliumga-56da93c17a-2adc9d09e1c34b13.elb.eu-central-1.amazonaws.com/api/v1/query\": request timeout"
time="2026-09-05T15:56:04+02:00" level=warning msg="Request Failed" error="Post \"http://k8s-ragplatf-ciliumga-56da93c17a-2adc9d09e1c34b13.elb.eu-central-1.amazonaws.com/api/v1/query\": request timeout"
time="2026-09-05T15:56:04+02:00" level=warning msg="Request Failed" error="Post \"http://k8s-ragplatf-ciliumga-56da93c17a-2adc9d09e1c34b13.elb.eu-central-1.amazonaws.com/api/v1/query\": request timeout"
time="2026-09-05T15:56:04+02:00" level=warning msg="Request Failed" error="Post \"http://k8s-ragplatf-ciliumga-56da93c17a-2adc9d09e1c34b13.elb.eu-central-1.amazonaws.com/api/v1/query\": request timeout"
time="2026-09-05T15:56:04+02:00" level=warning msg="Request Failed" error="Post \"http://k8s-ragplatf-ciliumga-56da93c17a-2adc9d09e1c34b13.elb.eu-central-1.amazonaws.com/api/v1/query\": request timeout"
time="2026-09-05T15:56:04+02:00" level=warning msg="Request Failed" error="Post \"http://k8s-ragplatf-ciliumga-56da93c17a-2adc9d09e1c34b13.elb.eu-central-1.amazonaws.com/api/v1/query\": request timeout"
time="2026-09-05T15:56:04+02:00" level=warning msg="Request Failed" error="Post \"http://k8s-ragplatf-ciliumga-56da93c17a-2adc9d09e1c34b13.elb.eu-central-1.amazonaws.com/api/v1/query\": request timeout"
time="2026-09-05T15:56:04+02:00" level=warning msg="Request Failed" error="Post \"http://k8s-ragplatf-ciliumga-56da93c17a-2adc9d09e1c34b13.elb.eu-central-1.amazonaws.com/api/v1/query\": request timeout"
time="2026-09-05T15:56:04+02:00" level=warning msg="Request Failed" error="Post \"http://k8s-ragplatf-ciliumga-56da93c17a-2adc9d09e1c34b13.elb.eu-central-1.amazonaws.com/api/v1/query\": request timeout"
time="2026-09-05T15:56:04+02:00" level=warning msg="Request Failed" error="Post \"http://k8s-ragplatf-ciliumga-56da93c17a-2adc9d09e1c34b13.elb.eu-central-1.amazonaws.com/api/v1/query\": request timeout"
time="2026-09-05T15:56:04+02:00" level=warning msg="Request Failed" error="Post \"http://k8s-ragplatf-ciliumga-56da93c17a-2adc9d09e1c34b13.elb.eu-central-1.amazonaws.com/api/v1/query\": request timeout"
time="2026-09-05T15:56:04+02:00" level=warning msg="Request Failed" error="Post \"http://k8s-ragplatf-ciliumga-56da93c17a-2adc9d09e1c34b13.elb.eu-central-1.amazonaws.com/api/v1/query\": request timeout"
time="2026-09-05T15:56:04+02:00" level=warning msg="Request Failed" error="Post \"http://k8s-ragplatf-ciliumga-56da93c17a-2adc9d09e1c34b13.elb.eu-central-1.amazonaws.com/api/v1/query\": request timeout"
time="2026-09-05T15:56:04+02:00" level=warning msg="Request Failed" error="Post \"http://k8s-ragplatf-ciliumga-56da93c17a-2adc9d09e1c34b13.elb.eu-central-1.amazonaws.com/api/v1/query\": request timeout"
time="2026-09-05T15:56:04+02:00" level=warning msg="Request Failed" error="Post \"http://k8s-ragplatf-ciliumga-56da93c17a-2adc9d09e1c34b13.elb.eu-central-1.amazonaws.com/api/v1/query\": request timeout"
time="2026-09-05T15:56:04+02:00" level=warning msg="Request Failed" error="Post \"http://k8s-ragplatf-ciliumga-56da93c17a-2adc9d09e1c34b13.elb.eu-central-1.amazonaws.com/api/v1/query\": request timeout"
time="2026-09-05T15:56:04+02:00" level=warning msg="Request Failed" error="Post \"http://k8s-ragplatf-ciliumga-56da93c17a-2adc9d09e1c34b13.elb.eu-central-1.amazonaws.com/api/v1/query\": request timeout"
time="2026-09-05T15:56:04+02:00" level=warning msg="Request Failed" error="Post \"http://k8s-ragplatf-ciliumga-56da93c17a-2adc9d09e1c34b13.elb.eu-central-1.amazonaws.com/api/v1/query\": request timeout"
time="2026-09-05T15:56:04+02:00" level=warning msg="Request Failed" error="Post \"http://k8s-ragplatf-ciliumga-56da93c17a-2adc9d09e1c34b13.elb.eu-central-1.amazonaws.com/api/v1/query\": request timeout"

running (02m27.9s), 2302/2500 VUs, 42633 complete and 0 interrupted iterations
constant_load   [  25% ] 2302/2500 VUs  02m27.9s/10m0s  500.00 iters/s
time="2026-09-05T15:56:04+02:00" level=warning msg="Request Failed" error="Post \"http://k8s-ragplatf-ciliumga-56da93c17a-2adc9d09e1c34b13.elb.eu-central-1.amazonaws.com/api/v1/query\": request timeout"

running (02m28.9s), 2499/2500 VUs, 42863 complete and 0 interrupted iterations
constant_load   [  25% ] 2499/2500 VUs  02m28.9s/10m0s  500.00 iters/s
time="2026-09-05T15:56:05+02:00" level=warning msg="Request Failed" error="Post \"http://k8s-ragplatf-ciliumga-56da93c17a-2adc9d09e1c34b13.elb.eu-central-1.amazonaws.com/api/v1/query\": request timeout"
time="2026-09-05T15:56:05+02:00" level=warning msg="Request Failed" error="Post \"http://k8s-ragplatf-ciliumga-56da93c17a-2adc9d09e1c34b13.elb.eu-central-1.amazonaws.com/api/v1/query\": request timeout"
time="2026-09-05T15:56:05+02:00" level=warning msg="Request Failed" error="Post \"http://k8s-ragplatf-ciliumga-56da93c17a-2adc9d09e1c34b13.elb.eu-central-1.amazonaws.com/api/v1/query\": request timeout"
time="2026-09-05T15:56:05+02:00" level=warning msg="Request Failed" error="Post \"http://k8s-ragplatf-ciliumga-56da93c17a-2adc9d09e1c34b13.elb.eu-central-1.amazonaws.com/api/v1/query\": request timeout"

running (02m29.9s), 2400/2500 VUs, 43316 complete and 0 interrupted iterations
constant_load   [  25% ] 2400/2500 VUs  02m29.9s/10m0s  500.00 iters/s
time="2026-09-05T15:56:06+02:00" level=warning msg="Request Failed" error="Post \"http://k8s-ragplatf-ciliumga-56da93c17a-2adc9d09e1c34b13.elb.eu-central-1.amazonaws.com/api/v1/query\": request timeout"

running (02m30.9s), 2464/2500 VUs, 43655 complete and 0 interrupted iterations
constant_load   [  25% ] 2464/2500 VUs  02m30.9s/10m0s  500.00 iters/s

running (02m31.9s), 2211/2500 VUs, 44221 complete and 0 interrupted iterations
constant_load   [  25% ] 2211/2500 VUs  02m31.9s/10m0s  500.00 iters/s
time="2026-09-05T15:56:08+02:00" level=warning msg="Request Failed" error="Post \"http://k8s-ragplatf-ciliumga-56da93c17a-2adc9d09e1c34b13.elb.eu-central-1.amazonaws.com/api/v1/query\": request timeout"
time="2026-09-05T15:56:08+02:00" level=warning msg="Request Failed" error="Post \"http://k8s-ragplatf-ciliumga-56da93c17a-2adc9d09e1c34b13.elb.eu-central-1.amazonaws.com/api/v1/query\": request timeout"
time="2026-09-05T15:56:08+02:00" level=warning msg="Request Failed" error="Post \"http://k8s-ragplatf-ciliumga-56da93c17a-2adc9d09e1c34b13.elb.eu-central-1.amazonaws.com/api/v1/query\": request timeout"
time="2026-09-05T15:56:08+02:00" level=warning msg="Request Failed" error="Post \"http://k8s-ragplatf-ciliumga-56da93c17a-2adc9d09e1c34b13.elb.eu-central-1.amazonaws.com/api/v1/query\": request timeout"
time="2026-09-05T15:56:08+02:00" level=warning msg="Request Failed" error="Post \"http://k8s-ragplatf-ciliumga-56da93c17a-2adc9d09e1c34b13.elb.eu-central-1.amazonaws.com/api/v1/query\": request timeout"
time="2026-09-05T15:56:08+02:00" level=warning msg="Request Failed" error="Post \"http://k8s-ragplatf-ciliumga-56da93c17a-2adc9d09e1c34b13.elb.eu-central-1.amazonaws.com/api/v1/query\": request timeout"
time="2026-09-05T15:56:08+02:00" level=warning msg="Request Failed" error="Post \"http://k8s-ragplatf-ciliumga-56da93c17a-2adc9d09e1c34b13.elb.eu-central-1.amazonaws.com/api/v1/query\": request timeout"
time="2026-09-05T15:56:08+02:00" level=warning msg="Request Failed" error="Post \"http://k8s-ragplatf-ciliumga-56da93c17a-2adc9d09e1c34b13.elb.eu-central-1.amazonaws.com/api/v1/query\": request timeout"
time="2026-09-05T15:56:08+02:00" level=warning msg="Request Failed" error="Post \"http://k8s-ragplatf-ciliumga-56da93c17a-2adc9d09e1c34b13.elb.eu-central-1.amazonaws.com/api/v1/query\": request timeout"
time="2026-09-05T15:56:08+02:00" level=warning msg="Request Failed" error="Post \"http://k8s-ragplatf-ciliumga-56da93c17a-2adc9d09e1c34b13.elb.eu-central-1.amazonaws.com/api/v1/query\": request timeout"
time="2026-09-05T15:56:08+02:00" level=warning msg="Request Failed" error="Post \"http://k8s-ragplatf-ciliumga-56da93c17a-2adc9d09e1c34b13.elb.eu-central-1.amazonaws.com/api/v1/query\": request timeout"
time="2026-09-05T15:56:08+02:00" level=warning msg="Request Failed" error="Post \"http://k8s-ragplatf-ciliumga-56da93c17a-2adc9d09e1c34b13.elb.eu-central-1.amazonaws.com/api/v1/query\": request timeout"
time="2026-09-05T15:56:08+02:00" level=warning msg="Request Failed" error="Post \"http://k8s-ragplatf-ciliumga-56da93c17a-2adc9d09e1c34b13.elb.eu-central-1.amazonaws.com/api/v1/query\": request timeout"
time="2026-09-05T15:56:08+02:00" level=warning msg="Request Failed" error="Post \"http://k8s-ragplatf-ciliumga-56da93c17a-2adc9d09e1c34b13.elb.eu-central-1.amazonaws.com/api/v1/query\": request timeout"
time="2026-09-05T15:56:08+02:00" level=warning msg="Request Failed" error="Post \"http://k8s-ragplatf-ciliumga-56da93c17a-2adc9d09e1c34b13.elb.eu-central-1.amazonaws.com/api/v1/query\": request timeout"
time="2026-09-05T15:56:08+02:00" level=warning msg="Request Failed" error="Post \"http://k8s-ragplatf-ciliumga-56da93c17a-2adc9d09e1c34b13.elb.eu-central-1.amazonaws.com/api/v1/query\": request timeout"
time="2026-09-05T15:56:08+02:00" level=warning msg="Request Failed" error="Post \"http://k8s-ragplatf-ciliumga-56da93c17a-2adc9d09e1c34b13.elb.eu-central-1.amazonaws.com/api/v1/query\": request timeout"
time="2026-09-05T15:56:08+02:00" level=warning msg="Request Failed" error="Post \"http://k8s-ragplatf-ciliumga-56da93c17a-2adc9d09e1c34b13.elb.eu-central-1.amazonaws.com/api/v1/query\": request timeout"
time="2026-09-05T15:56:08+02:00" level=warning msg="Request Failed" error="Post \"http://k8s-ragplatf-ciliumga-56da93c17a-2adc9d09e1c34b13.elb.eu-central-1.amazonaws.com/api/v1/query\": request timeout"
time="2026-09-05T15:56:08+02:00" level=warning msg="Request Failed" error="Post \"http://k8s-ragplatf-ciliumga-56da93c17a-2adc9d09e1c34b13.elb.eu-central-1.amazonaws.com/api/v1/query\": request timeout"
time="2026-09-05T15:56:09+02:00" level=warning msg="Request Failed" error="Post \"http://k8s-ragplatf-ciliumga-56da93c17a-2adc9d09e1c34b13.elb.eu-central-1.amazonaws.com/api/v1/query\": request timeout"
time="2026-09-05T15:56:09+02:00" level=warning msg="Request Failed" error="Post \"http://k8s-ragplatf-ciliumga-56da93c17a-2adc9d09e1c34b13.elb.eu-central-1.amazonaws.com/api/v1/query\": request timeout"
time="2026-09-05T15:56:09+02:00" level=warning msg="Request Failed" error="Post \"http://k8s-ragplatf-ciliumga-56da93c17a-2adc9d09e1c34b13.elb.eu-central-1.amazonaws.com/api/v1/query\": request timeout"
time="2026-09-05T15:56:09+02:00" level=warning msg="Request Failed" error="Post \"http://k8s-ragplatf-ciliumga-56da93c17a-2adc9d09e1c34b13.elb.eu-central-1.amazonaws.com/api/v1/query\": request timeout"
time="2026-09-05T15:56:09+02:00" level=warning msg="Request Failed" error="Post \"http://k8s-ragplatf-ciliumga-56da93c17a-2adc9d09e1c34b13.elb.eu-central-1.amazonaws.com/api/v1/query\": request timeout"
time="2026-09-05T15:56:09+02:00" level=warning msg="Request Failed" error="Post \"http://k8s-ragplatf-ciliumga-56da93c17a-2adc9d09e1c34b13.elb.eu-central-1.amazonaws.com/api/v1/query\": request timeout"
time="2026-09-05T15:56:09+02:00" level=warning msg="Request Failed" error="Post \"http://k8s-ragplatf-ciliumga-56da93c17a-2adc9d09e1c34b13.elb.eu-central-1.amazonaws.com/api/v1/query\": request timeout"
time="2026-09-05T15:56:09+02:00" level=warning msg="Request Failed" error="Post \"http://k8s-ragplatf-ciliumga-56da93c17a-2adc9d09e1c34b13.elb.eu-central-1.amazonaws.com/api/v1/query\": request timeout"
time="2026-09-05T15:56:09+02:00" level=warning msg="Request Failed" error="Post \"http://k8s-ragplatf-ciliumga-56da93c17a-2adc9d09e1c34b13.elb.eu-central-1.amazonaws.com/api/v1/query\": request timeout"
time="2026-09-05T15:56:09+02:00" level=warning msg="Request Failed" error="Post \"http://k8s-ragplatf-ciliumga-56da93c17a-2adc9d09e1c34b13.elb.eu-central-1.amazonaws.com/api/v1/query\": request timeout"
time="2026-09-05T15:56:09+02:00" level=warning msg="Request Failed" error="Post \"http://k8s-ragplatf-ciliumga-56da93c17a-2adc9d09e1c34b13.elb.eu-central-1.amazonaws.com/api/v1/query\": request timeout"

running (02m32.9s), 2378/2500 VUs, 44554 complete and 0 interrupted iterations
constant_load   [  25% ] 2378/2500 VUs  02m32.9s/10m0s  500.00 iters/s

running (02m33.9s), 2500/2500 VUs, 44847 complete and 0 interrupted iterations
constant_load   [  26% ] 2500/2500 VUs  02m33.9s/10m0s  500.00 iters/s

running (02m34.9s), 2500/2500 VUs, 45051 complete and 0 interrupted iterations
constant_load   [  26% ] 2500/2500 VUs  02m34.9s/10m0s  500.00 iters/s

running (02m35.9s), 2483/2500 VUs, 45372 complete and 0 interrupted iterations
constant_load   [  26% ] 2483/2500 VUs  02m35.9s/10m0s  500.00 iters/s

running (02m36.9s), 2242/2500 VUs, 45776 complete and 0 interrupted iterations
constant_load   [  26% ] 2242/2500 VUs  02m36.9s/10m0s  500.00 iters/s

running (02m37.9s), 2311/2500 VUs, 46206 complete and 0 interrupted iterations
constant_load   [  26% ] 2312/2500 VUs  02m37.9s/10m0s  500.00 iters/s

running (02m38.9s), 2500/2500 VUs, 46428 complete and 0 interrupted iterations
constant_load   [  26% ] 2500/2500 VUs  02m38.9s/10m0s  500.00 iters/s

running (02m39.9s), 2500/2500 VUs, 46740 complete and 0 interrupted iterations
constant_load   [  27% ] 2500/2500 VUs  02m39.9s/10m0s  500.00 iters/s

running (02m40.9s), 2500/2500 VUs, 47120 complete and 0 interrupted iterations
constant_load   [  27% ] 2500/2500 VUs  02m40.9s/10m0s  500.00 iters/s

running (02m41.9s), 2188/2500 VUs, 47710 complete and 0 interrupted iterations
constant_load   [  27% ] 2188/2500 VUs  02m41.9s/10m0s  500.00 iters/s

running (02m42.9s), 2291/2500 VUs, 48107 complete and 0 interrupted iterations
constant_load   [  27% ] 2291/2500 VUs  02m42.9s/10m0s  500.00 iters/s

running (02m43.9s), 2148/2500 VUs, 48750 complete and 0 interrupted iterations
constant_load   [  27% ] 2148/2500 VUs  02m43.9s/10m0s  500.00 iters/s

running (02m44.9s), 2384/2500 VUs, 49014 complete and 0 interrupted iterations
constant_load   [  27% ] 2384/2500 VUs  02m44.9s/10m0s  500.00 iters/s

running (02m45.9s), 2232/2500 VUs, 49666 complete and 0 interrupted iterations
constant_load   [  28% ] 2232/2500 VUs  02m45.9s/10m0s  500.00 iters/s

running (02m46.9s), 2409/2500 VUs, 49989 complete and 0 interrupted iterations
constant_load   [  28% ] 2409/2500 VUs  02m46.9s/10m0s  500.00 iters/s

running (02m47.9s), 2332/2500 VUs, 50566 complete and 0 interrupted iterations
constant_load   [  28% ] 2332/2500 VUs  02m47.9s/10m0s  500.00 iters/s

running (02m48.9s), 2243/2500 VUs, 51155 complete and 0 interrupted iterations
constant_load   [  28% ] 2243/2500 VUs  02m48.9s/10m0s  500.00 iters/s

running (02m49.9s), 2074/2500 VUs, 51824 complete and 0 interrupted iterations
constant_load   [  28% ] 2074/2500 VUs  02m49.9s/10m0s  500.00 iters/s

running (02m50.9s), 1921/2500 VUs, 52477 complete and 0 interrupted iterations
constant_load   [  28% ] 1921/2500 VUs  02m50.9s/10m0s  500.00 iters/s

running (02m51.9s), 1992/2500 VUs, 52906 complete and 0 interrupted iterations
constant_load   [  29% ] 1992/2500 VUs  02m51.9s/10m0s  500.00 iters/s

running (02m52.9s), 2123/2500 VUs, 53275 complete and 0 interrupted iterations
constant_load   [  29% ] 2123/2500 VUs  02m52.9s/10m0s  500.00 iters/s

running (02m53.9s), 2059/2500 VUs, 53839 complete and 0 interrupted iterations
constant_load   [  29% ] 2059/2500 VUs  02m53.9s/10m0s  500.00 iters/s

running (02m54.9s), 1967/2500 VUs, 54431 complete and 0 interrupted iterations
constant_load   [  29% ] 1967/2500 VUs  02m54.9s/10m0s  500.00 iters/s

running (02m55.9s), 1884/2500 VUs, 55013 complete and 0 interrupted iterations
constant_load   [  29% ] 1884/2500 VUs  02m55.9s/10m0s  500.00 iters/s

running (02m56.9s), 2083/2500 VUs, 55314 complete and 0 interrupted iterations
constant_load   [  29% ] 2084/2500 VUs  02m56.9s/10m0s  500.00 iters/s

running (02m57.9s), 2224/2500 VUs, 55674 complete and 0 interrupted iterations
constant_load   [  30% ] 2224/2500 VUs  02m57.9s/10m0s  500.00 iters/s

running (02m58.9s), 1984/2500 VUs, 56414 complete and 0 interrupted iterations
constant_load   [  30% ] 1984/2500 VUs  02m58.9s/10m0s  500.00 iters/s

running (02m59.9s), 2015/2500 VUs, 56883 complete and 0 interrupted iterations
constant_load   [  30% ] 2015/2500 VUs  02m59.9s/10m0s  500.00 iters/s

running (03m00.9s), 1751/2500 VUs, 57648 complete and 0 interrupted iterations
constant_load   [  30% ] 1751/2500 VUs  03m00.9s/10m0s  500.00 iters/s

running (03m01.9s), 1146/2500 VUs, 58751 complete and 0 interrupted iterations
constant_load   [  30% ] 1146/2500 VUs  03m01.9s/10m0s  500.00 iters/s

running (03m02.9s), 1487/2500 VUs, 58911 complete and 0 interrupted iterations
constant_load   [  30% ] 1487/2500 VUs  03m02.9s/10m0s  500.00 iters/s

running (03m03.9s), 1798/2500 VUs, 59100 complete and 0 interrupted iterations
constant_load   [  31% ] 1798/2500 VUs  03m03.9s/10m0s  500.00 iters/s

running (03m04.9s), 1916/2500 VUs, 59482 complete and 0 interrupted iterations
constant_load   [  31% ] 1916/2500 VUs  03m04.9s/10m0s  500.00 iters/s

running (03m05.9s), 1819/2500 VUs, 60079 complete and 0 interrupted iterations
constant_load   [  31% ] 1819/2500 VUs  03m05.9s/10m0s  500.00 iters/s

running (03m06.9s), 2009/2500 VUs, 60389 complete and 0 interrupted iterations
constant_load   [  31% ] 2009/2500 VUs  03m06.9s/10m0s  500.00 iters/s

running (03m07.9s), 2435/2500 VUs, 60463 complete and 0 interrupted iterations
constant_load   [  31% ] 2435/2500 VUs  03m07.9s/10m0s  500.00 iters/s

running (03m08.9s), 2469/2500 VUs, 60841 complete and 0 interrupted iterations
constant_load   [  31% ] 2469/2500 VUs  03m08.9s/10m0s  500.00 iters/s

running (03m09.9s), 2235/2500 VUs, 61406 complete and 0 interrupted iterations
constant_load   [  32% ] 2235/2500 VUs  03m09.9s/10m0s  500.00 iters/s
time="2026-09-05T15:56:46+02:00" level=warning msg="Request Failed" error="Post \"http://k8s-ragplatf-ciliumga-56da93c17a-2adc9d09e1c34b13.elb.eu-central-1.amazonaws.com/api/v1/query\": EOF"
time="2026-09-05T15:56:46+02:00" level=warning msg="Request Failed" error="Post \"http://k8s-ragplatf-ciliumga-56da93c17a-2adc9d09e1c34b13.elb.eu-central-1.amazonaws.com/api/v1/query\": EOF"
time="2026-09-05T15:56:46+02:00" level=warning msg="Request Failed" error="Post \"http://k8s-ragplatf-ciliumga-56da93c17a-2adc9d09e1c34b13.elb.eu-central-1.amazonaws.com/api/v1/query\": EOF"
time="2026-09-05T15:56:46+02:00" level=warning msg="Request Failed" error="Post \"http://k8s-ragplatf-ciliumga-56da93c17a-2adc9d09e1c34b13.elb.eu-central-1.amazonaws.com/api/v1/query\": EOF"
time="2026-09-05T15:56:46+02:00" level=warning msg="Request Failed" error="Post \"http://k8s-ragplatf-ciliumga-56da93c17a-2adc9d09e1c34b13.elb.eu-central-1.amazonaws.com/api/v1/query\": EOF"
time="2026-09-05T15:56:46+02:00" level=warning msg="Request Failed" error="Post \"http://k8s-ragplatf-ciliumga-56da93c17a-2adc9d09e1c34b13.elb.eu-central-1.amazonaws.com/api/v1/query\": EOF"
time="2026-09-05T15:56:46+02:00" level=warning msg="Request Failed" error="Post \"http://k8s-ragplatf-ciliumga-56da93c17a-2adc9d09e1c34b13.elb.eu-central-1.amazonaws.com/api/v1/query\": EOF"
time="2026-09-05T15:56:46+02:00" level=warning msg="Request Failed" error="Post \"http://k8s-ragplatf-ciliumga-56da93c17a-2adc9d09e1c34b13.elb.eu-central-1.amazonaws.com/api/v1/query\": EOF"
time="2026-09-05T15:56:46+02:00" level=warning msg="Request Failed" error="Post \"http://k8s-ragplatf-ciliumga-56da93c17a-2adc9d09e1c34b13.elb.eu-central-1.amazonaws.com/api/v1/query\": EOF"
time="2026-09-05T15:56:46+02:00" level=warning msg="Request Failed" error="Post \"http://k8s-ragplatf-ciliumga-56da93c17a-2adc9d09e1c34b13.elb.eu-central-1.amazonaws.com/api/v1/query\": EOF"
time="2026-09-05T15:56:46+02:00" level=warning msg="Request Failed" error="Post \"http://k8s-ragplatf-ciliumga-56da93c17a-2adc9d09e1c34b13.elb.eu-central-1.amazonaws.com/api/v1/query\": EOF"
time="2026-09-05T15:56:46+02:00" level=warning msg="Request Failed" error="Post \"http://k8s-ragplatf-ciliumga-56da93c17a-2adc9d09e1c34b13.elb.eu-central-1.amazonaws.com/api/v1/query\": EOF"
time="2026-09-05T15:56:46+02:00" level=warning msg="Request Failed" error="Post \"http://k8s-ragplatf-ciliumga-56da93c17a-2adc9d09e1c34b13.elb.eu-central-1.amazonaws.com/api/v1/query\": EOF"
time="2026-09-05T15:56:46+02:00" level=warning msg="Request Failed" error="Post \"http://k8s-ragplatf-ciliumga-56da93c17a-2adc9d09e1c34b13.elb.eu-central-1.amazonaws.com/api/v1/query\": EOF"
time="2026-09-05T15:56:46+02:00" level=warning msg="Request Failed" error="Post \"http://k8s-ragplatf-ciliumga-56da93c17a-2adc9d09e1c34b13.elb.eu-central-1.amazonaws.com/api/v1/query\": EOF"
time="2026-09-05T15:56:46+02:00" level=warning msg="Request Failed" error="Post \"http://k8s-ragplatf-ciliumga-56da93c17a-2adc9d09e1c34b13.elb.eu-central-1.amazonaws.com/api/v1/query\": EOF"
time="2026-09-05T15:56:46+02:00" level=warning msg="Request Failed" error="Post \"http://k8s-ragplatf-ciliumga-56da93c17a-2adc9d09e1c34b13.elb.eu-central-1.amazonaws.com/api/v1/query\": EOF"
time="2026-09-05T15:56:46+02:00" level=warning msg="Request Failed" error="Post \"http://k8s-ragplatf-ciliumga-56da93c17a-2adc9d09e1c34b13.elb.eu-central-1.amazonaws.com/api/v1/query\": EOF"
time="2026-09-05T15:56:46+02:00" level=warning msg="Request Failed" error="Post \"http://k8s-ragplatf-ciliumga-56da93c17a-2adc9d09e1c34b13.elb.eu-central-1.amazonaws.com/api/v1/query\": EOF"
time="2026-09-05T15:56:46+02:00" level=warning msg="Request Failed" error="Post \"http://k8s-ragplatf-ciliumga-56da93c17a-2adc9d09e1c34b13.elb.eu-central-1.amazonaws.com/api/v1/query\": EOF"
time="2026-09-05T15:56:46+02:00" level=warning msg="Request Failed" error="Post \"http://k8s-ragplatf-ciliumga-56da93c17a-2adc9d09e1c34b13.elb.eu-central-1.amazonaws.com/api/v1/query\": EOF"
time="2026-09-05T15:56:46+02:00" level=warning msg="Request Failed" error="Post \"http://k8s-ragplatf-ciliumga-56da93c17a-2adc9d09e1c34b13.elb.eu-central-1.amazonaws.com/api/v1/query\": EOF"
time="2026-09-05T15:56:46+02:00" level=warning msg="Request Failed" error="Post \"http://k8s-ragplatf-ciliumga-56da93c17a-2adc9d09e1c34b13.elb.eu-central-1.amazonaws.com/api/v1/query\": EOF"
time="2026-09-05T15:56:46+02:00" level=warning msg="Request Failed" error="Post \"http://k8s-ragplatf-ciliumga-56da93c17a-2adc9d09e1c34b13.elb.eu-central-1.amazonaws.com/api/v1/query\": EOF"
time="2026-09-05T15:56:46+02:00" level=warning msg="Request Failed" error="Post \"http://k8s-ragplatf-ciliumga-56da93c17a-2adc9d09e1c34b13.elb.eu-central-1.amazonaws.com/api/v1/query\": EOF"
time="2026-09-05T15:56:46+02:00" level=warning msg="Request Failed" error="Post \"http://k8s-ragplatf-ciliumga-56da93c17a-2adc9d09e1c34b13.elb.eu-central-1.amazonaws.com/api/v1/query\": EOF"
time="2026-09-05T15:56:46+02:00" level=warning msg="Request Failed" error="Post \"http://k8s-ragplatf-ciliumga-56da93c17a-2adc9d09e1c34b13.elb.eu-central-1.amazonaws.com/api/v1/query\": EOF"
time="2026-09-05T15:56:46+02:00" level=warning msg="Request Failed" error="Post \"http://k8s-ragplatf-ciliumga-56da93c17a-2adc9d09e1c34b13.elb.eu-central-1.amazonaws.com/api/v1/query\": EOF"
time="2026-09-05T15:56:46+02:00" level=warning msg="Request Failed" error="Post \"http://k8s-ragplatf-ciliumga-56da93c17a-2adc9d09e1c34b13.elb.eu-central-1.amazonaws.com/api/v1/query\": EOF"
time="2026-09-05T15:56:46+02:00" level=warning msg="Request Failed" error="Post \"http://k8s-ragplatf-ciliumga-56da93c17a-2adc9d09e1c34b13.elb.eu-central-1.amazonaws.com/api/v1/query\": EOF"
time="2026-09-05T15:56:46+02:00" level=warning msg="Request Failed" error="Post \"http://k8s-ragplatf-ciliumga-56da93c17a-2adc9d09e1c34b13.elb.eu-central-1.amazonaws.com/api/v1/query\": EOF"
time="2026-09-05T15:56:46+02:00" level=warning msg="Request Failed" error="Post \"http://k8s-ragplatf-ciliumga-56da93c17a-2adc9d09e1c34b13.elb.eu-central-1.amazonaws.com/api/v1/query\": EOF"
time="2026-09-05T15:56:46+02:00" level=warning msg="Request Failed" error="Post \"http://k8s-ragplatf-ciliumga-56da93c17a-2adc9d09e1c34b13.elb.eu-central-1.amazonaws.com/api/v1/query\": EOF"
time="2026-09-05T15:56:46+02:00" level=warning msg="Request Failed" error="Post \"http://k8s-ragplatf-ciliumga-56da93c17a-2adc9d09e1c34b13.elb.eu-central-1.amazonaws.com/api/v1/query\": EOF"
time="2026-09-05T15:56:46+02:00" level=warning msg="Request Failed" error="Post \"http://k8s-ragplatf-ciliumga-56da93c17a-2adc9d09e1c34b13.elb.eu-central-1.amazonaws.com/api/v1/query\": EOF"
time="2026-09-05T15:56:46+02:00" level=warning msg="Request Failed" error="Post \"http://k8s-ragplatf-ciliumga-56da93c17a-2adc9d09e1c34b13.elb.eu-central-1.amazonaws.com/api/v1/query\": EOF"
time="2026-09-05T15:56:46+02:00" level=warning msg="Request Failed" error="Post \"http://k8s-ragplatf-ciliumga-56da93c17a-2adc9d09e1c34b13.elb.eu-central-1.amazonaws.com/api/v1/query\": EOF"
time="2026-09-05T15:56:46+02:00" level=warning msg="Request Failed" error="Post \"http://k8s-ragplatf-ciliumga-56da93c17a-2adc9d09e1c34b13.elb.eu-central-1.amazonaws.com/api/v1/query\": EOF"
time="2026-09-05T15:56:46+02:00" level=warning msg="Request Failed" error="Post \"http://k8s-ragplatf-ciliumga-56da93c17a-2adc9d09e1c34b13.elb.eu-central-1.amazonaws.com/api/v1/query\": EOF"
time="2026-09-05T15:56:46+02:00" level=warning msg="Request Failed" error="Post \"http://k8s-ragplatf-ciliumga-56da93c17a-2adc9d09e1c34b13.elb.eu-central-1.amazonaws.com/api/v1/query\": EOF"
time="2026-09-05T15:56:46+02:00" level=warning msg="Request Failed" error="Post \"http://k8s-ragplatf-ciliumga-56da93c17a-2adc9d09e1c34b13.elb.eu-central-1.amazonaws.com/api/v1/query\": EOF"
time="2026-09-05T15:56:46+02:00" level=warning msg="Request Failed" error="Post \"http://k8s-ragplatf-ciliumga-56da93c17a-2adc9d09e1c34b13.elb.eu-central-1.amazonaws.com/api/v1/query\": EOF"
time="2026-09-05T15:56:46+02:00" level=warning msg="Request Failed" error="Post \"http://k8s-ragplatf-ciliumga-56da93c17a-2adc9d09e1c34b13.elb.eu-central-1.amazonaws.com/api/v1/query\": EOF"
time="2026-09-05T15:56:46+02:00" level=warning msg="Request Failed" error="Post \"http://k8s-ragplatf-ciliumga-56da93c17a-2adc9d09e1c34b13.elb.eu-central-1.amazonaws.com/api/v1/query\": EOF"
time="2026-09-05T15:56:46+02:00" level=warning msg="Request Failed" error="Post \"http://k8s-ragplatf-ciliumga-56da93c17a-2adc9d09e1c34b13.elb.eu-central-1.amazonaws.com/api/v1/query\": EOF"
time="2026-09-05T15:56:46+02:00" level=warning msg="Request Failed" error="Post \"http://k8s-ragplatf-ciliumga-56da93c17a-2adc9d09e1c34b13.elb.eu-central-1.amazonaws.com/api/v1/query\": EOF"
time="2026-09-05T15:56:46+02:00" level=warning msg="Request Failed" error="Post \"http://k8s-ragplatf-ciliumga-56da93c17a-2adc9d09e1c34b13.elb.eu-central-1.amazonaws.com/api/v1/query\": EOF"
time="2026-09-05T15:56:46+02:00" level=warning msg="Request Failed" error="Post \"http://k8s-ragplatf-ciliumga-56da93c17a-2adc9d09e1c34b13.elb.eu-central-1.amazonaws.com/api/v1/query\": EOF"
time="2026-09-05T15:56:46+02:00" level=warning msg="Request Failed" error="Post \"http://k8s-ragplatf-ciliumga-56da93c17a-2adc9d09e1c34b13.elb.eu-central-1.amazonaws.com/api/v1/query\": EOF"
time="2026-09-05T15:56:46+02:00" level=warning msg="Request Failed" error="Post \"http://k8s-ragplatf-ciliumga-56da93c17a-2adc9d09e1c34b13.elb.eu-central-1.amazonaws.com/api/v1/query\": EOF"
time="2026-09-05T15:56:46+02:00" level=warning msg="Request Failed" error="Post \"http://k8s-ragplatf-ciliumga-56da93c17a-2adc9d09e1c34b13.elb.eu-central-1.amazonaws.com/api/v1/query\": EOF"
time="2026-09-05T15:56:46+02:00" level=warning msg="Request Failed" error="Post \"http://k8s-ragplatf-ciliumga-56da93c17a-2adc9d09e1c34b13.elb.eu-central-1.amazonaws.com/api/v1/query\": EOF"
time="2026-09-05T15:56:46+02:00" level=warning msg="Request Failed" error="Post \"http://k8s-ragplatf-ciliumga-56da93c17a-2adc9d09e1c34b13.elb.eu-central-1.amazonaws.com/api/v1/query\": EOF"
time="2026-09-05T15:56:46+02:00" level=warning msg="Request Failed" error="Post \"http://k8s-ragplatf-ciliumga-56da93c17a-2adc9d09e1c34b13.elb.eu-central-1.amazonaws.com/api/v1/query\": EOF"
time="2026-09-05T15:56:46+02:00" level=warning msg="Request Failed" error="Post \"http://k8s-ragplatf-ciliumga-56da93c17a-2adc9d09e1c34b13.elb.eu-central-1.amazonaws.com/api/v1/query\": EOF"
time="2026-09-05T15:56:46+02:00" level=warning msg="Request Failed" error="Post \"http://k8s-ragplatf-ciliumga-56da93c17a-2adc9d09e1c34b13.elb.eu-central-1.amazonaws.com/api/v1/query\": EOF"
time="2026-09-05T15:56:46+02:00" level=warning msg="Request Failed" error="Post \"http://k8s-ragplatf-ciliumga-56da93c17a-2adc9d09e1c34b13.elb.eu-central-1.amazonaws.com/api/v1/query\": EOF"
time="2026-09-05T15:56:46+02:00" level=warning msg="Request Failed" error="Post \"http://k8s-ragplatf-ciliumga-56da93c17a-2adc9d09e1c34b13.elb.eu-central-1.amazonaws.com/api/v1/query\": EOF"
time="2026-09-05T15:56:46+02:00" level=warning msg="Request Failed" error="Post \"http://k8s-ragplatf-ciliumga-56da93c17a-2adc9d09e1c34b13.elb.eu-central-1.amazonaws.com/api/v1/query\": EOF"
time="2026-09-05T15:56:46+02:00" level=warning msg="Request Failed" error="Post \"http://k8s-ragplatf-ciliumga-56da93c17a-2adc9d09e1c34b13.elb.eu-central-1.amazonaws.com/api/v1/query\": EOF"
time="2026-09-05T15:56:46+02:00" level=warning msg="Request Failed" error="Post \"http://k8s-ragplatf-ciliumga-56da93c17a-2adc9d09e1c34b13.elb.eu-central-1.amazonaws.com/api/v1/query\": EOF"
time="2026-09-05T15:56:46+02:00" level=warning msg="Request Failed" error="Post \"http://k8s-ragplatf-ciliumga-56da93c17a-2adc9d09e1c34b13.elb.eu-central-1.amazonaws.com/api/v1/query\": EOF"
time="2026-09-05T15:56:46+02:00" level=warning msg="Request Failed" error="Post \"http://k8s-ragplatf-ciliumga-56da93c17a-2adc9d09e1c34b13.elb.eu-central-1.amazonaws.com/api/v1/query\": EOF"
time="2026-09-05T15:56:46+02:00" level=warning msg="Request Failed" error="Post \"http://k8s-ragplatf-ciliumga-56da93c17a-2adc9d09e1c34b13.elb.eu-central-1.amazonaws.com/api/v1/query\": EOF"
time="2026-09-05T15:56:46+02:00" level=warning msg="Request Failed" error="Post \"http://k8s-ragplatf-ciliumga-56da93c17a-2adc9d09e1c34b13.elb.eu-central-1.amazonaws.com/api/v1/query\": EOF"
time="2026-09-05T15:56:46+02:00" level=warning msg="Request Failed" error="Post \"http://k8s-ragplatf-ciliumga-56da93c17a-2adc9d09e1c34b13.elb.eu-central-1.amazonaws.com/api/v1/query\": EOF"
time="2026-09-05T15:56:46+02:00" level=warning msg="Request Failed" error="Post \"http://k8s-ragplatf-ciliumga-56da93c17a-2adc9d09e1c34b13.elb.eu-central-1.amazonaws.com/api/v1/query\": EOF"
time="2026-09-05T15:56:46+02:00" level=warning msg="Request Failed" error="Post \"http://k8s-ragplatf-ciliumga-56da93c17a-2adc9d09e1c34b13.elb.eu-central-1.amazonaws.com/api/v1/query\": EOF"
time="2026-09-05T15:56:46+02:00" level=warning msg="Request Failed" error="Post \"http://k8s-ragplatf-ciliumga-56da93c17a-2adc9d09e1c34b13.elb.eu-central-1.amazonaws.com/api/v1/query\": EOF"
time="2026-09-05T15:56:46+02:00" level=warning msg="Request Failed" error="Post \"http://k8s-ragplatf-ciliumga-56da93c17a-2adc9d09e1c34b13.elb.eu-central-1.amazonaws.com/api/v1/query\": EOF"
time="2026-09-05T15:56:46+02:00" level=warning msg="Request Failed" error="Post \"http://k8s-ragplatf-ciliumga-56da93c17a-2adc9d09e1c34b13.elb.eu-central-1.amazonaws.com/api/v1/query\": EOF"
time="2026-09-05T15:56:46+02:00" level=warning msg="Request Failed" error="Post \"http://k8s-ragplatf-ciliumga-56da93c17a-2adc9d09e1c34b13.elb.eu-central-1.amazonaws.com/api/v1/query\": EOF"
time="2026-09-05T15:56:46+02:00" level=warning msg="Request Failed" error="Post \"http://k8s-ragplatf-ciliumga-56da93c17a-2adc9d09e1c34b13.elb.eu-central-1.amazonaws.com/api/v1/query\": EOF"
time="2026-09-05T15:56:46+02:00" level=warning msg="Request Failed" error="Post \"http://k8s-ragplatf-ciliumga-56da93c17a-2adc9d09e1c34b13.elb.eu-central-1.amazonaws.com/api/v1/query\": EOF"
time="2026-09-05T15:56:46+02:00" level=warning msg="Request Failed" error="Post \"http://k8s-ragplatf-ciliumga-56da93c17a-2adc9d09e1c34b13.elb.eu-central-1.amazonaws.com/api/v1/query\": EOF"
time="2026-09-05T15:56:46+02:00" level=warning msg="Request Failed" error="Post \"http://k8s-ragplatf-ciliumga-56da93c17a-2adc9d09e1c34b13.elb.eu-central-1.amazonaws.com/api/v1/query\": EOF"
time="2026-09-05T15:56:46+02:00" level=warning msg="Request Failed" error="Post \"http://k8s-ragplatf-ciliumga-56da93c17a-2adc9d09e1c34b13.elb.eu-central-1.amazonaws.com/api/v1/query\": EOF"
time="2026-09-05T15:56:46+02:00" level=warning msg="Request Failed" error="Post \"http://k8s-ragplatf-ciliumga-56da93c17a-2adc9d09e1c34b13.elb.eu-central-1.amazonaws.com/api/v1/query\": EOF"
time="2026-09-05T15:56:46+02:00" level=warning msg="Request Failed" error="Post \"http://k8s-ragplatf-ciliumga-56da93c17a-2adc9d09e1c34b13.elb.eu-central-1.amazonaws.com/api/v1/query\": EOF"
time="2026-09-05T15:56:46+02:00" level=warning msg="Request Failed" error="Post \"http://k8s-ragplatf-ciliumga-56da93c17a-2adc9d09e1c34b13.elb.eu-central-1.amazonaws.com/api/v1/query\": EOF"
time="2026-09-05T15:56:46+02:00" level=warning msg="Request Failed" error="Post \"http://k8s-ragplatf-ciliumga-56da93c17a-2adc9d09e1c34b13.elb.eu-central-1.amazonaws.com/api/v1/query\": EOF"
time="2026-09-05T15:56:46+02:00" level=warning msg="Request Failed" error="Post \"http://k8s-ragplatf-ciliumga-56da93c17a-2adc9d09e1c34b13.elb.eu-central-1.amazonaws.com/api/v1/query\": EOF"
time="2026-09-05T15:56:46+02:00" level=warning msg="Request Failed" error="Post \"http://k8s-ragplatf-ciliumga-56da93c17a-2adc9d09e1c34b13.elb.eu-central-1.amazonaws.com/api/v1/query\": EOF"
time="2026-09-05T15:56:46+02:00" level=warning msg="Request Failed" error="Post \"http://k8s-ragplatf-ciliumga-56da93c17a-2adc9d09e1c34b13.elb.eu-central-1.amazonaws.com/api/v1/query\": EOF"
time="2026-09-05T15:56:46+02:00" level=warning msg="Request Failed" error="Post \"http://k8s-ragplatf-ciliumga-56da93c17a-2adc9d09e1c34b13.elb.eu-central-1.amazonaws.com/api/v1/query\": EOF"
time="2026-09-05T15:56:46+02:00" level=warning msg="Request Failed" error="Post \"http://k8s-ragplatf-ciliumga-56da93c17a-2adc9d09e1c34b13.elb.eu-central-1.amazonaws.com/api/v1/query\": EOF"
time="2026-09-05T15:56:46+02:00" level=warning msg="Request Failed" error="Post \"http://k8s-ragplatf-ciliumga-56da93c17a-2adc9d09e1c34b13.elb.eu-central-1.amazonaws.com/api/v1/query\": EOF"
time="2026-09-05T15:56:46+02:00" level=warning msg="Request Failed" error="Post \"http://k8s-ragplatf-ciliumga-56da93c17a-2adc9d09e1c34b13.elb.eu-central-1.amazonaws.com/api/v1/query\": EOF"
time="2026-09-05T15:56:46+02:00" level=warning msg="Request Failed" error="Post \"http://k8s-ragplatf-ciliumga-56da93c17a-2adc9d09e1c34b13.elb.eu-central-1.amazonaws.com/api/v1/query\": EOF"
time="2026-09-05T15:56:46+02:00" level=warning msg="Request Failed" error="Post \"http://k8s-ragplatf-ciliumga-56da93c17a-2adc9d09e1c34b13.elb.eu-central-1.amazonaws.com/api/v1/query\": EOF"
time="2026-09-05T15:56:46+02:00" level=warning msg="Request Failed" error="Post \"http://k8s-ragplatf-ciliumga-56da93c17a-2adc9d09e1c34b13.elb.eu-central-1.amazonaws.com/api/v1/query\": EOF"
time="2026-09-05T15:56:46+02:00" level=warning msg="Request Failed" error="Post \"http://k8s-ragplatf-ciliumga-56da93c17a-2adc9d09e1c34b13.elb.eu-central-1.amazonaws.com/api/v1/query\": EOF"
time="2026-09-05T15:56:46+02:00" level=warning msg="Request Failed" error="Post \"http://k8s-ragplatf-ciliumga-56da93c17a-2adc9d09e1c34b13.elb.eu-central-1.amazonaws.com/api/v1/query\": EOF"
time="2026-09-05T15:56:46+02:00" level=warning msg="Request Failed" error="Post \"http://k8s-ragplatf-ciliumga-56da93c17a-2adc9d09e1c34b13.elb.eu-central-1.amazonaws.com/api/v1/query\": EOF"
time="2026-09-05T15:56:46+02:00" level=warning msg="Request Failed" error="Post \"http://k8s-ragplatf-ciliumga-56da93c17a-2adc9d09e1c34b13.elb.eu-central-1.amazonaws.com/api/v1/query\": EOF"
time="2026-09-05T15:56:46+02:00" level=warning msg="Request Failed" error="Post \"http://k8s-ragplatf-ciliumga-56da93c17a-2adc9d09e1c34b13.elb.eu-central-1.amazonaws.com/api/v1/query\": EOF"
time="2026-09-05T15:56:46+02:00" level=warning msg="Request Failed" error="Post \"http://k8s-ragplatf-ciliumga-56da93c17a-2adc9d09e1c34b13.elb.eu-central-1.amazonaws.com/api/v1/query\": EOF"
time="2026-09-05T15:56:46+02:00" level=warning msg="Request Failed" error="Post \"http://k8s-ragplatf-ciliumga-56da93c17a-2adc9d09e1c34b13.elb.eu-central-1.amazonaws.com/api/v1/query\": EOF"
time="2026-09-05T15:56:46+02:00" level=warning msg="Request Failed" error="Post \"http://k8s-ragplatf-ciliumga-56da93c17a-2adc9d09e1c34b13.elb.eu-central-1.amazonaws.com/api/v1/query\": EOF"
time="2026-09-05T15:56:46+02:00" level=warning msg="Request Failed" error="Post \"http://k8s-ragplatf-ciliumga-56da93c17a-2adc9d09e1c34b13.elb.eu-central-1.amazonaws.com/api/v1/query\": EOF"
time="2026-09-05T15:56:46+02:00" level=warning msg="Request Failed" error="Post \"http://k8s-ragplatf-ciliumga-56da93c17a-2adc9d09e1c34b13.elb.eu-central-1.amazonaws.com/api/v1/query\": EOF"
time="2026-09-05T15:56:46+02:00" level=warning msg="Request Failed" error="Post \"http://k8s-ragplatf-ciliumga-56da93c17a-2adc9d09e1c34b13.elb.eu-central-1.amazonaws.com/api/v1/query\": EOF"
time="2026-09-05T15:56:46+02:00" level=warning msg="Request Failed" error="Post \"http://k8s-ragplatf-ciliumga-56da93c17a-2adc9d09e1c34b13.elb.eu-central-1.amazonaws.com/api/v1/query\": EOF"
time="2026-09-05T15:56:46+02:00" level=warning msg="Request Failed" error="Post \"http://k8s-ragplatf-ciliumga-56da93c17a-2adc9d09e1c34b13.elb.eu-central-1.amazonaws.com/api/v1/query\": EOF"
time="2026-09-05T15:56:46+02:00" level=warning msg="Request Failed" error="Post \"http://k8s-ragplatf-ciliumga-56da93c17a-2adc9d09e1c34b13.elb.eu-central-1.amazonaws.com/api/v1/query\": EOF"
time="2026-09-05T15:56:46+02:00" level=warning msg="Request Failed" error="Post \"http://k8s-ragplatf-ciliumga-56da93c17a-2adc9d09e1c34b13.elb.eu-central-1.amazonaws.com/api/v1/query\": EOF"
time="2026-09-05T15:56:46+02:00" level=warning msg="Request Failed" error="Post \"http://k8s-ragplatf-ciliumga-56da93c17a-2adc9d09e1c34b13.elb.eu-central-1.amazonaws.com/api/v1/query\": EOF"
time="2026-09-05T15:56:46+02:00" level=warning msg="Request Failed" error="Post \"http://k8s-ragplatf-ciliumga-56da93c17a-2adc9d09e1c34b13.elb.eu-central-1.amazonaws.com/api/v1/query\": EOF"
time="2026-09-05T15:56:46+02:00" level=warning msg="Request Failed" error="Post \"http://k8s-ragplatf-ciliumga-56da93c17a-2adc9d09e1c34b13.elb.eu-central-1.amazonaws.com/api/v1/query\": EOF"
time="2026-09-05T15:56:46+02:00" level=warning msg="Request Failed" error="Post \"http://k8s-ragplatf-ciliumga-56da93c17a-2adc9d09e1c34b13.elb.eu-central-1.amazonaws.com/api/v1/query\": EOF"
time="2026-09-05T15:56:46+02:00" level=warning msg="Request Failed" error="Post \"http://k8s-ragplatf-ciliumga-56da93c17a-2adc9d09e1c34b13.elb.eu-central-1.amazonaws.com/api/v1/query\": EOF"
time="2026-09-05T15:56:46+02:00" level=warning msg="Request Failed" error="Post \"http://k8s-ragplatf-ciliumga-56da93c17a-2adc9d09e1c34b13.elb.eu-central-1.amazonaws.com/api/v1/query\": EOF"
time="2026-09-05T15:56:46+02:00" level=warning msg="Request Failed" error="Post \"http://k8s-ragplatf-ciliumga-56da93c17a-2adc9d09e1c34b13.elb.eu-central-1.amazonaws.com/api/v1/query\": EOF"
time="2026-09-05T15:56:46+02:00" level=warning msg="Request Failed" error="Post \"http://k8s-ragplatf-ciliumga-56da93c17a-2adc9d09e1c34b13.elb.eu-central-1.amazonaws.com/api/v1/query\": EOF"
time="2026-09-05T15:56:46+02:00" level=warning msg="Request Failed" error="Post \"http://k8s-ragplatf-ciliumga-56da93c17a-2adc9d09e1c34b13.elb.eu-central-1.amazonaws.com/api/v1/query\": EOF"
time="2026-09-05T15:56:46+02:00" level=warning msg="Request Failed" error="Post \"http://k8s-ragplatf-ciliumga-56da93c17a-2adc9d09e1c34b13.elb.eu-central-1.amazonaws.com/api/v1/query\": EOF"
time="2026-09-05T15:56:46+02:00" level=warning msg="Request Failed" error="Post \"http://k8s-ragplatf-ciliumga-56da93c17a-2adc9d09e1c34b13.elb.eu-central-1.amazonaws.com/api/v1/query\": EOF"
time="2026-09-05T15:56:46+02:00" level=warning msg="Request Failed" error="Post \"http://k8s-ragplatf-ciliumga-56da93c17a-2adc9d09e1c34b13.elb.eu-central-1.amazonaws.com/api/v1/query\": EOF"
time="2026-09-05T15:56:46+02:00" level=warning msg="Request Failed" error="Post \"http://k8s-ragplatf-ciliumga-56da93c17a-2adc9d09e1c34b13.elb.eu-central-1.amazonaws.com/api/v1/query\": EOF"
time="2026-09-05T15:56:46+02:00" level=warning msg="Request Failed" error="Post \"http://k8s-ragplatf-ciliumga-56da93c17a-2adc9d09e1c34b13.elb.eu-central-1.amazonaws.com/api/v1/query\": EOF"
time="2026-09-05T15:56:46+02:00" level=warning msg="Request Failed" error="Post \"http://k8s-ragplatf-ciliumga-56da93c17a-2adc9d09e1c34b13.elb.eu-central-1.amazonaws.com/api/v1/query\": EOF"
time="2026-09-05T15:56:46+02:00" level=warning msg="Request Failed" error="Post \"http://k8s-ragplatf-ciliumga-56da93c17a-2adc9d09e1c34b13.elb.eu-central-1.amazonaws.com/api/v1/query\": EOF"
time="2026-09-05T15:56:46+02:00" level=warning msg="Request Failed" error="Post \"http://k8s-ragplatf-ciliumga-56da93c17a-2adc9d09e1c34b13.elb.eu-central-1.amazonaws.com/api/v1/query\": EOF"
time="2026-09-05T15:56:46+02:00" level=warning msg="Request Failed" error="Post \"http://k8s-ragplatf-ciliumga-56da93c17a-2adc9d09e1c34b13.elb.eu-central-1.amazonaws.com/api/v1/query\": EOF"
time="2026-09-05T15:56:46+02:00" level=warning msg="Request Failed" error="Post \"http://k8s-ragplatf-ciliumga-56da93c17a-2adc9d09e1c34b13.elb.eu-central-1.amazonaws.com/api/v1/query\": EOF"
time="2026-09-05T15:56:46+02:00" level=warning msg="Request Failed" error="Post \"http://k8s-ragplatf-ciliumga-56da93c17a-2adc9d09e1c34b13.elb.eu-central-1.amazonaws.com/api/v1/query\": EOF"
time="2026-09-05T15:56:46+02:00" level=warning msg="Request Failed" error="Post \"http://k8s-ragplatf-ciliumga-56da93c17a-2adc9d09e1c34b13.elb.eu-central-1.amazonaws.com/api/v1/query\": EOF"
time="2026-09-05T15:56:46+02:00" level=warning msg="Request Failed" error="Post \"http://k8s-ragplatf-ciliumga-56da93c17a-2adc9d09e1c34b13.elb.eu-central-1.amazonaws.com/api/v1/query\": EOF"
time="2026-09-05T15:56:46+02:00" level=warning msg="Request Failed" error="Post \"http://k8s-ragplatf-ciliumga-56da93c17a-2adc9d09e1c34b13.elb.eu-central-1.amazonaws.com/api/v1/query\": EOF"
time="2026-09-05T15:56:46+02:00" level=warning msg="Request Failed" error="Post \"http://k8s-ragplatf-ciliumga-56da93c17a-2adc9d09e1c34b13.elb.eu-central-1.amazonaws.com/api/v1/query\": EOF"
time="2026-09-05T15:56:46+02:00" level=warning msg="Request Failed" error="Post \"http://k8s-ragplatf-ciliumga-56da93c17a-2adc9d09e1c34b13.elb.eu-central-1.amazonaws.com/api/v1/query\": EOF"
time="2026-09-05T15:56:46+02:00" level=warning msg="Request Failed" error="Post \"http://k8s-ragplatf-ciliumga-56da93c17a-2adc9d09e1c34b13.elb.eu-central-1.amazonaws.com/api/v1/query\": EOF"
time="2026-09-05T15:56:46+02:00" level=warning msg="Request Failed" error="Post \"http://k8s-ragplatf-ciliumga-56da93c17a-2adc9d09e1c34b13.elb.eu-central-1.amazonaws.com/api/v1/query\": EOF"
time="2026-09-05T15:56:46+02:00" level=warning msg="Request Failed" error="Post \"http://k8s-ragplatf-ciliumga-56da93c17a-2adc9d09e1c34b13.elb.eu-central-1.amazonaws.com/api/v1/query\": EOF"
time="2026-09-05T15:56:46+02:00" level=warning msg="Request Failed" error="Post \"http://k8s-ragplatf-ciliumga-56da93c17a-2adc9d09e1c34b13.elb.eu-central-1.amazonaws.com/api/v1/query\": EOF"
time="2026-09-05T15:56:46+02:00" level=warning msg="Request Failed" error="Post \"http://k8s-ragplatf-ciliumga-56da93c17a-2adc9d09e1c34b13.elb.eu-central-1.amazonaws.com/api/v1/query\": EOF"
time="2026-09-05T15:56:46+02:00" level=warning msg="Request Failed" error="Post \"http://k8s-ragplatf-ciliumga-56da93c17a-2adc9d09e1c34b13.elb.eu-central-1.amazonaws.com/api/v1/query\": EOF"
time="2026-09-05T15:56:46+02:00" level=warning msg="Request Failed" error="Post \"http://k8s-ragplatf-ciliumga-56da93c17a-2adc9d09e1c34b13.elb.eu-central-1.amazonaws.com/api/v1/query\": EOF"
time="2026-09-05T15:56:46+02:00" level=warning msg="Request Failed" error="Post \"http://k8s-ragplatf-ciliumga-56da93c17a-2adc9d09e1c34b13.elb.eu-central-1.amazonaws.com/api/v1/query\": EOF"
time="2026-09-05T15:56:46+02:00" level=warning msg="Request Failed" error="Post \"http://k8s-ragplatf-ciliumga-56da93c17a-2adc9d09e1c34b13.elb.eu-central-1.amazonaws.com/api/v1/query\": EOF"
time="2026-09-05T15:56:46+02:00" level=warning msg="Request Failed" error="Post \"http://k8s-ragplatf-ciliumga-56da93c17a-2adc9d09e1c34b13.elb.eu-central-1.amazonaws.com/api/v1/query\": EOF"
time="2026-09-05T15:56:46+02:00" level=warning msg="Request Failed" error="Post \"http://k8s-ragplatf-ciliumga-56da93c17a-2adc9d09e1c34b13.elb.eu-central-1.amazonaws.com/api/v1/query\": EOF"
time="2026-09-05T15:56:46+02:00" level=warning msg="Request Failed" error="Post \"http://k8s-ragplatf-ciliumga-56da93c17a-2adc9d09e1c34b13.elb.eu-central-1.amazonaws.com/api/v1/query\": EOF"
time="2026-09-05T15:56:46+02:00" level=warning msg="Request Failed" error="Post \"http://k8s-ragplatf-ciliumga-56da93c17a-2adc9d09e1c34b13.elb.eu-central-1.amazonaws.com/api/v1/query\": EOF"
time="2026-09-05T15:56:46+02:00" level=warning msg="Request Failed" error="Post \"http://k8s-ragplatf-ciliumga-56da93c17a-2adc9d09e1c34b13.elb.eu-central-1.amazonaws.com/api/v1/query\": EOF"
time="2026-09-05T15:56:46+02:00" level=warning msg="Request Failed" error="Post \"http://k8s-ragplatf-ciliumga-56da93c17a-2adc9d09e1c34b13.elb.eu-central-1.amazonaws.com/api/v1/query\": EOF"
time="2026-09-05T15:56:46+02:00" level=warning msg="Request Failed" error="Post \"http://k8s-ragplatf-ciliumga-56da93c17a-2adc9d09e1c34b13.elb.eu-central-1.amazonaws.com/api/v1/query\": EOF"
time="2026-09-05T15:56:46+02:00" level=warning msg="Request Failed" error="Post \"http://k8s-ragplatf-ciliumga-56da93c17a-2adc9d09e1c34b13.elb.eu-central-1.amazonaws.com/api/v1/query\": EOF"
time="2026-09-05T15:56:46+02:00" level=warning msg="Request Failed" error="Post \"http://k8s-ragplatf-ciliumga-56da93c17a-2adc9d09e1c34b13.elb.eu-central-1.amazonaws.com/api/v1/query\": EOF"
time="2026-09-05T15:56:46+02:00" level=warning msg="Request Failed" error="Post \"http://k8s-ragplatf-ciliumga-56da93c17a-2adc9d09e1c34b13.elb.eu-central-1.amazonaws.com/api/v1/query\": EOF"
time="2026-09-05T15:56:46+02:00" level=warning msg="Request Failed" error="Post \"http://k8s-ragplatf-ciliumga-56da93c17a-2adc9d09e1c34b13.elb.eu-central-1.amazonaws.com/api/v1/query\": EOF"
time="2026-09-05T15:56:46+02:00" level=warning msg="Request Failed" error="Post \"http://k8s-ragplatf-ciliumga-56da93c17a-2adc9d09e1c34b13.elb.eu-central-1.amazonaws.com/api/v1/query\": EOF"
time="2026-09-05T15:56:46+02:00" level=warning msg="Request Failed" error="Post \"http://k8s-ragplatf-ciliumga-56da93c17a-2adc9d09e1c34b13.elb.eu-central-1.amazonaws.com/api/v1/query\": EOF"
time="2026-09-05T15:56:46+02:00" level=warning msg="Request Failed" error="Post \"http://k8s-ragplatf-ciliumga-56da93c17a-2adc9d09e1c34b13.elb.eu-central-1.amazonaws.com/api/v1/query\": EOF"
time="2026-09-05T15:56:46+02:00" level=warning msg="Request Failed" error="Post \"http://k8s-ragplatf-ciliumga-56da93c17a-2adc9d09e1c34b13.elb.eu-central-1.amazonaws.com/api/v1/query\": EOF"
time="2026-09-05T15:56:46+02:00" level=warning msg="Request Failed" error="Post \"http://k8s-ragplatf-ciliumga-56da93c17a-2adc9d09e1c34b13.elb.eu-central-1.amazonaws.com/api/v1/query\": EOF"
time="2026-09-05T15:56:46+02:00" level=warning msg="Request Failed" error="Post \"http://k8s-ragplatf-ciliumga-56da93c17a-2adc9d09e1c34b13.elb.eu-central-1.amazonaws.com/api/v1/query\": EOF"
time="2026-09-05T15:56:46+02:00" level=warning msg="Request Failed" error="Post \"http://k8s-ragplatf-ciliumga-56da93c17a-2adc9d09e1c34b13.elb.eu-central-1.amazonaws.com/api/v1/query\": EOF"
time="2026-09-05T15:56:46+02:00" level=warning msg="Request Failed" error="Post \"http://k8s-ragplatf-ciliumga-56da93c17a-2adc9d09e1c34b13.elb.eu-central-1.amazonaws.com/api/v1/query\": EOF"
time="2026-09-05T15:56:46+02:00" level=warning msg="Request Failed" error="Post \"http://k8s-ragplatf-ciliumga-56da93c17a-2adc9d09e1c34b13.elb.eu-central-1.amazonaws.com/api/v1/query\": EOF"
time="2026-09-05T15:56:46+02:00" level=warning msg="Request Failed" error="Post \"http://k8s-ragplatf-ciliumga-56da93c17a-2adc9d09e1c34b13.elb.eu-central-1.amazonaws.com/api/v1/query\": EOF"
time="2026-09-05T15:56:46+02:00" level=warning msg="Request Failed" error="Post \"http://k8s-ragplatf-ciliumga-56da93c17a-2adc9d09e1c34b13.elb.eu-central-1.amazonaws.com/api/v1/query\": EOF"
time="2026-09-05T15:56:46+02:00" level=warning msg="Request Failed" error="Post \"http://k8s-ragplatf-ciliumga-56da93c17a-2adc9d09e1c34b13.elb.eu-central-1.amazonaws.com/api/v1/query\": EOF"
time="2026-09-05T15:56:46+02:00" level=warning msg="Request Failed" error="Post \"http://k8s-ragplatf-ciliumga-56da93c17a-2adc9d09e1c34b13.elb.eu-central-1.amazonaws.com/api/v1/query\": EOF"
time="2026-09-05T15:56:46+02:00" level=warning msg="Request Failed" error="Post \"http://k8s-ragplatf-ciliumga-56da93c17a-2adc9d09e1c34b13.elb.eu-central-1.amazonaws.com/api/v1/query\": EOF"
time="2026-09-05T15:56:46+02:00" level=warning msg="Request Failed" error="Post \"http://k8s-ragplatf-ciliumga-56da93c17a-2adc9d09e1c34b13.elb.eu-central-1.amazonaws.com/api/v1/query\": EOF"
time="2026-09-05T15:56:46+02:00" level=warning msg="Request Failed" error="Post \"http://k8s-ragplatf-ciliumga-56da93c17a-2adc9d09e1c34b13.elb.eu-central-1.amazonaws.com/api/v1/query\": EOF"
time="2026-09-05T15:56:46+02:00" level=warning msg="Request Failed" error="Post \"http://k8s-ragplatf-ciliumga-56da93c17a-2adc9d09e1c34b13.elb.eu-central-1.amazonaws.com/api/v1/query\": EOF"
time="2026-09-05T15:56:46+02:00" level=warning msg="Request Failed" error="Post \"http://k8s-ragplatf-ciliumga-56da93c17a-2adc9d09e1c34b13.elb.eu-central-1.amazonaws.com/api/v1/query\": EOF"
time="2026-09-05T15:56:46+02:00" level=warning msg="Request Failed" error="Post \"http://k8s-ragplatf-ciliumga-56da93c17a-2adc9d09e1c34b13.elb.eu-central-1.amazonaws.com/api/v1/query\": EOF"
time="2026-09-05T15:56:46+02:00" level=warning msg="Request Failed" error="Post \"http://k8s-ragplatf-ciliumga-56da93c17a-2adc9d09e1c34b13.elb.eu-central-1.amazonaws.com/api/v1/query\": EOF"
time="2026-09-05T15:56:46+02:00" level=warning msg="Request Failed" error="Post \"http://k8s-ragplatf-ciliumga-56da93c17a-2adc9d09e1c34b13.elb.eu-central-1.amazonaws.com/api/v1/query\": EOF"
time="2026-09-05T15:56:46+02:00" level=warning msg="Request Failed" error="Post \"http://k8s-ragplatf-ciliumga-56da93c17a-2adc9d09e1c34b13.elb.eu-central-1.amazonaws.com/api/v1/query\": EOF"
time="2026-09-05T15:56:46+02:00" level=warning msg="Request Failed" error="Post \"http://k8s-ragplatf-ciliumga-56da93c17a-2adc9d09e1c34b13.elb.eu-central-1.amazonaws.com/api/v1/query\": EOF"
time="2026-09-05T15:56:46+02:00" level=warning msg="Request Failed" error="Post \"http://k8s-ragplatf-ciliumga-56da93c17a-2adc9d09e1c34b13.elb.eu-central-1.amazonaws.com/api/v1/query\": EOF"
time="2026-09-05T15:56:46+02:00" level=warning msg="Request Failed" error="Post \"http://k8s-ragplatf-ciliumga-56da93c17a-2adc9d09e1c34b13.elb.eu-central-1.amazonaws.com/api/v1/query\": EOF"
time="2026-09-05T15:56:46+02:00" level=warning msg="Request Failed" error="Post \"http://k8s-ragplatf-ciliumga-56da93c17a-2adc9d09e1c34b13.elb.eu-central-1.amazonaws.com/api/v1/query\": EOF"
time="2026-09-05T15:56:46+02:00" level=warning msg="Request Failed" error="Post \"http://k8s-ragplatf-ciliumga-56da93c17a-2adc9d09e1c34b13.elb.eu-central-1.amazonaws.com/api/v1/query\": EOF"
time="2026-09-05T15:56:46+02:00" level=warning msg="Request Failed" error="Post \"http://k8s-ragplatf-ciliumga-56da93c17a-2adc9d09e1c34b13.elb.eu-central-1.amazonaws.com/api/v1/query\": EOF"
time="2026-09-05T15:56:46+02:00" level=warning msg="Request Failed" error="Post \"http://k8s-ragplatf-ciliumga-56da93c17a-2adc9d09e1c34b13.elb.eu-central-1.amazonaws.com/api/v1/query\": EOF"
time="2026-09-05T15:56:46+02:00" level=warning msg="Request Failed" error="Post \"http://k8s-ragplatf-ciliumga-56da93c17a-2adc9d09e1c34b13.elb.eu-central-1.amazonaws.com/api/v1/query\": EOF"
time="2026-09-05T15:56:46+02:00" level=warning msg="Request Failed" error="Post \"http://k8s-ragplatf-ciliumga-56da93c17a-2adc9d09e1c34b13.elb.eu-central-1.amazonaws.com/api/v1/query\": EOF"
time="2026-09-05T15:56:46+02:00" level=warning msg="Request Failed" error="Post \"http://k8s-ragplatf-ciliumga-56da93c17a-2adc9d09e1c34b13.elb.eu-central-1.amazonaws.com/api/v1/query\": EOF"
time="2026-09-05T15:56:46+02:00" level=warning msg="Request Failed" error="Post \"http://k8s-ragplatf-ciliumga-56da93c17a-2adc9d09e1c34b13.elb.eu-central-1.amazonaws.com/api/v1/query\": EOF"
time="2026-09-05T15:56:46+02:00" level=warning msg="Request Failed" error="Post \"http://k8s-ragplatf-ciliumga-56da93c17a-2adc9d09e1c34b13.elb.eu-central-1.amazonaws.com/api/v1/query\": EOF"
time="2026-09-05T15:56:46+02:00" level=warning msg="Request Failed" error="Post \"http://k8s-ragplatf-ciliumga-56da93c17a-2adc9d09e1c34b13.elb.eu-central-1.amazonaws.com/api/v1/query\": EOF"
time="2026-09-05T15:56:46+02:00" level=warning msg="Request Failed" error="Post \"http://k8s-ragplatf-ciliumga-56da93c17a-2adc9d09e1c34b13.elb.eu-central-1.amazonaws.com/api/v1/query\": EOF"
time="2026-09-05T15:56:46+02:00" level=warning msg="Request Failed" error="Post \"http://k8s-ragplatf-ciliumga-56da93c17a-2adc9d09e1c34b13.elb.eu-central-1.amazonaws.com/api/v1/query\": EOF"
time="2026-09-05T15:56:46+02:00" level=warning msg="Request Failed" error="Post \"http://k8s-ragplatf-ciliumga-56da93c17a-2adc9d09e1c34b13.elb.eu-central-1.amazonaws.com/api/v1/query\": EOF"
time="2026-09-05T15:56:46+02:00" level=warning msg="Request Failed" error="Post \"http://k8s-ragplatf-ciliumga-56da93c17a-2adc9d09e1c34b13.elb.eu-central-1.amazonaws.com/api/v1/query\": EOF"
time="2026-09-05T15:56:46+02:00" level=warning msg="Request Failed" error="Post \"http://k8s-ragplatf-ciliumga-56da93c17a-2adc9d09e1c34b13.elb.eu-central-1.amazonaws.com/api/v1/query\": EOF"
time="2026-09-05T15:56:46+02:00" level=warning msg="Request Failed" error="Post \"http://k8s-ragplatf-ciliumga-56da93c17a-2adc9d09e1c34b13.elb.eu-central-1.amazonaws.com/api/v1/query\": EOF"
time="2026-09-05T15:56:46+02:00" level=warning msg="Request Failed" error="Post \"http://k8s-ragplatf-ciliumga-56da93c17a-2adc9d09e1c34b13.elb.eu-central-1.amazonaws.com/api/v1/query\": EOF"
time="2026-09-05T15:56:46+02:00" level=warning msg="Request Failed" error="Post \"http://k8s-ragplatf-ciliumga-56da93c17a-2adc9d09e1c34b13.elb.eu-central-1.amazonaws.com/api/v1/query\": EOF"
time="2026-09-05T15:56:46+02:00" level=warning msg="Request Failed" error="Post \"http://k8s-ragplatf-ciliumga-56da93c17a-2adc9d09e1c34b13.elb.eu-central-1.amazonaws.com/api/v1/query\": EOF"
time="2026-09-05T15:56:46+02:00" level=warning msg="Request Failed" error="Post \"http://k8s-ragplatf-ciliumga-56da93c17a-2adc9d09e1c34b13.elb.eu-central-1.amazonaws.com/api/v1/query\": EOF"
time="2026-09-05T15:56:46+02:00" level=warning msg="Request Failed" error="Post \"http://k8s-ragplatf-ciliumga-56da93c17a-2adc9d09e1c34b13.elb.eu-central-1.amazonaws.com/api/v1/query\": EOF"
time="2026-09-05T15:56:46+02:00" level=warning msg="Request Failed" error="Post \"http://k8s-ragplatf-ciliumga-56da93c17a-2adc9d09e1c34b13.elb.eu-central-1.amazonaws.com/api/v1/query\": EOF"
time="2026-09-05T15:56:46+02:00" level=warning msg="Request Failed" error="Post \"http://k8s-ragplatf-ciliumga-56da93c17a-2adc9d09e1c34b13.elb.eu-central-1.amazonaws.com/api/v1/query\": EOF"
time="2026-09-05T15:56:46+02:00" level=warning msg="Request Failed" error="Post \"http://k8s-ragplatf-ciliumga-56da93c17a-2adc9d09e1c34b13.elb.eu-central-1.amazonaws.com/api/v1/query\": EOF"
time="2026-09-05T15:56:46+02:00" level=warning msg="Request Failed" error="Post \"http://k8s-ragplatf-ciliumga-56da93c17a-2adc9d09e1c34b13.elb.eu-central-1.amazonaws.com/api/v1/query\": EOF"
time="2026-09-05T15:56:46+02:00" level=warning msg="Request Failed" error="Post \"http://k8s-ragplatf-ciliumga-56da93c17a-2adc9d09e1c34b13.elb.eu-central-1.amazonaws.com/api/v1/query\": EOF"
time="2026-09-05T15:56:46+02:00" level=warning msg="Request Failed" error="Post \"http://k8s-ragplatf-ciliumga-56da93c17a-2adc9d09e1c34b13.elb.eu-central-1.amazonaws.com/api/v1/query\": EOF"
time="2026-09-05T15:56:46+02:00" level=warning msg="Request Failed" error="Post \"http://k8s-ragplatf-ciliumga-56da93c17a-2adc9d09e1c34b13.elb.eu-central-1.amazonaws.com/api/v1/query\": EOF"
time="2026-09-05T15:56:46+02:00" level=warning msg="Request Failed" error="Post \"http://k8s-ragplatf-ciliumga-56da93c17a-2adc9d09e1c34b13.elb.eu-central-1.amazonaws.com/api/v1/query\": EOF"
time="2026-09-05T15:56:46+02:00" level=warning msg="Request Failed" error="Post \"http://k8s-ragplatf-ciliumga-56da93c17a-2adc9d09e1c34b13.elb.eu-central-1.amazonaws.com/api/v1/query\": EOF"
time="2026-09-05T15:56:46+02:00" level=warning msg="Request Failed" error="Post \"http://k8s-ragplatf-ciliumga-56da93c17a-2adc9d09e1c34b13.elb.eu-central-1.amazonaws.com/api/v1/query\": EOF"
time="2026-09-05T15:56:46+02:00" level=warning msg="Request Failed" error="Post \"http://k8s-ragplatf-ciliumga-56da93c17a-2adc9d09e1c34b13.elb.eu-central-1.amazonaws.com/api/v1/query\": EOF"
time="2026-09-05T15:56:46+02:00" level=warning msg="Request Failed" error="Post \"http://k8s-ragplatf-ciliumga-56da93c17a-2adc9d09e1c34b13.elb.eu-central-1.amazonaws.com/api/v1/query\": EOF"
time="2026-09-05T15:56:46+02:00" level=warning msg="Request Failed" error="Post \"http://k8s-ragplatf-ciliumga-56da93c17a-2adc9d09e1c34b13.elb.eu-central-1.amazonaws.com/api/v1/query\": EOF"
time="2026-09-05T15:56:46+02:00" level=warning msg="Request Failed" error="Post \"http://k8s-ragplatf-ciliumga-56da93c17a-2adc9d09e1c34b13.elb.eu-central-1.amazonaws.com/api/v1/query\": EOF"
time="2026-09-05T15:56:46+02:00" level=warning msg="Request Failed" error="Post \"http://k8s-ragplatf-ciliumga-56da93c17a-2adc9d09e1c34b13.elb.eu-central-1.amazonaws.com/api/v1/query\": EOF"
time="2026-09-05T15:56:46+02:00" level=warning msg="Request Failed" error="Post \"http://k8s-ragplatf-ciliumga-56da93c17a-2adc9d09e1c34b13.elb.eu-central-1.amazonaws.com/api/v1/query\": EOF"
time="2026-09-05T15:56:46+02:00" level=warning msg="Request Failed" error="Post \"http://k8s-ragplatf-ciliumga-56da93c17a-2adc9d09e1c34b13.elb.eu-central-1.amazonaws.com/api/v1/query\": EOF"
time="2026-09-05T15:56:46+02:00" level=warning msg="Request Failed" error="Post \"http://k8s-ragplatf-ciliumga-56da93c17a-2adc9d09e1c34b13.elb.eu-central-1.amazonaws.com/api/v1/query\": EOF"
time="2026-09-05T15:56:46+02:00" level=warning msg="Request Failed" error="Post \"http://k8s-ragplatf-ciliumga-56da93c17a-2adc9d09e1c34b13.elb.eu-central-1.amazonaws.com/api/v1/query\": EOF"
time="2026-09-05T15:56:46+02:00" level=warning msg="Request Failed" error="Post \"http://k8s-ragplatf-ciliumga-56da93c17a-2adc9d09e1c34b13.elb.eu-central-1.amazonaws.com/api/v1/query\": EOF"
time="2026-09-05T15:56:46+02:00" level=warning msg="Request Failed" error="Post \"http://k8s-ragplatf-ciliumga-56da93c17a-2adc9d09e1c34b13.elb.eu-central-1.amazonaws.com/api/v1/query\": EOF"
time="2026-09-05T15:56:46+02:00" level=warning msg="Request Failed" error="Post \"http://k8s-ragplatf-ciliumga-56da93c17a-2adc9d09e1c34b13.elb.eu-central-1.amazonaws.com/api/v1/query\": EOF"
time="2026-09-05T15:56:46+02:00" level=warning msg="Request Failed" error="Post \"http://k8s-ragplatf-ciliumga-56da93c17a-2adc9d09e1c34b13.elb.eu-central-1.amazonaws.com/api/v1/query\": EOF"
time="2026-09-05T15:56:46+02:00" level=warning msg="Request Failed" error="Post \"http://k8s-ragplatf-ciliumga-56da93c17a-2adc9d09e1c34b13.elb.eu-central-1.amazonaws.com/api/v1/query\": EOF"
time="2026-09-05T15:56:46+02:00" level=warning msg="Request Failed" error="Post \"http://k8s-ragplatf-ciliumga-56da93c17a-2adc9d09e1c34b13.elb.eu-central-1.amazonaws.com/api/v1/query\": EOF"
time="2026-09-05T15:56:46+02:00" level=warning msg="Request Failed" error="Post \"http://k8s-ragplatf-ciliumga-56da93c17a-2adc9d09e1c34b13.elb.eu-central-1.amazonaws.com/api/v1/query\": EOF"
time="2026-09-05T15:56:46+02:00" level=warning msg="Request Failed" error="Post \"http://k8s-ragplatf-ciliumga-56da93c17a-2adc9d09e1c34b13.elb.eu-central-1.amazonaws.com/api/v1/query\": EOF"
time="2026-09-05T15:56:46+02:00" level=warning msg="Request Failed" error="Post \"http://k8s-ragplatf-ciliumga-56da93c17a-2adc9d09e1c34b13.elb.eu-central-1.amazonaws.com/api/v1/query\": EOF"
time="2026-09-05T15:56:46+02:00" level=warning msg="Request Failed" error="Post \"http://k8s-ragplatf-ciliumga-56da93c17a-2adc9d09e1c34b13.elb.eu-central-1.amazonaws.com/api/v1/query\": EOF"
time="2026-09-05T15:56:46+02:00" level=warning msg="Request Failed" error="Post \"http://k8s-ragplatf-ciliumga-56da93c17a-2adc9d09e1c34b13.elb.eu-central-1.amazonaws.com/api/v1/query\": EOF"
time="2026-09-05T15:56:46+02:00" level=warning msg="Request Failed" error="Post \"http://k8s-ragplatf-ciliumga-56da93c17a-2adc9d09e1c34b13.elb.eu-central-1.amazonaws.com/api/v1/query\": EOF"
time="2026-09-05T15:56:46+02:00" level=warning msg="Request Failed" error="Post \"http://k8s-ragplatf-ciliumga-56da93c17a-2adc9d09e1c34b13.elb.eu-central-1.amazonaws.com/api/v1/query\": EOF"
time="2026-09-05T15:56:46+02:00" level=warning msg="Request Failed" error="Post \"http://k8s-ragplatf-ciliumga-56da93c17a-2adc9d09e1c34b13.elb.eu-central-1.amazonaws.com/api/v1/query\": EOF"
time="2026-09-05T15:56:46+02:00" level=warning msg="Request Failed" error="Post \"http://k8s-ragplatf-ciliumga-56da93c17a-2adc9d09e1c34b13.elb.eu-central-1.amazonaws.com/api/v1/query\": EOF"
time="2026-09-05T15:56:46+02:00" level=warning msg="Request Failed" error="Post \"http://k8s-ragplatf-ciliumga-56da93c17a-2adc9d09e1c34b13.elb.eu-central-1.amazonaws.com/api/v1/query\": EOF"
time="2026-09-05T15:56:46+02:00" level=warning msg="Request Failed" error="Post \"http://k8s-ragplatf-ciliumga-56da93c17a-2adc9d09e1c34b13.elb.eu-central-1.amazonaws.com/api/v1/query\": EOF"
time="2026-09-05T15:56:46+02:00" level=warning msg="Request Failed" error="Post \"http://k8s-ragplatf-ciliumga-56da93c17a-2adc9d09e1c34b13.elb.eu-central-1.amazonaws.com/api/v1/query\": EOF"
time="2026-09-05T15:56:46+02:00" level=warning msg="Request Failed" error="Post \"http://k8s-ragplatf-ciliumga-56da93c17a-2adc9d09e1c34b13.elb.eu-central-1.amazonaws.com/api/v1/query\": EOF"
time="2026-09-05T15:56:46+02:00" level=warning msg="Request Failed" error="Post \"http://k8s-ragplatf-ciliumga-56da93c17a-2adc9d09e1c34b13.elb.eu-central-1.amazonaws.com/api/v1/query\": EOF"
time="2026-09-05T15:56:46+02:00" level=warning msg="Request Failed" error="Post \"http://k8s-ragplatf-ciliumga-56da93c17a-2adc9d09e1c34b13.elb.eu-central-1.amazonaws.com/api/v1/query\": EOF"
time="2026-09-05T15:56:46+02:00" level=warning msg="Request Failed" error="Post \"http://k8s-ragplatf-ciliumga-56da93c17a-2adc9d09e1c34b13.elb.eu-central-1.amazonaws.com/api/v1/query\": EOF"
time="2026-09-05T15:56:46+02:00" level=warning msg="Request Failed" error="Post \"http://k8s-ragplatf-ciliumga-56da93c17a-2adc9d09e1c34b13.elb.eu-central-1.amazonaws.com/api/v1/query\": EOF"
time="2026-09-05T15:56:46+02:00" level=warning msg="Request Failed" error="Post \"http://k8s-ragplatf-ciliumga-56da93c17a-2adc9d09e1c34b13.elb.eu-central-1.amazonaws.com/api/v1/query\": EOF"
time="2026-09-05T15:56:46+02:00" level=warning msg="Request Failed" error="Post \"http://k8s-ragplatf-ciliumga-56da93c17a-2adc9d09e1c34b13.elb.eu-central-1.amazonaws.com/api/v1/query\": EOF"
time="2026-09-05T15:56:46+02:00" level=warning msg="Request Failed" error="Post \"http://k8s-ragplatf-ciliumga-56da93c17a-2adc9d09e1c34b13.elb.eu-central-1.amazonaws.com/api/v1/query\": EOF"
time="2026-09-05T15:56:46+02:00" level=warning msg="Request Failed" error="Post \"http://k8s-ragplatf-ciliumga-56da93c17a-2adc9d09e1c34b13.elb.eu-central-1.amazonaws.com/api/v1/query\": EOF"
time="2026-09-05T15:56:46+02:00" level=warning msg="Request Failed" error="Post \"http://k8s-ragplatf-ciliumga-56da93c17a-2adc9d09e1c34b13.elb.eu-central-1.amazonaws.com/api/v1/query\": EOF"
time="2026-09-05T15:56:46+02:00" level=warning msg="Request Failed" error="Post \"http://k8s-ragplatf-ciliumga-56da93c17a-2adc9d09e1c34b13.elb.eu-central-1.amazonaws.com/api/v1/query\": EOF"
time="2026-09-05T15:56:46+02:00" level=warning msg="Request Failed" error="Post \"http://k8s-ragplatf-ciliumga-56da93c17a-2adc9d09e1c34b13.elb.eu-central-1.amazonaws.com/api/v1/query\": EOF"
time="2026-09-05T15:56:46+02:00" level=warning msg="Request Failed" error="Post \"http://k8s-ragplatf-ciliumga-56da93c17a-2adc9d09e1c34b13.elb.eu-central-1.amazonaws.com/api/v1/query\": EOF"
time="2026-09-05T15:56:46+02:00" level=warning msg="Request Failed" error="Post \"http://k8s-ragplatf-ciliumga-56da93c17a-2adc9d09e1c34b13.elb.eu-central-1.amazonaws.com/api/v1/query\": EOF"
time="2026-09-05T15:56:46+02:00" level=warning msg="Request Failed" error="Post \"http://k8s-ragplatf-ciliumga-56da93c17a-2adc9d09e1c34b13.elb.eu-central-1.amazonaws.com/api/v1/query\": EOF"
time="2026-09-05T15:56:46+02:00" level=warning msg="Request Failed" error="Post \"http://k8s-ragplatf-ciliumga-56da93c17a-2adc9d09e1c34b13.elb.eu-central-1.amazonaws.com/api/v1/query\": EOF"
time="2026-09-05T15:56:46+02:00" level=warning msg="Request Failed" error="Post \"http://k8s-ragplatf-ciliumga-56da93c17a-2adc9d09e1c34b13.elb.eu-central-1.amazonaws.com/api/v1/query\": EOF"
time="2026-09-05T15:56:46+02:00" level=warning msg="Request Failed" error="Post \"http://k8s-ragplatf-ciliumga-56da93c17a-2adc9d09e1c34b13.elb.eu-central-1.amazonaws.com/api/v1/query\": EOF"
time="2026-09-05T15:56:46+02:00" level=warning msg="Request Failed" error="Post \"http://k8s-ragplatf-ciliumga-56da93c17a-2adc9d09e1c34b13.elb.eu-central-1.amazonaws.com/api/v1/query\": EOF"
time="2026-09-05T15:56:46+02:00" level=warning msg="Request Failed" error="Post \"http://k8s-ragplatf-ciliumga-56da93c17a-2adc9d09e1c34b13.elb.eu-central-1.amazonaws.com/api/v1/query\": EOF"
time="2026-09-05T15:56:46+02:00" level=warning msg="Request Failed" error="Post \"http://k8s-ragplatf-ciliumga-56da93c17a-2adc9d09e1c34b13.elb.eu-central-1.amazonaws.com/api/v1/query\": EOF"
time="2026-09-05T15:56:46+02:00" level=warning msg="Request Failed" error="Post \"http://k8s-ragplatf-ciliumga-56da93c17a-2adc9d09e1c34b13.elb.eu-central-1.amazonaws.com/api/v1/query\": EOF"
time="2026-09-05T15:56:46+02:00" level=warning msg="Request Failed" error="Post \"http://k8s-ragplatf-ciliumga-56da93c17a-2adc9d09e1c34b13.elb.eu-central-1.amazonaws.com/api/v1/query\": EOF"
time="2026-09-05T15:56:46+02:00" level=warning msg="Request Failed" error="Post \"http://k8s-ragplatf-ciliumga-56da93c17a-2adc9d09e1c34b13.elb.eu-central-1.amazonaws.com/api/v1/query\": EOF"
time="2026-09-05T15:56:46+02:00" level=warning msg="Request Failed" error="Post \"http://k8s-ragplatf-ciliumga-56da93c17a-2adc9d09e1c34b13.elb.eu-central-1.amazonaws.com/api/v1/query\": EOF"
time="2026-09-05T15:56:46+02:00" level=warning msg="Request Failed" error="Post \"http://k8s-ragplatf-ciliumga-56da93c17a-2adc9d09e1c34b13.elb.eu-central-1.amazonaws.com/api/v1/query\": EOF"
time="2026-09-05T15:56:46+02:00" level=warning msg="Request Failed" error="Post \"http://k8s-ragplatf-ciliumga-56da93c17a-2adc9d09e1c34b13.elb.eu-central-1.amazonaws.com/api/v1/query\": EOF"
time="2026-09-05T15:56:46+02:00" level=warning msg="Request Failed" error="Post \"http://k8s-ragplatf-ciliumga-56da93c17a-2adc9d09e1c34b13.elb.eu-central-1.amazonaws.com/api/v1/query\": EOF"
time="2026-09-05T15:56:46+02:00" level=warning msg="Request Failed" error="Post \"http://k8s-ragplatf-ciliumga-56da93c17a-2adc9d09e1c34b13.elb.eu-central-1.amazonaws.com/api/v1/query\": EOF"
time="2026-09-05T15:56:46+02:00" level=warning msg="Request Failed" error="Post \"http://k8s-ragplatf-ciliumga-56da93c17a-2adc9d09e1c34b13.elb.eu-central-1.amazonaws.com/api/v1/query\": EOF"
time="2026-09-05T15:56:46+02:00" level=warning msg="Request Failed" error="Post \"http://k8s-ragplatf-ciliumga-56da93c17a-2adc9d09e1c34b13.elb.eu-central-1.amazonaws.com/api/v1/query\": EOF"
time="2026-09-05T15:56:46+02:00" level=warning msg="Request Failed" error="Post \"http://k8s-ragplatf-ciliumga-56da93c17a-2adc9d09e1c34b13.elb.eu-central-1.amazonaws.com/api/v1/query\": EOF"
time="2026-09-05T15:56:46+02:00" level=warning msg="Request Failed" error="Post \"http://k8s-ragplatf-ciliumga-56da93c17a-2adc9d09e1c34b13.elb.eu-central-1.amazonaws.com/api/v1/query\": EOF"
time="2026-09-05T15:56:46+02:00" level=warning msg="Request Failed" error="Post \"http://k8s-ragplatf-ciliumga-56da93c17a-2adc9d09e1c34b13.elb.eu-central-1.amazonaws.com/api/v1/query\": EOF"
time="2026-09-05T15:56:46+02:00" level=warning msg="Request Failed" error="Post \"http://k8s-ragplatf-ciliumga-56da93c17a-2adc9d09e1c34b13.elb.eu-central-1.amazonaws.com/api/v1/query\": EOF"
time="2026-09-05T15:56:46+02:00" level=warning msg="Request Failed" error="Post \"http://k8s-ragplatf-ciliumga-56da93c17a-2adc9d09e1c34b13.elb.eu-central-1.amazonaws.com/api/v1/query\": EOF"
time="2026-09-05T15:56:46+02:00" level=warning msg="Request Failed" error="Post \"http://k8s-ragplatf-ciliumga-56da93c17a-2adc9d09e1c34b13.elb.eu-central-1.amazonaws.com/api/v1/query\": EOF"
time="2026-09-05T15:56:46+02:00" level=warning msg="Request Failed" error="Post \"http://k8s-ragplatf-ciliumga-56da93c17a-2adc9d09e1c34b13.elb.eu-central-1.amazonaws.com/api/v1/query\": EOF"
time="2026-09-05T15:56:46+02:00" level=warning msg="Request Failed" error="Post \"http://k8s-ragplatf-ciliumga-56da93c17a-2adc9d09e1c34b13.elb.eu-central-1.amazonaws.com/api/v1/query\": EOF"
time="2026-09-05T15:56:46+02:00" level=warning msg="Request Failed" error="Post \"http://k8s-ragplatf-ciliumga-56da93c17a-2adc9d09e1c34b13.elb.eu-central-1.amazonaws.com/api/v1/query\": EOF"
time="2026-09-05T15:56:46+02:00" level=warning msg="Request Failed" error="Post \"http://k8s-ragplatf-ciliumga-56da93c17a-2adc9d09e1c34b13.elb.eu-central-1.amazonaws.com/api/v1/query\": EOF"
time="2026-09-05T15:56:46+02:00" level=warning msg="Request Failed" error="Post \"http://k8s-ragplatf-ciliumga-56da93c17a-2adc9d09e1c34b13.elb.eu-central-1.amazonaws.com/api/v1/query\": EOF"
time="2026-09-05T15:56:46+02:00" level=warning msg="Request Failed" error="Post \"http://k8s-ragplatf-ciliumga-56da93c17a-2adc9d09e1c34b13.elb.eu-central-1.amazonaws.com/api/v1/query\": EOF"
time="2026-09-05T15:56:46+02:00" level=warning msg="Request Failed" error="Post \"http://k8s-ragplatf-ciliumga-56da93c17a-2adc9d09e1c34b13.elb.eu-central-1.amazonaws.com/api/v1/query\": EOF"
time="2026-09-05T15:56:46+02:00" level=warning msg="Request Failed" error="Post \"http://k8s-ragplatf-ciliumga-56da93c17a-2adc9d09e1c34b13.elb.eu-central-1.amazonaws.com/api/v1/query\": EOF"
time="2026-09-05T15:56:46+02:00" level=warning msg="Request Failed" error="Post \"http://k8s-ragplatf-ciliumga-56da93c17a-2adc9d09e1c34b13.elb.eu-central-1.amazonaws.com/api/v1/query\": EOF"
time="2026-09-05T15:56:46+02:00" level=warning msg="Request Failed" error="Post \"http://k8s-ragplatf-ciliumga-56da93c17a-2adc9d09e1c34b13.elb.eu-central-1.amazonaws.com/api/v1/query\": EOF"
time="2026-09-05T15:56:46+02:00" level=warning msg="Request Failed" error="Post \"http://k8s-ragplatf-ciliumga-56da93c17a-2adc9d09e1c34b13.elb.eu-central-1.amazonaws.com/api/v1/query\": EOF"
time="2026-09-05T15:56:46+02:00" level=warning msg="Request Failed" error="Post \"http://k8s-ragplatf-ciliumga-56da93c17a-2adc9d09e1c34b13.elb.eu-central-1.amazonaws.com/api/v1/query\": EOF"
time="2026-09-05T15:56:46+02:00" level=warning msg="Request Failed" error="Post \"http://k8s-ragplatf-ciliumga-56da93c17a-2adc9d09e1c34b13.elb.eu-central-1.amazonaws.com/api/v1/query\": EOF"
time="2026-09-05T15:56:46+02:00" level=warning msg="Request Failed" error="Post \"http://k8s-ragplatf-ciliumga-56da93c17a-2adc9d09e1c34b13.elb.eu-central-1.amazonaws.com/api/v1/query\": EOF"
time="2026-09-05T15:56:46+02:00" level=warning msg="Request Failed" error="Post \"http://k8s-ragplatf-ciliumga-56da93c17a-2adc9d09e1c34b13.elb.eu-central-1.amazonaws.com/api/v1/query\": EOF"
time="2026-09-05T15:56:46+02:00" level=warning msg="Request Failed" error="Post \"http://k8s-ragplatf-ciliumga-56da93c17a-2adc9d09e1c34b13.elb.eu-central-1.amazonaws.com/api/v1/query\": EOF"
time="2026-09-05T15:56:46+02:00" level=warning msg="Request Failed" error="Post \"http://k8s-ragplatf-ciliumga-56da93c17a-2adc9d09e1c34b13.elb.eu-central-1.amazonaws.com/api/v1/query\": EOF"
time="2026-09-05T15:56:46+02:00" level=warning msg="Request Failed" error="Post \"http://k8s-ragplatf-ciliumga-56da93c17a-2adc9d09e1c34b13.elb.eu-central-1.amazonaws.com/api/v1/query\": EOF"
time="2026-09-05T15:56:46+02:00" level=warning msg="Request Failed" error="Post \"http://k8s-ragplatf-ciliumga-56da93c17a-2adc9d09e1c34b13.elb.eu-central-1.amazonaws.com/api/v1/query\": EOF"
time="2026-09-05T15:56:46+02:00" level=warning msg="Request Failed" error="Post \"http://k8s-ragplatf-ciliumga-56da93c17a-2adc9d09e1c34b13.elb.eu-central-1.amazonaws.com/api/v1/query\": EOF"
time="2026-09-05T15:56:46+02:00" level=warning msg="Request Failed" error="Post \"http://k8s-ragplatf-ciliumga-56da93c17a-2adc9d09e1c34b13.elb.eu-central-1.amazonaws.com/api/v1/query\": EOF"
time="2026-09-05T15:56:46+02:00" level=warning msg="Request Failed" error="Post \"http://k8s-ragplatf-ciliumga-56da93c17a-2adc9d09e1c34b13.elb.eu-central-1.amazonaws.com/api/v1/query\": EOF"
time="2026-09-05T15:56:46+02:00" level=warning msg="Request Failed" error="Post \"http://k8s-ragplatf-ciliumga-56da93c17a-2adc9d09e1c34b13.elb.eu-central-1.amazonaws.com/api/v1/query\": EOF"
time="2026-09-05T15:56:46+02:00" level=warning msg="Request Failed" error="Post \"http://k8s-ragplatf-ciliumga-56da93c17a-2adc9d09e1c34b13.elb.eu-central-1.amazonaws.com/api/v1/query\": EOF"
time="2026-09-05T15:56:46+02:00" level=warning msg="Request Failed" error="Post \"http://k8s-ragplatf-ciliumga-56da93c17a-2adc9d09e1c34b13.elb.eu-central-1.amazonaws.com/api/v1/query\": EOF"
time="2026-09-05T15:56:46+02:00" level=warning msg="Request Failed" error="Post \"http://k8s-ragplatf-ciliumga-56da93c17a-2adc9d09e1c34b13.elb.eu-central-1.amazonaws.com/api/v1/query\": EOF"
time="2026-09-05T15:56:46+02:00" level=warning msg="Request Failed" error="Post \"http://k8s-ragplatf-ciliumga-56da93c17a-2adc9d09e1c34b13.elb.eu-central-1.amazonaws.com/api/v1/query\": EOF"
time="2026-09-05T15:56:46+02:00" level=warning msg="Request Failed" error="Post \"http://k8s-ragplatf-ciliumga-56da93c17a-2adc9d09e1c34b13.elb.eu-central-1.amazonaws.com/api/v1/query\": EOF"
time="2026-09-05T15:56:46+02:00" level=warning msg="Request Failed" error="Post \"http://k8s-ragplatf-ciliumga-56da93c17a-2adc9d09e1c34b13.elb.eu-central-1.amazonaws.com/api/v1/query\": EOF"
time="2026-09-05T15:56:46+02:00" level=warning msg="Request Failed" error="Post \"http://k8s-ragplatf-ciliumga-56da93c17a-2adc9d09e1c34b13.elb.eu-central-1.amazonaws.com/api/v1/query\": EOF"
time="2026-09-05T15:56:46+02:00" level=warning msg="Request Failed" error="Post \"http://k8s-ragplatf-ciliumga-56da93c17a-2adc9d09e1c34b13.elb.eu-central-1.amazonaws.com/api/v1/query\": EOF"
time="2026-09-05T15:56:46+02:00" level=warning msg="Request Failed" error="Post \"http://k8s-ragplatf-ciliumga-56da93c17a-2adc9d09e1c34b13.elb.eu-central-1.amazonaws.com/api/v1/query\": EOF"
time="2026-09-05T15:56:46+02:00" level=warning msg="Request Failed" error="Post \"http://k8s-ragplatf-ciliumga-56da93c17a-2adc9d09e1c34b13.elb.eu-central-1.amazonaws.com/api/v1/query\": EOF"
time="2026-09-05T15:56:46+02:00" level=warning msg="Request Failed" error="Post \"http://k8s-ragplatf-ciliumga-56da93c17a-2adc9d09e1c34b13.elb.eu-central-1.amazonaws.com/api/v1/query\": EOF"
time="2026-09-05T15:56:46+02:00" level=warning msg="Request Failed" error="Post \"http://k8s-ragplatf-ciliumga-56da93c17a-2adc9d09e1c34b13.elb.eu-central-1.amazonaws.com/api/v1/query\": EOF"
time="2026-09-05T15:56:46+02:00" level=warning msg="Request Failed" error="Post \"http://k8s-ragplatf-ciliumga-56da93c17a-2adc9d09e1c34b13.elb.eu-central-1.amazonaws.com/api/v1/query\": EOF"
time="2026-09-05T15:56:46+02:00" level=warning msg="Request Failed" error="Post \"http://k8s-ragplatf-ciliumga-56da93c17a-2adc9d09e1c34b13.elb.eu-central-1.amazonaws.com/api/v1/query\": EOF"
time="2026-09-05T15:56:46+02:00" level=warning msg="Request Failed" error="Post \"http://k8s-ragplatf-ciliumga-56da93c17a-2adc9d09e1c34b13.elb.eu-central-1.amazonaws.com/api/v1/query\": EOF"
time="2026-09-05T15:56:46+02:00" level=warning msg="Request Failed" error="Post \"http://k8s-ragplatf-ciliumga-56da93c17a-2adc9d09e1c34b13.elb.eu-central-1.amazonaws.com/api/v1/query\": EOF"
time="2026-09-05T15:56:46+02:00" level=warning msg="Request Failed" error="Post \"http://k8s-ragplatf-ciliumga-56da93c17a-2adc9d09e1c34b13.elb.eu-central-1.amazonaws.com/api/v1/query\": EOF"
time="2026-09-05T15:56:46+02:00" level=warning msg="Request Failed" error="Post \"http://k8s-ragplatf-ciliumga-56da93c17a-2adc9d09e1c34b13.elb.eu-central-1.amazonaws.com/api/v1/query\": EOF"
time="2026-09-05T15:56:46+02:00" level=warning msg="Request Failed" error="Post \"http://k8s-ragplatf-ciliumga-56da93c17a-2adc9d09e1c34b13.elb.eu-central-1.amazonaws.com/api/v1/query\": EOF"
time="2026-09-05T15:56:46+02:00" level=warning msg="Request Failed" error="Post \"http://k8s-ragplatf-ciliumga-56da93c17a-2adc9d09e1c34b13.elb.eu-central-1.amazonaws.com/api/v1/query\": EOF"
time="2026-09-05T15:56:46+02:00" level=warning msg="Request Failed" error="Post \"http://k8s-ragplatf-ciliumga-56da93c17a-2adc9d09e1c34b13.elb.eu-central-1.amazonaws.com/api/v1/query\": EOF"
time="2026-09-05T15:56:46+02:00" level=warning msg="Request Failed" error="Post \"http://k8s-ragplatf-ciliumga-56da93c17a-2adc9d09e1c34b13.elb.eu-central-1.amazonaws.com/api/v1/query\": EOF"
time="2026-09-05T15:56:46+02:00" level=warning msg="Request Failed" error="Post \"http://k8s-ragplatf-ciliumga-56da93c17a-2adc9d09e1c34b13.elb.eu-central-1.amazonaws.com/api/v1/query\": EOF"
time="2026-09-05T15:56:46+02:00" level=warning msg="Request Failed" error="Post \"http://k8s-ragplatf-ciliumga-56da93c17a-2adc9d09e1c34b13.elb.eu-central-1.amazonaws.com/api/v1/query\": EOF"
time="2026-09-05T15:56:46+02:00" level=warning msg="Request Failed" error="Post \"http://k8s-ragplatf-ciliumga-56da93c17a-2adc9d09e1c34b13.elb.eu-central-1.amazonaws.com/api/v1/query\": EOF"
time="2026-09-05T15:56:46+02:00" level=warning msg="Request Failed" error="Post \"http://k8s-ragplatf-ciliumga-56da93c17a-2adc9d09e1c34b13.elb.eu-central-1.amazonaws.com/api/v1/query\": EOF"
time="2026-09-05T15:56:46+02:00" level=warning msg="Request Failed" error="Post \"http://k8s-ragplatf-ciliumga-56da93c17a-2adc9d09e1c34b13.elb.eu-central-1.amazonaws.com/api/v1/query\": EOF"
time="2026-09-05T15:56:46+02:00" level=warning msg="Request Failed" error="Post \"http://k8s-ragplatf-ciliumga-56da93c17a-2adc9d09e1c34b13.elb.eu-central-1.amazonaws.com/api/v1/query\": EOF"
time="2026-09-05T15:56:46+02:00" level=warning msg="Request Failed" error="Post \"http://k8s-ragplatf-ciliumga-56da93c17a-2adc9d09e1c34b13.elb.eu-central-1.amazonaws.com/api/v1/query\": EOF"
time="2026-09-05T15:56:46+02:00" level=warning msg="Request Failed" error="Post \"http://k8s-ragplatf-ciliumga-56da93c17a-2adc9d09e1c34b13.elb.eu-central-1.amazonaws.com/api/v1/query\": EOF"
time="2026-09-05T15:56:46+02:00" level=warning msg="Request Failed" error="Post \"http://k8s-ragplatf-ciliumga-56da93c17a-2adc9d09e1c34b13.elb.eu-central-1.amazonaws.com/api/v1/query\": EOF"
time="2026-09-05T15:56:46+02:00" level=warning msg="Request Failed" error="Post \"http://k8s-ragplatf-ciliumga-56da93c17a-2adc9d09e1c34b13.elb.eu-central-1.amazonaws.com/api/v1/query\": EOF"
time="2026-09-05T15:56:46+02:00" level=warning msg="Request Failed" error="Post \"http://k8s-ragplatf-ciliumga-56da93c17a-2adc9d09e1c34b13.elb.eu-central-1.amazonaws.com/api/v1/query\": EOF"
time="2026-09-05T15:56:46+02:00" level=warning msg="Request Failed" error="Post \"http://k8s-ragplatf-ciliumga-56da93c17a-2adc9d09e1c34b13.elb.eu-central-1.amazonaws.com/api/v1/query\": EOF"
time="2026-09-05T15:56:46+02:00" level=warning msg="Request Failed" error="Post \"http://k8s-ragplatf-ciliumga-56da93c17a-2adc9d09e1c34b13.elb.eu-central-1.amazonaws.com/api/v1/query\": EOF"
time="2026-09-05T15:56:46+02:00" level=warning msg="Request Failed" error="Post \"http://k8s-ragplatf-ciliumga-56da93c17a-2adc9d09e1c34b13.elb.eu-central-1.amazonaws.com/api/v1/query\": EOF"
time="2026-09-05T15:56:46+02:00" level=warning msg="Request Failed" error="Post \"http://k8s-ragplatf-ciliumga-56da93c17a-2adc9d09e1c34b13.elb.eu-central-1.amazonaws.com/api/v1/query\": EOF"
time="2026-09-05T15:56:46+02:00" level=warning msg="Request Failed" error="Post \"http://k8s-ragplatf-ciliumga-56da93c17a-2adc9d09e1c34b13.elb.eu-central-1.amazonaws.com/api/v1/query\": EOF"
time="2026-09-05T15:56:46+02:00" level=warning msg="Request Failed" error="Post \"http://k8s-ragplatf-ciliumga-56da93c17a-2adc9d09e1c34b13.elb.eu-central-1.amazonaws.com/api/v1/query\": EOF"
time="2026-09-05T15:56:46+02:00" level=warning msg="Request Failed" error="Post \"http://k8s-ragplatf-ciliumga-56da93c17a-2adc9d09e1c34b13.elb.eu-central-1.amazonaws.com/api/v1/query\": EOF"
time="2026-09-05T15:56:46+02:00" level=warning msg="Request Failed" error="Post \"http://k8s-ragplatf-ciliumga-56da93c17a-2adc9d09e1c34b13.elb.eu-central-1.amazonaws.com/api/v1/query\": EOF"
time="2026-09-05T15:56:46+02:00" level=warning msg="Request Failed" error="Post \"http://k8s-ragplatf-ciliumga-56da93c17a-2adc9d09e1c34b13.elb.eu-central-1.amazonaws.com/api/v1/query\": EOF"
time="2026-09-05T15:56:46+02:00" level=warning msg="Request Failed" error="Post \"http://k8s-ragplatf-ciliumga-56da93c17a-2adc9d09e1c34b13.elb.eu-central-1.amazonaws.com/api/v1/query\": EOF"
time="2026-09-05T15:56:46+02:00" level=warning msg="Request Failed" error="Post \"http://k8s-ragplatf-ciliumga-56da93c17a-2adc9d09e1c34b13.elb.eu-central-1.amazonaws.com/api/v1/query\": EOF"
time="2026-09-05T15:56:46+02:00" level=warning msg="Request Failed" error="Post \"http://k8s-ragplatf-ciliumga-56da93c17a-2adc9d09e1c34b13.elb.eu-central-1.amazonaws.com/api/v1/query\": EOF"
time="2026-09-05T15:56:46+02:00" level=warning msg="Request Failed" error="Post \"http://k8s-ragplatf-ciliumga-56da93c17a-2adc9d09e1c34b13.elb.eu-central-1.amazonaws.com/api/v1/query\": EOF"
time="2026-09-05T15:56:46+02:00" level=warning msg="Request Failed" error="Post \"http://k8s-ragplatf-ciliumga-56da93c17a-2adc9d09e1c34b13.elb.eu-central-1.amazonaws.com/api/v1/query\": EOF"
time="2026-09-05T15:56:46+02:00" level=warning msg="Request Failed" error="Post \"http://k8s-ragplatf-ciliumga-56da93c17a-2adc9d09e1c34b13.elb.eu-central-1.amazonaws.com/api/v1/query\": EOF"
time="2026-09-05T15:56:46+02:00" level=warning msg="Request Failed" error="Post \"http://k8s-ragplatf-ciliumga-56da93c17a-2adc9d09e1c34b13.elb.eu-central-1.amazonaws.com/api/v1/query\": EOF"
time="2026-09-05T15:56:46+02:00" level=warning msg="Request Failed" error="Post \"http://k8s-ragplatf-ciliumga-56da93c17a-2adc9d09e1c34b13.elb.eu-central-1.amazonaws.com/api/v1/query\": EOF"
time="2026-09-05T15:56:46+02:00" level=warning msg="Request Failed" error="Post \"http://k8s-ragplatf-ciliumga-56da93c17a-2adc9d09e1c34b13.elb.eu-central-1.amazonaws.com/api/v1/query\": EOF"
time="2026-09-05T15:56:46+02:00" level=warning msg="Request Failed" error="Post \"http://k8s-ragplatf-ciliumga-56da93c17a-2adc9d09e1c34b13.elb.eu-central-1.amazonaws.com/api/v1/query\": EOF"
time="2026-09-05T15:56:46+02:00" level=warning msg="Request Failed" error="Post \"http://k8s-ragplatf-ciliumga-56da93c17a-2adc9d09e1c34b13.elb.eu-central-1.amazonaws.com/api/v1/query\": EOF"
time="2026-09-05T15:56:46+02:00" level=warning msg="Request Failed" error="Post \"http://k8s-ragplatf-ciliumga-56da93c17a-2adc9d09e1c34b13.elb.eu-central-1.amazonaws.com/api/v1/query\": EOF"
time="2026-09-05T15:56:46+02:00" level=warning msg="Request Failed" error="Post \"http://k8s-ragplatf-ciliumga-56da93c17a-2adc9d09e1c34b13.elb.eu-central-1.amazonaws.com/api/v1/query\": EOF"
time="2026-09-05T15:56:46+02:00" level=warning msg="Request Failed" error="Post \"http://k8s-ragplatf-ciliumga-56da93c17a-2adc9d09e1c34b13.elb.eu-central-1.amazonaws.com/api/v1/query\": EOF"
time="2026-09-05T15:56:46+02:00" level=warning msg="Request Failed" error="Post \"http://k8s-ragplatf-ciliumga-56da93c17a-2adc9d09e1c34b13.elb.eu-central-1.amazonaws.com/api/v1/query\": EOF"
time="2026-09-05T15:56:46+02:00" level=warning msg="Request Failed" error="Post \"http://k8s-ragplatf-ciliumga-56da93c17a-2adc9d09e1c34b13.elb.eu-central-1.amazonaws.com/api/v1/query\": EOF"
time="2026-09-05T15:56:46+02:00" level=warning msg="Request Failed" error="Post \"http://k8s-ragplatf-ciliumga-56da93c17a-2adc9d09e1c34b13.elb.eu-central-1.amazonaws.com/api/v1/query\": EOF"
time="2026-09-05T15:56:46+02:00" level=warning msg="Request Failed" error="Post \"http://k8s-ragplatf-ciliumga-56da93c17a-2adc9d09e1c34b13.elb.eu-central-1.amazonaws.com/api/v1/query\": EOF"
time="2026-09-05T15:56:46+02:00" level=warning msg="Request Failed" error="Post \"http://k8s-ragplatf-ciliumga-56da93c17a-2adc9d09e1c34b13.elb.eu-central-1.amazonaws.com/api/v1/query\": EOF"
time="2026-09-05T15:56:46+02:00" level=warning msg="Request Failed" error="Post \"http://k8s-ragplatf-ciliumga-56da93c17a-2adc9d09e1c34b13.elb.eu-central-1.amazonaws.com/api/v1/query\": EOF"
time="2026-09-05T15:56:46+02:00" level=warning msg="Request Failed" error="Post \"http://k8s-ragplatf-ciliumga-56da93c17a-2adc9d09e1c34b13.elb.eu-central-1.amazonaws.com/api/v1/query\": EOF"
time="2026-09-05T15:56:46+02:00" level=warning msg="Request Failed" error="Post \"http://k8s-ragplatf-ciliumga-56da93c17a-2adc9d09e1c34b13.elb.eu-central-1.amazonaws.com/api/v1/query\": EOF"
time="2026-09-05T15:56:46+02:00" level=warning msg="Request Failed" error="Post \"http://k8s-ragplatf-ciliumga-56da93c17a-2adc9d09e1c34b13.elb.eu-central-1.amazonaws.com/api/v1/query\": EOF"
time="2026-09-05T15:56:46+02:00" level=warning msg="Request Failed" error="Post \"http://k8s-ragplatf-ciliumga-56da93c17a-2adc9d09e1c34b13.elb.eu-central-1.amazonaws.com/api/v1/query\": EOF"
time="2026-09-05T15:56:46+02:00" level=warning msg="Request Failed" error="Post \"http://k8s-ragplatf-ciliumga-56da93c17a-2adc9d09e1c34b13.elb.eu-central-1.amazonaws.com/api/v1/query\": EOF"
time="2026-09-05T15:56:46+02:00" level=warning msg="Request Failed" error="Post \"http://k8s-ragplatf-ciliumga-56da93c17a-2adc9d09e1c34b13.elb.eu-central-1.amazonaws.com/api/v1/query\": EOF"
time="2026-09-05T15:56:46+02:00" level=warning msg="Request Failed" error="Post \"http://k8s-ragplatf-ciliumga-56da93c17a-2adc9d09e1c34b13.elb.eu-central-1.amazonaws.com/api/v1/query\": EOF"
time="2026-09-05T15:56:46+02:00" level=warning msg="Request Failed" error="Post \"http://k8s-ragplatf-ciliumga-56da93c17a-2adc9d09e1c34b13.elb.eu-central-1.amazonaws.com/api/v1/query\": EOF"
time="2026-09-05T15:56:46+02:00" level=warning msg="Request Failed" error="Post \"http://k8s-ragplatf-ciliumga-56da93c17a-2adc9d09e1c34b13.elb.eu-central-1.amazonaws.com/api/v1/query\": EOF"
time="2026-09-05T15:56:46+02:00" level=warning msg="Request Failed" error="Post \"http://k8s-ragplatf-ciliumga-56da93c17a-2adc9d09e1c34b13.elb.eu-central-1.amazonaws.com/api/v1/query\": EOF"
time="2026-09-05T15:56:46+02:00" level=warning msg="Request Failed" error="Post \"http://k8s-ragplatf-ciliumga-56da93c17a-2adc9d09e1c34b13.elb.eu-central-1.amazonaws.com/api/v1/query\": EOF"
time="2026-09-05T15:56:46+02:00" level=warning msg="Request Failed" error="Post \"http://k8s-ragplatf-ciliumga-56da93c17a-2adc9d09e1c34b13.elb.eu-central-1.amazonaws.com/api/v1/query\": EOF"
time="2026-09-05T15:56:46+02:00" level=warning msg="Request Failed" error="Post \"http://k8s-ragplatf-ciliumga-56da93c17a-2adc9d09e1c34b13.elb.eu-central-1.amazonaws.com/api/v1/query\": EOF"
time="2026-09-05T15:56:46+02:00" level=warning msg="Request Failed" error="Post \"http://k8s-ragplatf-ciliumga-56da93c17a-2adc9d09e1c34b13.elb.eu-central-1.amazonaws.com/api/v1/query\": EOF"
time="2026-09-05T15:56:46+02:00" level=warning msg="Request Failed" error="Post \"http://k8s-ragplatf-ciliumga-56da93c17a-2adc9d09e1c34b13.elb.eu-central-1.amazonaws.com/api/v1/query\": EOF"
time="2026-09-05T15:56:46+02:00" level=warning msg="Request Failed" error="Post \"http://k8s-ragplatf-ciliumga-56da93c17a-2adc9d09e1c34b13.elb.eu-central-1.amazonaws.com/api/v1/query\": EOF"
time="2026-09-05T15:56:46+02:00" level=warning msg="Request Failed" error="Post \"http://k8s-ragplatf-ciliumga-56da93c17a-2adc9d09e1c34b13.elb.eu-central-1.amazonaws.com/api/v1/query\": EOF"
time="2026-09-05T15:56:46+02:00" level=warning msg="Request Failed" error="Post \"http://k8s-ragplatf-ciliumga-56da93c17a-2adc9d09e1c34b13.elb.eu-central-1.amazonaws.com/api/v1/query\": EOF"
time="2026-09-05T15:56:46+02:00" level=warning msg="Request Failed" error="Post \"http://k8s-ragplatf-ciliumga-56da93c17a-2adc9d09e1c34b13.elb.eu-central-1.amazonaws.com/api/v1/query\": EOF"
time="2026-09-05T15:56:46+02:00" level=warning msg="Request Failed" error="Post \"http://k8s-ragplatf-ciliumga-56da93c17a-2adc9d09e1c34b13.elb.eu-central-1.amazonaws.com/api/v1/query\": EOF"
time="2026-09-05T15:56:46+02:00" level=warning msg="Request Failed" error="Post \"http://k8s-ragplatf-ciliumga-56da93c17a-2adc9d09e1c34b13.elb.eu-central-1.amazonaws.com/api/v1/query\": EOF"
time="2026-09-05T15:56:46+02:00" level=warning msg="Request Failed" error="Post \"http://k8s-ragplatf-ciliumga-56da93c17a-2adc9d09e1c34b13.elb.eu-central-1.amazonaws.com/api/v1/query\": EOF"
time="2026-09-05T15:56:46+02:00" level=warning msg="Request Failed" error="Post \"http://k8s-ragplatf-ciliumga-56da93c17a-2adc9d09e1c34b13.elb.eu-central-1.amazonaws.com/api/v1/query\": EOF"
time="2026-09-05T15:56:46+02:00" level=warning msg="Request Failed" error="Post \"http://k8s-ragplatf-ciliumga-56da93c17a-2adc9d09e1c34b13.elb.eu-central-1.amazonaws.com/api/v1/query\": EOF"
time="2026-09-05T15:56:46+02:00" level=warning msg="Request Failed" error="Post \"http://k8s-ragplatf-ciliumga-56da93c17a-2adc9d09e1c34b13.elb.eu-central-1.amazonaws.com/api/v1/query\": EOF"
time="2026-09-05T15:56:46+02:00" level=warning msg="Request Failed" error="Post \"http://k8s-ragplatf-ciliumga-56da93c17a-2adc9d09e1c34b13.elb.eu-central-1.amazonaws.com/api/v1/query\": EOF"
time="2026-09-05T15:56:46+02:00" level=warning msg="Request Failed" error="Post \"http://k8s-ragplatf-ciliumga-56da93c17a-2adc9d09e1c34b13.elb.eu-central-1.amazonaws.com/api/v1/query\": EOF"
time="2026-09-05T15:56:46+02:00" level=warning msg="Request Failed" error="Post \"http://k8s-ragplatf-ciliumga-56da93c17a-2adc9d09e1c34b13.elb.eu-central-1.amazonaws.com/api/v1/query\": EOF"
time="2026-09-05T15:56:46+02:00" level=warning msg="Request Failed" error="Post \"http://k8s-ragplatf-ciliumga-56da93c17a-2adc9d09e1c34b13.elb.eu-central-1.amazonaws.com/api/v1/query\": EOF"
time="2026-09-05T15:56:46+02:00" level=warning msg="Request Failed" error="Post \"http://k8s-ragplatf-ciliumga-56da93c17a-2adc9d09e1c34b13.elb.eu-central-1.amazonaws.com/api/v1/query\": EOF"
time="2026-09-05T15:56:46+02:00" level=warning msg="Request Failed" error="Post \"http://k8s-ragplatf-ciliumga-56da93c17a-2adc9d09e1c34b13.elb.eu-central-1.amazonaws.com/api/v1/query\": EOF"
time="2026-09-05T15:56:46+02:00" level=warning msg="Request Failed" error="Post \"http://k8s-ragplatf-ciliumga-56da93c17a-2adc9d09e1c34b13.elb.eu-central-1.amazonaws.com/api/v1/query\": EOF"
time="2026-09-05T15:56:46+02:00" level=warning msg="Request Failed" error="Post \"http://k8s-ragplatf-ciliumga-56da93c17a-2adc9d09e1c34b13.elb.eu-central-1.amazonaws.com/api/v1/query\": EOF"
time="2026-09-05T15:56:46+02:00" level=warning msg="Request Failed" error="Post \"http://k8s-ragplatf-ciliumga-56da93c17a-2adc9d09e1c34b13.elb.eu-central-1.amazonaws.com/api/v1/query\": EOF"
time="2026-09-05T15:56:46+02:00" level=warning msg="Request Failed" error="Post \"http://k8s-ragplatf-ciliumga-56da93c17a-2adc9d09e1c34b13.elb.eu-central-1.amazonaws.com/api/v1/query\": EOF"
time="2026-09-05T15:56:46+02:00" level=warning msg="Request Failed" error="Post \"http://k8s-ragplatf-ciliumga-56da93c17a-2adc9d09e1c34b13.elb.eu-central-1.amazonaws.com/api/v1/query\": EOF"
time="2026-09-05T15:56:46+02:00" level=warning msg="Request Failed" error="Post \"http://k8s-ragplatf-ciliumga-56da93c17a-2adc9d09e1c34b13.elb.eu-central-1.amazonaws.com/api/v1/query\": EOF"
time="2026-09-05T15:56:46+02:00" level=warning msg="Request Failed" error="Post \"http://k8s-ragplatf-ciliumga-56da93c17a-2adc9d09e1c34b13.elb.eu-central-1.amazonaws.com/api/v1/query\": EOF"
time="2026-09-05T15:56:46+02:00" level=warning msg="Request Failed" error="Post \"http://k8s-ragplatf-ciliumga-56da93c17a-2adc9d09e1c34b13.elb.eu-central-1.amazonaws.com/api/v1/query\": EOF"
time="2026-09-05T15:56:46+02:00" level=warning msg="Request Failed" error="Post \"http://k8s-ragplatf-ciliumga-56da93c17a-2adc9d09e1c34b13.elb.eu-central-1.amazonaws.com/api/v1/query\": EOF"
time="2026-09-05T15:56:46+02:00" level=warning msg="Request Failed" error="Post \"http://k8s-ragplatf-ciliumga-56da93c17a-2adc9d09e1c34b13.elb.eu-central-1.amazonaws.com/api/v1/query\": EOF"
time="2026-09-05T15:56:46+02:00" level=warning msg="Request Failed" error="Post \"http://k8s-ragplatf-ciliumga-56da93c17a-2adc9d09e1c34b13.elb.eu-central-1.amazonaws.com/api/v1/query\": EOF"
time="2026-09-05T15:56:46+02:00" level=warning msg="Request Failed" error="Post \"http://k8s-ragplatf-ciliumga-56da93c17a-2adc9d09e1c34b13.elb.eu-central-1.amazonaws.com/api/v1/query\": EOF"
time="2026-09-05T15:56:46+02:00" level=warning msg="Request Failed" error="Post \"http://k8s-ragplatf-ciliumga-56da93c17a-2adc9d09e1c34b13.elb.eu-central-1.amazonaws.com/api/v1/query\": EOF"
time="2026-09-05T15:56:46+02:00" level=warning msg="Request Failed" error="Post \"http://k8s-ragplatf-ciliumga-56da93c17a-2adc9d09e1c34b13.elb.eu-central-1.amazonaws.com/api/v1/query\": EOF"
time="2026-09-05T15:56:46+02:00" level=warning msg="Request Failed" error="Post \"http://k8s-ragplatf-ciliumga-56da93c17a-2adc9d09e1c34b13.elb.eu-central-1.amazonaws.com/api/v1/query\": EOF"
time="2026-09-05T15:56:46+02:00" level=warning msg="Request Failed" error="Post \"http://k8s-ragplatf-ciliumga-56da93c17a-2adc9d09e1c34b13.elb.eu-central-1.amazonaws.com/api/v1/query\": EOF"
time="2026-09-05T15:56:46+02:00" level=warning msg="Request Failed" error="Post \"http://k8s-ragplatf-ciliumga-56da93c17a-2adc9d09e1c34b13.elb.eu-central-1.amazonaws.com/api/v1/query\": EOF"
time="2026-09-05T15:56:46+02:00" level=warning msg="Request Failed" error="Post \"http://k8s-ragplatf-ciliumga-56da93c17a-2adc9d09e1c34b13.elb.eu-central-1.amazonaws.com/api/v1/query\": EOF"
time="2026-09-05T15:56:46+02:00" level=warning msg="Request Failed" error="Post \"http://k8s-ragplatf-ciliumga-56da93c17a-2adc9d09e1c34b13.elb.eu-central-1.amazonaws.com/api/v1/query\": EOF"
time="2026-09-05T15:56:46+02:00" level=warning msg="Request Failed" error="Post \"http://k8s-ragplatf-ciliumga-56da93c17a-2adc9d09e1c34b13.elb.eu-central-1.amazonaws.com/api/v1/query\": EOF"
time="2026-09-05T15:56:46+02:00" level=warning msg="Request Failed" error="Post \"http://k8s-ragplatf-ciliumga-56da93c17a-2adc9d09e1c34b13.elb.eu-central-1.amazonaws.com/api/v1/query\": EOF"
time="2026-09-05T15:56:46+02:00" level=warning msg="Request Failed" error="Post \"http://k8s-ragplatf-ciliumga-56da93c17a-2adc9d09e1c34b13.elb.eu-central-1.amazonaws.com/api/v1/query\": EOF"
time="2026-09-05T15:56:46+02:00" level=warning msg="Request Failed" error="Post \"http://k8s-ragplatf-ciliumga-56da93c17a-2adc9d09e1c34b13.elb.eu-central-1.amazonaws.com/api/v1/query\": EOF"
time="2026-09-05T15:56:46+02:00" level=warning msg="Request Failed" error="Post \"http://k8s-ragplatf-ciliumga-56da93c17a-2adc9d09e1c34b13.elb.eu-central-1.amazonaws.com/api/v1/query\": EOF"
time="2026-09-05T15:56:46+02:00" level=warning msg="Request Failed" error="Post \"http://k8s-ragplatf-ciliumga-56da93c17a-2adc9d09e1c34b13.elb.eu-central-1.amazonaws.com/api/v1/query\": EOF"
time="2026-09-05T15:56:46+02:00" level=warning msg="Request Failed" error="Post \"http://k8s-ragplatf-ciliumga-56da93c17a-2adc9d09e1c34b13.elb.eu-central-1.amazonaws.com/api/v1/query\": EOF"
time="2026-09-05T15:56:46+02:00" level=warning msg="Request Failed" error="Post \"http://k8s-ragplatf-ciliumga-56da93c17a-2adc9d09e1c34b13.elb.eu-central-1.amazonaws.com/api/v1/query\": EOF"
time="2026-09-05T15:56:46+02:00" level=warning msg="Request Failed" error="Post \"http://k8s-ragplatf-ciliumga-56da93c17a-2adc9d09e1c34b13.elb.eu-central-1.amazonaws.com/api/v1/query\": EOF"
time="2026-09-05T15:56:46+02:00" level=warning msg="Request Failed" error="Post \"http://k8s-ragplatf-ciliumga-56da93c17a-2adc9d09e1c34b13.elb.eu-central-1.amazonaws.com/api/v1/query\": EOF"
time="2026-09-05T15:56:46+02:00" level=warning msg="Request Failed" error="Post \"http://k8s-ragplatf-ciliumga-56da93c17a-2adc9d09e1c34b13.elb.eu-central-1.amazonaws.com/api/v1/query\": EOF"
time="2026-09-05T15:56:46+02:00" level=warning msg="Request Failed" error="Post \"http://k8s-ragplatf-ciliumga-56da93c17a-2adc9d09e1c34b13.elb.eu-central-1.amazonaws.com/api/v1/query\": EOF"
time="2026-09-05T15:56:46+02:00" level=warning msg="Request Failed" error="Post \"http://k8s-ragplatf-ciliumga-56da93c17a-2adc9d09e1c34b13.elb.eu-central-1.amazonaws.com/api/v1/query\": EOF"
time="2026-09-05T15:56:46+02:00" level=warning msg="Request Failed" error="Post \"http://k8s-ragplatf-ciliumga-56da93c17a-2adc9d09e1c34b13.elb.eu-central-1.amazonaws.com/api/v1/query\": EOF"
time="2026-09-05T15:56:46+02:00" level=warning msg="Request Failed" error="Post \"http://k8s-ragplatf-ciliumga-56da93c17a-2adc9d09e1c34b13.elb.eu-central-1.amazonaws.com/api/v1/query\": EOF"
time="2026-09-05T15:56:46+02:00" level=warning msg="Request Failed" error="Post \"http://k8s-ragplatf-ciliumga-56da93c17a-2adc9d09e1c34b13.elb.eu-central-1.amazonaws.com/api/v1/query\": EOF"
time="2026-09-05T15:56:46+02:00" level=warning msg="Request Failed" error="Post \"http://k8s-ragplatf-ciliumga-56da93c17a-2adc9d09e1c34b13.elb.eu-central-1.amazonaws.com/api/v1/query\": EOF"
time="2026-09-05T15:56:46+02:00" level=warning msg="Request Failed" error="Post \"http://k8s-ragplatf-ciliumga-56da93c17a-2adc9d09e1c34b13.elb.eu-central-1.amazonaws.com/api/v1/query\": EOF"
time="2026-09-05T15:56:46+02:00" level=warning msg="Request Failed" error="Post \"http://k8s-ragplatf-ciliumga-56da93c17a-2adc9d09e1c34b13.elb.eu-central-1.amazonaws.com/api/v1/query\": EOF"
time="2026-09-05T15:56:46+02:00" level=warning msg="Request Failed" error="Post \"http://k8s-ragplatf-ciliumga-56da93c17a-2adc9d09e1c34b13.elb.eu-central-1.amazonaws.com/api/v1/query\": EOF"
time="2026-09-05T15:56:46+02:00" level=warning msg="Request Failed" error="Post \"http://k8s-ragplatf-ciliumga-56da93c17a-2adc9d09e1c34b13.elb.eu-central-1.amazonaws.com/api/v1/query\": EOF"
time="2026-09-05T15:56:46+02:00" level=warning msg="Request Failed" error="Post \"http://k8s-ragplatf-ciliumga-56da93c17a-2adc9d09e1c34b13.elb.eu-central-1.amazonaws.com/api/v1/query\": EOF"
time="2026-09-05T15:56:46+02:00" level=warning msg="Request Failed" error="Post \"http://k8s-ragplatf-ciliumga-56da93c17a-2adc9d09e1c34b13.elb.eu-central-1.amazonaws.com/api/v1/query\": EOF"
time="2026-09-05T15:56:46+02:00" level=warning msg="Request Failed" error="Post \"http://k8s-ragplatf-ciliumga-56da93c17a-2adc9d09e1c34b13.elb.eu-central-1.amazonaws.com/api/v1/query\": EOF"
time="2026-09-05T15:56:46+02:00" level=warning msg="Request Failed" error="Post \"http://k8s-ragplatf-ciliumga-56da93c17a-2adc9d09e1c34b13.elb.eu-central-1.amazonaws.com/api/v1/query\": EOF"
time="2026-09-05T15:56:46+02:00" level=warning msg="Request Failed" error="Post \"http://k8s-ragplatf-ciliumga-56da93c17a-2adc9d09e1c34b13.elb.eu-central-1.amazonaws.com/api/v1/query\": EOF"
time="2026-09-05T15:56:46+02:00" level=warning msg="Request Failed" error="Post \"http://k8s-ragplatf-ciliumga-56da93c17a-2adc9d09e1c34b13.elb.eu-central-1.amazonaws.com/api/v1/query\": EOF"
time="2026-09-05T15:56:46+02:00" level=warning msg="Request Failed" error="Post \"http://k8s-ragplatf-ciliumga-56da93c17a-2adc9d09e1c34b13.elb.eu-central-1.amazonaws.com/api/v1/query\": EOF"
time="2026-09-05T15:56:46+02:00" level=warning msg="Request Failed" error="Post \"http://k8s-ragplatf-ciliumga-56da93c17a-2adc9d09e1c34b13.elb.eu-central-1.amazonaws.com/api/v1/query\": EOF"
time="2026-09-05T15:56:46+02:00" level=warning msg="Request Failed" error="Post \"http://k8s-ragplatf-ciliumga-56da93c17a-2adc9d09e1c34b13.elb.eu-central-1.amazonaws.com/api/v1/query\": EOF"
time="2026-09-05T15:56:46+02:00" level=warning msg="Request Failed" error="Post \"http://k8s-ragplatf-ciliumga-56da93c17a-2adc9d09e1c34b13.elb.eu-central-1.amazonaws.com/api/v1/query\": EOF"
time="2026-09-05T15:56:46+02:00" level=warning msg="Request Failed" error="Post \"http://k8s-ragplatf-ciliumga-56da93c17a-2adc9d09e1c34b13.elb.eu-central-1.amazonaws.com/api/v1/query\": EOF"
time="2026-09-05T15:56:46+02:00" level=warning msg="Request Failed" error="Post \"http://k8s-ragplatf-ciliumga-56da93c17a-2adc9d09e1c34b13.elb.eu-central-1.amazonaws.com/api/v1/query\": EOF"
time="2026-09-05T15:56:46+02:00" level=warning msg="Request Failed" error="Post \"http://k8s-ragplatf-ciliumga-56da93c17a-2adc9d09e1c34b13.elb.eu-central-1.amazonaws.com/api/v1/query\": EOF"
time="2026-09-05T15:56:46+02:00" level=warning msg="Request Failed" error="Post \"http://k8s-ragplatf-ciliumga-56da93c17a-2adc9d09e1c34b13.elb.eu-central-1.amazonaws.com/api/v1/query\": EOF"
time="2026-09-05T15:56:46+02:00" level=warning msg="Request Failed" error="Post \"http://k8s-ragplatf-ciliumga-56da93c17a-2adc9d09e1c34b13.elb.eu-central-1.amazonaws.com/api/v1/query\": EOF"
time="2026-09-05T15:56:46+02:00" level=warning msg="Request Failed" error="Post \"http://k8s-ragplatf-ciliumga-56da93c17a-2adc9d09e1c34b13.elb.eu-central-1.amazonaws.com/api/v1/query\": EOF"
time="2026-09-05T15:56:46+02:00" level=warning msg="Request Failed" error="Post \"http://k8s-ragplatf-ciliumga-56da93c17a-2adc9d09e1c34b13.elb.eu-central-1.amazonaws.com/api/v1/query\": EOF"
time="2026-09-05T15:56:46+02:00" level=warning msg="Request Failed" error="Post \"http://k8s-ragplatf-ciliumga-56da93c17a-2adc9d09e1c34b13.elb.eu-central-1.amazonaws.com/api/v1/query\": EOF"
time="2026-09-05T15:56:46+02:00" level=warning msg="Request Failed" error="Post \"http://k8s-ragplatf-ciliumga-56da93c17a-2adc9d09e1c34b13.elb.eu-central-1.amazonaws.com/api/v1/query\": EOF"
time="2026-09-05T15:56:46+02:00" level=warning msg="Request Failed" error="Post \"http://k8s-ragplatf-ciliumga-56da93c17a-2adc9d09e1c34b13.elb.eu-central-1.amazonaws.com/api/v1/query\": EOF"
time="2026-09-05T15:56:46+02:00" level=warning msg="Request Failed" error="Post \"http://k8s-ragplatf-ciliumga-56da93c17a-2adc9d09e1c34b13.elb.eu-central-1.amazonaws.com/api/v1/query\": EOF"
time="2026-09-05T15:56:46+02:00" level=warning msg="Request Failed" error="Post \"http://k8s-ragplatf-ciliumga-56da93c17a-2adc9d09e1c34b13.elb.eu-central-1.amazonaws.com/api/v1/query\": EOF"
time="2026-09-05T15:56:46+02:00" level=warning msg="Request Failed" error="Post \"http://k8s-ragplatf-ciliumga-56da93c17a-2adc9d09e1c34b13.elb.eu-central-1.amazonaws.com/api/v1/query\": EOF"
time="2026-09-05T15:56:46+02:00" level=warning msg="Request Failed" error="Post \"http://k8s-ragplatf-ciliumga-56da93c17a-2adc9d09e1c34b13.elb.eu-central-1.amazonaws.com/api/v1/query\": EOF"
time="2026-09-05T15:56:46+02:00" level=warning msg="Request Failed" error="Post \"http://k8s-ragplatf-ciliumga-56da93c17a-2adc9d09e1c34b13.elb.eu-central-1.amazonaws.com/api/v1/query\": EOF"
time="2026-09-05T15:56:46+02:00" level=warning msg="Request Failed" error="Post \"http://k8s-ragplatf-ciliumga-56da93c17a-2adc9d09e1c34b13.elb.eu-central-1.amazonaws.com/api/v1/query\": EOF"
time="2026-09-05T15:56:46+02:00" level=warning msg="Request Failed" error="Post \"http://k8s-ragplatf-ciliumga-56da93c17a-2adc9d09e1c34b13.elb.eu-central-1.amazonaws.com/api/v1/query\": EOF"
time="2026-09-05T15:56:46+02:00" level=warning msg="Request Failed" error="Post \"http://k8s-ragplatf-ciliumga-56da93c17a-2adc9d09e1c34b13.elb.eu-central-1.amazonaws.com/api/v1/query\": EOF"
time="2026-09-05T15:56:46+02:00" level=warning msg="Request Failed" error="Post \"http://k8s-ragplatf-ciliumga-56da93c17a-2adc9d09e1c34b13.elb.eu-central-1.amazonaws.com/api/v1/query\": EOF"
time="2026-09-05T15:56:46+02:00" level=warning msg="Request Failed" error="Post \"http://k8s-ragplatf-ciliumga-56da93c17a-2adc9d09e1c34b13.elb.eu-central-1.amazonaws.com/api/v1/query\": EOF"
time="2026-09-05T15:56:46+02:00" level=warning msg="Request Failed" error="Post \"http://k8s-ragplatf-ciliumga-56da93c17a-2adc9d09e1c34b13.elb.eu-central-1.amazonaws.com/api/v1/query\": EOF"
time="2026-09-05T15:56:46+02:00" level=warning msg="Request Failed" error="Post \"http://k8s-ragplatf-ciliumga-56da93c17a-2adc9d09e1c34b13.elb.eu-central-1.amazonaws.com/api/v1/query\": EOF"
time="2026-09-05T15:56:46+02:00" level=warning msg="Request Failed" error="Post \"http://k8s-ragplatf-ciliumga-56da93c17a-2adc9d09e1c34b13.elb.eu-central-1.amazonaws.com/api/v1/query\": EOF"
time="2026-09-05T15:56:46+02:00" level=warning msg="Request Failed" error="Post \"http://k8s-ragplatf-ciliumga-56da93c17a-2adc9d09e1c34b13.elb.eu-central-1.amazonaws.com/api/v1/query\": EOF"
time="2026-09-05T15:56:46+02:00" level=warning msg="Request Failed" error="Post \"http://k8s-ragplatf-ciliumga-56da93c17a-2adc9d09e1c34b13.elb.eu-central-1.amazonaws.com/api/v1/query\": EOF"
time="2026-09-05T15:56:46+02:00" level=warning msg="Request Failed" error="Post \"http://k8s-ragplatf-ciliumga-56da93c17a-2adc9d09e1c34b13.elb.eu-central-1.amazonaws.com/api/v1/query\": EOF"
time="2026-09-05T15:56:46+02:00" level=warning msg="Request Failed" error="Post \"http://k8s-ragplatf-ciliumga-56da93c17a-2adc9d09e1c34b13.elb.eu-central-1.amazonaws.com/api/v1/query\": EOF"
time="2026-09-05T15:56:46+02:00" level=warning msg="Request Failed" error="Post \"http://k8s-ragplatf-ciliumga-56da93c17a-2adc9d09e1c34b13.elb.eu-central-1.amazonaws.com/api/v1/query\": EOF"
time="2026-09-05T15:56:46+02:00" level=warning msg="Request Failed" error="Post \"http://k8s-ragplatf-ciliumga-56da93c17a-2adc9d09e1c34b13.elb.eu-central-1.amazonaws.com/api/v1/query\": EOF"
time="2026-09-05T15:56:46+02:00" level=warning msg="Request Failed" error="Post \"http://k8s-ragplatf-ciliumga-56da93c17a-2adc9d09e1c34b13.elb.eu-central-1.amazonaws.com/api/v1/query\": EOF"
time="2026-09-05T15:56:46+02:00" level=warning msg="Request Failed" error="Post \"http://k8s-ragplatf-ciliumga-56da93c17a-2adc9d09e1c34b13.elb.eu-central-1.amazonaws.com/api/v1/query\": EOF"
time="2026-09-05T15:56:46+02:00" level=warning msg="Request Failed" error="Post \"http://k8s-ragplatf-ciliumga-56da93c17a-2adc9d09e1c34b13.elb.eu-central-1.amazonaws.com/api/v1/query\": EOF"
time="2026-09-05T15:56:46+02:00" level=warning msg="Request Failed" error="Post \"http://k8s-ragplatf-ciliumga-56da93c17a-2adc9d09e1c34b13.elb.eu-central-1.amazonaws.com/api/v1/query\": EOF"
time="2026-09-05T15:56:46+02:00" level=warning msg="Request Failed" error="Post \"http://k8s-ragplatf-ciliumga-56da93c17a-2adc9d09e1c34b13.elb.eu-central-1.amazonaws.com/api/v1/query\": EOF"
time="2026-09-05T15:56:46+02:00" level=warning msg="Request Failed" error="Post \"http://k8s-ragplatf-ciliumga-56da93c17a-2adc9d09e1c34b13.elb.eu-central-1.amazonaws.com/api/v1/query\": EOF"
time="2026-09-05T15:56:46+02:00" level=warning msg="Request Failed" error="Post \"http://k8s-ragplatf-ciliumga-56da93c17a-2adc9d09e1c34b13.elb.eu-central-1.amazonaws.com/api/v1/query\": EOF"
time="2026-09-05T15:56:46+02:00" level=warning msg="Request Failed" error="Post \"http://k8s-ragplatf-ciliumga-56da93c17a-2adc9d09e1c34b13.elb.eu-central-1.amazonaws.com/api/v1/query\": EOF"
time="2026-09-05T15:56:46+02:00" level=warning msg="Request Failed" error="Post \"http://k8s-ragplatf-ciliumga-56da93c17a-2adc9d09e1c34b13.elb.eu-central-1.amazonaws.com/api/v1/query\": EOF"
time="2026-09-05T15:56:46+02:00" level=warning msg="Request Failed" error="Post \"http://k8s-ragplatf-ciliumga-56da93c17a-2adc9d09e1c34b13.elb.eu-central-1.amazonaws.com/api/v1/query\": EOF"
time="2026-09-05T15:56:46+02:00" level=warning msg="Request Failed" error="Post \"http://k8s-ragplatf-ciliumga-56da93c17a-2adc9d09e1c34b13.elb.eu-central-1.amazonaws.com/api/v1/query\": EOF"
time="2026-09-05T15:56:46+02:00" level=warning msg="Request Failed" error="Post \"http://k8s-ragplatf-ciliumga-56da93c17a-2adc9d09e1c34b13.elb.eu-central-1.amazonaws.com/api/v1/query\": EOF"
time="2026-09-05T15:56:46+02:00" level=warning msg="Request Failed" error="Post \"http://k8s-ragplatf-ciliumga-56da93c17a-2adc9d09e1c34b13.elb.eu-central-1.amazonaws.com/api/v1/query\": EOF"
time="2026-09-05T15:56:46+02:00" level=warning msg="Request Failed" error="Post \"http://k8s-ragplatf-ciliumga-56da93c17a-2adc9d09e1c34b13.elb.eu-central-1.amazonaws.com/api/v1/query\": EOF"
time="2026-09-05T15:56:46+02:00" level=warning msg="Request Failed" error="Post \"http://k8s-ragplatf-ciliumga-56da93c17a-2adc9d09e1c34b13.elb.eu-central-1.amazonaws.com/api/v1/query\": EOF"
time="2026-09-05T15:56:46+02:00" level=warning msg="Request Failed" error="Post \"http://k8s-ragplatf-ciliumga-56da93c17a-2adc9d09e1c34b13.elb.eu-central-1.amazonaws.com/api/v1/query\": EOF"
time="2026-09-05T15:56:46+02:00" level=warning msg="Request Failed" error="Post \"http://k8s-ragplatf-ciliumga-56da93c17a-2adc9d09e1c34b13.elb.eu-central-1.amazonaws.com/api/v1/query\": EOF"
time="2026-09-05T15:56:46+02:00" level=warning msg="Request Failed" error="Post \"http://k8s-ragplatf-ciliumga-56da93c17a-2adc9d09e1c34b13.elb.eu-central-1.amazonaws.com/api/v1/query\": EOF"
time="2026-09-05T15:56:46+02:00" level=warning msg="Request Failed" error="Post \"http://k8s-ragplatf-ciliumga-56da93c17a-2adc9d09e1c34b13.elb.eu-central-1.amazonaws.com/api/v1/query\": EOF"
time="2026-09-05T15:56:46+02:00" level=warning msg="Request Failed" error="Post \"http://k8s-ragplatf-ciliumga-56da93c17a-2adc9d09e1c34b13.elb.eu-central-1.amazonaws.com/api/v1/query\": EOF"
time="2026-09-05T15:56:46+02:00" level=warning msg="Request Failed" error="Post \"http://k8s-ragplatf-ciliumga-56da93c17a-2adc9d09e1c34b13.elb.eu-central-1.amazonaws.com/api/v1/query\": EOF"
time="2026-09-05T15:56:46+02:00" level=warning msg="Request Failed" error="Post \"http://k8s-ragplatf-ciliumga-56da93c17a-2adc9d09e1c34b13.elb.eu-central-1.amazonaws.com/api/v1/query\": EOF"
time="2026-09-05T15:56:46+02:00" level=warning msg="Request Failed" error="Post \"http://k8s-ragplatf-ciliumga-56da93c17a-2adc9d09e1c34b13.elb.eu-central-1.amazonaws.com/api/v1/query\": EOF"
time="2026-09-05T15:56:46+02:00" level=warning msg="Request Failed" error="Post \"http://k8s-ragplatf-ciliumga-56da93c17a-2adc9d09e1c34b13.elb.eu-central-1.amazonaws.com/api/v1/query\": EOF"
time="2026-09-05T15:56:46+02:00" level=warning msg="Request Failed" error="Post \"http://k8s-ragplatf-ciliumga-56da93c17a-2adc9d09e1c34b13.elb.eu-central-1.amazonaws.com/api/v1/query\": EOF"
time="2026-09-05T15:56:46+02:00" level=warning msg="Request Failed" error="Post \"http://k8s-ragplatf-ciliumga-56da93c17a-2adc9d09e1c34b13.elb.eu-central-1.amazonaws.com/api/v1/query\": EOF"
time="2026-09-05T15:56:46+02:00" level=warning msg="Request Failed" error="Post \"http://k8s-ragplatf-ciliumga-56da93c17a-2adc9d09e1c34b13.elb.eu-central-1.amazonaws.com/api/v1/query\": EOF"
time="2026-09-05T15:56:46+02:00" level=warning msg="Request Failed" error="Post \"http://k8s-ragplatf-ciliumga-56da93c17a-2adc9d09e1c34b13.elb.eu-central-1.amazonaws.com/api/v1/query\": EOF"
time="2026-09-05T15:56:46+02:00" level=warning msg="Request Failed" error="Post \"http://k8s-ragplatf-ciliumga-56da93c17a-2adc9d09e1c34b13.elb.eu-central-1.amazonaws.com/api/v1/query\": EOF"
time="2026-09-05T15:56:46+02:00" level=warning msg="Request Failed" error="Post \"http://k8s-ragplatf-ciliumga-56da93c17a-2adc9d09e1c34b13.elb.eu-central-1.amazonaws.com/api/v1/query\": EOF"
time="2026-09-05T15:56:46+02:00" level=warning msg="Request Failed" error="Post \"http://k8s-ragplatf-ciliumga-56da93c17a-2adc9d09e1c34b13.elb.eu-central-1.amazonaws.com/api/v1/query\": EOF"
time="2026-09-05T15:56:46+02:00" level=warning msg="Request Failed" error="Post \"http://k8s-ragplatf-ciliumga-56da93c17a-2adc9d09e1c34b13.elb.eu-central-1.amazonaws.com/api/v1/query\": EOF"
time="2026-09-05T15:56:46+02:00" level=warning msg="Request Failed" error="Post \"http://k8s-ragplatf-ciliumga-56da93c17a-2adc9d09e1c34b13.elb.eu-central-1.amazonaws.com/api/v1/query\": EOF"
time="2026-09-05T15:56:46+02:00" level=warning msg="Request Failed" error="Post \"http://k8s-ragplatf-ciliumga-56da93c17a-2adc9d09e1c34b13.elb.eu-central-1.amazonaws.com/api/v1/query\": EOF"
time="2026-09-05T15:56:46+02:00" level=warning msg="Request Failed" error="Post \"http://k8s-ragplatf-ciliumga-56da93c17a-2adc9d09e1c34b13.elb.eu-central-1.amazonaws.com/api/v1/query\": EOF"
time="2026-09-05T15:56:46+02:00" level=warning msg="Request Failed" error="Post \"http://k8s-ragplatf-ciliumga-56da93c17a-2adc9d09e1c34b13.elb.eu-central-1.amazonaws.com/api/v1/query\": EOF"
time="2026-09-05T15:56:46+02:00" level=warning msg="Request Failed" error="Post \"http://k8s-ragplatf-ciliumga-56da93c17a-2adc9d09e1c34b13.elb.eu-central-1.amazonaws.com/api/v1/query\": EOF"
time="2026-09-05T15:56:46+02:00" level=warning msg="Request Failed" error="Post \"http://k8s-ragplatf-ciliumga-56da93c17a-2adc9d09e1c34b13.elb.eu-central-1.amazonaws.com/api/v1/query\": EOF"
time="2026-09-05T15:56:46+02:00" level=warning msg="Request Failed" error="Post \"http://k8s-ragplatf-ciliumga-56da93c17a-2adc9d09e1c34b13.elb.eu-central-1.amazonaws.com/api/v1/query\": EOF"
time="2026-09-05T15:56:46+02:00" level=warning msg="Request Failed" error="Post \"http://k8s-ragplatf-ciliumga-56da93c17a-2adc9d09e1c34b13.elb.eu-central-1.amazonaws.com/api/v1/query\": EOF"
time="2026-09-05T15:56:46+02:00" level=warning msg="Request Failed" error="Post \"http://k8s-ragplatf-ciliumga-56da93c17a-2adc9d09e1c34b13.elb.eu-central-1.amazonaws.com/api/v1/query\": EOF"
time="2026-09-05T15:56:46+02:00" level=warning msg="Request Failed" error="Post \"http://k8s-ragplatf-ciliumga-56da93c17a-2adc9d09e1c34b13.elb.eu-central-1.amazonaws.com/api/v1/query\": EOF"
time="2026-09-05T15:56:46+02:00" level=warning msg="Request Failed" error="Post \"http://k8s-ragplatf-ciliumga-56da93c17a-2adc9d09e1c34b13.elb.eu-central-1.amazonaws.com/api/v1/query\": EOF"
time="2026-09-05T15:56:46+02:00" level=warning msg="Request Failed" error="Post \"http://k8s-ragplatf-ciliumga-56da93c17a-2adc9d09e1c34b13.elb.eu-central-1.amazonaws.com/api/v1/query\": EOF"
time="2026-09-05T15:56:46+02:00" level=warning msg="Request Failed" error="Post \"http://k8s-ragplatf-ciliumga-56da93c17a-2adc9d09e1c34b13.elb.eu-central-1.amazonaws.com/api/v1/query\": EOF"
time="2026-09-05T15:56:46+02:00" level=warning msg="Request Failed" error="Post \"http://k8s-ragplatf-ciliumga-56da93c17a-2adc9d09e1c34b13.elb.eu-central-1.amazonaws.com/api/v1/query\": EOF"
time="2026-09-05T15:56:46+02:00" level=warning msg="Request Failed" error="Post \"http://k8s-ragplatf-ciliumga-56da93c17a-2adc9d09e1c34b13.elb.eu-central-1.amazonaws.com/api/v1/query\": EOF"
time="2026-09-05T15:56:46+02:00" level=warning msg="Request Failed" error="Post \"http://k8s-ragplatf-ciliumga-56da93c17a-2adc9d09e1c34b13.elb.eu-central-1.amazonaws.com/api/v1/query\": EOF"
time="2026-09-05T15:56:46+02:00" level=warning msg="Request Failed" error="Post \"http://k8s-ragplatf-ciliumga-56da93c17a-2adc9d09e1c34b13.elb.eu-central-1.amazonaws.com/api/v1/query\": EOF"
time="2026-09-05T15:56:46+02:00" level=warning msg="Request Failed" error="Post \"http://k8s-ragplatf-ciliumga-56da93c17a-2adc9d09e1c34b13.elb.eu-central-1.amazonaws.com/api/v1/query\": EOF"
time="2026-09-05T15:56:46+02:00" level=warning msg="Request Failed" error="Post \"http://k8s-ragplatf-ciliumga-56da93c17a-2adc9d09e1c34b13.elb.eu-central-1.amazonaws.com/api/v1/query\": EOF"
time="2026-09-05T15:56:46+02:00" level=warning msg="Request Failed" error="Post \"http://k8s-ragplatf-ciliumga-56da93c17a-2adc9d09e1c34b13.elb.eu-central-1.amazonaws.com/api/v1/query\": EOF"
time="2026-09-05T15:56:46+02:00" level=warning msg="Request Failed" error="Post \"http://k8s-ragplatf-ciliumga-56da93c17a-2adc9d09e1c34b13.elb.eu-central-1.amazonaws.com/api/v1/query\": EOF"
time="2026-09-05T15:56:46+02:00" level=warning msg="Request Failed" error="Post \"http://k8s-ragplatf-ciliumga-56da93c17a-2adc9d09e1c34b13.elb.eu-central-1.amazonaws.com/api/v1/query\": EOF"
time="2026-09-05T15:56:46+02:00" level=warning msg="Request Failed" error="Post \"http://k8s-ragplatf-ciliumga-56da93c17a-2adc9d09e1c34b13.elb.eu-central-1.amazonaws.com/api/v1/query\": EOF"
time="2026-09-05T15:56:46+02:00" level=warning msg="Request Failed" error="Post \"http://k8s-ragplatf-ciliumga-56da93c17a-2adc9d09e1c34b13.elb.eu-central-1.amazonaws.com/api/v1/query\": EOF"
time="2026-09-05T15:56:46+02:00" level=warning msg="Request Failed" error="Post \"http://k8s-ragplatf-ciliumga-56da93c17a-2adc9d09e1c34b13.elb.eu-central-1.amazonaws.com/api/v1/query\": EOF"
time="2026-09-05T15:56:46+02:00" level=warning msg="Request Failed" error="Post \"http://k8s-ragplatf-ciliumga-56da93c17a-2adc9d09e1c34b13.elb.eu-central-1.amazonaws.com/api/v1/query\": EOF"
time="2026-09-05T15:56:46+02:00" level=warning msg="Request Failed" error="Post \"http://k8s-ragplatf-ciliumga-56da93c17a-2adc9d09e1c34b13.elb.eu-central-1.amazonaws.com/api/v1/query\": EOF"
time="2026-09-05T15:56:46+02:00" level=warning msg="Request Failed" error="Post \"http://k8s-ragplatf-ciliumga-56da93c17a-2adc9d09e1c34b13.elb.eu-central-1.amazonaws.com/api/v1/query\": EOF"
time="2026-09-05T15:56:46+02:00" level=warning msg="Request Failed" error="Post \"http://k8s-ragplatf-ciliumga-56da93c17a-2adc9d09e1c34b13.elb.eu-central-1.amazonaws.com/api/v1/query\": EOF"
time="2026-09-05T15:56:46+02:00" level=warning msg="Request Failed" error="Post \"http://k8s-ragplatf-ciliumga-56da93c17a-2adc9d09e1c34b13.elb.eu-central-1.amazonaws.com/api/v1/query\": EOF"
time="2026-09-05T15:56:46+02:00" level=warning msg="Request Failed" error="Post \"http://k8s-ragplatf-ciliumga-56da93c17a-2adc9d09e1c34b13.elb.eu-central-1.amazonaws.com/api/v1/query\": EOF"
time="2026-09-05T15:56:46+02:00" level=warning msg="Request Failed" error="Post \"http://k8s-ragplatf-ciliumga-56da93c17a-2adc9d09e1c34b13.elb.eu-central-1.amazonaws.com/api/v1/query\": EOF"
time="2026-09-05T15:56:46+02:00" level=warning msg="Request Failed" error="Post \"http://k8s-ragplatf-ciliumga-56da93c17a-2adc9d09e1c34b13.elb.eu-central-1.amazonaws.com/api/v1/query\": EOF"
time="2026-09-05T15:56:46+02:00" level=warning msg="Request Failed" error="Post \"http://k8s-ragplatf-ciliumga-56da93c17a-2adc9d09e1c34b13.elb.eu-central-1.amazonaws.com/api/v1/query\": EOF"
time="2026-09-05T15:56:46+02:00" level=warning msg="Request Failed" error="Post \"http://k8s-ragplatf-ciliumga-56da93c17a-2adc9d09e1c34b13.elb.eu-central-1.amazonaws.com/api/v1/query\": EOF"
time="2026-09-05T15:56:46+02:00" level=warning msg="Request Failed" error="Post \"http://k8s-ragplatf-ciliumga-56da93c17a-2adc9d09e1c34b13.elb.eu-central-1.amazonaws.com/api/v1/query\": EOF"
time="2026-09-05T15:56:46+02:00" level=warning msg="Request Failed" error="Post \"http://k8s-ragplatf-ciliumga-56da93c17a-2adc9d09e1c34b13.elb.eu-central-1.amazonaws.com/api/v1/query\": EOF"
time="2026-09-05T15:56:46+02:00" level=warning msg="Request Failed" error="Post \"http://k8s-ragplatf-ciliumga-56da93c17a-2adc9d09e1c34b13.elb.eu-central-1.amazonaws.com/api/v1/query\": EOF"
time="2026-09-05T15:56:46+02:00" level=warning msg="Request Failed" error="Post \"http://k8s-ragplatf-ciliumga-56da93c17a-2adc9d09e1c34b13.elb.eu-central-1.amazonaws.com/api/v1/query\": EOF"
time="2026-09-05T15:56:46+02:00" level=warning msg="Request Failed" error="Post \"http://k8s-ragplatf-ciliumga-56da93c17a-2adc9d09e1c34b13.elb.eu-central-1.amazonaws.com/api/v1/query\": EOF"
time="2026-09-05T15:56:46+02:00" level=warning msg="Request Failed" error="Post \"http://k8s-ragplatf-ciliumga-56da93c17a-2adc9d09e1c34b13.elb.eu-central-1.amazonaws.com/api/v1/query\": EOF"
time="2026-09-05T15:56:46+02:00" level=warning msg="Request Failed" error="Post \"http://k8s-ragplatf-ciliumga-56da93c17a-2adc9d09e1c34b13.elb.eu-central-1.amazonaws.com/api/v1/query\": EOF"
time="2026-09-05T15:56:46+02:00" level=warning msg="Request Failed" error="Post \"http://k8s-ragplatf-ciliumga-56da93c17a-2adc9d09e1c34b13.elb.eu-central-1.amazonaws.com/api/v1/query\": EOF"
time="2026-09-05T15:56:46+02:00" level=warning msg="Request Failed" error="Post \"http://k8s-ragplatf-ciliumga-56da93c17a-2adc9d09e1c34b13.elb.eu-central-1.amazonaws.com/api/v1/query\": EOF"
time="2026-09-05T15:56:46+02:00" level=warning msg="Request Failed" error="Post \"http://k8s-ragplatf-ciliumga-56da93c17a-2adc9d09e1c34b13.elb.eu-central-1.amazonaws.com/api/v1/query\": EOF"
time="2026-09-05T15:56:46+02:00" level=warning msg="Request Failed" error="Post \"http://k8s-ragplatf-ciliumga-56da93c17a-2adc9d09e1c34b13.elb.eu-central-1.amazonaws.com/api/v1/query\": EOF"
time="2026-09-05T15:56:46+02:00" level=warning msg="Request Failed" error="Post \"http://k8s-ragplatf-ciliumga-56da93c17a-2adc9d09e1c34b13.elb.eu-central-1.amazonaws.com/api/v1/query\": EOF"
time="2026-09-05T15:56:46+02:00" level=warning msg="Request Failed" error="Post \"http://k8s-ragplatf-ciliumga-56da93c17a-2adc9d09e1c34b13.elb.eu-central-1.amazonaws.com/api/v1/query\": EOF"
time="2026-09-05T15:56:46+02:00" level=warning msg="Request Failed" error="Post \"http://k8s-ragplatf-ciliumga-56da93c17a-2adc9d09e1c34b13.elb.eu-central-1.amazonaws.com/api/v1/query\": EOF"
time="2026-09-05T15:56:46+02:00" level=warning msg="Request Failed" error="Post \"http://k8s-ragplatf-ciliumga-56da93c17a-2adc9d09e1c34b13.elb.eu-central-1.amazonaws.com/api/v1/query\": EOF"
time="2026-09-05T15:56:46+02:00" level=warning msg="Request Failed" error="Post \"http://k8s-ragplatf-ciliumga-56da93c17a-2adc9d09e1c34b13.elb.eu-central-1.amazonaws.com/api/v1/query\": EOF"
time="2026-09-05T15:56:46+02:00" level=warning msg="Request Failed" error="Post \"http://k8s-ragplatf-ciliumga-56da93c17a-2adc9d09e1c34b13.elb.eu-central-1.amazonaws.com/api/v1/query\": EOF"
time="2026-09-05T15:56:46+02:00" level=warning msg="Request Failed" error="Post \"http://k8s-ragplatf-ciliumga-56da93c17a-2adc9d09e1c34b13.elb.eu-central-1.amazonaws.com/api/v1/query\": EOF"
time="2026-09-05T15:56:46+02:00" level=warning msg="Request Failed" error="Post \"http://k8s-ragplatf-ciliumga-56da93c17a-2adc9d09e1c34b13.elb.eu-central-1.amazonaws.com/api/v1/query\": EOF"
time="2026-09-05T15:56:46+02:00" level=warning msg="Request Failed" error="Post \"http://k8s-ragplatf-ciliumga-56da93c17a-2adc9d09e1c34b13.elb.eu-central-1.amazonaws.com/api/v1/query\": EOF"
time="2026-09-05T15:56:46+02:00" level=warning msg="Request Failed" error="Post \"http://k8s-ragplatf-ciliumga-56da93c17a-2adc9d09e1c34b13.elb.eu-central-1.amazonaws.com/api/v1/query\": EOF"
time="2026-09-05T15:56:46+02:00" level=warning msg="Request Failed" error="Post \"http://k8s-ragplatf-ciliumga-56da93c17a-2adc9d09e1c34b13.elb.eu-central-1.amazonaws.com/api/v1/query\": EOF"
time="2026-09-05T15:56:46+02:00" level=warning msg="Request Failed" error="Post \"http://k8s-ragplatf-ciliumga-56da93c17a-2adc9d09e1c34b13.elb.eu-central-1.amazonaws.com/api/v1/query\": EOF"
time="2026-09-05T15:56:46+02:00" level=warning msg="Request Failed" error="Post \"http://k8s-ragplatf-ciliumga-56da93c17a-2adc9d09e1c34b13.elb.eu-central-1.amazonaws.com/api/v1/query\": EOF"
time="2026-09-05T15:56:46+02:00" level=warning msg="Request Failed" error="Post \"http://k8s-ragplatf-ciliumga-56da93c17a-2adc9d09e1c34b13.elb.eu-central-1.amazonaws.com/api/v1/query\": EOF"
time="2026-09-05T15:56:46+02:00" level=warning msg="Request Failed" error="Post \"http://k8s-ragplatf-ciliumga-56da93c17a-2adc9d09e1c34b13.elb.eu-central-1.amazonaws.com/api/v1/query\": EOF"
time="2026-09-05T15:56:46+02:00" level=warning msg="Request Failed" error="Post \"http://k8s-ragplatf-ciliumga-56da93c17a-2adc9d09e1c34b13.elb.eu-central-1.amazonaws.com/api/v1/query\": EOF"
time="2026-09-05T15:56:46+02:00" level=warning msg="Request Failed" error="Post \"http://k8s-ragplatf-ciliumga-56da93c17a-2adc9d09e1c34b13.elb.eu-central-1.amazonaws.com/api/v1/query\": EOF"
time="2026-09-05T15:56:46+02:00" level=warning msg="Request Failed" error="Post \"http://k8s-ragplatf-ciliumga-56da93c17a-2adc9d09e1c34b13.elb.eu-central-1.amazonaws.com/api/v1/query\": EOF"
time="2026-09-05T15:56:46+02:00" level=warning msg="Request Failed" error="Post \"http://k8s-ragplatf-ciliumga-56da93c17a-2adc9d09e1c34b13.elb.eu-central-1.amazonaws.com/api/v1/query\": EOF"
time="2026-09-05T15:56:46+02:00" level=warning msg="Request Failed" error="Post \"http://k8s-ragplatf-ciliumga-56da93c17a-2adc9d09e1c34b13.elb.eu-central-1.amazonaws.com/api/v1/query\": EOF"
time="2026-09-05T15:56:46+02:00" level=warning msg="Request Failed" error="Post \"http://k8s-ragplatf-ciliumga-56da93c17a-2adc9d09e1c34b13.elb.eu-central-1.amazonaws.com/api/v1/query\": EOF"
time="2026-09-05T15:56:46+02:00" level=warning msg="Request Failed" error="Post \"http://k8s-ragplatf-ciliumga-56da93c17a-2adc9d09e1c34b13.elb.eu-central-1.amazonaws.com/api/v1/query\": EOF"
time="2026-09-05T15:56:46+02:00" level=warning msg="Request Failed" error="Post \"http://k8s-ragplatf-ciliumga-56da93c17a-2adc9d09e1c34b13.elb.eu-central-1.amazonaws.com/api/v1/query\": EOF"
time="2026-09-05T15:56:46+02:00" level=warning msg="Request Failed" error="Post \"http://k8s-ragplatf-ciliumga-56da93c17a-2adc9d09e1c34b13.elb.eu-central-1.amazonaws.com/api/v1/query\": EOF"
time="2026-09-05T15:56:46+02:00" level=warning msg="Request Failed" error="Post \"http://k8s-ragplatf-ciliumga-56da93c17a-2adc9d09e1c34b13.elb.eu-central-1.amazonaws.com/api/v1/query\": EOF"
time="2026-09-05T15:56:46+02:00" level=warning msg="Request Failed" error="Post \"http://k8s-ragplatf-ciliumga-56da93c17a-2adc9d09e1c34b13.elb.eu-central-1.amazonaws.com/api/v1/query\": EOF"
time="2026-09-05T15:56:46+02:00" level=warning msg="Request Failed" error="Post \"http://k8s-ragplatf-ciliumga-56da93c17a-2adc9d09e1c34b13.elb.eu-central-1.amazonaws.com/api/v1/query\": EOF"
time="2026-09-05T15:56:46+02:00" level=warning msg="Request Failed" error="Post \"http://k8s-ragplatf-ciliumga-56da93c17a-2adc9d09e1c34b13.elb.eu-central-1.amazonaws.com/api/v1/query\": EOF"
time="2026-09-05T15:56:46+02:00" level=warning msg="Request Failed" error="Post \"http://k8s-ragplatf-ciliumga-56da93c17a-2adc9d09e1c34b13.elb.eu-central-1.amazonaws.com/api/v1/query\": EOF"
time="2026-09-05T15:56:46+02:00" level=warning msg="Request Failed" error="Post \"http://k8s-ragplatf-ciliumga-56da93c17a-2adc9d09e1c34b13.elb.eu-central-1.amazonaws.com/api/v1/query\": EOF"
time="2026-09-05T15:56:46+02:00" level=warning msg="Request Failed" error="Post \"http://k8s-ragplatf-ciliumga-56da93c17a-2adc9d09e1c34b13.elb.eu-central-1.amazonaws.com/api/v1/query\": EOF"
time="2026-09-05T15:56:46+02:00" level=warning msg="Request Failed" error="Post \"http://k8s-ragplatf-ciliumga-56da93c17a-2adc9d09e1c34b13.elb.eu-central-1.amazonaws.com/api/v1/query\": EOF"
time="2026-09-05T15:56:46+02:00" level=warning msg="Request Failed" error="Post \"http://k8s-ragplatf-ciliumga-56da93c17a-2adc9d09e1c34b13.elb.eu-central-1.amazonaws.com/api/v1/query\": EOF"
time="2026-09-05T15:56:46+02:00" level=warning msg="Request Failed" error="Post \"http://k8s-ragplatf-ciliumga-56da93c17a-2adc9d09e1c34b13.elb.eu-central-1.amazonaws.com/api/v1/query\": EOF"
time="2026-09-05T15:56:46+02:00" level=warning msg="Request Failed" error="Post \"http://k8s-ragplatf-ciliumga-56da93c17a-2adc9d09e1c34b13.elb.eu-central-1.amazonaws.com/api/v1/query\": EOF"
time="2026-09-05T15:56:46+02:00" level=warning msg="Request Failed" error="Post \"http://k8s-ragplatf-ciliumga-56da93c17a-2adc9d09e1c34b13.elb.eu-central-1.amazonaws.com/api/v1/query\": EOF"
time="2026-09-05T15:56:46+02:00" level=warning msg="Request Failed" error="Post \"http://k8s-ragplatf-ciliumga-56da93c17a-2adc9d09e1c34b13.elb.eu-central-1.amazonaws.com/api/v1/query\": EOF"
time="2026-09-05T15:56:46+02:00" level=warning msg="Request Failed" error="Post \"http://k8s-ragplatf-ciliumga-56da93c17a-2adc9d09e1c34b13.elb.eu-central-1.amazonaws.com/api/v1/query\": EOF"
time="2026-09-05T15:56:46+02:00" level=warning msg="Request Failed" error="Post \"http://k8s-ragplatf-ciliumga-56da93c17a-2adc9d09e1c34b13.elb.eu-central-1.amazonaws.com/api/v1/query\": EOF"
time="2026-09-05T15:56:46+02:00" level=warning msg="Request Failed" error="Post \"http://k8s-ragplatf-ciliumga-56da93c17a-2adc9d09e1c34b13.elb.eu-central-1.amazonaws.com/api/v1/query\": EOF"
time="2026-09-05T15:56:46+02:00" level=warning msg="Request Failed" error="Post \"http://k8s-ragplatf-ciliumga-56da93c17a-2adc9d09e1c34b13.elb.eu-central-1.amazonaws.com/api/v1/query\": EOF"
time="2026-09-05T15:56:46+02:00" level=warning msg="Request Failed" error="Post \"http://k8s-ragplatf-ciliumga-56da93c17a-2adc9d09e1c34b13.elb.eu-central-1.amazonaws.com/api/v1/query\": EOF"
time="2026-09-05T15:56:46+02:00" level=warning msg="Request Failed" error="Post \"http://k8s-ragplatf-ciliumga-56da93c17a-2adc9d09e1c34b13.elb.eu-central-1.amazonaws.com/api/v1/query\": EOF"
time="2026-09-05T15:56:46+02:00" level=warning msg="Request Failed" error="Post \"http://k8s-ragplatf-ciliumga-56da93c17a-2adc9d09e1c34b13.elb.eu-central-1.amazonaws.com/api/v1/query\": EOF"
time="2026-09-05T15:56:46+02:00" level=warning msg="Request Failed" error="Post \"http://k8s-ragplatf-ciliumga-56da93c17a-2adc9d09e1c34b13.elb.eu-central-1.amazonaws.com/api/v1/query\": EOF"
time="2026-09-05T15:56:46+02:00" level=warning msg="Request Failed" error="Post \"http://k8s-ragplatf-ciliumga-56da93c17a-2adc9d09e1c34b13.elb.eu-central-1.amazonaws.com/api/v1/query\": EOF"
time="2026-09-05T15:56:46+02:00" level=warning msg="Request Failed" error="Post \"http://k8s-ragplatf-ciliumga-56da93c17a-2adc9d09e1c34b13.elb.eu-central-1.amazonaws.com/api/v1/query\": EOF"
time="2026-09-05T15:56:46+02:00" level=warning msg="Request Failed" error="Post \"http://k8s-ragplatf-ciliumga-56da93c17a-2adc9d09e1c34b13.elb.eu-central-1.amazonaws.com/api/v1/query\": EOF"
time="2026-09-05T15:56:46+02:00" level=warning msg="Request Failed" error="Post \"http://k8s-ragplatf-ciliumga-56da93c17a-2adc9d09e1c34b13.elb.eu-central-1.amazonaws.com/api/v1/query\": EOF"
time="2026-09-05T15:56:46+02:00" level=warning msg="Request Failed" error="Post \"http://k8s-ragplatf-ciliumga-56da93c17a-2adc9d09e1c34b13.elb.eu-central-1.amazonaws.com/api/v1/query\": EOF"
time="2026-09-05T15:56:46+02:00" level=warning msg="Request Failed" error="Post \"http://k8s-ragplatf-ciliumga-56da93c17a-2adc9d09e1c34b13.elb.eu-central-1.amazonaws.com/api/v1/query\": EOF"
time="2026-09-05T15:56:46+02:00" level=warning msg="Request Failed" error="Post \"http://k8s-ragplatf-ciliumga-56da93c17a-2adc9d09e1c34b13.elb.eu-central-1.amazonaws.com/api/v1/query\": EOF"
time="2026-09-05T15:56:46+02:00" level=warning msg="Request Failed" error="Post \"http://k8s-ragplatf-ciliumga-56da93c17a-2adc9d09e1c34b13.elb.eu-central-1.amazonaws.com/api/v1/query\": EOF"
time="2026-09-05T15:56:46+02:00" level=warning msg="Request Failed" error="Post \"http://k8s-ragplatf-ciliumga-56da93c17a-2adc9d09e1c34b13.elb.eu-central-1.amazonaws.com/api/v1/query\": EOF"
time="2026-09-05T15:56:46+02:00" level=warning msg="Request Failed" error="Post \"http://k8s-ragplatf-ciliumga-56da93c17a-2adc9d09e1c34b13.elb.eu-central-1.amazonaws.com/api/v1/query\": EOF"
time="2026-09-05T15:56:46+02:00" level=warning msg="Request Failed" error="Post \"http://k8s-ragplatf-ciliumga-56da93c17a-2adc9d09e1c34b13.elb.eu-central-1.amazonaws.com/api/v1/query\": EOF"
time="2026-09-05T15:56:46+02:00" level=warning msg="Request Failed" error="Post \"http://k8s-ragplatf-ciliumga-56da93c17a-2adc9d09e1c34b13.elb.eu-central-1.amazonaws.com/api/v1/query\": EOF"
time="2026-09-05T15:56:46+02:00" level=warning msg="Request Failed" error="Post \"http://k8s-ragplatf-ciliumga-56da93c17a-2adc9d09e1c34b13.elb.eu-central-1.amazonaws.com/api/v1/query\": EOF"
time="2026-09-05T15:56:46+02:00" level=warning msg="Request Failed" error="Post \"http://k8s-ragplatf-ciliumga-56da93c17a-2adc9d09e1c34b13.elb.eu-central-1.amazonaws.com/api/v1/query\": EOF"
time="2026-09-05T15:56:46+02:00" level=warning msg="Request Failed" error="Post \"http://k8s-ragplatf-ciliumga-56da93c17a-2adc9d09e1c34b13.elb.eu-central-1.amazonaws.com/api/v1/query\": EOF"
time="2026-09-05T15:56:46+02:00" level=warning msg="Request Failed" error="Post \"http://k8s-ragplatf-ciliumga-56da93c17a-2adc9d09e1c34b13.elb.eu-central-1.amazonaws.com/api/v1/query\": EOF"
time="2026-09-05T15:56:46+02:00" level=warning msg="Request Failed" error="Post \"http://k8s-ragplatf-ciliumga-56da93c17a-2adc9d09e1c34b13.elb.eu-central-1.amazonaws.com/api/v1/query\": EOF"
time="2026-09-05T15:56:46+02:00" level=warning msg="Request Failed" error="Post \"http://k8s-ragplatf-ciliumga-56da93c17a-2adc9d09e1c34b13.elb.eu-central-1.amazonaws.com/api/v1/query\": EOF"
time="2026-09-05T15:56:46+02:00" level=warning msg="Request Failed" error="Post \"http://k8s-ragplatf-ciliumga-56da93c17a-2adc9d09e1c34b13.elb.eu-central-1.amazonaws.com/api/v1/query\": EOF"
time="2026-09-05T15:56:46+02:00" level=warning msg="Request Failed" error="Post \"http://k8s-ragplatf-ciliumga-56da93c17a-2adc9d09e1c34b13.elb.eu-central-1.amazonaws.com/api/v1/query\": EOF"
time="2026-09-05T15:56:46+02:00" level=warning msg="Request Failed" error="Post \"http://k8s-ragplatf-ciliumga-56da93c17a-2adc9d09e1c34b13.elb.eu-central-1.amazonaws.com/api/v1/query\": EOF"
time="2026-09-05T15:56:46+02:00" level=warning msg="Request Failed" error="Post \"http://k8s-ragplatf-ciliumga-56da93c17a-2adc9d09e1c34b13.elb.eu-central-1.amazonaws.com/api/v1/query\": EOF"
time="2026-09-05T15:56:46+02:00" level=warning msg="Request Failed" error="Post \"http://k8s-ragplatf-ciliumga-56da93c17a-2adc9d09e1c34b13.elb.eu-central-1.amazonaws.com/api/v1/query\": EOF"
time="2026-09-05T15:56:46+02:00" level=warning msg="Request Failed" error="Post \"http://k8s-ragplatf-ciliumga-56da93c17a-2adc9d09e1c34b13.elb.eu-central-1.amazonaws.com/api/v1/query\": EOF"
time="2026-09-05T15:56:46+02:00" level=warning msg="Request Failed" error="Post \"http://k8s-ragplatf-ciliumga-56da93c17a-2adc9d09e1c34b13.elb.eu-central-1.amazonaws.com/api/v1/query\": EOF"
time="2026-09-05T15:56:46+02:00" level=warning msg="Request Failed" error="Post \"http://k8s-ragplatf-ciliumga-56da93c17a-2adc9d09e1c34b13.elb.eu-central-1.amazonaws.com/api/v1/query\": EOF"
time="2026-09-05T15:56:46+02:00" level=warning msg="Request Failed" error="Post \"http://k8s-ragplatf-ciliumga-56da93c17a-2adc9d09e1c34b13.elb.eu-central-1.amazonaws.com/api/v1/query\": EOF"
time="2026-09-05T15:56:46+02:00" level=warning msg="Request Failed" error="Post \"http://k8s-ragplatf-ciliumga-56da93c17a-2adc9d09e1c34b13.elb.eu-central-1.amazonaws.com/api/v1/query\": EOF"
time="2026-09-05T15:56:46+02:00" level=warning msg="Request Failed" error="Post \"http://k8s-ragplatf-ciliumga-56da93c17a-2adc9d09e1c34b13.elb.eu-central-1.amazonaws.com/api/v1/query\": EOF"
time="2026-09-05T15:56:46+02:00" level=warning msg="Request Failed" error="Post \"http://k8s-ragplatf-ciliumga-56da93c17a-2adc9d09e1c34b13.elb.eu-central-1.amazonaws.com/api/v1/query\": EOF"
time="2026-09-05T15:56:46+02:00" level=warning msg="Request Failed" error="Post \"http://k8s-ragplatf-ciliumga-56da93c17a-2adc9d09e1c34b13.elb.eu-central-1.amazonaws.com/api/v1/query\": EOF"
time="2026-09-05T15:56:46+02:00" level=warning msg="Request Failed" error="Post \"http://k8s-ragplatf-ciliumga-56da93c17a-2adc9d09e1c34b13.elb.eu-central-1.amazonaws.com/api/v1/query\": EOF"
time="2026-09-05T15:56:46+02:00" level=warning msg="Request Failed" error="Post \"http://k8s-ragplatf-ciliumga-56da93c17a-2adc9d09e1c34b13.elb.eu-central-1.amazonaws.com/api/v1/query\": EOF"
time="2026-09-05T15:56:46+02:00" level=warning msg="Request Failed" error="Post \"http://k8s-ragplatf-ciliumga-56da93c17a-2adc9d09e1c34b13.elb.eu-central-1.amazonaws.com/api/v1/query\": EOF"
time="2026-09-05T15:56:46+02:00" level=warning msg="Request Failed" error="Post \"http://k8s-ragplatf-ciliumga-56da93c17a-2adc9d09e1c34b13.elb.eu-central-1.amazonaws.com/api/v1/query\": EOF"
time="2026-09-05T15:56:46+02:00" level=warning msg="Request Failed" error="Post \"http://k8s-ragplatf-ciliumga-56da93c17a-2adc9d09e1c34b13.elb.eu-central-1.amazonaws.com/api/v1/query\": EOF"
time="2026-09-05T15:56:46+02:00" level=warning msg="Request Failed" error="Post \"http://k8s-ragplatf-ciliumga-56da93c17a-2adc9d09e1c34b13.elb.eu-central-1.amazonaws.com/api/v1/query\": EOF"
time="2026-09-05T15:56:46+02:00" level=warning msg="Request Failed" error="Post \"http://k8s-ragplatf-ciliumga-56da93c17a-2adc9d09e1c34b13.elb.eu-central-1.amazonaws.com/api/v1/query\": EOF"
time="2026-09-05T15:56:46+02:00" level=warning msg="Request Failed" error="Post \"http://k8s-ragplatf-ciliumga-56da93c17a-2adc9d09e1c34b13.elb.eu-central-1.amazonaws.com/api/v1/query\": EOF"
time="2026-09-05T15:56:46+02:00" level=warning msg="Request Failed" error="Post \"http://k8s-ragplatf-ciliumga-56da93c17a-2adc9d09e1c34b13.elb.eu-central-1.amazonaws.com/api/v1/query\": EOF"
time="2026-09-05T15:56:46+02:00" level=warning msg="Request Failed" error="Post \"http://k8s-ragplatf-ciliumga-56da93c17a-2adc9d09e1c34b13.elb.eu-central-1.amazonaws.com/api/v1/query\": EOF"
time="2026-09-05T15:56:46+02:00" level=warning msg="Request Failed" error="Post \"http://k8s-ragplatf-ciliumga-56da93c17a-2adc9d09e1c34b13.elb.eu-central-1.amazonaws.com/api/v1/query\": EOF"
time="2026-09-05T15:56:46+02:00" level=warning msg="Request Failed" error="Post \"http://k8s-ragplatf-ciliumga-56da93c17a-2adc9d09e1c34b13.elb.eu-central-1.amazonaws.com/api/v1/query\": EOF"
time="2026-09-05T15:56:46+02:00" level=warning msg="Request Failed" error="Post \"http://k8s-ragplatf-ciliumga-56da93c17a-2adc9d09e1c34b13.elb.eu-central-1.amazonaws.com/api/v1/query\": EOF"
time="2026-09-05T15:56:46+02:00" level=warning msg="Request Failed" error="Post \"http://k8s-ragplatf-ciliumga-56da93c17a-2adc9d09e1c34b13.elb.eu-central-1.amazonaws.com/api/v1/query\": EOF"
time="2026-09-05T15:56:46+02:00" level=warning msg="Request Failed" error="Post \"http://k8s-ragplatf-ciliumga-56da93c17a-2adc9d09e1c34b13.elb.eu-central-1.amazonaws.com/api/v1/query\": EOF"
time="2026-09-05T15:56:46+02:00" level=warning msg="Request Failed" error="Post \"http://k8s-ragplatf-ciliumga-56da93c17a-2adc9d09e1c34b13.elb.eu-central-1.amazonaws.com/api/v1/query\": EOF"
time="2026-09-05T15:56:46+02:00" level=warning msg="Request Failed" error="Post \"http://k8s-ragplatf-ciliumga-56da93c17a-2adc9d09e1c34b13.elb.eu-central-1.amazonaws.com/api/v1/query\": EOF"
time="2026-09-05T15:56:46+02:00" level=warning msg="Request Failed" error="Post \"http://k8s-ragplatf-ciliumga-56da93c17a-2adc9d09e1c34b13.elb.eu-central-1.amazonaws.com/api/v1/query\": EOF"
time="2026-09-05T15:56:46+02:00" level=warning msg="Request Failed" error="Post \"http://k8s-ragplatf-ciliumga-56da93c17a-2adc9d09e1c34b13.elb.eu-central-1.amazonaws.com/api/v1/query\": EOF"
time="2026-09-05T15:56:46+02:00" level=warning msg="Request Failed" error="Post \"http://k8s-ragplatf-ciliumga-56da93c17a-2adc9d09e1c34b13.elb.eu-central-1.amazonaws.com/api/v1/query\": EOF"
time="2026-09-05T15:56:46+02:00" level=warning msg="Request Failed" error="Post \"http://k8s-ragplatf-ciliumga-56da93c17a-2adc9d09e1c34b13.elb.eu-central-1.amazonaws.com/api/v1/query\": EOF"
time="2026-09-05T15:56:46+02:00" level=warning msg="Request Failed" error="Post \"http://k8s-ragplatf-ciliumga-56da93c17a-2adc9d09e1c34b13.elb.eu-central-1.amazonaws.com/api/v1/query\": EOF"
time="2026-09-05T15:56:46+02:00" level=warning msg="Request Failed" error="Post \"http://k8s-ragplatf-ciliumga-56da93c17a-2adc9d09e1c34b13.elb.eu-central-1.amazonaws.com/api/v1/query\": EOF"
time="2026-09-05T15:56:46+02:00" level=warning msg="Request Failed" error="Post \"http://k8s-ragplatf-ciliumga-56da93c17a-2adc9d09e1c34b13.elb.eu-central-1.amazonaws.com/api/v1/query\": EOF"
time="2026-09-05T15:56:46+02:00" level=warning msg="Request Failed" error="Post \"http://k8s-ragplatf-ciliumga-56da93c17a-2adc9d09e1c34b13.elb.eu-central-1.amazonaws.com/api/v1/query\": EOF"
time="2026-09-05T15:56:46+02:00" level=warning msg="Request Failed" error="Post \"http://k8s-ragplatf-ciliumga-56da93c17a-2adc9d09e1c34b13.elb.eu-central-1.amazonaws.com/api/v1/query\": EOF"
time="2026-09-05T15:56:46+02:00" level=warning msg="Request Failed" error="Post \"http://k8s-ragplatf-ciliumga-56da93c17a-2adc9d09e1c34b13.elb.eu-central-1.amazonaws.com/api/v1/query\": EOF"
time="2026-09-05T15:56:46+02:00" level=warning msg="Request Failed" error="Post \"http://k8s-ragplatf-ciliumga-56da93c17a-2adc9d09e1c34b13.elb.eu-central-1.amazonaws.com/api/v1/query\": EOF"
time="2026-09-05T15:56:46+02:00" level=warning msg="Request Failed" error="Post \"http://k8s-ragplatf-ciliumga-56da93c17a-2adc9d09e1c34b13.elb.eu-central-1.amazonaws.com/api/v1/query\": EOF"
time="2026-09-05T15:56:46+02:00" level=warning msg="Request Failed" error="Post \"http://k8s-ragplatf-ciliumga-56da93c17a-2adc9d09e1c34b13.elb.eu-central-1.amazonaws.com/api/v1/query\": EOF"
time="2026-09-05T15:56:46+02:00" level=warning msg="Request Failed" error="Post \"http://k8s-ragplatf-ciliumga-56da93c17a-2adc9d09e1c34b13.elb.eu-central-1.amazonaws.com/api/v1/query\": EOF"
time="2026-09-05T15:56:46+02:00" level=warning msg="Request Failed" error="Post \"http://k8s-ragplatf-ciliumga-56da93c17a-2adc9d09e1c34b13.elb.eu-central-1.amazonaws.com/api/v1/query\": EOF"
time="2026-09-05T15:56:46+02:00" level=warning msg="Request Failed" error="Post \"http://k8s-ragplatf-ciliumga-56da93c17a-2adc9d09e1c34b13.elb.eu-central-1.amazonaws.com/api/v1/query\": EOF"
time="2026-09-05T15:56:46+02:00" level=warning msg="Request Failed" error="Post \"http://k8s-ragplatf-ciliumga-56da93c17a-2adc9d09e1c34b13.elb.eu-central-1.amazonaws.com/api/v1/query\": EOF"
time="2026-09-05T15:56:46+02:00" level=warning msg="Request Failed" error="Post \"http://k8s-ragplatf-ciliumga-56da93c17a-2adc9d09e1c34b13.elb.eu-central-1.amazonaws.com/api/v1/query\": EOF"
time="2026-09-05T15:56:46+02:00" level=warning msg="Request Failed" error="Post \"http://k8s-ragplatf-ciliumga-56da93c17a-2adc9d09e1c34b13.elb.eu-central-1.amazonaws.com/api/v1/query\": EOF"
time="2026-09-05T15:56:46+02:00" level=warning msg="Request Failed" error="Post \"http://k8s-ragplatf-ciliumga-56da93c17a-2adc9d09e1c34b13.elb.eu-central-1.amazonaws.com/api/v1/query\": EOF"
time="2026-09-05T15:56:46+02:00" level=warning msg="Request Failed" error="Post \"http://k8s-ragplatf-ciliumga-56da93c17a-2adc9d09e1c34b13.elb.eu-central-1.amazonaws.com/api/v1/query\": EOF"
time="2026-09-05T15:56:46+02:00" level=warning msg="Request Failed" error="Post \"http://k8s-ragplatf-ciliumga-56da93c17a-2adc9d09e1c34b13.elb.eu-central-1.amazonaws.com/api/v1/query\": EOF"
time="2026-09-05T15:56:46+02:00" level=warning msg="Request Failed" error="Post \"http://k8s-ragplatf-ciliumga-56da93c17a-2adc9d09e1c34b13.elb.eu-central-1.amazonaws.com/api/v1/query\": EOF"
time="2026-09-05T15:56:46+02:00" level=warning msg="Request Failed" error="Post \"http://k8s-ragplatf-ciliumga-56da93c17a-2adc9d09e1c34b13.elb.eu-central-1.amazonaws.com/api/v1/query\": EOF"
time="2026-09-05T15:56:46+02:00" level=warning msg="Request Failed" error="Post \"http://k8s-ragplatf-ciliumga-56da93c17a-2adc9d09e1c34b13.elb.eu-central-1.amazonaws.com/api/v1/query\": EOF"
time="2026-09-05T15:56:46+02:00" level=warning msg="Request Failed" error="Post \"http://k8s-ragplatf-ciliumga-56da93c17a-2adc9d09e1c34b13.elb.eu-central-1.amazonaws.com/api/v1/query\": EOF"
time="2026-09-05T15:56:46+02:00" level=warning msg="Request Failed" error="Post \"http://k8s-ragplatf-ciliumga-56da93c17a-2adc9d09e1c34b13.elb.eu-central-1.amazonaws.com/api/v1/query\": EOF"
time="2026-09-05T15:56:46+02:00" level=warning msg="Request Failed" error="Post \"http://k8s-ragplatf-ciliumga-56da93c17a-2adc9d09e1c34b13.elb.eu-central-1.amazonaws.com/api/v1/query\": EOF"
time="2026-09-05T15:56:46+02:00" level=warning msg="Request Failed" error="Post \"http://k8s-ragplatf-ciliumga-56da93c17a-2adc9d09e1c34b13.elb.eu-central-1.amazonaws.com/api/v1/query\": EOF"
time="2026-09-05T15:56:46+02:00" level=warning msg="Request Failed" error="Post \"http://k8s-ragplatf-ciliumga-56da93c17a-2adc9d09e1c34b13.elb.eu-central-1.amazonaws.com/api/v1/query\": EOF"
time="2026-09-05T15:56:46+02:00" level=warning msg="Request Failed" error="Post \"http://k8s-ragplatf-ciliumga-56da93c17a-2adc9d09e1c34b13.elb.eu-central-1.amazonaws.com/api/v1/query\": EOF"
time="2026-09-05T15:56:46+02:00" level=warning msg="Request Failed" error="Post \"http://k8s-ragplatf-ciliumga-56da93c17a-2adc9d09e1c34b13.elb.eu-central-1.amazonaws.com/api/v1/query\": EOF"
time="2026-09-05T15:56:46+02:00" level=warning msg="Request Failed" error="Post \"http://k8s-ragplatf-ciliumga-56da93c17a-2adc9d09e1c34b13.elb.eu-central-1.amazonaws.com/api/v1/query\": EOF"
time="2026-09-05T15:56:46+02:00" level=warning msg="Request Failed" error="Post \"http://k8s-ragplatf-ciliumga-56da93c17a-2adc9d09e1c34b13.elb.eu-central-1.amazonaws.com/api/v1/query\": EOF"
time="2026-09-05T15:56:46+02:00" level=warning msg="Request Failed" error="Post \"http://k8s-ragplatf-ciliumga-56da93c17a-2adc9d09e1c34b13.elb.eu-central-1.amazonaws.com/api/v1/query\": EOF"
time="2026-09-05T15:56:46+02:00" level=warning msg="Request Failed" error="Post \"http://k8s-ragplatf-ciliumga-56da93c17a-2adc9d09e1c34b13.elb.eu-central-1.amazonaws.com/api/v1/query\": EOF"
time="2026-09-05T15:56:46+02:00" level=warning msg="Request Failed" error="Post \"http://k8s-ragplatf-ciliumga-56da93c17a-2adc9d09e1c34b13.elb.eu-central-1.amazonaws.com/api/v1/query\": EOF"
time="2026-09-05T15:56:46+02:00" level=warning msg="Request Failed" error="Post \"http://k8s-ragplatf-ciliumga-56da93c17a-2adc9d09e1c34b13.elb.eu-central-1.amazonaws.com/api/v1/query\": EOF"
time="2026-09-05T15:56:46+02:00" level=warning msg="Request Failed" error="Post \"http://k8s-ragplatf-ciliumga-56da93c17a-2adc9d09e1c34b13.elb.eu-central-1.amazonaws.com/api/v1/query\": EOF"
time="2026-09-05T15:56:46+02:00" level=warning msg="Request Failed" error="Post \"http://k8s-ragplatf-ciliumga-56da93c17a-2adc9d09e1c34b13.elb.eu-central-1.amazonaws.com/api/v1/query\": EOF"
time="2026-09-05T15:56:46+02:00" level=warning msg="Request Failed" error="Post \"http://k8s-ragplatf-ciliumga-56da93c17a-2adc9d09e1c34b13.elb.eu-central-1.amazonaws.com/api/v1/query\": EOF"
time="2026-09-05T15:56:46+02:00" level=warning msg="Request Failed" error="Post \"http://k8s-ragplatf-ciliumga-56da93c17a-2adc9d09e1c34b13.elb.eu-central-1.amazonaws.com/api/v1/query\": EOF"
time="2026-09-05T15:56:46+02:00" level=warning msg="Request Failed" error="Post \"http://k8s-ragplatf-ciliumga-56da93c17a-2adc9d09e1c34b13.elb.eu-central-1.amazonaws.com/api/v1/query\": EOF"
time="2026-09-05T15:56:46+02:00" level=warning msg="Request Failed" error="Post \"http://k8s-ragplatf-ciliumga-56da93c17a-2adc9d09e1c34b13.elb.eu-central-1.amazonaws.com/api/v1/query\": EOF"
time="2026-09-05T15:56:46+02:00" level=warning msg="Request Failed" error="Post \"http://k8s-ragplatf-ciliumga-56da93c17a-2adc9d09e1c34b13.elb.eu-central-1.amazonaws.com/api/v1/query\": EOF"
time="2026-09-05T15:56:46+02:00" level=warning msg="Request Failed" error="Post \"http://k8s-ragplatf-ciliumga-56da93c17a-2adc9d09e1c34b13.elb.eu-central-1.amazonaws.com/api/v1/query\": EOF"
time="2026-09-05T15:56:46+02:00" level=warning msg="Request Failed" error="Post \"http://k8s-ragplatf-ciliumga-56da93c17a-2adc9d09e1c34b13.elb.eu-central-1.amazonaws.com/api/v1/query\": EOF"
time="2026-09-05T15:56:46+02:00" level=warning msg="Request Failed" error="Post \"http://k8s-ragplatf-ciliumga-56da93c17a-2adc9d09e1c34b13.elb.eu-central-1.amazonaws.com/api/v1/query\": EOF"
time="2026-09-05T15:56:46+02:00" level=warning msg="Request Failed" error="Post \"http://k8s-ragplatf-ciliumga-56da93c17a-2adc9d09e1c34b13.elb.eu-central-1.amazonaws.com/api/v1/query\": EOF"
time="2026-09-05T15:56:46+02:00" level=warning msg="Request Failed" error="Post \"http://k8s-ragplatf-ciliumga-56da93c17a-2adc9d09e1c34b13.elb.eu-central-1.amazonaws.com/api/v1/query\": EOF"
time="2026-09-05T15:56:46+02:00" level=warning msg="Request Failed" error="Post \"http://k8s-ragplatf-ciliumga-56da93c17a-2adc9d09e1c34b13.elb.eu-central-1.amazonaws.com/api/v1/query\": EOF"
time="2026-09-05T15:56:46+02:00" level=warning msg="Request Failed" error="Post \"http://k8s-ragplatf-ciliumga-56da93c17a-2adc9d09e1c34b13.elb.eu-central-1.amazonaws.com/api/v1/query\": EOF"
time="2026-09-05T15:56:46+02:00" level=warning msg="Request Failed" error="Post \"http://k8s-ragplatf-ciliumga-56da93c17a-2adc9d09e1c34b13.elb.eu-central-1.amazonaws.com/api/v1/query\": EOF"
time="2026-09-05T15:56:46+02:00" level=warning msg="Request Failed" error="Post \"http://k8s-ragplatf-ciliumga-56da93c17a-2adc9d09e1c34b13.elb.eu-central-1.amazonaws.com/api/v1/query\": EOF"
time="2026-09-05T15:56:46+02:00" level=warning msg="Request Failed" error="Post \"http://k8s-ragplatf-ciliumga-56da93c17a-2adc9d09e1c34b13.elb.eu-central-1.amazonaws.com/api/v1/query\": EOF"
time="2026-09-05T15:56:46+02:00" level=warning msg="Request Failed" error="Post \"http://k8s-ragplatf-ciliumga-56da93c17a-2adc9d09e1c34b13.elb.eu-central-1.amazonaws.com/api/v1/query\": EOF"
time="2026-09-05T15:56:46+02:00" level=warning msg="Request Failed" error="Post \"http://k8s-ragplatf-ciliumga-56da93c17a-2adc9d09e1c34b13.elb.eu-central-1.amazonaws.com/api/v1/query\": EOF"
time="2026-09-05T15:56:46+02:00" level=warning msg="Request Failed" error="Post \"http://k8s-ragplatf-ciliumga-56da93c17a-2adc9d09e1c34b13.elb.eu-central-1.amazonaws.com/api/v1/query\": EOF"
time="2026-09-05T15:56:46+02:00" level=warning msg="Request Failed" error="Post \"http://k8s-ragplatf-ciliumga-56da93c17a-2adc9d09e1c34b13.elb.eu-central-1.amazonaws.com/api/v1/query\": EOF"
time="2026-09-05T15:56:46+02:00" level=warning msg="Request Failed" error="Post \"http://k8s-ragplatf-ciliumga-56da93c17a-2adc9d09e1c34b13.elb.eu-central-1.amazonaws.com/api/v1/query\": EOF"
time="2026-09-05T15:56:46+02:00" level=warning msg="Request Failed" error="Post \"http://k8s-ragplatf-ciliumga-56da93c17a-2adc9d09e1c34b13.elb.eu-central-1.amazonaws.com/api/v1/query\": EOF"
time="2026-09-05T15:56:46+02:00" level=warning msg="Request Failed" error="Post \"http://k8s-ragplatf-ciliumga-56da93c17a-2adc9d09e1c34b13.elb.eu-central-1.amazonaws.com/api/v1/query\": EOF"
time="2026-09-05T15:56:46+02:00" level=warning msg="Request Failed" error="Post \"http://k8s-ragplatf-ciliumga-56da93c17a-2adc9d09e1c34b13.elb.eu-central-1.amazonaws.com/api/v1/query\": EOF"
time="2026-09-05T15:56:46+02:00" level=warning msg="Request Failed" error="Post \"http://k8s-ragplatf-ciliumga-56da93c17a-2adc9d09e1c34b13.elb.eu-central-1.amazonaws.com/api/v1/query\": EOF"
time="2026-09-05T15:56:46+02:00" level=warning msg="Request Failed" error="Post \"http://k8s-ragplatf-ciliumga-56da93c17a-2adc9d09e1c34b13.elb.eu-central-1.amazonaws.com/api/v1/query\": EOF"
time="2026-09-05T15:56:46+02:00" level=warning msg="Request Failed" error="Post \"http://k8s-ragplatf-ciliumga-56da93c17a-2adc9d09e1c34b13.elb.eu-central-1.amazonaws.com/api/v1/query\": EOF"
time="2026-09-05T15:56:46+02:00" level=warning msg="Request Failed" error="Post \"http://k8s-ragplatf-ciliumga-56da93c17a-2adc9d09e1c34b13.elb.eu-central-1.amazonaws.com/api/v1/query\": EOF"
time="2026-09-05T15:56:46+02:00" level=warning msg="Request Failed" error="Post \"http://k8s-ragplatf-ciliumga-56da93c17a-2adc9d09e1c34b13.elb.eu-central-1.amazonaws.com/api/v1/query\": EOF"
time="2026-09-05T15:56:46+02:00" level=warning msg="Request Failed" error="Post \"http://k8s-ragplatf-ciliumga-56da93c17a-2adc9d09e1c34b13.elb.eu-central-1.amazonaws.com/api/v1/query\": EOF"
time="2026-09-05T15:56:46+02:00" level=warning msg="Request Failed" error="Post \"http://k8s-ragplatf-ciliumga-56da93c17a-2adc9d09e1c34b13.elb.eu-central-1.amazonaws.com/api/v1/query\": EOF"
time="2026-09-05T15:56:46+02:00" level=warning msg="Request Failed" error="Post \"http://k8s-ragplatf-ciliumga-56da93c17a-2adc9d09e1c34b13.elb.eu-central-1.amazonaws.com/api/v1/query\": EOF"
time="2026-09-05T15:56:46+02:00" level=warning msg="Request Failed" error="Post \"http://k8s-ragplatf-ciliumga-56da93c17a-2adc9d09e1c34b13.elb.eu-central-1.amazonaws.com/api/v1/query\": EOF"
time="2026-09-05T15:56:46+02:00" level=warning msg="Request Failed" error="Post \"http://k8s-ragplatf-ciliumga-56da93c17a-2adc9d09e1c34b13.elb.eu-central-1.amazonaws.com/api/v1/query\": EOF"
time="2026-09-05T15:56:46+02:00" level=warning msg="Request Failed" error="Post \"http://k8s-ragplatf-ciliumga-56da93c17a-2adc9d09e1c34b13.elb.eu-central-1.amazonaws.com/api/v1/query\": EOF"
time="2026-09-05T15:56:46+02:00" level=warning msg="Request Failed" error="Post \"http://k8s-ragplatf-ciliumga-56da93c17a-2adc9d09e1c34b13.elb.eu-central-1.amazonaws.com/api/v1/query\": EOF"
time="2026-09-05T15:56:46+02:00" level=warning msg="Request Failed" error="Post \"http://k8s-ragplatf-ciliumga-56da93c17a-2adc9d09e1c34b13.elb.eu-central-1.amazonaws.com/api/v1/query\": EOF"
time="2026-09-05T15:56:46+02:00" level=warning msg="Request Failed" error="Post \"http://k8s-ragplatf-ciliumga-56da93c17a-2adc9d09e1c34b13.elb.eu-central-1.amazonaws.com/api/v1/query\": EOF"
time="2026-09-05T15:56:46+02:00" level=warning msg="Request Failed" error="Post \"http://k8s-ragplatf-ciliumga-56da93c17a-2adc9d09e1c34b13.elb.eu-central-1.amazonaws.com/api/v1/query\": EOF"
time="2026-09-05T15:56:46+02:00" level=warning msg="Request Failed" error="Post \"http://k8s-ragplatf-ciliumga-56da93c17a-2adc9d09e1c34b13.elb.eu-central-1.amazonaws.com/api/v1/query\": EOF"
time="2026-09-05T15:56:46+02:00" level=warning msg="Request Failed" error="Post \"http://k8s-ragplatf-ciliumga-56da93c17a-2adc9d09e1c34b13.elb.eu-central-1.amazonaws.com/api/v1/query\": EOF"
time="2026-09-05T15:56:46+02:00" level=warning msg="Request Failed" error="Post \"http://k8s-ragplatf-ciliumga-56da93c17a-2adc9d09e1c34b13.elb.eu-central-1.amazonaws.com/api/v1/query\": EOF"
time="2026-09-05T15:56:46+02:00" level=warning msg="Request Failed" error="Post \"http://k8s-ragplatf-ciliumga-56da93c17a-2adc9d09e1c34b13.elb.eu-central-1.amazonaws.com/api/v1/query\": EOF"
time="2026-09-05T15:56:46+02:00" level=warning msg="Request Failed" error="Post \"http://k8s-ragplatf-ciliumga-56da93c17a-2adc9d09e1c34b13.elb.eu-central-1.amazonaws.com/api/v1/query\": EOF"
time="2026-09-05T15:56:46+02:00" level=warning msg="Request Failed" error="Post \"http://k8s-ragplatf-ciliumga-56da93c17a-2adc9d09e1c34b13.elb.eu-central-1.amazonaws.com/api/v1/query\": EOF"
time="2026-09-05T15:56:46+02:00" level=warning msg="Request Failed" error="Post \"http://k8s-ragplatf-ciliumga-56da93c17a-2adc9d09e1c34b13.elb.eu-central-1.amazonaws.com/api/v1/query\": EOF"
time="2026-09-05T15:56:46+02:00" level=warning msg="Request Failed" error="Post \"http://k8s-ragplatf-ciliumga-56da93c17a-2adc9d09e1c34b13.elb.eu-central-1.amazonaws.com/api/v1/query\": EOF"
time="2026-09-05T15:56:46+02:00" level=warning msg="Request Failed" error="Post \"http://k8s-ragplatf-ciliumga-56da93c17a-2adc9d09e1c34b13.elb.eu-central-1.amazonaws.com/api/v1/query\": EOF"
time="2026-09-05T15:56:46+02:00" level=warning msg="Request Failed" error="Post \"http://k8s-ragplatf-ciliumga-56da93c17a-2adc9d09e1c34b13.elb.eu-central-1.amazonaws.com/api/v1/query\": EOF"
time="2026-09-05T15:56:46+02:00" level=warning msg="Request Failed" error="Post \"http://k8s-ragplatf-ciliumga-56da93c17a-2adc9d09e1c34b13.elb.eu-central-1.amazonaws.com/api/v1/query\": EOF"
time="2026-09-05T15:56:46+02:00" level=warning msg="Request Failed" error="Post \"http://k8s-ragplatf-ciliumga-56da93c17a-2adc9d09e1c34b13.elb.eu-central-1.amazonaws.com/api/v1/query\": EOF"
time="2026-09-05T15:56:46+02:00" level=warning msg="Request Failed" error="Post \"http://k8s-ragplatf-ciliumga-56da93c17a-2adc9d09e1c34b13.elb.eu-central-1.amazonaws.com/api/v1/query\": EOF"
time="2026-09-05T15:56:46+02:00" level=warning msg="Request Failed" error="Post \"http://k8s-ragplatf-ciliumga-56da93c17a-2adc9d09e1c34b13.elb.eu-central-1.amazonaws.com/api/v1/query\": EOF"
time="2026-09-05T15:56:46+02:00" level=warning msg="Request Failed" error="Post \"http://k8s-ragplatf-ciliumga-56da93c17a-2adc9d09e1c34b13.elb.eu-central-1.amazonaws.com/api/v1/query\": EOF"
time="2026-09-05T15:56:46+02:00" level=warning msg="Request Failed" error="Post \"http://k8s-ragplatf-ciliumga-56da93c17a-2adc9d09e1c34b13.elb.eu-central-1.amazonaws.com/api/v1/query\": EOF"
time="2026-09-05T15:56:46+02:00" level=warning msg="Request Failed" error="Post \"http://k8s-ragplatf-ciliumga-56da93c17a-2adc9d09e1c34b13.elb.eu-central-1.amazonaws.com/api/v1/query\": EOF"
time="2026-09-05T15:56:46+02:00" level=warning msg="Request Failed" error="Post \"http://k8s-ragplatf-ciliumga-56da93c17a-2adc9d09e1c34b13.elb.eu-central-1.amazonaws.com/api/v1/query\": EOF"
time="2026-09-05T15:56:46+02:00" level=warning msg="Request Failed" error="Post \"http://k8s-ragplatf-ciliumga-56da93c17a-2adc9d09e1c34b13.elb.eu-central-1.amazonaws.com/api/v1/query\": EOF"
time="2026-09-05T15:56:46+02:00" level=warning msg="Request Failed" error="Post \"http://k8s-ragplatf-ciliumga-56da93c17a-2adc9d09e1c34b13.elb.eu-central-1.amazonaws.com/api/v1/query\": EOF"
time="2026-09-05T15:56:46+02:00" level=warning msg="Request Failed" error="Post \"http://k8s-ragplatf-ciliumga-56da93c17a-2adc9d09e1c34b13.elb.eu-central-1.amazonaws.com/api/v1/query\": EOF"
time="2026-09-05T15:56:46+02:00" level=warning msg="Request Failed" error="Post \"http://k8s-ragplatf-ciliumga-56da93c17a-2adc9d09e1c34b13.elb.eu-central-1.amazonaws.com/api/v1/query\": EOF"
time="2026-09-05T15:56:46+02:00" level=warning msg="Request Failed" error="Post \"http://k8s-ragplatf-ciliumga-56da93c17a-2adc9d09e1c34b13.elb.eu-central-1.amazonaws.com/api/v1/query\": EOF"
time="2026-09-05T15:56:46+02:00" level=warning msg="Request Failed" error="Post \"http://k8s-ragplatf-ciliumga-56da93c17a-2adc9d09e1c34b13.elb.eu-central-1.amazonaws.com/api/v1/query\": EOF"
time="2026-09-05T15:56:46+02:00" level=warning msg="Request Failed" error="Post \"http://k8s-ragplatf-ciliumga-56da93c17a-2adc9d09e1c34b13.elb.eu-central-1.amazonaws.com/api/v1/query\": EOF"
time="2026-09-05T15:56:46+02:00" level=warning msg="Request Failed" error="Post \"http://k8s-ragplatf-ciliumga-56da93c17a-2adc9d09e1c34b13.elb.eu-central-1.amazonaws.com/api/v1/query\": EOF"
time="2026-09-05T15:56:46+02:00" level=warning msg="Request Failed" error="Post \"http://k8s-ragplatf-ciliumga-56da93c17a-2adc9d09e1c34b13.elb.eu-central-1.amazonaws.com/api/v1/query\": EOF"
time="2026-09-05T15:56:46+02:00" level=warning msg="Request Failed" error="Post \"http://k8s-ragplatf-ciliumga-56da93c17a-2adc9d09e1c34b13.elb.eu-central-1.amazonaws.com/api/v1/query\": EOF"
time="2026-09-05T15:56:46+02:00" level=warning msg="Request Failed" error="Post \"http://k8s-ragplatf-ciliumga-56da93c17a-2adc9d09e1c34b13.elb.eu-central-1.amazonaws.com/api/v1/query\": EOF"
time="2026-09-05T15:56:46+02:00" level=warning msg="Request Failed" error="Post \"http://k8s-ragplatf-ciliumga-56da93c17a-2adc9d09e1c34b13.elb.eu-central-1.amazonaws.com/api/v1/query\": EOF"
time="2026-09-05T15:56:46+02:00" level=warning msg="Request Failed" error="Post \"http://k8s-ragplatf-ciliumga-56da93c17a-2adc9d09e1c34b13.elb.eu-central-1.amazonaws.com/api/v1/query\": EOF"
time="2026-09-05T15:56:46+02:00" level=warning msg="Request Failed" error="Post \"http://k8s-ragplatf-ciliumga-56da93c17a-2adc9d09e1c34b13.elb.eu-central-1.amazonaws.com/api/v1/query\": EOF"
time="2026-09-05T15:56:46+02:00" level=warning msg="Request Failed" error="Post \"http://k8s-ragplatf-ciliumga-56da93c17a-2adc9d09e1c34b13.elb.eu-central-1.amazonaws.com/api/v1/query\": EOF"
time="2026-09-05T15:56:46+02:00" level=warning msg="Request Failed" error="Post \"http://k8s-ragplatf-ciliumga-56da93c17a-2adc9d09e1c34b13.elb.eu-central-1.amazonaws.com/api/v1/query\": EOF"
time="2026-09-05T15:56:46+02:00" level=warning msg="Request Failed" error="Post \"http://k8s-ragplatf-ciliumga-56da93c17a-2adc9d09e1c34b13.elb.eu-central-1.amazonaws.com/api/v1/query\": EOF"
time="2026-09-05T15:56:46+02:00" level=warning msg="Request Failed" error="Post \"http://k8s-ragplatf-ciliumga-56da93c17a-2adc9d09e1c34b13.elb.eu-central-1.amazonaws.com/api/v1/query\": EOF"
time="2026-09-05T15:56:46+02:00" level=warning msg="Request Failed" error="Post \"http://k8s-ragplatf-ciliumga-56da93c17a-2adc9d09e1c34b13.elb.eu-central-1.amazonaws.com/api/v1/query\": EOF"
time="2026-09-05T15:56:46+02:00" level=warning msg="Request Failed" error="Post \"http://k8s-ragplatf-ciliumga-56da93c17a-2adc9d09e1c34b13.elb.eu-central-1.amazonaws.com/api/v1/query\": EOF"
time="2026-09-05T15:56:46+02:00" level=warning msg="Request Failed" error="Post \"http://k8s-ragplatf-ciliumga-56da93c17a-2adc9d09e1c34b13.elb.eu-central-1.amazonaws.com/api/v1/query\": EOF"
time="2026-09-05T15:56:46+02:00" level=warning msg="Request Failed" error="Post \"http://k8s-ragplatf-ciliumga-56da93c17a-2adc9d09e1c34b13.elb.eu-central-1.amazonaws.com/api/v1/query\": EOF"
time="2026-09-05T15:56:46+02:00" level=warning msg="Request Failed" error="Post \"http://k8s-ragplatf-ciliumga-56da93c17a-2adc9d09e1c34b13.elb.eu-central-1.amazonaws.com/api/v1/query\": EOF"
time="2026-09-05T15:56:46+02:00" level=warning msg="Request Failed" error="Post \"http://k8s-ragplatf-ciliumga-56da93c17a-2adc9d09e1c34b13.elb.eu-central-1.amazonaws.com/api/v1/query\": EOF"
time="2026-09-05T15:56:46+02:00" level=warning msg="Request Failed" error="Post \"http://k8s-ragplatf-ciliumga-56da93c17a-2adc9d09e1c34b13.elb.eu-central-1.amazonaws.com/api/v1/query\": EOF"
time="2026-09-05T15:56:46+02:00" level=warning msg="Request Failed" error="Post \"http://k8s-ragplatf-ciliumga-56da93c17a-2adc9d09e1c34b13.elb.eu-central-1.amazonaws.com/api/v1/query\": EOF"
time="2026-09-05T15:56:46+02:00" level=warning msg="Request Failed" error="Post \"http://k8s-ragplatf-ciliumga-56da93c17a-2adc9d09e1c34b13.elb.eu-central-1.amazonaws.com/api/v1/query\": EOF"
time="2026-09-05T15:56:46+02:00" level=warning msg="Request Failed" error="Post \"http://k8s-ragplatf-ciliumga-56da93c17a-2adc9d09e1c34b13.elb.eu-central-1.amazonaws.com/api/v1/query\": EOF"
time="2026-09-05T15:56:46+02:00" level=warning msg="Request Failed" error="Post \"http://k8s-ragplatf-ciliumga-56da93c17a-2adc9d09e1c34b13.elb.eu-central-1.amazonaws.com/api/v1/query\": EOF"
time="2026-09-05T15:56:46+02:00" level=warning msg="Request Failed" error="Post \"http://k8s-ragplatf-ciliumga-56da93c17a-2adc9d09e1c34b13.elb.eu-central-1.amazonaws.com/api/v1/query\": EOF"
time="2026-09-05T15:56:46+02:00" level=warning msg="Request Failed" error="Post \"http://k8s-ragplatf-ciliumga-56da93c17a-2adc9d09e1c34b13.elb.eu-central-1.amazonaws.com/api/v1/query\": EOF"
time="2026-09-05T15:56:46+02:00" level=warning msg="Request Failed" error="Post \"http://k8s-ragplatf-ciliumga-56da93c17a-2adc9d09e1c34b13.elb.eu-central-1.amazonaws.com/api/v1/query\": EOF"
time="2026-09-05T15:56:46+02:00" level=warning msg="Request Failed" error="Post \"http://k8s-ragplatf-ciliumga-56da93c17a-2adc9d09e1c34b13.elb.eu-central-1.amazonaws.com/api/v1/query\": EOF"
time="2026-09-05T15:56:46+02:00" level=warning msg="Request Failed" error="Post \"http://k8s-ragplatf-ciliumga-56da93c17a-2adc9d09e1c34b13.elb.eu-central-1.amazonaws.com/api/v1/query\": EOF"
time="2026-09-05T15:56:46+02:00" level=warning msg="Request Failed" error="Post \"http://k8s-ragplatf-ciliumga-56da93c17a-2adc9d09e1c34b13.elb.eu-central-1.amazonaws.com/api/v1/query\": EOF"
time="2026-09-05T15:56:46+02:00" level=warning msg="Request Failed" error="Post \"http://k8s-ragplatf-ciliumga-56da93c17a-2adc9d09e1c34b13.elb.eu-central-1.amazonaws.com/api/v1/query\": EOF"
time="2026-09-05T15:56:46+02:00" level=warning msg="Request Failed" error="Post \"http://k8s-ragplatf-ciliumga-56da93c17a-2adc9d09e1c34b13.elb.eu-central-1.amazonaws.com/api/v1/query\": EOF"
time="2026-09-05T15:56:46+02:00" level=warning msg="Request Failed" error="Post \"http://k8s-ragplatf-ciliumga-56da93c17a-2adc9d09e1c34b13.elb.eu-central-1.amazonaws.com/api/v1/query\": EOF"
time="2026-09-05T15:56:46+02:00" level=warning msg="Request Failed" error="Post \"http://k8s-ragplatf-ciliumga-56da93c17a-2adc9d09e1c34b13.elb.eu-central-1.amazonaws.com/api/v1/query\": EOF"
time="2026-09-05T15:56:46+02:00" level=warning msg="Request Failed" error="Post \"http://k8s-ragplatf-ciliumga-56da93c17a-2adc9d09e1c34b13.elb.eu-central-1.amazonaws.com/api/v1/query\": EOF"
time="2026-09-05T15:56:46+02:00" level=warning msg="Request Failed" error="Post \"http://k8s-ragplatf-ciliumga-56da93c17a-2adc9d09e1c34b13.elb.eu-central-1.amazonaws.com/api/v1/query\": EOF"
time="2026-09-05T15:56:46+02:00" level=warning msg="Request Failed" error="Post \"http://k8s-ragplatf-ciliumga-56da93c17a-2adc9d09e1c34b13.elb.eu-central-1.amazonaws.com/api/v1/query\": EOF"
time="2026-09-05T15:56:46+02:00" level=warning msg="Request Failed" error="Post \"http://k8s-ragplatf-ciliumga-56da93c17a-2adc9d09e1c34b13.elb.eu-central-1.amazonaws.com/api/v1/query\": EOF"
time="2026-09-05T15:56:46+02:00" level=warning msg="Request Failed" error="Post \"http://k8s-ragplatf-ciliumga-56da93c17a-2adc9d09e1c34b13.elb.eu-central-1.amazonaws.com/api/v1/query\": EOF"
time="2026-09-05T15:56:46+02:00" level=warning msg="Request Failed" error="Post \"http://k8s-ragplatf-ciliumga-56da93c17a-2adc9d09e1c34b13.elb.eu-central-1.amazonaws.com/api/v1/query\": EOF"
time="2026-09-05T15:56:46+02:00" level=warning msg="Request Failed" error="Post \"http://k8s-ragplatf-ciliumga-56da93c17a-2adc9d09e1c34b13.elb.eu-central-1.amazonaws.com/api/v1/query\": EOF"
time="2026-09-05T15:56:46+02:00" level=warning msg="Request Failed" error="Post \"http://k8s-ragplatf-ciliumga-56da93c17a-2adc9d09e1c34b13.elb.eu-central-1.amazonaws.com/api/v1/query\": EOF"
time="2026-09-05T15:56:46+02:00" level=warning msg="Request Failed" error="Post \"http://k8s-ragplatf-ciliumga-56da93c17a-2adc9d09e1c34b13.elb.eu-central-1.amazonaws.com/api/v1/query\": EOF"
time="2026-09-05T15:56:46+02:00" level=warning msg="Request Failed" error="Post \"http://k8s-ragplatf-ciliumga-56da93c17a-2adc9d09e1c34b13.elb.eu-central-1.amazonaws.com/api/v1/query\": EOF"
time="2026-09-05T15:56:46+02:00" level=warning msg="Request Failed" error="Post \"http://k8s-ragplatf-ciliumga-56da93c17a-2adc9d09e1c34b13.elb.eu-central-1.amazonaws.com/api/v1/query\": EOF"
time="2026-09-05T15:56:46+02:00" level=warning msg="Request Failed" error="Post \"http://k8s-ragplatf-ciliumga-56da93c17a-2adc9d09e1c34b13.elb.eu-central-1.amazonaws.com/api/v1/query\": EOF"
time="2026-09-05T15:56:46+02:00" level=warning msg="Request Failed" error="Post \"http://k8s-ragplatf-ciliumga-56da93c17a-2adc9d09e1c34b13.elb.eu-central-1.amazonaws.com/api/v1/query\": EOF"
time="2026-09-05T15:56:46+02:00" level=warning msg="Request Failed" error="Post \"http://k8s-ragplatf-ciliumga-56da93c17a-2adc9d09e1c34b13.elb.eu-central-1.amazonaws.com/api/v1/query\": EOF"
time="2026-09-05T15:56:46+02:00" level=warning msg="Request Failed" error="Post \"http://k8s-ragplatf-ciliumga-56da93c17a-2adc9d09e1c34b13.elb.eu-central-1.amazonaws.com/api/v1/query\": EOF"
time="2026-09-05T15:56:46+02:00" level=warning msg="Request Failed" error="Post \"http://k8s-ragplatf-ciliumga-56da93c17a-2adc9d09e1c34b13.elb.eu-central-1.amazonaws.com/api/v1/query\": EOF"
time="2026-09-05T15:56:46+02:00" level=warning msg="Request Failed" error="Post \"http://k8s-ragplatf-ciliumga-56da93c17a-2adc9d09e1c34b13.elb.eu-central-1.amazonaws.com/api/v1/query\": EOF"
time="2026-09-05T15:56:46+02:00" level=warning msg="Request Failed" error="Post \"http://k8s-ragplatf-ciliumga-56da93c17a-2adc9d09e1c34b13.elb.eu-central-1.amazonaws.com/api/v1/query\": EOF"
time="2026-09-05T15:56:46+02:00" level=warning msg="Request Failed" error="Post \"http://k8s-ragplatf-ciliumga-56da93c17a-2adc9d09e1c34b13.elb.eu-central-1.amazonaws.com/api/v1/query\": EOF"
time="2026-09-05T15:56:46+02:00" level=warning msg="Request Failed" error="Post \"http://k8s-ragplatf-ciliumga-56da93c17a-2adc9d09e1c34b13.elb.eu-central-1.amazonaws.com/api/v1/query\": EOF"
time="2026-09-05T15:56:46+02:00" level=warning msg="Request Failed" error="Post \"http://k8s-ragplatf-ciliumga-56da93c17a-2adc9d09e1c34b13.elb.eu-central-1.amazonaws.com/api/v1/query\": EOF"
time="2026-09-05T15:56:46+02:00" level=warning msg="Request Failed" error="Post \"http://k8s-ragplatf-ciliumga-56da93c17a-2adc9d09e1c34b13.elb.eu-central-1.amazonaws.com/api/v1/query\": EOF"
time="2026-09-05T15:56:46+02:00" level=warning msg="Request Failed" error="Post \"http://k8s-ragplatf-ciliumga-56da93c17a-2adc9d09e1c34b13.elb.eu-central-1.amazonaws.com/api/v1/query\": EOF"
time="2026-09-05T15:56:46+02:00" level=warning msg="Request Failed" error="Post \"http://k8s-ragplatf-ciliumga-56da93c17a-2adc9d09e1c34b13.elb.eu-central-1.amazonaws.com/api/v1/query\": EOF"
time="2026-09-05T15:56:46+02:00" level=warning msg="Request Failed" error="Post \"http://k8s-ragplatf-ciliumga-56da93c17a-2adc9d09e1c34b13.elb.eu-central-1.amazonaws.com/api/v1/query\": EOF"
time="2026-09-05T15:56:46+02:00" level=warning msg="Request Failed" error="Post \"http://k8s-ragplatf-ciliumga-56da93c17a-2adc9d09e1c34b13.elb.eu-central-1.amazonaws.com/api/v1/query\": EOF"
time="2026-09-05T15:56:46+02:00" level=warning msg="Request Failed" error="Post \"http://k8s-ragplatf-ciliumga-56da93c17a-2adc9d09e1c34b13.elb.eu-central-1.amazonaws.com/api/v1/query\": EOF"
time="2026-09-05T15:56:46+02:00" level=warning msg="Request Failed" error="Post \"http://k8s-ragplatf-ciliumga-56da93c17a-2adc9d09e1c34b13.elb.eu-central-1.amazonaws.com/api/v1/query\": EOF"
time="2026-09-05T15:56:46+02:00" level=warning msg="Request Failed" error="Post \"http://k8s-ragplatf-ciliumga-56da93c17a-2adc9d09e1c34b13.elb.eu-central-1.amazonaws.com/api/v1/query\": EOF"
time="2026-09-05T15:56:46+02:00" level=warning msg="Request Failed" error="Post \"http://k8s-ragplatf-ciliumga-56da93c17a-2adc9d09e1c34b13.elb.eu-central-1.amazonaws.com/api/v1/query\": EOF"
time="2026-09-05T15:56:46+02:00" level=warning msg="Request Failed" error="Post \"http://k8s-ragplatf-ciliumga-56da93c17a-2adc9d09e1c34b13.elb.eu-central-1.amazonaws.com/api/v1/query\": EOF"
time="2026-09-05T15:56:46+02:00" level=warning msg="Request Failed" error="Post \"http://k8s-ragplatf-ciliumga-56da93c17a-2adc9d09e1c34b13.elb.eu-central-1.amazonaws.com/api/v1/query\": EOF"
time="2026-09-05T15:56:46+02:00" level=warning msg="Request Failed" error="Post \"http://k8s-ragplatf-ciliumga-56da93c17a-2adc9d09e1c34b13.elb.eu-central-1.amazonaws.com/api/v1/query\": EOF"
time="2026-09-05T15:56:46+02:00" level=warning msg="Request Failed" error="Post \"http://k8s-ragplatf-ciliumga-56da93c17a-2adc9d09e1c34b13.elb.eu-central-1.amazonaws.com/api/v1/query\": EOF"
time="2026-09-05T15:56:46+02:00" level=warning msg="Request Failed" error="Post \"http://k8s-ragplatf-ciliumga-56da93c17a-2adc9d09e1c34b13.elb.eu-central-1.amazonaws.com/api/v1/query\": EOF"
time="2026-09-05T15:56:46+02:00" level=warning msg="Request Failed" error="Post \"http://k8s-ragplatf-ciliumga-56da93c17a-2adc9d09e1c34b13.elb.eu-central-1.amazonaws.com/api/v1/query\": EOF"
time="2026-09-05T15:56:46+02:00" level=warning msg="Request Failed" error="Post \"http://k8s-ragplatf-ciliumga-56da93c17a-2adc9d09e1c34b13.elb.eu-central-1.amazonaws.com/api/v1/query\": EOF"
time="2026-09-05T15:56:46+02:00" level=warning msg="Request Failed" error="Post \"http://k8s-ragplatf-ciliumga-56da93c17a-2adc9d09e1c34b13.elb.eu-central-1.amazonaws.com/api/v1/query\": EOF"
time="2026-09-05T15:56:46+02:00" level=warning msg="Request Failed" error="Post \"http://k8s-ragplatf-ciliumga-56da93c17a-2adc9d09e1c34b13.elb.eu-central-1.amazonaws.com/api/v1/query\": EOF"
time="2026-09-05T15:56:46+02:00" level=warning msg="Request Failed" error="Post \"http://k8s-ragplatf-ciliumga-56da93c17a-2adc9d09e1c34b13.elb.eu-central-1.amazonaws.com/api/v1/query\": EOF"
time="2026-09-05T15:56:46+02:00" level=warning msg="Request Failed" error="Post \"http://k8s-ragplatf-ciliumga-56da93c17a-2adc9d09e1c34b13.elb.eu-central-1.amazonaws.com/api/v1/query\": EOF"
time="2026-09-05T15:56:46+02:00" level=warning msg="Request Failed" error="Post \"http://k8s-ragplatf-ciliumga-56da93c17a-2adc9d09e1c34b13.elb.eu-central-1.amazonaws.com/api/v1/query\": EOF"
time="2026-09-05T15:56:46+02:00" level=warning msg="Request Failed" error="Post \"http://k8s-ragplatf-ciliumga-56da93c17a-2adc9d09e1c34b13.elb.eu-central-1.amazonaws.com/api/v1/query\": EOF"
time="2026-09-05T15:56:46+02:00" level=warning msg="Request Failed" error="Post \"http://k8s-ragplatf-ciliumga-56da93c17a-2adc9d09e1c34b13.elb.eu-central-1.amazonaws.com/api/v1/query\": EOF"
time="2026-09-05T15:56:46+02:00" level=warning msg="Request Failed" error="Post \"http://k8s-ragplatf-ciliumga-56da93c17a-2adc9d09e1c34b13.elb.eu-central-1.amazonaws.com/api/v1/query\": EOF"
time="2026-09-05T15:56:46+02:00" level=warning msg="Request Failed" error="Post \"http://k8s-ragplatf-ciliumga-56da93c17a-2adc9d09e1c34b13.elb.eu-central-1.amazonaws.com/api/v1/query\": EOF"
time="2026-09-05T15:56:46+02:00" level=warning msg="Request Failed" error="Post \"http://k8s-ragplatf-ciliumga-56da93c17a-2adc9d09e1c34b13.elb.eu-central-1.amazonaws.com/api/v1/query\": EOF"
time="2026-09-05T15:56:46+02:00" level=warning msg="Request Failed" error="Post \"http://k8s-ragplatf-ciliumga-56da93c17a-2adc9d09e1c34b13.elb.eu-central-1.amazonaws.com/api/v1/query\": EOF"
time="2026-09-05T15:56:46+02:00" level=warning msg="Request Failed" error="Post \"http://k8s-ragplatf-ciliumga-56da93c17a-2adc9d09e1c34b13.elb.eu-central-1.amazonaws.com/api/v1/query\": EOF"
time="2026-09-05T15:56:46+02:00" level=warning msg="Request Failed" error="Post \"http://k8s-ragplatf-ciliumga-56da93c17a-2adc9d09e1c34b13.elb.eu-central-1.amazonaws.com/api/v1/query\": EOF"
time="2026-09-05T15:56:46+02:00" level=warning msg="Request Failed" error="Post \"http://k8s-ragplatf-ciliumga-56da93c17a-2adc9d09e1c34b13.elb.eu-central-1.amazonaws.com/api/v1/query\": EOF"
time="2026-09-05T15:56:46+02:00" level=warning msg="Request Failed" error="Post \"http://k8s-ragplatf-ciliumga-56da93c17a-2adc9d09e1c34b13.elb.eu-central-1.amazonaws.com/api/v1/query\": EOF"
time="2026-09-05T15:56:46+02:00" level=warning msg="Request Failed" error="Post \"http://k8s-ragplatf-ciliumga-56da93c17a-2adc9d09e1c34b13.elb.eu-central-1.amazonaws.com/api/v1/query\": EOF"
time="2026-09-05T15:56:46+02:00" level=warning msg="Request Failed" error="Post \"http://k8s-ragplatf-ciliumga-56da93c17a-2adc9d09e1c34b13.elb.eu-central-1.amazonaws.com/api/v1/query\": EOF"
time="2026-09-05T15:56:46+02:00" level=warning msg="Request Failed" error="Post \"http://k8s-ragplatf-ciliumga-56da93c17a-2adc9d09e1c34b13.elb.eu-central-1.amazonaws.com/api/v1/query\": EOF"
time="2026-09-05T15:56:46+02:00" level=warning msg="Request Failed" error="Post \"http://k8s-ragplatf-ciliumga-56da93c17a-2adc9d09e1c34b13.elb.eu-central-1.amazonaws.com/api/v1/query\": EOF"
time="2026-09-05T15:56:46+02:00" level=warning msg="Request Failed" error="Post \"http://k8s-ragplatf-ciliumga-56da93c17a-2adc9d09e1c34b13.elb.eu-central-1.amazonaws.com/api/v1/query\": EOF"
time="2026-09-05T15:56:46+02:00" level=warning msg="Request Failed" error="Post \"http://k8s-ragplatf-ciliumga-56da93c17a-2adc9d09e1c34b13.elb.eu-central-1.amazonaws.com/api/v1/query\": EOF"
time="2026-09-05T15:56:46+02:00" level=warning msg="Request Failed" error="Post \"http://k8s-ragplatf-ciliumga-56da93c17a-2adc9d09e1c34b13.elb.eu-central-1.amazonaws.com/api/v1/query\": EOF"
time="2026-09-05T15:56:46+02:00" level=warning msg="Request Failed" error="Post \"http://k8s-ragplatf-ciliumga-56da93c17a-2adc9d09e1c34b13.elb.eu-central-1.amazonaws.com/api/v1/query\": EOF"
time="2026-09-05T15:56:46+02:00" level=warning msg="Request Failed" error="Post \"http://k8s-ragplatf-ciliumga-56da93c17a-2adc9d09e1c34b13.elb.eu-central-1.amazonaws.com/api/v1/query\": EOF"
time="2026-09-05T15:56:46+02:00" level=warning msg="Request Failed" error="Post \"http://k8s-ragplatf-ciliumga-56da93c17a-2adc9d09e1c34b13.elb.eu-central-1.amazonaws.com/api/v1/query\": EOF"
time="2026-09-05T15:56:46+02:00" level=warning msg="Request Failed" error="Post \"http://k8s-ragplatf-ciliumga-56da93c17a-2adc9d09e1c34b13.elb.eu-central-1.amazonaws.com/api/v1/query\": EOF"
time="2026-09-05T15:56:46+02:00" level=warning msg="Request Failed" error="Post \"http://k8s-ragplatf-ciliumga-56da93c17a-2adc9d09e1c34b13.elb.eu-central-1.amazonaws.com/api/v1/query\": EOF"
time="2026-09-05T15:56:46+02:00" level=warning msg="Request Failed" error="Post \"http://k8s-ragplatf-ciliumga-56da93c17a-2adc9d09e1c34b13.elb.eu-central-1.amazonaws.com/api/v1/query\": EOF"
time="2026-09-05T15:56:46+02:00" level=warning msg="Request Failed" error="Post \"http://k8s-ragplatf-ciliumga-56da93c17a-2adc9d09e1c34b13.elb.eu-central-1.amazonaws.com/api/v1/query\": EOF"
time="2026-09-05T15:56:46+02:00" level=warning msg="Request Failed" error="Post \"http://k8s-ragplatf-ciliumga-56da93c17a-2adc9d09e1c34b13.elb.eu-central-1.amazonaws.com/api/v1/query\": EOF"
time="2026-09-05T15:56:46+02:00" level=warning msg="Request Failed" error="Post \"http://k8s-ragplatf-ciliumga-56da93c17a-2adc9d09e1c34b13.elb.eu-central-1.amazonaws.com/api/v1/query\": EOF"
time="2026-09-05T15:56:46+02:00" level=warning msg="Request Failed" error="Post \"http://k8s-ragplatf-ciliumga-56da93c17a-2adc9d09e1c34b13.elb.eu-central-1.amazonaws.com/api/v1/query\": EOF"
time="2026-09-05T15:56:46+02:00" level=warning msg="Request Failed" error="Post \"http://k8s-ragplatf-ciliumga-56da93c17a-2adc9d09e1c34b13.elb.eu-central-1.amazonaws.com/api/v1/query\": EOF"
time="2026-09-05T15:56:46+02:00" level=warning msg="Request Failed" error="Post \"http://k8s-ragplatf-ciliumga-56da93c17a-2adc9d09e1c34b13.elb.eu-central-1.amazonaws.com/api/v1/query\": EOF"
time="2026-09-05T15:56:46+02:00" level=warning msg="Request Failed" error="Post \"http://k8s-ragplatf-ciliumga-56da93c17a-2adc9d09e1c34b13.elb.eu-central-1.amazonaws.com/api/v1/query\": EOF"
time="2026-09-05T15:56:46+02:00" level=warning msg="Request Failed" error="Post \"http://k8s-ragplatf-ciliumga-56da93c17a-2adc9d09e1c34b13.elb.eu-central-1.amazonaws.com/api/v1/query\": EOF"
time="2026-09-05T15:56:46+02:00" level=warning msg="Request Failed" error="Post \"http://k8s-ragplatf-ciliumga-56da93c17a-2adc9d09e1c34b13.elb.eu-central-1.amazonaws.com/api/v1/query\": EOF"
time="2026-09-05T15:56:46+02:00" level=warning msg="Request Failed" error="Post \"http://k8s-ragplatf-ciliumga-56da93c17a-2adc9d09e1c34b13.elb.eu-central-1.amazonaws.com/api/v1/query\": EOF"
time="2026-09-05T15:56:46+02:00" level=warning msg="Request Failed" error="Post \"http://k8s-ragplatf-ciliumga-56da93c17a-2adc9d09e1c34b13.elb.eu-central-1.amazonaws.com/api/v1/query\": EOF"
time="2026-09-05T15:56:46+02:00" level=warning msg="Request Failed" error="Post \"http://k8s-ragplatf-ciliumga-56da93c17a-2adc9d09e1c34b13.elb.eu-central-1.amazonaws.com/api/v1/query\": EOF"
time="2026-09-05T15:56:46+02:00" level=warning msg="Request Failed" error="Post \"http://k8s-ragplatf-ciliumga-56da93c17a-2adc9d09e1c34b13.elb.eu-central-1.amazonaws.com/api/v1/query\": EOF"
time="2026-09-05T15:56:46+02:00" level=warning msg="Request Failed" error="Post \"http://k8s-ragplatf-ciliumga-56da93c17a-2adc9d09e1c34b13.elb.eu-central-1.amazonaws.com/api/v1/query\": EOF"
time="2026-09-05T15:56:46+02:00" level=warning msg="Request Failed" error="Post \"http://k8s-ragplatf-ciliumga-56da93c17a-2adc9d09e1c34b13.elb.eu-central-1.amazonaws.com/api/v1/query\": EOF"
time="2026-09-05T15:56:46+02:00" level=warning msg="Request Failed" error="Post \"http://k8s-ragplatf-ciliumga-56da93c17a-2adc9d09e1c34b13.elb.eu-central-1.amazonaws.com/api/v1/query\": EOF"
time="2026-09-05T15:56:46+02:00" level=warning msg="Request Failed" error="Post \"http://k8s-ragplatf-ciliumga-56da93c17a-2adc9d09e1c34b13.elb.eu-central-1.amazonaws.com/api/v1/query\": EOF"
time="2026-09-05T15:56:46+02:00" level=warning msg="Request Failed" error="Post \"http://k8s-ragplatf-ciliumga-56da93c17a-2adc9d09e1c34b13.elb.eu-central-1.amazonaws.com/api/v1/query\": EOF"
time="2026-09-05T15:56:46+02:00" level=warning msg="Request Failed" error="Post \"http://k8s-ragplatf-ciliumga-56da93c17a-2adc9d09e1c34b13.elb.eu-central-1.amazonaws.com/api/v1/query\": EOF"
time="2026-09-05T15:56:46+02:00" level=warning msg="Request Failed" error="Post \"http://k8s-ragplatf-ciliumga-56da93c17a-2adc9d09e1c34b13.elb.eu-central-1.amazonaws.com/api/v1/query\": EOF"
time="2026-09-05T15:56:46+02:00" level=warning msg="Request Failed" error="Post \"http://k8s-ragplatf-ciliumga-56da93c17a-2adc9d09e1c34b13.elb.eu-central-1.amazonaws.com/api/v1/query\": EOF"
time="2026-09-05T15:56:46+02:00" level=warning msg="Request Failed" error="Post \"http://k8s-ragplatf-ciliumga-56da93c17a-2adc9d09e1c34b13.elb.eu-central-1.amazonaws.com/api/v1/query\": EOF"
time="2026-09-05T15:56:46+02:00" level=warning msg="Request Failed" error="Post \"http://k8s-ragplatf-ciliumga-56da93c17a-2adc9d09e1c34b13.elb.eu-central-1.amazonaws.com/api/v1/query\": EOF"
time="2026-09-05T15:56:46+02:00" level=warning msg="Request Failed" error="Post \"http://k8s-ragplatf-ciliumga-56da93c17a-2adc9d09e1c34b13.elb.eu-central-1.amazonaws.com/api/v1/query\": EOF"
time="2026-09-05T15:56:46+02:00" level=warning msg="Request Failed" error="Post \"http://k8s-ragplatf-ciliumga-56da93c17a-2adc9d09e1c34b13.elb.eu-central-1.amazonaws.com/api/v1/query\": EOF"
time="2026-09-05T15:56:46+02:00" level=warning msg="Request Failed" error="Post \"http://k8s-ragplatf-ciliumga-56da93c17a-2adc9d09e1c34b13.elb.eu-central-1.amazonaws.com/api/v1/query\": EOF"
time="2026-09-05T15:56:46+02:00" level=warning msg="Request Failed" error="Post \"http://k8s-ragplatf-ciliumga-56da93c17a-2adc9d09e1c34b13.elb.eu-central-1.amazonaws.com/api/v1/query\": EOF"
time="2026-09-05T15:56:46+02:00" level=warning msg="Request Failed" error="Post \"http://k8s-ragplatf-ciliumga-56da93c17a-2adc9d09e1c34b13.elb.eu-central-1.amazonaws.com/api/v1/query\": EOF"
time="2026-09-05T15:56:46+02:00" level=warning msg="Request Failed" error="Post \"http://k8s-ragplatf-ciliumga-56da93c17a-2adc9d09e1c34b13.elb.eu-central-1.amazonaws.com/api/v1/query\": EOF"
time="2026-09-05T15:56:46+02:00" level=warning msg="Request Failed" error="Post \"http://k8s-ragplatf-ciliumga-56da93c17a-2adc9d09e1c34b13.elb.eu-central-1.amazonaws.com/api/v1/query\": EOF"
time="2026-09-05T15:56:46+02:00" level=warning msg="Request Failed" error="Post \"http://k8s-ragplatf-ciliumga-56da93c17a-2adc9d09e1c34b13.elb.eu-central-1.amazonaws.com/api/v1/query\": EOF"
time="2026-09-05T15:56:46+02:00" level=warning msg="Request Failed" error="Post \"http://k8s-ragplatf-ciliumga-56da93c17a-2adc9d09e1c34b13.elb.eu-central-1.amazonaws.com/api/v1/query\": EOF"
time="2026-09-05T15:56:46+02:00" level=warning msg="Request Failed" error="Post \"http://k8s-ragplatf-ciliumga-56da93c17a-2adc9d09e1c34b13.elb.eu-central-1.amazonaws.com/api/v1/query\": EOF"
time="2026-09-05T15:56:46+02:00" level=warning msg="Request Failed" error="Post \"http://k8s-ragplatf-ciliumga-56da93c17a-2adc9d09e1c34b13.elb.eu-central-1.amazonaws.com/api/v1/query\": EOF"
time="2026-09-05T15:56:46+02:00" level=warning msg="Request Failed" error="Post \"http://k8s-ragplatf-ciliumga-56da93c17a-2adc9d09e1c34b13.elb.eu-central-1.amazonaws.com/api/v1/query\": EOF"
time="2026-09-05T15:56:46+02:00" level=warning msg="Request Failed" error="Post \"http://k8s-ragplatf-ciliumga-56da93c17a-2adc9d09e1c34b13.elb.eu-central-1.amazonaws.com/api/v1/query\": EOF"
time="2026-09-05T15:56:46+02:00" level=warning msg="Request Failed" error="Post \"http://k8s-ragplatf-ciliumga-56da93c17a-2adc9d09e1c34b13.elb.eu-central-1.amazonaws.com/api/v1/query\": EOF"
time="2026-09-05T15:56:46+02:00" level=warning msg="Request Failed" error="Post \"http://k8s-ragplatf-ciliumga-56da93c17a-2adc9d09e1c34b13.elb.eu-central-1.amazonaws.com/api/v1/query\": EOF"
time="2026-09-05T15:56:46+02:00" level=warning msg="Request Failed" error="Post \"http://k8s-ragplatf-ciliumga-56da93c17a-2adc9d09e1c34b13.elb.eu-central-1.amazonaws.com/api/v1/query\": EOF"
time="2026-09-05T15:56:46+02:00" level=warning msg="Request Failed" error="Post \"http://k8s-ragplatf-ciliumga-56da93c17a-2adc9d09e1c34b13.elb.eu-central-1.amazonaws.com/api/v1/query\": EOF"
time="2026-09-05T15:56:46+02:00" level=warning msg="Request Failed" error="Post \"http://k8s-ragplatf-ciliumga-56da93c17a-2adc9d09e1c34b13.elb.eu-central-1.amazonaws.com/api/v1/query\": EOF"
time="2026-09-05T15:56:46+02:00" level=warning msg="Request Failed" error="Post \"http://k8s-ragplatf-ciliumga-56da93c17a-2adc9d09e1c34b13.elb.eu-central-1.amazonaws.com/api/v1/query\": EOF"
time="2026-09-05T15:56:46+02:00" level=warning msg="Request Failed" error="Post \"http://k8s-ragplatf-ciliumga-56da93c17a-2adc9d09e1c34b13.elb.eu-central-1.amazonaws.com/api/v1/query\": EOF"
time="2026-09-05T15:56:46+02:00" level=warning msg="Request Failed" error="Post \"http://k8s-ragplatf-ciliumga-56da93c17a-2adc9d09e1c34b13.elb.eu-central-1.amazonaws.com/api/v1/query\": EOF"
time="2026-09-05T15:56:46+02:00" level=warning msg="Request Failed" error="Post \"http://k8s-ragplatf-ciliumga-56da93c17a-2adc9d09e1c34b13.elb.eu-central-1.amazonaws.com/api/v1/query\": EOF"
time="2026-09-05T15:56:46+02:00" level=warning msg="Request Failed" error="Post \"http://k8s-ragplatf-ciliumga-56da93c17a-2adc9d09e1c34b13.elb.eu-central-1.amazonaws.com/api/v1/query\": EOF"
time="2026-09-05T15:56:46+02:00" level=warning msg="Request Failed" error="Post \"http://k8s-ragplatf-ciliumga-56da93c17a-2adc9d09e1c34b13.elb.eu-central-1.amazonaws.com/api/v1/query\": EOF"
time="2026-09-05T15:56:46+02:00" level=warning msg="Request Failed" error="Post \"http://k8s-ragplatf-ciliumga-56da93c17a-2adc9d09e1c34b13.elb.eu-central-1.amazonaws.com/api/v1/query\": EOF"
time="2026-09-05T15:56:46+02:00" level=warning msg="Request Failed" error="Post \"http://k8s-ragplatf-ciliumga-56da93c17a-2adc9d09e1c34b13.elb.eu-central-1.amazonaws.com/api/v1/query\": EOF"
time="2026-09-05T15:56:46+02:00" level=warning msg="Request Failed" error="Post \"http://k8s-ragplatf-ciliumga-56da93c17a-2adc9d09e1c34b13.elb.eu-central-1.amazonaws.com/api/v1/query\": EOF"
time="2026-09-05T15:56:46+02:00" level=warning msg="Request Failed" error="Post \"http://k8s-ragplatf-ciliumga-56da93c17a-2adc9d09e1c34b13.elb.eu-central-1.amazonaws.com/api/v1/query\": EOF"
time="2026-09-05T15:56:46+02:00" level=warning msg="Request Failed" error="Post \"http://k8s-ragplatf-ciliumga-56da93c17a-2adc9d09e1c34b13.elb.eu-central-1.amazonaws.com/api/v1/query\": EOF"
time="2026-09-05T15:56:46+02:00" level=warning msg="Request Failed" error="Post \"http://k8s-ragplatf-ciliumga-56da93c17a-2adc9d09e1c34b13.elb.eu-central-1.amazonaws.com/api/v1/query\": EOF"
time="2026-09-05T15:56:46+02:00" level=warning msg="Request Failed" error="Post \"http://k8s-ragplatf-ciliumga-56da93c17a-2adc9d09e1c34b13.elb.eu-central-1.amazonaws.com/api/v1/query\": EOF"
time="2026-09-05T15:56:46+02:00" level=warning msg="Request Failed" error="Post \"http://k8s-ragplatf-ciliumga-56da93c17a-2adc9d09e1c34b13.elb.eu-central-1.amazonaws.com/api/v1/query\": EOF"
time="2026-09-05T15:56:46+02:00" level=warning msg="Request Failed" error="Post \"http://k8s-ragplatf-ciliumga-56da93c17a-2adc9d09e1c34b13.elb.eu-central-1.amazonaws.com/api/v1/query\": EOF"
time="2026-09-05T15:56:46+02:00" level=warning msg="Request Failed" error="Post \"http://k8s-ragplatf-ciliumga-56da93c17a-2adc9d09e1c34b13.elb.eu-central-1.amazonaws.com/api/v1/query\": EOF"
time="2026-09-05T15:56:46+02:00" level=warning msg="Request Failed" error="Post \"http://k8s-ragplatf-ciliumga-56da93c17a-2adc9d09e1c34b13.elb.eu-central-1.amazonaws.com/api/v1/query\": EOF"
time="2026-09-05T15:56:46+02:00" level=warning msg="Request Failed" error="Post \"http://k8s-ragplatf-ciliumga-56da93c17a-2adc9d09e1c34b13.elb.eu-central-1.amazonaws.com/api/v1/query\": EOF"
time="2026-09-05T15:56:46+02:00" level=warning msg="Request Failed" error="Post \"http://k8s-ragplatf-ciliumga-56da93c17a-2adc9d09e1c34b13.elb.eu-central-1.amazonaws.com/api/v1/query\": EOF"
time="2026-09-05T15:56:46+02:00" level=warning msg="Request Failed" error="Post \"http://k8s-ragplatf-ciliumga-56da93c17a-2adc9d09e1c34b13.elb.eu-central-1.amazonaws.com/api/v1/query\": EOF"
time="2026-09-05T15:56:46+02:00" level=warning msg="Request Failed" error="Post \"http://k8s-ragplatf-ciliumga-56da93c17a-2adc9d09e1c34b13.elb.eu-central-1.amazonaws.com/api/v1/query\": EOF"
time="2026-09-05T15:56:46+02:00" level=warning msg="Request Failed" error="Post \"http://k8s-ragplatf-ciliumga-56da93c17a-2adc9d09e1c34b13.elb.eu-central-1.amazonaws.com/api/v1/query\": EOF"
time="2026-09-05T15:56:46+02:00" level=warning msg="Request Failed" error="Post \"http://k8s-ragplatf-ciliumga-56da93c17a-2adc9d09e1c34b13.elb.eu-central-1.amazonaws.com/api/v1/query\": EOF"
time="2026-09-05T15:56:46+02:00" level=warning msg="Request Failed" error="Post \"http://k8s-ragplatf-ciliumga-56da93c17a-2adc9d09e1c34b13.elb.eu-central-1.amazonaws.com/api/v1/query\": EOF"
time="2026-09-05T15:56:46+02:00" level=warning msg="Request Failed" error="Post \"http://k8s-ragplatf-ciliumga-56da93c17a-2adc9d09e1c34b13.elb.eu-central-1.amazonaws.com/api/v1/query\": EOF"
time="2026-09-05T15:56:46+02:00" level=warning msg="Request Failed" error="Post \"http://k8s-ragplatf-ciliumga-56da93c17a-2adc9d09e1c34b13.elb.eu-central-1.amazonaws.com/api/v1/query\": EOF"
time="2026-09-05T15:56:46+02:00" level=warning msg="Request Failed" error="Post \"http://k8s-ragplatf-ciliumga-56da93c17a-2adc9d09e1c34b13.elb.eu-central-1.amazonaws.com/api/v1/query\": EOF"
time="2026-09-05T15:56:46+02:00" level=warning msg="Request Failed" error="Post \"http://k8s-ragplatf-ciliumga-56da93c17a-2adc9d09e1c34b13.elb.eu-central-1.amazonaws.com/api/v1/query\": EOF"
time="2026-09-05T15:56:46+02:00" level=warning msg="Request Failed" error="Post \"http://k8s-ragplatf-ciliumga-56da93c17a-2adc9d09e1c34b13.elb.eu-central-1.amazonaws.com/api/v1/query\": EOF"
time="2026-09-05T15:56:46+02:00" level=warning msg="Request Failed" error="Post \"http://k8s-ragplatf-ciliumga-56da93c17a-2adc9d09e1c34b13.elb.eu-central-1.amazonaws.com/api/v1/query\": EOF"
time="2026-09-05T15:56:46+02:00" level=warning msg="Request Failed" error="Post \"http://k8s-ragplatf-ciliumga-56da93c17a-2adc9d09e1c34b13.elb.eu-central-1.amazonaws.com/api/v1/query\": EOF"
time="2026-09-05T15:56:46+02:00" level=warning msg="Request Failed" error="Post \"http://k8s-ragplatf-ciliumga-56da93c17a-2adc9d09e1c34b13.elb.eu-central-1.amazonaws.com/api/v1/query\": EOF"
time="2026-09-05T15:56:46+02:00" level=warning msg="Request Failed" error="Post \"http://k8s-ragplatf-ciliumga-56da93c17a-2adc9d09e1c34b13.elb.eu-central-1.amazonaws.com/api/v1/query\": EOF"
time="2026-09-05T15:56:46+02:00" level=warning msg="Request Failed" error="Post \"http://k8s-ragplatf-ciliumga-56da93c17a-2adc9d09e1c34b13.elb.eu-central-1.amazonaws.com/api/v1/query\": EOF"
time="2026-09-05T15:56:46+02:00" level=warning msg="Request Failed" error="Post \"http://k8s-ragplatf-ciliumga-56da93c17a-2adc9d09e1c34b13.elb.eu-central-1.amazonaws.com/api/v1/query\": EOF"
time="2026-09-05T15:56:46+02:00" level=warning msg="Request Failed" error="Post \"http://k8s-ragplatf-ciliumga-56da93c17a-2adc9d09e1c34b13.elb.eu-central-1.amazonaws.com/api/v1/query\": EOF"
time="2026-09-05T15:56:46+02:00" level=warning msg="Request Failed" error="Post \"http://k8s-ragplatf-ciliumga-56da93c17a-2adc9d09e1c34b13.elb.eu-central-1.amazonaws.com/api/v1/query\": EOF"
time="2026-09-05T15:56:46+02:00" level=warning msg="Request Failed" error="Post \"http://k8s-ragplatf-ciliumga-56da93c17a-2adc9d09e1c34b13.elb.eu-central-1.amazonaws.com/api/v1/query\": EOF"
time="2026-09-05T15:56:46+02:00" level=warning msg="Request Failed" error="Post \"http://k8s-ragplatf-ciliumga-56da93c17a-2adc9d09e1c34b13.elb.eu-central-1.amazonaws.com/api/v1/query\": EOF"
time="2026-09-05T15:56:46+02:00" level=warning msg="Request Failed" error="Post \"http://k8s-ragplatf-ciliumga-56da93c17a-2adc9d09e1c34b13.elb.eu-central-1.amazonaws.com/api/v1/query\": EOF"
time="2026-09-05T15:56:46+02:00" level=warning msg="Request Failed" error="Post \"http://k8s-ragplatf-ciliumga-56da93c17a-2adc9d09e1c34b13.elb.eu-central-1.amazonaws.com/api/v1/query\": EOF"
time="2026-09-05T15:56:46+02:00" level=warning msg="Request Failed" error="Post \"http://k8s-ragplatf-ciliumga-56da93c17a-2adc9d09e1c34b13.elb.eu-central-1.amazonaws.com/api/v1/query\": EOF"
time="2026-09-05T15:56:46+02:00" level=warning msg="Request Failed" error="Post \"http://k8s-ragplatf-ciliumga-56da93c17a-2adc9d09e1c34b13.elb.eu-central-1.amazonaws.com/api/v1/query\": EOF"
time="2026-09-05T15:56:46+02:00" level=warning msg="Request Failed" error="Post \"http://k8s-ragplatf-ciliumga-56da93c17a-2adc9d09e1c34b13.elb.eu-central-1.amazonaws.com/api/v1/query\": EOF"
time="2026-09-05T15:56:46+02:00" level=warning msg="Request Failed" error="Post \"http://k8s-ragplatf-ciliumga-56da93c17a-2adc9d09e1c34b13.elb.eu-central-1.amazonaws.com/api/v1/query\": EOF"
time="2026-09-05T15:56:46+02:00" level=warning msg="Request Failed" error="Post \"http://k8s-ragplatf-ciliumga-56da93c17a-2adc9d09e1c34b13.elb.eu-central-1.amazonaws.com/api/v1/query\": EOF"
time="2026-09-05T15:56:46+02:00" level=warning msg="Request Failed" error="Post \"http://k8s-ragplatf-ciliumga-56da93c17a-2adc9d09e1c34b13.elb.eu-central-1.amazonaws.com/api/v1/query\": EOF"
time="2026-09-05T15:56:46+02:00" level=warning msg="Request Failed" error="Post \"http://k8s-ragplatf-ciliumga-56da93c17a-2adc9d09e1c34b13.elb.eu-central-1.amazonaws.com/api/v1/query\": EOF"
time="2026-09-05T15:56:46+02:00" level=warning msg="Request Failed" error="Post \"http://k8s-ragplatf-ciliumga-56da93c17a-2adc9d09e1c34b13.elb.eu-central-1.amazonaws.com/api/v1/query\": EOF"
time="2026-09-05T15:56:46+02:00" level=warning msg="Request Failed" error="Post \"http://k8s-ragplatf-ciliumga-56da93c17a-2adc9d09e1c34b13.elb.eu-central-1.amazonaws.com/api/v1/query\": EOF"
time="2026-09-05T15:56:46+02:00" level=warning msg="Request Failed" error="Post \"http://k8s-ragplatf-ciliumga-56da93c17a-2adc9d09e1c34b13.elb.eu-central-1.amazonaws.com/api/v1/query\": EOF"
time="2026-09-05T15:56:46+02:00" level=warning msg="Request Failed" error="Post \"http://k8s-ragplatf-ciliumga-56da93c17a-2adc9d09e1c34b13.elb.eu-central-1.amazonaws.com/api/v1/query\": EOF"
time="2026-09-05T15:56:46+02:00" level=warning msg="Request Failed" error="Post \"http://k8s-ragplatf-ciliumga-56da93c17a-2adc9d09e1c34b13.elb.eu-central-1.amazonaws.com/api/v1/query\": EOF"
time="2026-09-05T15:56:46+02:00" level=warning msg="Request Failed" error="Post \"http://k8s-ragplatf-ciliumga-56da93c17a-2adc9d09e1c34b13.elb.eu-central-1.amazonaws.com/api/v1/query\": EOF"
time="2026-09-05T15:56:46+02:00" level=warning msg="Request Failed" error="Post \"http://k8s-ragplatf-ciliumga-56da93c17a-2adc9d09e1c34b13.elb.eu-central-1.amazonaws.com/api/v1/query\": EOF"
time="2026-09-05T15:56:46+02:00" level=warning msg="Request Failed" error="Post \"http://k8s-ragplatf-ciliumga-56da93c17a-2adc9d09e1c34b13.elb.eu-central-1.amazonaws.com/api/v1/query\": EOF"
time="2026-09-05T15:56:46+02:00" level=warning msg="Request Failed" error="Post \"http://k8s-ragplatf-ciliumga-56da93c17a-2adc9d09e1c34b13.elb.eu-central-1.amazonaws.com/api/v1/query\": EOF"
time="2026-09-05T15:56:46+02:00" level=warning msg="Request Failed" error="Post \"http://k8s-ragplatf-ciliumga-56da93c17a-2adc9d09e1c34b13.elb.eu-central-1.amazonaws.com/api/v1/query\": EOF"
time="2026-09-05T15:56:46+02:00" level=warning msg="Request Failed" error="Post \"http://k8s-ragplatf-ciliumga-56da93c17a-2adc9d09e1c34b13.elb.eu-central-1.amazonaws.com/api/v1/query\": EOF"
time="2026-09-05T15:56:46+02:00" level=warning msg="Request Failed" error="Post \"http://k8s-ragplatf-ciliumga-56da93c17a-2adc9d09e1c34b13.elb.eu-central-1.amazonaws.com/api/v1/query\": EOF"
time="2026-09-05T15:56:46+02:00" level=warning msg="Request Failed" error="Post \"http://k8s-ragplatf-ciliumga-56da93c17a-2adc9d09e1c34b13.elb.eu-central-1.amazonaws.com/api/v1/query\": EOF"
time="2026-09-05T15:56:46+02:00" level=warning msg="Request Failed" error="Post \"http://k8s-ragplatf-ciliumga-56da93c17a-2adc9d09e1c34b13.elb.eu-central-1.amazonaws.com/api/v1/query\": EOF"
time="2026-09-05T15:56:46+02:00" level=warning msg="Request Failed" error="Post \"http://k8s-ragplatf-ciliumga-56da93c17a-2adc9d09e1c34b13.elb.eu-central-1.amazonaws.com/api/v1/query\": EOF"
time="2026-09-05T15:56:46+02:00" level=warning msg="Request Failed" error="Post \"http://k8s-ragplatf-ciliumga-56da93c17a-2adc9d09e1c34b13.elb.eu-central-1.amazonaws.com/api/v1/query\": EOF"
time="2026-09-05T15:56:46+02:00" level=warning msg="Request Failed" error="Post \"http://k8s-ragplatf-ciliumga-56da93c17a-2adc9d09e1c34b13.elb.eu-central-1.amazonaws.com/api/v1/query\": EOF"
time="2026-09-05T15:56:46+02:00" level=warning msg="Request Failed" error="Post \"http://k8s-ragplatf-ciliumga-56da93c17a-2adc9d09e1c34b13.elb.eu-central-1.amazonaws.com/api/v1/query\": EOF"
time="2026-09-05T15:56:46+02:00" level=warning msg="Request Failed" error="Post \"http://k8s-ragplatf-ciliumga-56da93c17a-2adc9d09e1c34b13.elb.eu-central-1.amazonaws.com/api/v1/query\": EOF"
time="2026-09-05T15:56:46+02:00" level=warning msg="Request Failed" error="Post \"http://k8s-ragplatf-ciliumga-56da93c17a-2adc9d09e1c34b13.elb.eu-central-1.amazonaws.com/api/v1/query\": EOF"
time="2026-09-05T15:56:46+02:00" level=warning msg="Request Failed" error="Post \"http://k8s-ragplatf-ciliumga-56da93c17a-2adc9d09e1c34b13.elb.eu-central-1.amazonaws.com/api/v1/query\": EOF"
time="2026-09-05T15:56:46+02:00" level=warning msg="Request Failed" error="Post \"http://k8s-ragplatf-ciliumga-56da93c17a-2adc9d09e1c34b13.elb.eu-central-1.amazonaws.com/api/v1/query\": EOF"
time="2026-09-05T15:56:46+02:00" level=warning msg="Request Failed" error="Post \"http://k8s-ragplatf-ciliumga-56da93c17a-2adc9d09e1c34b13.elb.eu-central-1.amazonaws.com/api/v1/query\": EOF"
time="2026-09-05T15:56:46+02:00" level=warning msg="Request Failed" error="Post \"http://k8s-ragplatf-ciliumga-56da93c17a-2adc9d09e1c34b13.elb.eu-central-1.amazonaws.com/api/v1/query\": EOF"
time="2026-09-05T15:56:46+02:00" level=warning msg="Request Failed" error="Post \"http://k8s-ragplatf-ciliumga-56da93c17a-2adc9d09e1c34b13.elb.eu-central-1.amazonaws.com/api/v1/query\": EOF"
time="2026-09-05T15:56:46+02:00" level=warning msg="Request Failed" error="Post \"http://k8s-ragplatf-ciliumga-56da93c17a-2adc9d09e1c34b13.elb.eu-central-1.amazonaws.com/api/v1/query\": EOF"
time="2026-09-05T15:56:46+02:00" level=warning msg="Request Failed" error="Post \"http://k8s-ragplatf-ciliumga-56da93c17a-2adc9d09e1c34b13.elb.eu-central-1.amazonaws.com/api/v1/query\": EOF"
time="2026-09-05T15:56:46+02:00" level=warning msg="Request Failed" error="Post \"http://k8s-ragplatf-ciliumga-56da93c17a-2adc9d09e1c34b13.elb.eu-central-1.amazonaws.com/api/v1/query\": EOF"
time="2026-09-05T15:56:46+02:00" level=warning msg="Request Failed" error="Post \"http://k8s-ragplatf-ciliumga-56da93c17a-2adc9d09e1c34b13.elb.eu-central-1.amazonaws.com/api/v1/query\": EOF"
time="2026-09-05T15:56:46+02:00" level=warning msg="Request Failed" error="Post \"http://k8s-ragplatf-ciliumga-56da93c17a-2adc9d09e1c34b13.elb.eu-central-1.amazonaws.com/api/v1/query\": EOF"
time="2026-09-05T15:56:46+02:00" level=warning msg="Request Failed" error="Post \"http://k8s-ragplatf-ciliumga-56da93c17a-2adc9d09e1c34b13.elb.eu-central-1.amazonaws.com/api/v1/query\": EOF"
time="2026-09-05T15:56:46+02:00" level=warning msg="Request Failed" error="Post \"http://k8s-ragplatf-ciliumga-56da93c17a-2adc9d09e1c34b13.elb.eu-central-1.amazonaws.com/api/v1/query\": EOF"
time="2026-09-05T15:56:46+02:00" level=warning msg="Request Failed" error="Post \"http://k8s-ragplatf-ciliumga-56da93c17a-2adc9d09e1c34b13.elb.eu-central-1.amazonaws.com/api/v1/query\": EOF"
time="2026-09-05T15:56:46+02:00" level=warning msg="Request Failed" error="Post \"http://k8s-ragplatf-ciliumga-56da93c17a-2adc9d09e1c34b13.elb.eu-central-1.amazonaws.com/api/v1/query\": EOF"
time="2026-09-05T15:56:46+02:00" level=warning msg="Request Failed" error="Post \"http://k8s-ragplatf-ciliumga-56da93c17a-2adc9d09e1c34b13.elb.eu-central-1.amazonaws.com/api/v1/query\": EOF"
time="2026-09-05T15:56:46+02:00" level=warning msg="Request Failed" error="Post \"http://k8s-ragplatf-ciliumga-56da93c17a-2adc9d09e1c34b13.elb.eu-central-1.amazonaws.com/api/v1/query\": EOF"
time="2026-09-05T15:56:46+02:00" level=warning msg="Request Failed" error="Post \"http://k8s-ragplatf-ciliumga-56da93c17a-2adc9d09e1c34b13.elb.eu-central-1.amazonaws.com/api/v1/query\": EOF"
time="2026-09-05T15:56:46+02:00" level=warning msg="Request Failed" error="Post \"http://k8s-ragplatf-ciliumga-56da93c17a-2adc9d09e1c34b13.elb.eu-central-1.amazonaws.com/api/v1/query\": EOF"
time="2026-09-05T15:56:46+02:00" level=warning msg="Request Failed" error="Post \"http://k8s-ragplatf-ciliumga-56da93c17a-2adc9d09e1c34b13.elb.eu-central-1.amazonaws.com/api/v1/query\": EOF"
time="2026-09-05T15:56:46+02:00" level=warning msg="Request Failed" error="Post \"http://k8s-ragplatf-ciliumga-56da93c17a-2adc9d09e1c34b13.elb.eu-central-1.amazonaws.com/api/v1/query\": EOF"
time="2026-09-05T15:56:46+02:00" level=warning msg="Request Failed" error="Post \"http://k8s-ragplatf-ciliumga-56da93c17a-2adc9d09e1c34b13.elb.eu-central-1.amazonaws.com/api/v1/query\": EOF"
time="2026-09-05T15:56:46+02:00" level=warning msg="Request Failed" error="Post \"http://k8s-ragplatf-ciliumga-56da93c17a-2adc9d09e1c34b13.elb.eu-central-1.amazonaws.com/api/v1/query\": EOF"
time="2026-09-05T15:56:46+02:00" level=warning msg="Request Failed" error="Post \"http://k8s-ragplatf-ciliumga-56da93c17a-2adc9d09e1c34b13.elb.eu-central-1.amazonaws.com/api/v1/query\": EOF"
time="2026-09-05T15:56:46+02:00" level=warning msg="Request Failed" error="Post \"http://k8s-ragplatf-ciliumga-56da93c17a-2adc9d09e1c34b13.elb.eu-central-1.amazonaws.com/api/v1/query\": EOF"
time="2026-09-05T15:56:46+02:00" level=warning msg="Request Failed" error="Post \"http://k8s-ragplatf-ciliumga-56da93c17a-2adc9d09e1c34b13.elb.eu-central-1.amazonaws.com/api/v1/query\": EOF"
time="2026-09-05T15:56:46+02:00" level=warning msg="Request Failed" error="Post \"http://k8s-ragplatf-ciliumga-56da93c17a-2adc9d09e1c34b13.elb.eu-central-1.amazonaws.com/api/v1/query\": EOF"
time="2026-09-05T15:56:46+02:00" level=warning msg="Request Failed" error="Post \"http://k8s-ragplatf-ciliumga-56da93c17a-2adc9d09e1c34b13.elb.eu-central-1.amazonaws.com/api/v1/query\": EOF"
time="2026-09-05T15:56:46+02:00" level=warning msg="Request Failed" error="Post \"http://k8s-ragplatf-ciliumga-56da93c17a-2adc9d09e1c34b13.elb.eu-central-1.amazonaws.com/api/v1/query\": EOF"
time="2026-09-05T15:56:46+02:00" level=warning msg="Request Failed" error="Post \"http://k8s-ragplatf-ciliumga-56da93c17a-2adc9d09e1c34b13.elb.eu-central-1.amazonaws.com/api/v1/query\": EOF"
time="2026-09-05T15:56:46+02:00" level=warning msg="Request Failed" error="Post \"http://k8s-ragplatf-ciliumga-56da93c17a-2adc9d09e1c34b13.elb.eu-central-1.amazonaws.com/api/v1/query\": EOF"
time="2026-09-05T15:56:46+02:00" level=warning msg="Request Failed" error="Post \"http://k8s-ragplatf-ciliumga-56da93c17a-2adc9d09e1c34b13.elb.eu-central-1.amazonaws.com/api/v1/query\": EOF"
time="2026-09-05T15:56:46+02:00" level=warning msg="Request Failed" error="Post \"http://k8s-ragplatf-ciliumga-56da93c17a-2adc9d09e1c34b13.elb.eu-central-1.amazonaws.com/api/v1/query\": EOF"
time="2026-09-05T15:56:46+02:00" level=warning msg="Request Failed" error="Post \"http://k8s-ragplatf-ciliumga-56da93c17a-2adc9d09e1c34b13.elb.eu-central-1.amazonaws.com/api/v1/query\": EOF"
time="2026-09-05T15:56:46+02:00" level=warning msg="Request Failed" error="Post \"http://k8s-ragplatf-ciliumga-56da93c17a-2adc9d09e1c34b13.elb.eu-central-1.amazonaws.com/api/v1/query\": EOF"
time="2026-09-05T15:56:46+02:00" level=warning msg="Request Failed" error="Post \"http://k8s-ragplatf-ciliumga-56da93c17a-2adc9d09e1c34b13.elb.eu-central-1.amazonaws.com/api/v1/query\": EOF"
time="2026-09-05T15:56:46+02:00" level=warning msg="Request Failed" error="Post \"http://k8s-ragplatf-ciliumga-56da93c17a-2adc9d09e1c34b13.elb.eu-central-1.amazonaws.com/api/v1/query\": EOF"
time="2026-09-05T15:56:46+02:00" level=warning msg="Request Failed" error="Post \"http://k8s-ragplatf-ciliumga-56da93c17a-2adc9d09e1c34b13.elb.eu-central-1.amazonaws.com/api/v1/query\": EOF"
time="2026-09-05T15:56:46+02:00" level=warning msg="Request Failed" error="Post \"http://k8s-ragplatf-ciliumga-56da93c17a-2adc9d09e1c34b13.elb.eu-central-1.amazonaws.com/api/v1/query\": EOF"
time="2026-09-05T15:56:46+02:00" level=warning msg="Request Failed" error="Post \"http://k8s-ragplatf-ciliumga-56da93c17a-2adc9d09e1c34b13.elb.eu-central-1.amazonaws.com/api/v1/query\": EOF"
time="2026-09-05T15:56:46+02:00" level=warning msg="Request Failed" error="Post \"http://k8s-ragplatf-ciliumga-56da93c17a-2adc9d09e1c34b13.elb.eu-central-1.amazonaws.com/api/v1/query\": EOF"
time="2026-09-05T15:56:46+02:00" level=warning msg="Request Failed" error="Post \"http://k8s-ragplatf-ciliumga-56da93c17a-2adc9d09e1c34b13.elb.eu-central-1.amazonaws.com/api/v1/query\": EOF"
time="2026-09-05T15:56:46+02:00" level=warning msg="Request Failed" error="Post \"http://k8s-ragplatf-ciliumga-56da93c17a-2adc9d09e1c34b13.elb.eu-central-1.amazonaws.com/api/v1/query\": EOF"
time="2026-09-05T15:56:46+02:00" level=warning msg="Request Failed" error="Post \"http://k8s-ragplatf-ciliumga-56da93c17a-2adc9d09e1c34b13.elb.eu-central-1.amazonaws.com/api/v1/query\": EOF"
time="2026-09-05T15:56:46+02:00" level=warning msg="Request Failed" error="Post \"http://k8s-ragplatf-ciliumga-56da93c17a-2adc9d09e1c34b13.elb.eu-central-1.amazonaws.com/api/v1/query\": EOF"
time="2026-09-05T15:56:46+02:00" level=warning msg="Request Failed" error="Post \"http://k8s-ragplatf-ciliumga-56da93c17a-2adc9d09e1c34b13.elb.eu-central-1.amazonaws.com/api/v1/query\": EOF"
time="2026-09-05T15:56:46+02:00" level=warning msg="Request Failed" error="Post \"http://k8s-ragplatf-ciliumga-56da93c17a-2adc9d09e1c34b13.elb.eu-central-1.amazonaws.com/api/v1/query\": EOF"
time="2026-09-05T15:56:46+02:00" level=warning msg="Request Failed" error="Post \"http://k8s-ragplatf-ciliumga-56da93c17a-2adc9d09e1c34b13.elb.eu-central-1.amazonaws.com/api/v1/query\": EOF"
time="2026-09-05T15:56:46+02:00" level=warning msg="Request Failed" error="Post \"http://k8s-ragplatf-ciliumga-56da93c17a-2adc9d09e1c34b13.elb.eu-central-1.amazonaws.com/api/v1/query\": EOF"
time="2026-09-05T15:56:46+02:00" level=warning msg="Request Failed" error="Post \"http://k8s-ragplatf-ciliumga-56da93c17a-2adc9d09e1c34b13.elb.eu-central-1.amazonaws.com/api/v1/query\": EOF"
time="2026-09-05T15:56:46+02:00" level=warning msg="Request Failed" error="Post \"http://k8s-ragplatf-ciliumga-56da93c17a-2adc9d09e1c34b13.elb.eu-central-1.amazonaws.com/api/v1/query\": EOF"
time="2026-09-05T15:56:46+02:00" level=warning msg="Request Failed" error="Post \"http://k8s-ragplatf-ciliumga-56da93c17a-2adc9d09e1c34b13.elb.eu-central-1.amazonaws.com/api/v1/query\": EOF"
time="2026-09-05T15:56:46+02:00" level=warning msg="Request Failed" error="Post \"http://k8s-ragplatf-ciliumga-56da93c17a-2adc9d09e1c34b13.elb.eu-central-1.amazonaws.com/api/v1/query\": EOF"
time="2026-09-05T15:56:46+02:00" level=warning msg="Request Failed" error="Post \"http://k8s-ragplatf-ciliumga-56da93c17a-2adc9d09e1c34b13.elb.eu-central-1.amazonaws.com/api/v1/query\": EOF"
time="2026-09-05T15:56:46+02:00" level=warning msg="Request Failed" error="Post \"http://k8s-ragplatf-ciliumga-56da93c17a-2adc9d09e1c34b13.elb.eu-central-1.amazonaws.com/api/v1/query\": EOF"
time="2026-09-05T15:56:46+02:00" level=warning msg="Request Failed" error="Post \"http://k8s-ragplatf-ciliumga-56da93c17a-2adc9d09e1c34b13.elb.eu-central-1.amazonaws.com/api/v1/query\": EOF"
time="2026-09-05T15:56:46+02:00" level=warning msg="Request Failed" error="Post \"http://k8s-ragplatf-ciliumga-56da93c17a-2adc9d09e1c34b13.elb.eu-central-1.amazonaws.com/api/v1/query\": EOF"
time="2026-09-05T15:56:46+02:00" level=warning msg="Request Failed" error="Post \"http://k8s-ragplatf-ciliumga-56da93c17a-2adc9d09e1c34b13.elb.eu-central-1.amazonaws.com/api/v1/query\": EOF"
time="2026-09-05T15:56:46+02:00" level=warning msg="Request Failed" error="Post \"http://k8s-ragplatf-ciliumga-56da93c17a-2adc9d09e1c34b13.elb.eu-central-1.amazonaws.com/api/v1/query\": EOF"
time="2026-09-05T15:56:46+02:00" level=warning msg="Request Failed" error="Post \"http://k8s-ragplatf-ciliumga-56da93c17a-2adc9d09e1c34b13.elb.eu-central-1.amazonaws.com/api/v1/query\": EOF"
time="2026-09-05T15:56:46+02:00" level=warning msg="Request Failed" error="Post \"http://k8s-ragplatf-ciliumga-56da93c17a-2adc9d09e1c34b13.elb.eu-central-1.amazonaws.com/api/v1/query\": EOF"
time="2026-09-05T15:56:46+02:00" level=warning msg="Request Failed" error="Post \"http://k8s-ragplatf-ciliumga-56da93c17a-2adc9d09e1c34b13.elb.eu-central-1.amazonaws.com/api/v1/query\": EOF"
time="2026-09-05T15:56:46+02:00" level=warning msg="Request Failed" error="Post \"http://k8s-ragplatf-ciliumga-56da93c17a-2adc9d09e1c34b13.elb.eu-central-1.amazonaws.com/api/v1/query\": EOF"
time="2026-09-05T15:56:46+02:00" level=warning msg="Request Failed" error="Post \"http://k8s-ragplatf-ciliumga-56da93c17a-2adc9d09e1c34b13.elb.eu-central-1.amazonaws.com/api/v1/query\": EOF"
time="2026-09-05T15:56:46+02:00" level=warning msg="Request Failed" error="Post \"http://k8s-ragplatf-ciliumga-56da93c17a-2adc9d09e1c34b13.elb.eu-central-1.amazonaws.com/api/v1/query\": EOF"
time="2026-09-05T15:56:46+02:00" level=warning msg="Request Failed" error="Post \"http://k8s-ragplatf-ciliumga-56da93c17a-2adc9d09e1c34b13.elb.eu-central-1.amazonaws.com/api/v1/query\": EOF"
time="2026-09-05T15:56:46+02:00" level=warning msg="Request Failed" error="Post \"http://k8s-ragplatf-ciliumga-56da93c17a-2adc9d09e1c34b13.elb.eu-central-1.amazonaws.com/api/v1/query\": EOF"
time="2026-09-05T15:56:46+02:00" level=warning msg="Request Failed" error="Post \"http://k8s-ragplatf-ciliumga-56da93c17a-2adc9d09e1c34b13.elb.eu-central-1.amazonaws.com/api/v1/query\": EOF"
time="2026-09-05T15:56:46+02:00" level=warning msg="Request Failed" error="Post \"http://k8s-ragplatf-ciliumga-56da93c17a-2adc9d09e1c34b13.elb.eu-central-1.amazonaws.com/api/v1/query\": EOF"
time="2026-09-05T15:56:46+02:00" level=warning msg="Request Failed" error="Post \"http://k8s-ragplatf-ciliumga-56da93c17a-2adc9d09e1c34b13.elb.eu-central-1.amazonaws.com/api/v1/query\": EOF"
time="2026-09-05T15:56:46+02:00" level=warning msg="Request Failed" error="Post \"http://k8s-ragplatf-ciliumga-56da93c17a-2adc9d09e1c34b13.elb.eu-central-1.amazonaws.com/api/v1/query\": EOF"
time="2026-09-05T15:56:46+02:00" level=warning msg="Request Failed" error="Post \"http://k8s-ragplatf-ciliumga-56da93c17a-2adc9d09e1c34b13.elb.eu-central-1.amazonaws.com/api/v1/query\": EOF"
time="2026-09-05T15:56:46+02:00" level=warning msg="Request Failed" error="Post \"http://k8s-ragplatf-ciliumga-56da93c17a-2adc9d09e1c34b13.elb.eu-central-1.amazonaws.com/api/v1/query\": EOF"
time="2026-09-05T15:56:46+02:00" level=warning msg="Request Failed" error="Post \"http://k8s-ragplatf-ciliumga-56da93c17a-2adc9d09e1c34b13.elb.eu-central-1.amazonaws.com/api/v1/query\": EOF"
time="2026-09-05T15:56:46+02:00" level=warning msg="Request Failed" error="Post \"http://k8s-ragplatf-ciliumga-56da93c17a-2adc9d09e1c34b13.elb.eu-central-1.amazonaws.com/api/v1/query\": EOF"
time="2026-09-05T15:56:46+02:00" level=warning msg="Request Failed" error="Post \"http://k8s-ragplatf-ciliumga-56da93c17a-2adc9d09e1c34b13.elb.eu-central-1.amazonaws.com/api/v1/query\": EOF"
time="2026-09-05T15:56:46+02:00" level=warning msg="Request Failed" error="Post \"http://k8s-ragplatf-ciliumga-56da93c17a-2adc9d09e1c34b13.elb.eu-central-1.amazonaws.com/api/v1/query\": EOF"
time="2026-09-05T15:56:46+02:00" level=warning msg="Request Failed" error="Post \"http://k8s-ragplatf-ciliumga-56da93c17a-2adc9d09e1c34b13.elb.eu-central-1.amazonaws.com/api/v1/query\": EOF"
time="2026-09-05T15:56:46+02:00" level=warning msg="Request Failed" error="Post \"http://k8s-ragplatf-ciliumga-56da93c17a-2adc9d09e1c34b13.elb.eu-central-1.amazonaws.com/api/v1/query\": EOF"
time="2026-09-05T15:56:46+02:00" level=warning msg="Request Failed" error="Post \"http://k8s-ragplatf-ciliumga-56da93c17a-2adc9d09e1c34b13.elb.eu-central-1.amazonaws.com/api/v1/query\": EOF"
time="2026-09-05T15:56:46+02:00" level=warning msg="Request Failed" error="Post \"http://k8s-ragplatf-ciliumga-56da93c17a-2adc9d09e1c34b13.elb.eu-central-1.amazonaws.com/api/v1/query\": EOF"
time="2026-09-05T15:56:46+02:00" level=warning msg="Request Failed" error="Post \"http://k8s-ragplatf-ciliumga-56da93c17a-2adc9d09e1c34b13.elb.eu-central-1.amazonaws.com/api/v1/query\": EOF"
time="2026-09-05T15:56:46+02:00" level=warning msg="Request Failed" error="Post \"http://k8s-ragplatf-ciliumga-56da93c17a-2adc9d09e1c34b13.elb.eu-central-1.amazonaws.com/api/v1/query\": EOF"
time="2026-09-05T15:56:46+02:00" level=warning msg="Request Failed" error="Post \"http://k8s-ragplatf-ciliumga-56da93c17a-2adc9d09e1c34b13.elb.eu-central-1.amazonaws.com/api/v1/query\": EOF"
time="2026-09-05T15:56:46+02:00" level=warning msg="Request Failed" error="Post \"http://k8s-ragplatf-ciliumga-56da93c17a-2adc9d09e1c34b13.elb.eu-central-1.amazonaws.com/api/v1/query\": EOF"
time="2026-09-05T15:56:46+02:00" level=warning msg="Request Failed" error="Post \"http://k8s-ragplatf-ciliumga-56da93c17a-2adc9d09e1c34b13.elb.eu-central-1.amazonaws.com/api/v1/query\": EOF"
time="2026-09-05T15:56:46+02:00" level=warning msg="Request Failed" error="Post \"http://k8s-ragplatf-ciliumga-56da93c17a-2adc9d09e1c34b13.elb.eu-central-1.amazonaws.com/api/v1/query\": EOF"
time="2026-09-05T15:56:46+02:00" level=warning msg="Request Failed" error="Post \"http://k8s-ragplatf-ciliumga-56da93c17a-2adc9d09e1c34b13.elb.eu-central-1.amazonaws.com/api/v1/query\": EOF"
time="2026-09-05T15:56:46+02:00" level=warning msg="Request Failed" error="Post \"http://k8s-ragplatf-ciliumga-56da93c17a-2adc9d09e1c34b13.elb.eu-central-1.amazonaws.com/api/v1/query\": EOF"
time="2026-09-05T15:56:46+02:00" level=warning msg="Request Failed" error="Post \"http://k8s-ragplatf-ciliumga-56da93c17a-2adc9d09e1c34b13.elb.eu-central-1.amazonaws.com/api/v1/query\": EOF"
time="2026-09-05T15:56:46+02:00" level=warning msg="Request Failed" error="Post \"http://k8s-ragplatf-ciliumga-56da93c17a-2adc9d09e1c34b13.elb.eu-central-1.amazonaws.com/api/v1/query\": EOF"
time="2026-09-05T15:56:46+02:00" level=warning msg="Request Failed" error="Post \"http://k8s-ragplatf-ciliumga-56da93c17a-2adc9d09e1c34b13.elb.eu-central-1.amazonaws.com/api/v1/query\": EOF"
time="2026-09-05T15:56:46+02:00" level=warning msg="Request Failed" error="Post \"http://k8s-ragplatf-ciliumga-56da93c17a-2adc9d09e1c34b13.elb.eu-central-1.amazonaws.com/api/v1/query\": EOF"
time="2026-09-05T15:56:46+02:00" level=warning msg="Request Failed" error="Post \"http://k8s-ragplatf-ciliumga-56da93c17a-2adc9d09e1c34b13.elb.eu-central-1.amazonaws.com/api/v1/query\": EOF"
time="2026-09-05T15:56:46+02:00" level=warning msg="Request Failed" error="Post \"http://k8s-ragplatf-ciliumga-56da93c17a-2adc9d09e1c34b13.elb.eu-central-1.amazonaws.com/api/v1/query\": EOF"
time="2026-09-05T15:56:46+02:00" level=warning msg="Request Failed" error="Post \"http://k8s-ragplatf-ciliumga-56da93c17a-2adc9d09e1c34b13.elb.eu-central-1.amazonaws.com/api/v1/query\": EOF"
time="2026-09-05T15:56:46+02:00" level=warning msg="Request Failed" error="Post \"http://k8s-ragplatf-ciliumga-56da93c17a-2adc9d09e1c34b13.elb.eu-central-1.amazonaws.com/api/v1/query\": EOF"
time="2026-09-05T15:56:46+02:00" level=warning msg="Request Failed" error="Post \"http://k8s-ragplatf-ciliumga-56da93c17a-2adc9d09e1c34b13.elb.eu-central-1.amazonaws.com/api/v1/query\": EOF"
time="2026-09-05T15:56:46+02:00" level=warning msg="Request Failed" error="Post \"http://k8s-ragplatf-ciliumga-56da93c17a-2adc9d09e1c34b13.elb.eu-central-1.amazonaws.com/api/v1/query\": EOF"
time="2026-09-05T15:56:46+02:00" level=warning msg="Request Failed" error="Post \"http://k8s-ragplatf-ciliumga-56da93c17a-2adc9d09e1c34b13.elb.eu-central-1.amazonaws.com/api/v1/query\": EOF"
time="2026-09-05T15:56:46+02:00" level=warning msg="Request Failed" error="Post \"http://k8s-ragplatf-ciliumga-56da93c17a-2adc9d09e1c34b13.elb.eu-central-1.amazonaws.com/api/v1/query\": EOF"
time="2026-09-05T15:56:46+02:00" level=warning msg="Request Failed" error="Post \"http://k8s-ragplatf-ciliumga-56da93c17a-2adc9d09e1c34b13.elb.eu-central-1.amazonaws.com/api/v1/query\": EOF"
time="2026-09-05T15:56:46+02:00" level=warning msg="Request Failed" error="Post \"http://k8s-ragplatf-ciliumga-56da93c17a-2adc9d09e1c34b13.elb.eu-central-1.amazonaws.com/api/v1/query\": EOF"
time="2026-09-05T15:56:46+02:00" level=warning msg="Request Failed" error="Post \"http://k8s-ragplatf-ciliumga-56da93c17a-2adc9d09e1c34b13.elb.eu-central-1.amazonaws.com/api/v1/query\": EOF"
time="2026-09-05T15:56:46+02:00" level=warning msg="Request Failed" error="Post \"http://k8s-ragplatf-ciliumga-56da93c17a-2adc9d09e1c34b13.elb.eu-central-1.amazonaws.com/api/v1/query\": EOF"
time="2026-09-05T15:56:46+02:00" level=warning msg="Request Failed" error="Post \"http://k8s-ragplatf-ciliumga-56da93c17a-2adc9d09e1c34b13.elb.eu-central-1.amazonaws.com/api/v1/query\": EOF"
time="2026-09-05T15:56:46+02:00" level=warning msg="Request Failed" error="Post \"http://k8s-ragplatf-ciliumga-56da93c17a-2adc9d09e1c34b13.elb.eu-central-1.amazonaws.com/api/v1/query\": EOF"
time="2026-09-05T15:56:46+02:00" level=warning msg="Request Failed" error="Post \"http://k8s-ragplatf-ciliumga-56da93c17a-2adc9d09e1c34b13.elb.eu-central-1.amazonaws.com/api/v1/query\": EOF"
time="2026-09-05T15:56:46+02:00" level=warning msg="Request Failed" error="Post \"http://k8s-ragplatf-ciliumga-56da93c17a-2adc9d09e1c34b13.elb.eu-central-1.amazonaws.com/api/v1/query\": EOF"
time="2026-09-05T15:56:46+02:00" level=warning msg="Request Failed" error="Post \"http://k8s-ragplatf-ciliumga-56da93c17a-2adc9d09e1c34b13.elb.eu-central-1.amazonaws.com/api/v1/query\": EOF"
time="2026-09-05T15:56:46+02:00" level=warning msg="Request Failed" error="Post \"http://k8s-ragplatf-ciliumga-56da93c17a-2adc9d09e1c34b13.elb.eu-central-1.amazonaws.com/api/v1/query\": EOF"
time="2026-09-05T15:56:46+02:00" level=warning msg="Request Failed" error="Post \"http://k8s-ragplatf-ciliumga-56da93c17a-2adc9d09e1c34b13.elb.eu-central-1.amazonaws.com/api/v1/query\": EOF"
time="2026-09-05T15:56:46+02:00" level=warning msg="Request Failed" error="Post \"http://k8s-ragplatf-ciliumga-56da93c17a-2adc9d09e1c34b13.elb.eu-central-1.amazonaws.com/api/v1/query\": EOF"
time="2026-09-05T15:56:46+02:00" level=warning msg="Request Failed" error="Post \"http://k8s-ragplatf-ciliumga-56da93c17a-2adc9d09e1c34b13.elb.eu-central-1.amazonaws.com/api/v1/query\": EOF"
time="2026-09-05T15:56:46+02:00" level=warning msg="Request Failed" error="Post \"http://k8s-ragplatf-ciliumga-56da93c17a-2adc9d09e1c34b13.elb.eu-central-1.amazonaws.com/api/v1/query\": EOF"
time="2026-09-05T15:56:46+02:00" level=warning msg="Request Failed" error="Post \"http://k8s-ragplatf-ciliumga-56da93c17a-2adc9d09e1c34b13.elb.eu-central-1.amazonaws.com/api/v1/query\": EOF"
time="2026-09-05T15:56:46+02:00" level=warning msg="Request Failed" error="Post \"http://k8s-ragplatf-ciliumga-56da93c17a-2adc9d09e1c34b13.elb.eu-central-1.amazonaws.com/api/v1/query\": EOF"
time="2026-09-05T15:56:46+02:00" level=warning msg="Request Failed" error="Post \"http://k8s-ragplatf-ciliumga-56da93c17a-2adc9d09e1c34b13.elb.eu-central-1.amazonaws.com/api/v1/query\": EOF"
time="2026-09-05T15:56:46+02:00" level=warning msg="Request Failed" error="Post \"http://k8s-ragplatf-ciliumga-56da93c17a-2adc9d09e1c34b13.elb.eu-central-1.amazonaws.com/api/v1/query\": EOF"
time="2026-09-05T15:56:46+02:00" level=warning msg="Request Failed" error="Post \"http://k8s-ragplatf-ciliumga-56da93c17a-2adc9d09e1c34b13.elb.eu-central-1.amazonaws.com/api/v1/query\": EOF"
time="2026-09-05T15:56:46+02:00" level=warning msg="Request Failed" error="Post \"http://k8s-ragplatf-ciliumga-56da93c17a-2adc9d09e1c34b13.elb.eu-central-1.amazonaws.com/api/v1/query\": EOF"
time="2026-09-05T15:56:46+02:00" level=warning msg="Request Failed" error="Post \"http://k8s-ragplatf-ciliumga-56da93c17a-2adc9d09e1c34b13.elb.eu-central-1.amazonaws.com/api/v1/query\": EOF"
time="2026-09-05T15:56:46+02:00" level=warning msg="Request Failed" error="Post \"http://k8s-ragplatf-ciliumga-56da93c17a-2adc9d09e1c34b13.elb.eu-central-1.amazonaws.com/api/v1/query\": EOF"
time="2026-09-05T15:56:46+02:00" level=warning msg="Request Failed" error="Post \"http://k8s-ragplatf-ciliumga-56da93c17a-2adc9d09e1c34b13.elb.eu-central-1.amazonaws.com/api/v1/query\": EOF"
time="2026-09-05T15:56:46+02:00" level=warning msg="Request Failed" error="Post \"http://k8s-ragplatf-ciliumga-56da93c17a-2adc9d09e1c34b13.elb.eu-central-1.amazonaws.com/api/v1/query\": EOF"
time="2026-09-05T15:56:46+02:00" level=warning msg="Request Failed" error="Post \"http://k8s-ragplatf-ciliumga-56da93c17a-2adc9d09e1c34b13.elb.eu-central-1.amazonaws.com/api/v1/query\": EOF"
time="2026-09-05T15:56:46+02:00" level=warning msg="Request Failed" error="Post \"http://k8s-ragplatf-ciliumga-56da93c17a-2adc9d09e1c34b13.elb.eu-central-1.amazonaws.com/api/v1/query\": EOF"
time="2026-09-05T15:56:46+02:00" level=warning msg="Request Failed" error="Post \"http://k8s-ragplatf-ciliumga-56da93c17a-2adc9d09e1c34b13.elb.eu-central-1.amazonaws.com/api/v1/query\": EOF"
time="2026-09-05T15:56:46+02:00" level=warning msg="Request Failed" error="Post \"http://k8s-ragplatf-ciliumga-56da93c17a-2adc9d09e1c34b13.elb.eu-central-1.amazonaws.com/api/v1/query\": EOF"
time="2026-09-05T15:56:46+02:00" level=warning msg="Request Failed" error="Post \"http://k8s-ragplatf-ciliumga-56da93c17a-2adc9d09e1c34b13.elb.eu-central-1.amazonaws.com/api/v1/query\": EOF"
time="2026-09-05T15:56:46+02:00" level=warning msg="Request Failed" error="Post \"http://k8s-ragplatf-ciliumga-56da93c17a-2adc9d09e1c34b13.elb.eu-central-1.amazonaws.com/api/v1/query\": EOF"
time="2026-09-05T15:56:46+02:00" level=warning msg="Request Failed" error="Post \"http://k8s-ragplatf-ciliumga-56da93c17a-2adc9d09e1c34b13.elb.eu-central-1.amazonaws.com/api/v1/query\": EOF"
time="2026-09-05T15:56:46+02:00" level=warning msg="Request Failed" error="Post \"http://k8s-ragplatf-ciliumga-56da93c17a-2adc9d09e1c34b13.elb.eu-central-1.amazonaws.com/api/v1/query\": EOF"
time="2026-09-05T15:56:46+02:00" level=warning msg="Request Failed" error="Post \"http://k8s-ragplatf-ciliumga-56da93c17a-2adc9d09e1c34b13.elb.eu-central-1.amazonaws.com/api/v1/query\": EOF"
time="2026-09-05T15:56:46+02:00" level=warning msg="Request Failed" error="Post \"http://k8s-ragplatf-ciliumga-56da93c17a-2adc9d09e1c34b13.elb.eu-central-1.amazonaws.com/api/v1/query\": EOF"
time="2026-09-05T15:56:46+02:00" level=warning msg="Request Failed" error="Post \"http://k8s-ragplatf-ciliumga-56da93c17a-2adc9d09e1c34b13.elb.eu-central-1.amazonaws.com/api/v1/query\": EOF"
time="2026-09-05T15:56:46+02:00" level=warning msg="Request Failed" error="Post \"http://k8s-ragplatf-ciliumga-56da93c17a-2adc9d09e1c34b13.elb.eu-central-1.amazonaws.com/api/v1/query\": EOF"
time="2026-09-05T15:56:46+02:00" level=warning msg="Request Failed" error="Post \"http://k8s-ragplatf-ciliumga-56da93c17a-2adc9d09e1c34b13.elb.eu-central-1.amazonaws.com/api/v1/query\": EOF"
time="2026-09-05T15:56:46+02:00" level=warning msg="Request Failed" error="Post \"http://k8s-ragplatf-ciliumga-56da93c17a-2adc9d09e1c34b13.elb.eu-central-1.amazonaws.com/api/v1/query\": EOF"
time="2026-09-05T15:56:46+02:00" level=warning msg="Request Failed" error="Post \"http://k8s-ragplatf-ciliumga-56da93c17a-2adc9d09e1c34b13.elb.eu-central-1.amazonaws.com/api/v1/query\": EOF"
time="2026-09-05T15:56:46+02:00" level=warning msg="Request Failed" error="Post \"http://k8s-ragplatf-ciliumga-56da93c17a-2adc9d09e1c34b13.elb.eu-central-1.amazonaws.com/api/v1/query\": EOF"
time="2026-09-05T15:56:46+02:00" level=warning msg="Request Failed" error="Post \"http://k8s-ragplatf-ciliumga-56da93c17a-2adc9d09e1c34b13.elb.eu-central-1.amazonaws.com/api/v1/query\": EOF"
time="2026-09-05T15:56:46+02:00" level=warning msg="Request Failed" error="Post \"http://k8s-ragplatf-ciliumga-56da93c17a-2adc9d09e1c34b13.elb.eu-central-1.amazonaws.com/api/v1/query\": EOF"
time="2026-09-05T15:56:46+02:00" level=warning msg="Request Failed" error="Post \"http://k8s-ragplatf-ciliumga-56da93c17a-2adc9d09e1c34b13.elb.eu-central-1.amazonaws.com/api/v1/query\": EOF"
time="2026-09-05T15:56:46+02:00" level=warning msg="Request Failed" error="Post \"http://k8s-ragplatf-ciliumga-56da93c17a-2adc9d09e1c34b13.elb.eu-central-1.amazonaws.com/api/v1/query\": EOF"
time="2026-09-05T15:56:46+02:00" level=warning msg="Request Failed" error="Post \"http://k8s-ragplatf-ciliumga-56da93c17a-2adc9d09e1c34b13.elb.eu-central-1.amazonaws.com/api/v1/query\": EOF"
time="2026-09-05T15:56:46+02:00" level=warning msg="Request Failed" error="Post \"http://k8s-ragplatf-ciliumga-56da93c17a-2adc9d09e1c34b13.elb.eu-central-1.amazonaws.com/api/v1/query\": EOF"
time="2026-09-05T15:56:46+02:00" level=warning msg="Request Failed" error="Post \"http://k8s-ragplatf-ciliumga-56da93c17a-2adc9d09e1c34b13.elb.eu-central-1.amazonaws.com/api/v1/query\": EOF"
time="2026-09-05T15:56:46+02:00" level=warning msg="Request Failed" error="Post \"http://k8s-ragplatf-ciliumga-56da93c17a-2adc9d09e1c34b13.elb.eu-central-1.amazonaws.com/api/v1/query\": EOF"
time="2026-09-05T15:56:46+02:00" level=warning msg="Request Failed" error="Post \"http://k8s-ragplatf-ciliumga-56da93c17a-2adc9d09e1c34b13.elb.eu-central-1.amazonaws.com/api/v1/query\": EOF"
time="2026-09-05T15:56:46+02:00" level=warning msg="Request Failed" error="Post \"http://k8s-ragplatf-ciliumga-56da93c17a-2adc9d09e1c34b13.elb.eu-central-1.amazonaws.com/api/v1/query\": EOF"
time="2026-09-05T15:56:46+02:00" level=warning msg="Request Failed" error="Post \"http://k8s-ragplatf-ciliumga-56da93c17a-2adc9d09e1c34b13.elb.eu-central-1.amazonaws.com/api/v1/query\": EOF"
time="2026-09-05T15:56:46+02:00" level=warning msg="Request Failed" error="Post \"http://k8s-ragplatf-ciliumga-56da93c17a-2adc9d09e1c34b13.elb.eu-central-1.amazonaws.com/api/v1/query\": EOF"
time="2026-09-05T15:56:46+02:00" level=warning msg="Request Failed" error="Post \"http://k8s-ragplatf-ciliumga-56da93c17a-2adc9d09e1c34b13.elb.eu-central-1.amazonaws.com/api/v1/query\": EOF"
time="2026-09-05T15:56:46+02:00" level=warning msg="Request Failed" error="Post \"http://k8s-ragplatf-ciliumga-56da93c17a-2adc9d09e1c34b13.elb.eu-central-1.amazonaws.com/api/v1/query\": EOF"
time="2026-09-05T15:56:46+02:00" level=warning msg="Request Failed" error="Post \"http://k8s-ragplatf-ciliumga-56da93c17a-2adc9d09e1c34b13.elb.eu-central-1.amazonaws.com/api/v1/query\": EOF"
time="2026-09-05T15:56:46+02:00" level=warning msg="Request Failed" error="Post \"http://k8s-ragplatf-ciliumga-56da93c17a-2adc9d09e1c34b13.elb.eu-central-1.amazonaws.com/api/v1/query\": EOF"
time="2026-09-05T15:56:46+02:00" level=warning msg="Request Failed" error="Post \"http://k8s-ragplatf-ciliumga-56da93c17a-2adc9d09e1c34b13.elb.eu-central-1.amazonaws.com/api/v1/query\": EOF"
time="2026-09-05T15:56:46+02:00" level=warning msg="Request Failed" error="Post \"http://k8s-ragplatf-ciliumga-56da93c17a-2adc9d09e1c34b13.elb.eu-central-1.amazonaws.com/api/v1/query\": EOF"
time="2026-09-05T15:56:46+02:00" level=warning msg="Request Failed" error="Post \"http://k8s-ragplatf-ciliumga-56da93c17a-2adc9d09e1c34b13.elb.eu-central-1.amazonaws.com/api/v1/query\": EOF"
time="2026-09-05T15:56:46+02:00" level=warning msg="Request Failed" error="Post \"http://k8s-ragplatf-ciliumga-56da93c17a-2adc9d09e1c34b13.elb.eu-central-1.amazonaws.com/api/v1/query\": EOF"
time="2026-09-05T15:56:46+02:00" level=warning msg="Request Failed" error="Post \"http://k8s-ragplatf-ciliumga-56da93c17a-2adc9d09e1c34b13.elb.eu-central-1.amazonaws.com/api/v1/query\": EOF"
time="2026-09-05T15:56:46+02:00" level=warning msg="Request Failed" error="Post \"http://k8s-ragplatf-ciliumga-56da93c17a-2adc9d09e1c34b13.elb.eu-central-1.amazonaws.com/api/v1/query\": EOF"
time="2026-09-05T15:56:46+02:00" level=warning msg="Request Failed" error="Post \"http://k8s-ragplatf-ciliumga-56da93c17a-2adc9d09e1c34b13.elb.eu-central-1.amazonaws.com/api/v1/query\": EOF"
time="2026-09-05T15:56:46+02:00" level=warning msg="Request Failed" error="Post \"http://k8s-ragplatf-ciliumga-56da93c17a-2adc9d09e1c34b13.elb.eu-central-1.amazonaws.com/api/v1/query\": EOF"
time="2026-09-05T15:56:46+02:00" level=warning msg="Request Failed" error="Post \"http://k8s-ragplatf-ciliumga-56da93c17a-2adc9d09e1c34b13.elb.eu-central-1.amazonaws.com/api/v1/query\": EOF"
time="2026-09-05T15:56:46+02:00" level=warning msg="Request Failed" error="Post \"http://k8s-ragplatf-ciliumga-56da93c17a-2adc9d09e1c34b13.elb.eu-central-1.amazonaws.com/api/v1/query\": EOF"
time="2026-09-05T15:56:46+02:00" level=warning msg="Request Failed" error="Post \"http://k8s-ragplatf-ciliumga-56da93c17a-2adc9d09e1c34b13.elb.eu-central-1.amazonaws.com/api/v1/query\": EOF"
time="2026-09-05T15:56:46+02:00" level=warning msg="Request Failed" error="Post \"http://k8s-ragplatf-ciliumga-56da93c17a-2adc9d09e1c34b13.elb.eu-central-1.amazonaws.com/api/v1/query\": EOF"
time="2026-09-05T15:56:46+02:00" level=warning msg="Request Failed" error="Post \"http://k8s-ragplatf-ciliumga-56da93c17a-2adc9d09e1c34b13.elb.eu-central-1.amazonaws.com/api/v1/query\": EOF"
time="2026-09-05T15:56:46+02:00" level=warning msg="Request Failed" error="Post \"http://k8s-ragplatf-ciliumga-56da93c17a-2adc9d09e1c34b13.elb.eu-central-1.amazonaws.com/api/v1/query\": EOF"
time="2026-09-05T15:56:46+02:00" level=warning msg="Request Failed" error="Post \"http://k8s-ragplatf-ciliumga-56da93c17a-2adc9d09e1c34b13.elb.eu-central-1.amazonaws.com/api/v1/query\": EOF"
time="2026-09-05T15:56:46+02:00" level=warning msg="Request Failed" error="Post \"http://k8s-ragplatf-ciliumga-56da93c17a-2adc9d09e1c34b13.elb.eu-central-1.amazonaws.com/api/v1/query\": EOF"
time="2026-09-05T15:56:46+02:00" level=warning msg="Request Failed" error="Post \"http://k8s-ragplatf-ciliumga-56da93c17a-2adc9d09e1c34b13.elb.eu-central-1.amazonaws.com/api/v1/query\": EOF"
time="2026-09-05T15:56:46+02:00" level=warning msg="Request Failed" error="Post \"http://k8s-ragplatf-ciliumga-56da93c17a-2adc9d09e1c34b13.elb.eu-central-1.amazonaws.com/api/v1/query\": EOF"
time="2026-09-05T15:56:46+02:00" level=warning msg="Request Failed" error="Post \"http://k8s-ragplatf-ciliumga-56da93c17a-2adc9d09e1c34b13.elb.eu-central-1.amazonaws.com/api/v1/query\": EOF"
time="2026-09-05T15:56:46+02:00" level=warning msg="Request Failed" error="Post \"http://k8s-ragplatf-ciliumga-56da93c17a-2adc9d09e1c34b13.elb.eu-central-1.amazonaws.com/api/v1/query\": EOF"
time="2026-09-05T15:56:46+02:00" level=warning msg="Request Failed" error="Post \"http://k8s-ragplatf-ciliumga-56da93c17a-2adc9d09e1c34b13.elb.eu-central-1.amazonaws.com/api/v1/query\": EOF"
time="2026-09-05T15:56:46+02:00" level=warning msg="Request Failed" error="Post \"http://k8s-ragplatf-ciliumga-56da93c17a-2adc9d09e1c34b13.elb.eu-central-1.amazonaws.com/api/v1/query\": EOF"
time="2026-09-05T15:56:46+02:00" level=warning msg="Request Failed" error="Post \"http://k8s-ragplatf-ciliumga-56da93c17a-2adc9d09e1c34b13.elb.eu-central-1.amazonaws.com/api/v1/query\": EOF"
time="2026-09-05T15:56:46+02:00" level=warning msg="Request Failed" error="Post \"http://k8s-ragplatf-ciliumga-56da93c17a-2adc9d09e1c34b13.elb.eu-central-1.amazonaws.com/api/v1/query\": EOF"
time="2026-09-05T15:56:46+02:00" level=warning msg="Request Failed" error="Post \"http://k8s-ragplatf-ciliumga-56da93c17a-2adc9d09e1c34b13.elb.eu-central-1.amazonaws.com/api/v1/query\": EOF"
time="2026-09-05T15:56:46+02:00" level=warning msg="Request Failed" error="Post \"http://k8s-ragplatf-ciliumga-56da93c17a-2adc9d09e1c34b13.elb.eu-central-1.amazonaws.com/api/v1/query\": EOF"
time="2026-09-05T15:56:46+02:00" level=warning msg="Request Failed" error="Post \"http://k8s-ragplatf-ciliumga-56da93c17a-2adc9d09e1c34b13.elb.eu-central-1.amazonaws.com/api/v1/query\": EOF"
time="2026-09-05T15:56:46+02:00" level=warning msg="Request Failed" error="Post \"http://k8s-ragplatf-ciliumga-56da93c17a-2adc9d09e1c34b13.elb.eu-central-1.amazonaws.com/api/v1/query\": EOF"
time="2026-09-05T15:56:46+02:00" level=warning msg="Request Failed" error="Post \"http://k8s-ragplatf-ciliumga-56da93c17a-2adc9d09e1c34b13.elb.eu-central-1.amazonaws.com/api/v1/query\": EOF"
time="2026-09-05T15:56:46+02:00" level=warning msg="Request Failed" error="Post \"http://k8s-ragplatf-ciliumga-56da93c17a-2adc9d09e1c34b13.elb.eu-central-1.amazonaws.com/api/v1/query\": EOF"
time="2026-09-05T15:56:46+02:00" level=warning msg="Request Failed" error="Post \"http://k8s-ragplatf-ciliumga-56da93c17a-2adc9d09e1c34b13.elb.eu-central-1.amazonaws.com/api/v1/query\": EOF"
time="2026-09-05T15:56:46+02:00" level=warning msg="Request Failed" error="Post \"http://k8s-ragplatf-ciliumga-56da93c17a-2adc9d09e1c34b13.elb.eu-central-1.amazonaws.com/api/v1/query\": EOF"
time="2026-09-05T15:56:46+02:00" level=warning msg="Request Failed" error="Post \"http://k8s-ragplatf-ciliumga-56da93c17a-2adc9d09e1c34b13.elb.eu-central-1.amazonaws.com/api/v1/query\": EOF"
time="2026-09-05T15:56:46+02:00" level=warning msg="Request Failed" error="Post \"http://k8s-ragplatf-ciliumga-56da93c17a-2adc9d09e1c34b13.elb.eu-central-1.amazonaws.com/api/v1/query\": EOF"
time="2026-09-05T15:56:46+02:00" level=warning msg="Request Failed" error="Post \"http://k8s-ragplatf-ciliumga-56da93c17a-2adc9d09e1c34b13.elb.eu-central-1.amazonaws.com/api/v1/query\": EOF"
time="2026-09-05T15:56:46+02:00" level=warning msg="Request Failed" error="Post \"http://k8s-ragplatf-ciliumga-56da93c17a-2adc9d09e1c34b13.elb.eu-central-1.amazonaws.com/api/v1/query\": EOF"
time="2026-09-05T15:56:46+02:00" level=warning msg="Request Failed" error="Post \"http://k8s-ragplatf-ciliumga-56da93c17a-2adc9d09e1c34b13.elb.eu-central-1.amazonaws.com/api/v1/query\": EOF"
time="2026-09-05T15:56:46+02:00" level=warning msg="Request Failed" error="Post \"http://k8s-ragplatf-ciliumga-56da93c17a-2adc9d09e1c34b13.elb.eu-central-1.amazonaws.com/api/v1/query\": EOF"
time="2026-09-05T15:56:46+02:00" level=warning msg="Request Failed" error="Post \"http://k8s-ragplatf-ciliumga-56da93c17a-2adc9d09e1c34b13.elb.eu-central-1.amazonaws.com/api/v1/query\": EOF"
time="2026-09-05T15:56:46+02:00" level=warning msg="Request Failed" error="Post \"http://k8s-ragplatf-ciliumga-56da93c17a-2adc9d09e1c34b13.elb.eu-central-1.amazonaws.com/api/v1/query\": EOF"
time="2026-09-05T15:56:46+02:00" level=warning msg="Request Failed" error="Post \"http://k8s-ragplatf-ciliumga-56da93c17a-2adc9d09e1c34b13.elb.eu-central-1.amazonaws.com/api/v1/query\": EOF"
time="2026-09-05T15:56:46+02:00" level=warning msg="Request Failed" error="Post \"http://k8s-ragplatf-ciliumga-56da93c17a-2adc9d09e1c34b13.elb.eu-central-1.amazonaws.com/api/v1/query\": EOF"
time="2026-09-05T15:56:46+02:00" level=warning msg="Request Failed" error="Post \"http://k8s-ragplatf-ciliumga-56da93c17a-2adc9d09e1c34b13.elb.eu-central-1.amazonaws.com/api/v1/query\": EOF"
time="2026-09-05T15:56:46+02:00" level=warning msg="Request Failed" error="Post \"http://k8s-ragplatf-ciliumga-56da93c17a-2adc9d09e1c34b13.elb.eu-central-1.amazonaws.com/api/v1/query\": EOF"
time="2026-09-05T15:56:46+02:00" level=warning msg="Request Failed" error="Post \"http://k8s-ragplatf-ciliumga-56da93c17a-2adc9d09e1c34b13.elb.eu-central-1.amazonaws.com/api/v1/query\": EOF"
time="2026-09-05T15:56:46+02:00" level=warning msg="Request Failed" error="Post \"http://k8s-ragplatf-ciliumga-56da93c17a-2adc9d09e1c34b13.elb.eu-central-1.amazonaws.com/api/v1/query\": EOF"
time="2026-09-05T15:56:46+02:00" level=warning msg="Request Failed" error="Post \"http://k8s-ragplatf-ciliumga-56da93c17a-2adc9d09e1c34b13.elb.eu-central-1.amazonaws.com/api/v1/query\": EOF"
time="2026-09-05T15:56:46+02:00" level=warning msg="Request Failed" error="Post \"http://k8s-ragplatf-ciliumga-56da93c17a-2adc9d09e1c34b13.elb.eu-central-1.amazonaws.com/api/v1/query\": EOF"
time="2026-09-05T15:56:46+02:00" level=warning msg="Request Failed" error="Post \"http://k8s-ragplatf-ciliumga-56da93c17a-2adc9d09e1c34b13.elb.eu-central-1.amazonaws.com/api/v1/query\": EOF"
time="2026-09-05T15:56:46+02:00" level=warning msg="Request Failed" error="Post \"http://k8s-ragplatf-ciliumga-56da93c17a-2adc9d09e1c34b13.elb.eu-central-1.amazonaws.com/api/v1/query\": EOF"
time="2026-09-05T15:56:46+02:00" level=warning msg="Request Failed" error="Post \"http://k8s-ragplatf-ciliumga-56da93c17a-2adc9d09e1c34b13.elb.eu-central-1.amazonaws.com/api/v1/query\": EOF"
time="2026-09-05T15:56:46+02:00" level=warning msg="Request Failed" error="Post \"http://k8s-ragplatf-ciliumga-56da93c17a-2adc9d09e1c34b13.elb.eu-central-1.amazonaws.com/api/v1/query\": EOF"
time="2026-09-05T15:56:46+02:00" level=warning msg="Request Failed" error="Post \"http://k8s-ragplatf-ciliumga-56da93c17a-2adc9d09e1c34b13.elb.eu-central-1.amazonaws.com/api/v1/query\": EOF"
time="2026-09-05T15:56:46+02:00" level=warning msg="Request Failed" error="Post \"http://k8s-ragplatf-ciliumga-56da93c17a-2adc9d09e1c34b13.elb.eu-central-1.amazonaws.com/api/v1/query\": EOF"
time="2026-09-05T15:56:46+02:00" level=warning msg="Request Failed" error="Post \"http://k8s-ragplatf-ciliumga-56da93c17a-2adc9d09e1c34b13.elb.eu-central-1.amazonaws.com/api/v1/query\": EOF"
time="2026-09-05T15:56:46+02:00" level=warning msg="Request Failed" error="Post \"http://k8s-ragplatf-ciliumga-56da93c17a-2adc9d09e1c34b13.elb.eu-central-1.amazonaws.com/api/v1/query\": EOF"
time="2026-09-05T15:56:46+02:00" level=warning msg="Request Failed" error="Post \"http://k8s-ragplatf-ciliumga-56da93c17a-2adc9d09e1c34b13.elb.eu-central-1.amazonaws.com/api/v1/query\": EOF"
time="2026-09-05T15:56:46+02:00" level=warning msg="Request Failed" error="Post \"http://k8s-ragplatf-ciliumga-56da93c17a-2adc9d09e1c34b13.elb.eu-central-1.amazonaws.com/api/v1/query\": EOF"
time="2026-09-05T15:56:46+02:00" level=warning msg="Request Failed" error="Post \"http://k8s-ragplatf-ciliumga-56da93c17a-2adc9d09e1c34b13.elb.eu-central-1.amazonaws.com/api/v1/query\": EOF"
time="2026-09-05T15:56:46+02:00" level=warning msg="Request Failed" error="Post \"http://k8s-ragplatf-ciliumga-56da93c17a-2adc9d09e1c34b13.elb.eu-central-1.amazonaws.com/api/v1/query\": EOF"
time="2026-09-05T15:56:46+02:00" level=warning msg="Request Failed" error="Post \"http://k8s-ragplatf-ciliumga-56da93c17a-2adc9d09e1c34b13.elb.eu-central-1.amazonaws.com/api/v1/query\": EOF"
time="2026-09-05T15:56:46+02:00" level=warning msg="Request Failed" error="Post \"http://k8s-ragplatf-ciliumga-56da93c17a-2adc9d09e1c34b13.elb.eu-central-1.amazonaws.com/api/v1/query\": EOF"
time="2026-09-05T15:56:46+02:00" level=warning msg="Request Failed" error="Post \"http://k8s-ragplatf-ciliumga-56da93c17a-2adc9d09e1c34b13.elb.eu-central-1.amazonaws.com/api/v1/query\": EOF"
time="2026-09-05T15:56:46+02:00" level=warning msg="Request Failed" error="Post \"http://k8s-ragplatf-ciliumga-56da93c17a-2adc9d09e1c34b13.elb.eu-central-1.amazonaws.com/api/v1/query\": EOF"
time="2026-09-05T15:56:46+02:00" level=warning msg="Request Failed" error="Post \"http://k8s-ragplatf-ciliumga-56da93c17a-2adc9d09e1c34b13.elb.eu-central-1.amazonaws.com/api/v1/query\": EOF"
time="2026-09-05T15:56:46+02:00" level=warning msg="Request Failed" error="Post \"http://k8s-ragplatf-ciliumga-56da93c17a-2adc9d09e1c34b13.elb.eu-central-1.amazonaws.com/api/v1/query\": EOF"
time="2026-09-05T15:56:46+02:00" level=warning msg="Request Failed" error="Post \"http://k8s-ragplatf-ciliumga-56da93c17a-2adc9d09e1c34b13.elb.eu-central-1.amazonaws.com/api/v1/query\": EOF"
time="2026-09-05T15:56:46+02:00" level=warning msg="Request Failed" error="Post \"http://k8s-ragplatf-ciliumga-56da93c17a-2adc9d09e1c34b13.elb.eu-central-1.amazonaws.com/api/v1/query\": EOF"
time="2026-09-05T15:56:46+02:00" level=warning msg="Request Failed" error="Post \"http://k8s-ragplatf-ciliumga-56da93c17a-2adc9d09e1c34b13.elb.eu-central-1.amazonaws.com/api/v1/query\": EOF"
time="2026-09-05T15:56:46+02:00" level=warning msg="Request Failed" error="Post \"http://k8s-ragplatf-ciliumga-56da93c17a-2adc9d09e1c34b13.elb.eu-central-1.amazonaws.com/api/v1/query\": EOF"
time="2026-09-05T15:56:46+02:00" level=warning msg="Request Failed" error="Post \"http://k8s-ragplatf-ciliumga-56da93c17a-2adc9d09e1c34b13.elb.eu-central-1.amazonaws.com/api/v1/query\": EOF"
time="2026-09-05T15:56:46+02:00" level=warning msg="Request Failed" error="Post \"http://k8s-ragplatf-ciliumga-56da93c17a-2adc9d09e1c34b13.elb.eu-central-1.amazonaws.com/api/v1/query\": EOF"
time="2026-09-05T15:56:46+02:00" level=warning msg="Request Failed" error="Post \"http://k8s-ragplatf-ciliumga-56da93c17a-2adc9d09e1c34b13.elb.eu-central-1.amazonaws.com/api/v1/query\": EOF"
time="2026-09-05T15:56:46+02:00" level=warning msg="Request Failed" error="Post \"http://k8s-ragplatf-ciliumga-56da93c17a-2adc9d09e1c34b13.elb.eu-central-1.amazonaws.com/api/v1/query\": EOF"
time="2026-09-05T15:56:46+02:00" level=warning msg="Request Failed" error="Post \"http://k8s-ragplatf-ciliumga-56da93c17a-2adc9d09e1c34b13.elb.eu-central-1.amazonaws.com/api/v1/query\": EOF"
time="2026-09-05T15:56:46+02:00" level=warning msg="Request Failed" error="Post \"http://k8s-ragplatf-ciliumga-56da93c17a-2adc9d09e1c34b13.elb.eu-central-1.amazonaws.com/api/v1/query\": EOF"
time="2026-09-05T15:56:46+02:00" level=warning msg="Request Failed" error="Post \"http://k8s-ragplatf-ciliumga-56da93c17a-2adc9d09e1c34b13.elb.eu-central-1.amazonaws.com/api/v1/query\": EOF"
time="2026-09-05T15:56:46+02:00" level=warning msg="Request Failed" error="Post \"http://k8s-ragplatf-ciliumga-56da93c17a-2adc9d09e1c34b13.elb.eu-central-1.amazonaws.com/api/v1/query\": EOF"
time="2026-09-05T15:56:46+02:00" level=warning msg="Request Failed" error="Post \"http://k8s-ragplatf-ciliumga-56da93c17a-2adc9d09e1c34b13.elb.eu-central-1.amazonaws.com/api/v1/query\": EOF"
time="2026-09-05T15:56:46+02:00" level=warning msg="Request Failed" error="Post \"http://k8s-ragplatf-ciliumga-56da93c17a-2adc9d09e1c34b13.elb.eu-central-1.amazonaws.com/api/v1/query\": EOF"
time="2026-09-05T15:56:46+02:00" level=warning msg="Request Failed" error="Post \"http://k8s-ragplatf-ciliumga-56da93c17a-2adc9d09e1c34b13.elb.eu-central-1.amazonaws.com/api/v1/query\": EOF"
time="2026-09-05T15:56:46+02:00" level=warning msg="Request Failed" error="Post \"http://k8s-ragplatf-ciliumga-56da93c17a-2adc9d09e1c34b13.elb.eu-central-1.amazonaws.com/api/v1/query\": EOF"
time="2026-09-05T15:56:46+02:00" level=warning msg="Request Failed" error="Post \"http://k8s-ragplatf-ciliumga-56da93c17a-2adc9d09e1c34b13.elb.eu-central-1.amazonaws.com/api/v1/query\": EOF"
time="2026-09-05T15:56:46+02:00" level=warning msg="Request Failed" error="Post \"http://k8s-ragplatf-ciliumga-56da93c17a-2adc9d09e1c34b13.elb.eu-central-1.amazonaws.com/api/v1/query\": EOF"
time="2026-09-05T15:56:46+02:00" level=warning msg="Request Failed" error="Post \"http://k8s-ragplatf-ciliumga-56da93c17a-2adc9d09e1c34b13.elb.eu-central-1.amazonaws.com/api/v1/query\": EOF"
time="2026-09-05T15:56:46+02:00" level=warning msg="Request Failed" error="Post \"http://k8s-ragplatf-ciliumga-56da93c17a-2adc9d09e1c34b13.elb.eu-central-1.amazonaws.com/api/v1/query\": EOF"
time="2026-09-05T15:56:46+02:00" level=warning msg="Request Failed" error="Post \"http://k8s-ragplatf-ciliumga-56da93c17a-2adc9d09e1c34b13.elb.eu-central-1.amazonaws.com/api/v1/query\": EOF"
time="2026-09-05T15:56:46+02:00" level=warning msg="Request Failed" error="Post \"http://k8s-ragplatf-ciliumga-56da93c17a-2adc9d09e1c34b13.elb.eu-central-1.amazonaws.com/api/v1/query\": EOF"
time="2026-09-05T15:56:46+02:00" level=warning msg="Request Failed" error="Post \"http://k8s-ragplatf-ciliumga-56da93c17a-2adc9d09e1c34b13.elb.eu-central-1.amazonaws.com/api/v1/query\": EOF"
time="2026-09-05T15:56:46+02:00" level=warning msg="Request Failed" error="Post \"http://k8s-ragplatf-ciliumga-56da93c17a-2adc9d09e1c34b13.elb.eu-central-1.amazonaws.com/api/v1/query\": EOF"
time="2026-09-05T15:56:46+02:00" level=warning msg="Request Failed" error="Post \"http://k8s-ragplatf-ciliumga-56da93c17a-2adc9d09e1c34b13.elb.eu-central-1.amazonaws.com/api/v1/query\": EOF"
time="2026-09-05T15:56:46+02:00" level=warning msg="Request Failed" error="Post \"http://k8s-ragplatf-ciliumga-56da93c17a-2adc9d09e1c34b13.elb.eu-central-1.amazonaws.com/api/v1/query\": EOF"
time="2026-09-05T15:56:46+02:00" level=warning msg="Request Failed" error="Post \"http://k8s-ragplatf-ciliumga-56da93c17a-2adc9d09e1c34b13.elb.eu-central-1.amazonaws.com/api/v1/query\": EOF"
time="2026-09-05T15:56:46+02:00" level=warning msg="Request Failed" error="Post \"http://k8s-ragplatf-ciliumga-56da93c17a-2adc9d09e1c34b13.elb.eu-central-1.amazonaws.com/api/v1/query\": EOF"
time="2026-09-05T15:56:46+02:00" level=warning msg="Request Failed" error="Post \"http://k8s-ragplatf-ciliumga-56da93c17a-2adc9d09e1c34b13.elb.eu-central-1.amazonaws.com/api/v1/query\": EOF"
time="2026-09-05T15:56:46+02:00" level=warning msg="Request Failed" error="Post \"http://k8s-ragplatf-ciliumga-56da93c17a-2adc9d09e1c34b13.elb.eu-central-1.amazonaws.com/api/v1/query\": EOF"
time="2026-09-05T15:56:46+02:00" level=warning msg="Request Failed" error="Post \"http://k8s-ragplatf-ciliumga-56da93c17a-2adc9d09e1c34b13.elb.eu-central-1.amazonaws.com/api/v1/query\": EOF"
time="2026-09-05T15:56:46+02:00" level=warning msg="Request Failed" error="Post \"http://k8s-ragplatf-ciliumga-56da93c17a-2adc9d09e1c34b13.elb.eu-central-1.amazonaws.com/api/v1/query\": EOF"
time="2026-09-05T15:56:46+02:00" level=warning msg="Request Failed" error="Post \"http://k8s-ragplatf-ciliumga-56da93c17a-2adc9d09e1c34b13.elb.eu-central-1.amazonaws.com/api/v1/query\": EOF"
time="2026-09-05T15:56:46+02:00" level=warning msg="Request Failed" error="Post \"http://k8s-ragplatf-ciliumga-56da93c17a-2adc9d09e1c34b13.elb.eu-central-1.amazonaws.com/api/v1/query\": EOF"
time="2026-09-05T15:56:46+02:00" level=warning msg="Request Failed" error="Post \"http://k8s-ragplatf-ciliumga-56da93c17a-2adc9d09e1c34b13.elb.eu-central-1.amazonaws.com/api/v1/query\": EOF"
time="2026-09-05T15:56:46+02:00" level=warning msg="Request Failed" error="Post \"http://k8s-ragplatf-ciliumga-56da93c17a-2adc9d09e1c34b13.elb.eu-central-1.amazonaws.com/api/v1/query\": EOF"
time="2026-09-05T15:56:46+02:00" level=warning msg="Request Failed" error="Post \"http://k8s-ragplatf-ciliumga-56da93c17a-2adc9d09e1c34b13.elb.eu-central-1.amazonaws.com/api/v1/query\": EOF"

running (03m10.9s), 1178/2500 VUs, 62963 complete and 0 interrupted iterations
constant_load   [  32% ] 1178/2500 VUs  03m10.9s/10m0s  500.00 iters/s

running (03m11.9s), 1632/2500 VUs, 63009 complete and 0 interrupted iterations
constant_load   [  32% ] 1632/2500 VUs  03m11.9s/10m0s  500.00 iters/s

running (03m12.9s), 1998/2500 VUs, 63143 complete and 0 interrupted iterations
constant_load   [  32% ] 1998/2500 VUs  03m12.9s/10m0s  500.00 iters/s

running (03m13.9s), 1723/2500 VUs, 63918 complete and 0 interrupted iterations
constant_load   [  32% ] 1723/2500 VUs  03m13.9s/10m0s  500.00 iters/s

running (03m14.9s), 1908/2500 VUs, 64232 complete and 0 interrupted iterations
constant_load   [  32% ] 1908/2500 VUs  03m14.9s/10m0s  500.00 iters/s

running (03m15.9s), 2077/2500 VUs, 64564 complete and 0 interrupted iterations
constant_load   [  33% ] 2077/2500 VUs  03m15.9s/10m0s  500.00 iters/s

running (03m16.9s), 2134/2500 VUs, 65007 complete and 0 interrupted iterations
constant_load   [  33% ] 2134/2500 VUs  03m16.9s/10m0s  500.00 iters/s

running (03m17.9s), 2128/2500 VUs, 65513 complete and 0 interrupted iterations
constant_load   [  33% ] 2128/2500 VUs  03m17.9s/10m0s  500.00 iters/s

running (03m18.9s), 2159/2500 VUs, 65982 complete and 0 interrupted iterations
constant_load   [  33% ] 2159/2500 VUs  03m18.9s/10m0s  500.00 iters/s

running (03m19.9s), 2245/2500 VUs, 66396 complete and 0 interrupted iterations
constant_load   [  33% ] 2245/2500 VUs  03m19.9s/10m0s  500.00 iters/s

running (03m20.9s), 2456/2500 VUs, 66685 complete and 0 interrupted iterations
constant_load   [  33% ] 2456/2500 VUs  03m20.9s/10m0s  500.00 iters/s

running (03m21.9s), 2337/2500 VUs, 67304 complete and 0 interrupted iterations
constant_load   [  34% ] 2337/2500 VUs  03m21.9s/10m0s  500.00 iters/s

running (03m22.9s), 2431/2500 VUs, 67710 complete and 0 interrupted iterations
constant_load   [  34% ] 2431/2500 VUs  03m22.9s/10m0s  500.00 iters/s

running (03m23.9s), 2499/2500 VUs, 68053 complete and 0 interrupted iterations
constant_load   [  34% ] 2499/2500 VUs  03m23.9s/10m0s  500.00 iters/s

running (03m24.9s), 2447/2500 VUs, 68572 complete and 0 interrupted iterations
constant_load   [  34% ] 2447/2500 VUs  03m24.9s/10m0s  500.00 iters/s

running (03m25.9s), 2305/2500 VUs, 69071 complete and 0 interrupted iterations
constant_load   [  34% ] 2305/2500 VUs  03m25.9s/10m0s  500.00 iters/s

running (03m26.9s), 2397/2500 VUs, 69478 complete and 0 interrupted iterations
constant_load   [  34% ] 2397/2500 VUs  03m26.9s/10m0s  500.00 iters/s

running (03m27.9s), 2410/2500 VUs, 69879 complete and 0 interrupted iterations
constant_load   [  35% ] 2410/2500 VUs  03m27.9s/10m0s  500.00 iters/s

running (03m28.9s), 2349/2500 VUs, 70440 complete and 0 interrupted iterations
constant_load   [  35% ] 2349/2500 VUs  03m28.9s/10m0s  500.00 iters/s

running (03m29.9s), 1857/2500 VUs, 71433 complete and 0 interrupted iterations
constant_load   [  35% ] 1857/2500 VUs  03m29.9s/10m0s  500.00 iters/s
time="2026-09-05T15:57:06+02:00" level=warning msg="Request Failed" error="unexpected EOF"
time="2026-09-05T15:57:06+02:00" level=warning msg="Request Failed" error="unexpected EOF"
time="2026-09-05T15:57:06+02:00" level=warning msg="Request Failed" error="unexpected EOF"
time="2026-09-05T15:57:06+02:00" level=warning msg="Request Failed" error="unexpected EOF"
time="2026-09-05T15:57:06+02:00" level=warning msg="Request Failed" error="unexpected EOF"
time="2026-09-05T15:57:06+02:00" level=warning msg="Request Failed" error="unexpected EOF"
time="2026-09-05T15:57:06+02:00" level=warning msg="Request Failed" error="unexpected EOF"
time="2026-09-05T15:57:06+02:00" level=warning msg="Request Failed" error="unexpected EOF"
time="2026-09-05T15:57:06+02:00" level=warning msg="Request Failed" error="unexpected EOF"
time="2026-09-05T15:57:06+02:00" level=warning msg="Request Failed" error="unexpected EOF"
time="2026-09-05T15:57:06+02:00" level=warning msg="Request Failed" error="unexpected EOF"
time="2026-09-05T15:57:06+02:00" level=warning msg="Request Failed" error="unexpected EOF"
time="2026-09-05T15:57:06+02:00" level=warning msg="Request Failed" error="unexpected EOF"
time="2026-09-05T15:57:06+02:00" level=warning msg="Request Failed" error="unexpected EOF"
time="2026-09-05T15:57:06+02:00" level=warning msg="Request Failed" error="unexpected EOF"
time="2026-09-05T15:57:06+02:00" level=warning msg="Request Failed" error="unexpected EOF"
time="2026-09-05T15:57:06+02:00" level=warning msg="Request Failed" error="unexpected EOF"
time="2026-09-05T15:57:06+02:00" level=warning msg="Request Failed" error="unexpected EOF"
time="2026-09-05T15:57:06+02:00" level=warning msg="Request Failed" error="unexpected EOF"
time="2026-09-05T15:57:06+02:00" level=warning msg="Request Failed" error="unexpected EOF"
time="2026-09-05T15:57:06+02:00" level=warning msg="Request Failed" error="unexpected EOF"
time="2026-09-05T15:57:06+02:00" level=warning msg="Request Failed" error="unexpected EOF"
time="2026-09-05T15:57:06+02:00" level=warning msg="Request Failed" error="unexpected EOF"
time="2026-09-05T15:57:06+02:00" level=warning msg="Request Failed" error="unexpected EOF"
time="2026-09-05T15:57:06+02:00" level=warning msg="Request Failed" error="unexpected EOF"
time="2026-09-05T15:57:06+02:00" level=warning msg="Request Failed" error="unexpected EOF"
time="2026-09-05T15:57:06+02:00" level=warning msg="Request Failed" error="unexpected EOF"
time="2026-09-05T15:57:06+02:00" level=warning msg="Request Failed" error="unexpected EOF"

running (03m30.9s), 2101/2500 VUs, 71687 complete and 0 interrupted iterations
constant_load   [  35% ] 2101/2500 VUs  03m30.9s/10m0s  500.00 iters/s

running (03m31.9s), 2482/2500 VUs, 71807 complete and 0 interrupted iterations
constant_load   [  35% ] 2482/2500 VUs  03m31.9s/10m0s  500.00 iters/s

running (03m32.9s), 2500/2500 VUs, 71931 complete and 0 interrupted iterations
constant_load   [  35% ] 2500/2500 VUs  03m32.9s/10m0s  500.00 iters/s

running (03m33.9s), 1870/2500 VUs, 73035 complete and 0 interrupted iterations
constant_load   [  36% ] 1870/2500 VUs  03m33.9s/10m0s  500.00 iters/s

running (03m34.9s), 1243/2500 VUs, 74162 complete and 0 interrupted iterations
constant_load   [  36% ] 1243/2500 VUs  03m34.9s/10m0s  500.00 iters/s

running (03m35.9s), 1222/2500 VUs, 74683 complete and 0 interrupted iterations
constant_load   [  36% ] 1222/2500 VUs  03m35.9s/10m0s  500.00 iters/s

running (03m36.9s), 1381/2500 VUs, 75024 complete and 0 interrupted iterations
constant_load   [  36% ] 1381/2500 VUs  03m36.9s/10m0s  500.00 iters/s
time="2026-09-05T15:57:13+02:00" level=warning msg="Request Failed" error="Post \"http://k8s-ragplatf-ciliumga-56da93c17a-2adc9d09e1c34b13.elb.eu-central-1.amazonaws.com/api/v1/query\": EOF"
time="2026-09-05T15:57:13+02:00" level=warning msg="Request Failed" error="Post \"http://k8s-ragplatf-ciliumga-56da93c17a-2adc9d09e1c34b13.elb.eu-central-1.amazonaws.com/api/v1/query\": EOF"
time="2026-09-05T15:57:13+02:00" level=warning msg="Request Failed" error="Post \"http://k8s-ragplatf-ciliumga-56da93c17a-2adc9d09e1c34b13.elb.eu-central-1.amazonaws.com/api/v1/query\": EOF"
time="2026-09-05T15:57:13+02:00" level=warning msg="Request Failed" error="Post \"http://k8s-ragplatf-ciliumga-56da93c17a-2adc9d09e1c34b13.elb.eu-central-1.amazonaws.com/api/v1/query\": EOF"
time="2026-09-05T15:57:13+02:00" level=warning msg="Request Failed" error="Post \"http://k8s-ragplatf-ciliumga-56da93c17a-2adc9d09e1c34b13.elb.eu-central-1.amazonaws.com/api/v1/query\": EOF"
time="2026-09-05T15:57:13+02:00" level=warning msg="Request Failed" error="Post \"http://k8s-ragplatf-ciliumga-56da93c17a-2adc9d09e1c34b13.elb.eu-central-1.amazonaws.com/api/v1/query\": EOF"
time="2026-09-05T15:57:13+02:00" level=warning msg="Request Failed" error="Post \"http://k8s-ragplatf-ciliumga-56da93c17a-2adc9d09e1c34b13.elb.eu-central-1.amazonaws.com/api/v1/query\": EOF"
time="2026-09-05T15:57:13+02:00" level=warning msg="Request Failed" error="Post \"http://k8s-ragplatf-ciliumga-56da93c17a-2adc9d09e1c34b13.elb.eu-central-1.amazonaws.com/api/v1/query\": EOF"
time="2026-09-05T15:57:13+02:00" level=warning msg="Request Failed" error="Post \"http://k8s-ragplatf-ciliumga-56da93c17a-2adc9d09e1c34b13.elb.eu-central-1.amazonaws.com/api/v1/query\": EOF"
time="2026-09-05T15:57:13+02:00" level=warning msg="Request Failed" error="Post \"http://k8s-ragplatf-ciliumga-56da93c17a-2adc9d09e1c34b13.elb.eu-central-1.amazonaws.com/api/v1/query\": EOF"
time="2026-09-05T15:57:13+02:00" level=warning msg="Request Failed" error="Post \"http://k8s-ragplatf-ciliumga-56da93c17a-2adc9d09e1c34b13.elb.eu-central-1.amazonaws.com/api/v1/query\": EOF"
time="2026-09-05T15:57:13+02:00" level=warning msg="Request Failed" error="Post \"http://k8s-ragplatf-ciliumga-56da93c17a-2adc9d09e1c34b13.elb.eu-central-1.amazonaws.com/api/v1/query\": EOF"
time="2026-09-05T15:57:13+02:00" level=warning msg="Request Failed" error="Post \"http://k8s-ragplatf-ciliumga-56da93c17a-2adc9d09e1c34b13.elb.eu-central-1.amazonaws.com/api/v1/query\": EOF"
time="2026-09-05T15:57:13+02:00" level=warning msg="Request Failed" error="Post \"http://k8s-ragplatf-ciliumga-56da93c17a-2adc9d09e1c34b13.elb.eu-central-1.amazonaws.com/api/v1/query\": EOF"
time="2026-09-05T15:57:13+02:00" level=warning msg="Request Failed" error="Post \"http://k8s-ragplatf-ciliumga-56da93c17a-2adc9d09e1c34b13.elb.eu-central-1.amazonaws.com/api/v1/query\": EOF"
time="2026-09-05T15:57:13+02:00" level=warning msg="Request Failed" error="Post \"http://k8s-ragplatf-ciliumga-56da93c17a-2adc9d09e1c34b13.elb.eu-central-1.amazonaws.com/api/v1/query\": EOF"
time="2026-09-05T15:57:13+02:00" level=warning msg="Request Failed" error="Post \"http://k8s-ragplatf-ciliumga-56da93c17a-2adc9d09e1c34b13.elb.eu-central-1.amazonaws.com/api/v1/query\": EOF"
time="2026-09-05T15:57:13+02:00" level=warning msg="Request Failed" error="Post \"http://k8s-ragplatf-ciliumga-56da93c17a-2adc9d09e1c34b13.elb.eu-central-1.amazonaws.com/api/v1/query\": EOF"
time="2026-09-05T15:57:13+02:00" level=warning msg="Request Failed" error="Post \"http://k8s-ragplatf-ciliumga-56da93c17a-2adc9d09e1c34b13.elb.eu-central-1.amazonaws.com/api/v1/query\": EOF"
time="2026-09-05T15:57:13+02:00" level=warning msg="Request Failed" error="Post \"http://k8s-ragplatf-ciliumga-56da93c17a-2adc9d09e1c34b13.elb.eu-central-1.amazonaws.com/api/v1/query\": EOF"
time="2026-09-05T15:57:13+02:00" level=warning msg="Request Failed" error="Post \"http://k8s-ragplatf-ciliumga-56da93c17a-2adc9d09e1c34b13.elb.eu-central-1.amazonaws.com/api/v1/query\": EOF"
time="2026-09-05T15:57:13+02:00" level=warning msg="Request Failed" error="Post \"http://k8s-ragplatf-ciliumga-56da93c17a-2adc9d09e1c34b13.elb.eu-central-1.amazonaws.com/api/v1/query\": EOF"
time="2026-09-05T15:57:13+02:00" level=warning msg="Request Failed" error="Post \"http://k8s-ragplatf-ciliumga-56da93c17a-2adc9d09e1c34b13.elb.eu-central-1.amazonaws.com/api/v1/query\": EOF"
time="2026-09-05T15:57:13+02:00" level=warning msg="Request Failed" error="Post \"http://k8s-ragplatf-ciliumga-56da93c17a-2adc9d09e1c34b13.elb.eu-central-1.amazonaws.com/api/v1/query\": EOF"
time="2026-09-05T15:57:13+02:00" level=warning msg="Request Failed" error="Post \"http://k8s-ragplatf-ciliumga-56da93c17a-2adc9d09e1c34b13.elb.eu-central-1.amazonaws.com/api/v1/query\": EOF"
time="2026-09-05T15:57:13+02:00" level=warning msg="Request Failed" error="Post \"http://k8s-ragplatf-ciliumga-56da93c17a-2adc9d09e1c34b13.elb.eu-central-1.amazonaws.com/api/v1/query\": EOF"
time="2026-09-05T15:57:13+02:00" level=warning msg="Request Failed" error="Post \"http://k8s-ragplatf-ciliumga-56da93c17a-2adc9d09e1c34b13.elb.eu-central-1.amazonaws.com/api/v1/query\": EOF"
time="2026-09-05T15:57:13+02:00" level=warning msg="Request Failed" error="Post \"http://k8s-ragplatf-ciliumga-56da93c17a-2adc9d09e1c34b13.elb.eu-central-1.amazonaws.com/api/v1/query\": EOF"
time="2026-09-05T15:57:13+02:00" level=warning msg="Request Failed" error="Post \"http://k8s-ragplatf-ciliumga-56da93c17a-2adc9d09e1c34b13.elb.eu-central-1.amazonaws.com/api/v1/query\": EOF"
time="2026-09-05T15:57:13+02:00" level=warning msg="Request Failed" error="Post \"http://k8s-ragplatf-ciliumga-56da93c17a-2adc9d09e1c34b13.elb.eu-central-1.amazonaws.com/api/v1/query\": EOF"
time="2026-09-05T15:57:13+02:00" level=warning msg="Request Failed" error="Post \"http://k8s-ragplatf-ciliumga-56da93c17a-2adc9d09e1c34b13.elb.eu-central-1.amazonaws.com/api/v1/query\": EOF"
time="2026-09-05T15:57:13+02:00" level=warning msg="Request Failed" error="Post \"http://k8s-ragplatf-ciliumga-56da93c17a-2adc9d09e1c34b13.elb.eu-central-1.amazonaws.com/api/v1/query\": EOF"
time="2026-09-05T15:57:13+02:00" level=warning msg="Request Failed" error="Post \"http://k8s-ragplatf-ciliumga-56da93c17a-2adc9d09e1c34b13.elb.eu-central-1.amazonaws.com/api/v1/query\": EOF"
time="2026-09-05T15:57:13+02:00" level=warning msg="Request Failed" error="Post \"http://k8s-ragplatf-ciliumga-56da93c17a-2adc9d09e1c34b13.elb.eu-central-1.amazonaws.com/api/v1/query\": EOF"
time="2026-09-05T15:57:13+02:00" level=warning msg="Request Failed" error="Post \"http://k8s-ragplatf-ciliumga-56da93c17a-2adc9d09e1c34b13.elb.eu-central-1.amazonaws.com/api/v1/query\": EOF"
time="2026-09-05T15:57:13+02:00" level=warning msg="Request Failed" error="Post \"http://k8s-ragplatf-ciliumga-56da93c17a-2adc9d09e1c34b13.elb.eu-central-1.amazonaws.com/api/v1/query\": EOF"
time="2026-09-05T15:57:13+02:00" level=warning msg="Request Failed" error="Post \"http://k8s-ragplatf-ciliumga-56da93c17a-2adc9d09e1c34b13.elb.eu-central-1.amazonaws.com/api/v1/query\": EOF"
time="2026-09-05T15:57:13+02:00" level=warning msg="Request Failed" error="Post \"http://k8s-ragplatf-ciliumga-56da93c17a-2adc9d09e1c34b13.elb.eu-central-1.amazonaws.com/api/v1/query\": EOF"
time="2026-09-05T15:57:13+02:00" level=warning msg="Request Failed" error="Post \"http://k8s-ragplatf-ciliumga-56da93c17a-2adc9d09e1c34b13.elb.eu-central-1.amazonaws.com/api/v1/query\": EOF"
time="2026-09-05T15:57:13+02:00" level=warning msg="Request Failed" error="Post \"http://k8s-ragplatf-ciliumga-56da93c17a-2adc9d09e1c34b13.elb.eu-central-1.amazonaws.com/api/v1/query\": EOF"
time="2026-09-05T15:57:13+02:00" level=warning msg="Request Failed" error="Post \"http://k8s-ragplatf-ciliumga-56da93c17a-2adc9d09e1c34b13.elb.eu-central-1.amazonaws.com/api/v1/query\": EOF"
time="2026-09-05T15:57:13+02:00" level=warning msg="Request Failed" error="Post \"http://k8s-ragplatf-ciliumga-56da93c17a-2adc9d09e1c34b13.elb.eu-central-1.amazonaws.com/api/v1/query\": EOF"
time="2026-09-05T15:57:13+02:00" level=warning msg="Request Failed" error="Post \"http://k8s-ragplatf-ciliumga-56da93c17a-2adc9d09e1c34b13.elb.eu-central-1.amazonaws.com/api/v1/query\": EOF"
time="2026-09-05T15:57:13+02:00" level=warning msg="Request Failed" error="Post \"http://k8s-ragplatf-ciliumga-56da93c17a-2adc9d09e1c34b13.elb.eu-central-1.amazonaws.com/api/v1/query\": EOF"
time="2026-09-05T15:57:13+02:00" level=warning msg="Request Failed" error="Post \"http://k8s-ragplatf-ciliumga-56da93c17a-2adc9d09e1c34b13.elb.eu-central-1.amazonaws.com/api/v1/query\": EOF"
time="2026-09-05T15:57:13+02:00" level=warning msg="Request Failed" error="Post \"http://k8s-ragplatf-ciliumga-56da93c17a-2adc9d09e1c34b13.elb.eu-central-1.amazonaws.com/api/v1/query\": EOF"
time="2026-09-05T15:57:13+02:00" level=warning msg="Request Failed" error="Post \"http://k8s-ragplatf-ciliumga-56da93c17a-2adc9d09e1c34b13.elb.eu-central-1.amazonaws.com/api/v1/query\": EOF"
time="2026-09-05T15:57:13+02:00" level=warning msg="Request Failed" error="Post \"http://k8s-ragplatf-ciliumga-56da93c17a-2adc9d09e1c34b13.elb.eu-central-1.amazonaws.com/api/v1/query\": EOF"
time="2026-09-05T15:57:13+02:00" level=warning msg="Request Failed" error="Post \"http://k8s-ragplatf-ciliumga-56da93c17a-2adc9d09e1c34b13.elb.eu-central-1.amazonaws.com/api/v1/query\": EOF"
time="2026-09-05T15:57:13+02:00" level=warning msg="Request Failed" error="Post \"http://k8s-ragplatf-ciliumga-56da93c17a-2adc9d09e1c34b13.elb.eu-central-1.amazonaws.com/api/v1/query\": EOF"
time="2026-09-05T15:57:13+02:00" level=warning msg="Request Failed" error="Post \"http://k8s-ragplatf-ciliumga-56da93c17a-2adc9d09e1c34b13.elb.eu-central-1.amazonaws.com/api/v1/query\": EOF"
time="2026-09-05T15:57:13+02:00" level=warning msg="Request Failed" error="Post \"http://k8s-ragplatf-ciliumga-56da93c17a-2adc9d09e1c34b13.elb.eu-central-1.amazonaws.com/api/v1/query\": EOF"
time="2026-09-05T15:57:13+02:00" level=warning msg="Request Failed" error="Post \"http://k8s-ragplatf-ciliumga-56da93c17a-2adc9d09e1c34b13.elb.eu-central-1.amazonaws.com/api/v1/query\": EOF"
time="2026-09-05T15:57:13+02:00" level=warning msg="Request Failed" error="Post \"http://k8s-ragplatf-ciliumga-56da93c17a-2adc9d09e1c34b13.elb.eu-central-1.amazonaws.com/api/v1/query\": EOF"
time="2026-09-05T15:57:13+02:00" level=warning msg="Request Failed" error="Post \"http://k8s-ragplatf-ciliumga-56da93c17a-2adc9d09e1c34b13.elb.eu-central-1.amazonaws.com/api/v1/query\": EOF"
time="2026-09-05T15:57:13+02:00" level=warning msg="Request Failed" error="Post \"http://k8s-ragplatf-ciliumga-56da93c17a-2adc9d09e1c34b13.elb.eu-central-1.amazonaws.com/api/v1/query\": EOF"
time="2026-09-05T15:57:13+02:00" level=warning msg="Request Failed" error="Post \"http://k8s-ragplatf-ciliumga-56da93c17a-2adc9d09e1c34b13.elb.eu-central-1.amazonaws.com/api/v1/query\": EOF"
time="2026-09-05T15:57:13+02:00" level=warning msg="Request Failed" error="Post \"http://k8s-ragplatf-ciliumga-56da93c17a-2adc9d09e1c34b13.elb.eu-central-1.amazonaws.com/api/v1/query\": EOF"
time="2026-09-05T15:57:13+02:00" level=warning msg="Request Failed" error="Post \"http://k8s-ragplatf-ciliumga-56da93c17a-2adc9d09e1c34b13.elb.eu-central-1.amazonaws.com/api/v1/query\": EOF"
time="2026-09-05T15:57:13+02:00" level=warning msg="Request Failed" error="Post \"http://k8s-ragplatf-ciliumga-56da93c17a-2adc9d09e1c34b13.elb.eu-central-1.amazonaws.com/api/v1/query\": EOF"
time="2026-09-05T15:57:13+02:00" level=warning msg="Request Failed" error="Post \"http://k8s-ragplatf-ciliumga-56da93c17a-2adc9d09e1c34b13.elb.eu-central-1.amazonaws.com/api/v1/query\": read tcp 192.168.50.205:59892->18.157.216.153:80: read: connection reset by peer"
time="2026-09-05T15:57:13+02:00" level=warning msg="Request Failed" error="Post \"http://k8s-ragplatf-ciliumga-56da93c17a-2adc9d09e1c34b13.elb.eu-central-1.amazonaws.com/api/v1/query\": EOF"
time="2026-09-05T15:57:13+02:00" level=warning msg="Request Failed" error="Post \"http://k8s-ragplatf-ciliumga-56da93c17a-2adc9d09e1c34b13.elb.eu-central-1.amazonaws.com/api/v1/query\": EOF"
time="2026-09-05T15:57:13+02:00" level=warning msg="Request Failed" error="Post \"http://k8s-ragplatf-ciliumga-56da93c17a-2adc9d09e1c34b13.elb.eu-central-1.amazonaws.com/api/v1/query\": EOF"
time="2026-09-05T15:57:13+02:00" level=warning msg="Request Failed" error="Post \"http://k8s-ragplatf-ciliumga-56da93c17a-2adc9d09e1c34b13.elb.eu-central-1.amazonaws.com/api/v1/query\": EOF"
time="2026-09-05T15:57:13+02:00" level=warning msg="Request Failed" error="Post \"http://k8s-ragplatf-ciliumga-56da93c17a-2adc9d09e1c34b13.elb.eu-central-1.amazonaws.com/api/v1/query\": EOF"
time="2026-09-05T15:57:13+02:00" level=warning msg="Request Failed" error="Post \"http://k8s-ragplatf-ciliumga-56da93c17a-2adc9d09e1c34b13.elb.eu-central-1.amazonaws.com/api/v1/query\": EOF"
time="2026-09-05T15:57:13+02:00" level=warning msg="Request Failed" error="Post \"http://k8s-ragplatf-ciliumga-56da93c17a-2adc9d09e1c34b13.elb.eu-central-1.amazonaws.com/api/v1/query\": EOF"
time="2026-09-05T15:57:13+02:00" level=warning msg="Request Failed" error="Post \"http://k8s-ragplatf-ciliumga-56da93c17a-2adc9d09e1c34b13.elb.eu-central-1.amazonaws.com/api/v1/query\": EOF"
time="2026-09-05T15:57:13+02:00" level=warning msg="Request Failed" error="Post \"http://k8s-ragplatf-ciliumga-56da93c17a-2adc9d09e1c34b13.elb.eu-central-1.amazonaws.com/api/v1/query\": EOF"
time="2026-09-05T15:57:13+02:00" level=warning msg="Request Failed" error="Post \"http://k8s-ragplatf-ciliumga-56da93c17a-2adc9d09e1c34b13.elb.eu-central-1.amazonaws.com/api/v1/query\": EOF"
time="2026-09-05T15:57:13+02:00" level=warning msg="Request Failed" error="Post \"http://k8s-ragplatf-ciliumga-56da93c17a-2adc9d09e1c34b13.elb.eu-central-1.amazonaws.com/api/v1/query\": EOF"
time="2026-09-05T15:57:13+02:00" level=warning msg="Request Failed" error="Post \"http://k8s-ragplatf-ciliumga-56da93c17a-2adc9d09e1c34b13.elb.eu-central-1.amazonaws.com/api/v1/query\": EOF"
time="2026-09-05T15:57:13+02:00" level=warning msg="Request Failed" error="Post \"http://k8s-ragplatf-ciliumga-56da93c17a-2adc9d09e1c34b13.elb.eu-central-1.amazonaws.com/api/v1/query\": EOF"
time="2026-09-05T15:57:13+02:00" level=warning msg="Request Failed" error="Post \"http://k8s-ragplatf-ciliumga-56da93c17a-2adc9d09e1c34b13.elb.eu-central-1.amazonaws.com/api/v1/query\": EOF"
time="2026-09-05T15:57:13+02:00" level=warning msg="Request Failed" error="Post \"http://k8s-ragplatf-ciliumga-56da93c17a-2adc9d09e1c34b13.elb.eu-central-1.amazonaws.com/api/v1/query\": EOF"
time="2026-09-05T15:57:13+02:00" level=warning msg="Request Failed" error="Post \"http://k8s-ragplatf-ciliumga-56da93c17a-2adc9d09e1c34b13.elb.eu-central-1.amazonaws.com/api/v1/query\": read tcp 192.168.50.205:59280->18.157.216.153:80: read: connection reset by peer"
time="2026-09-05T15:57:13+02:00" level=warning msg="Request Failed" error="Post \"http://k8s-ragplatf-ciliumga-56da93c17a-2adc9d09e1c34b13.elb.eu-central-1.amazonaws.com/api/v1/query\": EOF"
time="2026-09-05T15:57:13+02:00" level=warning msg="Request Failed" error="Post \"http://k8s-ragplatf-ciliumga-56da93c17a-2adc9d09e1c34b13.elb.eu-central-1.amazonaws.com/api/v1/query\": EOF"
time="2026-09-05T15:57:13+02:00" level=warning msg="Request Failed" error="Post \"http://k8s-ragplatf-ciliumga-56da93c17a-2adc9d09e1c34b13.elb.eu-central-1.amazonaws.com/api/v1/query\": EOF"
time="2026-09-05T15:57:13+02:00" level=warning msg="Request Failed" error="Post \"http://k8s-ragplatf-ciliumga-56da93c17a-2adc9d09e1c34b13.elb.eu-central-1.amazonaws.com/api/v1/query\": EOF"
time="2026-09-05T15:57:13+02:00" level=warning msg="Request Failed" error="Post \"http://k8s-ragplatf-ciliumga-56da93c17a-2adc9d09e1c34b13.elb.eu-central-1.amazonaws.com/api/v1/query\": EOF"
time="2026-09-05T15:57:13+02:00" level=warning msg="Request Failed" error="Post \"http://k8s-ragplatf-ciliumga-56da93c17a-2adc9d09e1c34b13.elb.eu-central-1.amazonaws.com/api/v1/query\": EOF"
time="2026-09-05T15:57:13+02:00" level=warning msg="Request Failed" error="Post \"http://k8s-ragplatf-ciliumga-56da93c17a-2adc9d09e1c34b13.elb.eu-central-1.amazonaws.com/api/v1/query\": EOF"
time="2026-09-05T15:57:13+02:00" level=warning msg="Request Failed" error="Post \"http://k8s-ragplatf-ciliumga-56da93c17a-2adc9d09e1c34b13.elb.eu-central-1.amazonaws.com/api/v1/query\": EOF"
time="2026-09-05T15:57:13+02:00" level=warning msg="Request Failed" error="Post \"http://k8s-ragplatf-ciliumga-56da93c17a-2adc9d09e1c34b13.elb.eu-central-1.amazonaws.com/api/v1/query\": EOF"
time="2026-09-05T15:57:13+02:00" level=warning msg="Request Failed" error="Post \"http://k8s-ragplatf-ciliumga-56da93c17a-2adc9d09e1c34b13.elb.eu-central-1.amazonaws.com/api/v1/query\": EOF"
time="2026-09-05T15:57:13+02:00" level=warning msg="Request Failed" error="Post \"http://k8s-ragplatf-ciliumga-56da93c17a-2adc9d09e1c34b13.elb.eu-central-1.amazonaws.com/api/v1/query\": EOF"
time="2026-09-05T15:57:13+02:00" level=warning msg="Request Failed" error="Post \"http://k8s-ragplatf-ciliumga-56da93c17a-2adc9d09e1c34b13.elb.eu-central-1.amazonaws.com/api/v1/query\": EOF"
time="2026-09-05T15:57:13+02:00" level=warning msg="Request Failed" error="Post \"http://k8s-ragplatf-ciliumga-56da93c17a-2adc9d09e1c34b13.elb.eu-central-1.amazonaws.com/api/v1/query\": read tcp 192.168.50.205:59011->18.157.216.153:80: read: connection reset by peer"
time="2026-09-05T15:57:13+02:00" level=warning msg="Request Failed" error="Post \"http://k8s-ragplatf-ciliumga-56da93c17a-2adc9d09e1c34b13.elb.eu-central-1.amazonaws.com/api/v1/query\": EOF"
time="2026-09-05T15:57:13+02:00" level=warning msg="Request Failed" error="Post \"http://k8s-ragplatf-ciliumga-56da93c17a-2adc9d09e1c34b13.elb.eu-central-1.amazonaws.com/api/v1/query\": EOF"
time="2026-09-05T15:57:13+02:00" level=warning msg="Request Failed" error="Post \"http://k8s-ragplatf-ciliumga-56da93c17a-2adc9d09e1c34b13.elb.eu-central-1.amazonaws.com/api/v1/query\": EOF"
time="2026-09-05T15:57:13+02:00" level=warning msg="Request Failed" error="Post \"http://k8s-ragplatf-ciliumga-56da93c17a-2adc9d09e1c34b13.elb.eu-central-1.amazonaws.com/api/v1/query\": read tcp 192.168.50.205:58777->18.157.216.153:80: read: connection reset by peer"
time="2026-09-05T15:57:13+02:00" level=warning msg="Request Failed" error="Post \"http://k8s-ragplatf-ciliumga-56da93c17a-2adc9d09e1c34b13.elb.eu-central-1.amazonaws.com/api/v1/query\": read tcp 192.168.50.205:58927->18.157.216.153:80: read: connection reset by peer"
time="2026-09-05T15:57:13+02:00" level=warning msg="Request Failed" error="Post \"http://k8s-ragplatf-ciliumga-56da93c17a-2adc9d09e1c34b13.elb.eu-central-1.amazonaws.com/api/v1/query\": EOF"
time="2026-09-05T15:57:13+02:00" level=warning msg="Request Failed" error="Post \"http://k8s-ragplatf-ciliumga-56da93c17a-2adc9d09e1c34b13.elb.eu-central-1.amazonaws.com/api/v1/query\": EOF"
time="2026-09-05T15:57:13+02:00" level=warning msg="Request Failed" error="Post \"http://k8s-ragplatf-ciliumga-56da93c17a-2adc9d09e1c34b13.elb.eu-central-1.amazonaws.com/api/v1/query\": EOF"
time="2026-09-05T15:57:13+02:00" level=warning msg="Request Failed" error="Post \"http://k8s-ragplatf-ciliumga-56da93c17a-2adc9d09e1c34b13.elb.eu-central-1.amazonaws.com/api/v1/query\": EOF"
time="2026-09-05T15:57:13+02:00" level=warning msg="Request Failed" error="Post \"http://k8s-ragplatf-ciliumga-56da93c17a-2adc9d09e1c34b13.elb.eu-central-1.amazonaws.com/api/v1/query\": EOF"
time="2026-09-05T15:57:13+02:00" level=warning msg="Request Failed" error="Post \"http://k8s-ragplatf-ciliumga-56da93c17a-2adc9d09e1c34b13.elb.eu-central-1.amazonaws.com/api/v1/query\": EOF"
time="2026-09-05T15:57:13+02:00" level=warning msg="Request Failed" error="Post \"http://k8s-ragplatf-ciliumga-56da93c17a-2adc9d09e1c34b13.elb.eu-central-1.amazonaws.com/api/v1/query\": EOF"
time="2026-09-05T15:57:13+02:00" level=warning msg="Request Failed" error="Post \"http://k8s-ragplatf-ciliumga-56da93c17a-2adc9d09e1c34b13.elb.eu-central-1.amazonaws.com/api/v1/query\": EOF"
time="2026-09-05T15:57:13+02:00" level=warning msg="Request Failed" error="Post \"http://k8s-ragplatf-ciliumga-56da93c17a-2adc9d09e1c34b13.elb.eu-central-1.amazonaws.com/api/v1/query\": EOF"
time="2026-09-05T15:57:13+02:00" level=warning msg="Request Failed" error="Post \"http://k8s-ragplatf-ciliumga-56da93c17a-2adc9d09e1c34b13.elb.eu-central-1.amazonaws.com/api/v1/query\": EOF"
time="2026-09-05T15:57:13+02:00" level=warning msg="Request Failed" error="Post \"http://k8s-ragplatf-ciliumga-56da93c17a-2adc9d09e1c34b13.elb.eu-central-1.amazonaws.com/api/v1/query\": EOF"
time="2026-09-05T15:57:13+02:00" level=warning msg="Request Failed" error="Post \"http://k8s-ragplatf-ciliumga-56da93c17a-2adc9d09e1c34b13.elb.eu-central-1.amazonaws.com/api/v1/query\": EOF"
time="2026-09-05T15:57:13+02:00" level=warning msg="Request Failed" error="Post \"http://k8s-ragplatf-ciliumga-56da93c17a-2adc9d09e1c34b13.elb.eu-central-1.amazonaws.com/api/v1/query\": EOF"
time="2026-09-05T15:57:13+02:00" level=warning msg="Request Failed" error="Post \"http://k8s-ragplatf-ciliumga-56da93c17a-2adc9d09e1c34b13.elb.eu-central-1.amazonaws.com/api/v1/query\": EOF"
time="2026-09-05T15:57:13+02:00" level=warning msg="Request Failed" error="Post \"http://k8s-ragplatf-ciliumga-56da93c17a-2adc9d09e1c34b13.elb.eu-central-1.amazonaws.com/api/v1/query\": EOF"
time="2026-09-05T15:57:13+02:00" level=warning msg="Request Failed" error="Post \"http://k8s-ragplatf-ciliumga-56da93c17a-2adc9d09e1c34b13.elb.eu-central-1.amazonaws.com/api/v1/query\": EOF"
time="2026-09-05T15:57:13+02:00" level=warning msg="Request Failed" error="Post \"http://k8s-ragplatf-ciliumga-56da93c17a-2adc9d09e1c34b13.elb.eu-central-1.amazonaws.com/api/v1/query\": EOF"
time="2026-09-05T15:57:13+02:00" level=warning msg="Request Failed" error="Post \"http://k8s-ragplatf-ciliumga-56da93c17a-2adc9d09e1c34b13.elb.eu-central-1.amazonaws.com/api/v1/query\": EOF"
time="2026-09-05T15:57:13+02:00" level=warning msg="Request Failed" error="Post \"http://k8s-ragplatf-ciliumga-56da93c17a-2adc9d09e1c34b13.elb.eu-central-1.amazonaws.com/api/v1/query\": EOF"
time="2026-09-05T15:57:13+02:00" level=warning msg="Request Failed" error="Post \"http://k8s-ragplatf-ciliumga-56da93c17a-2adc9d09e1c34b13.elb.eu-central-1.amazonaws.com/api/v1/query\": EOF"
time="2026-09-05T15:57:13+02:00" level=warning msg="Request Failed" error="Post \"http://k8s-ragplatf-ciliumga-56da93c17a-2adc9d09e1c34b13.elb.eu-central-1.amazonaws.com/api/v1/query\": EOF"
time="2026-09-05T15:57:13+02:00" level=warning msg="Request Failed" error="Post \"http://k8s-ragplatf-ciliumga-56da93c17a-2adc9d09e1c34b13.elb.eu-central-1.amazonaws.com/api/v1/query\": EOF"
time="2026-09-05T15:57:13+02:00" level=warning msg="Request Failed" error="Post \"http://k8s-ragplatf-ciliumga-56da93c17a-2adc9d09e1c34b13.elb.eu-central-1.amazonaws.com/api/v1/query\": EOF"
time="2026-09-05T15:57:13+02:00" level=warning msg="Request Failed" error="Post \"http://k8s-ragplatf-ciliumga-56da93c17a-2adc9d09e1c34b13.elb.eu-central-1.amazonaws.com/api/v1/query\": EOF"
time="2026-09-05T15:57:13+02:00" level=warning msg="Request Failed" error="Post \"http://k8s-ragplatf-ciliumga-56da93c17a-2adc9d09e1c34b13.elb.eu-central-1.amazonaws.com/api/v1/query\": EOF"
time="2026-09-05T15:57:13+02:00" level=warning msg="Request Failed" error="Post \"http://k8s-ragplatf-ciliumga-56da93c17a-2adc9d09e1c34b13.elb.eu-central-1.amazonaws.com/api/v1/query\": EOF"
time="2026-09-05T15:57:13+02:00" level=warning msg="Request Failed" error="Post \"http://k8s-ragplatf-ciliumga-56da93c17a-2adc9d09e1c34b13.elb.eu-central-1.amazonaws.com/api/v1/query\": EOF"
time="2026-09-05T15:57:13+02:00" level=warning msg="Request Failed" error="Post \"http://k8s-ragplatf-ciliumga-56da93c17a-2adc9d09e1c34b13.elb.eu-central-1.amazonaws.com/api/v1/query\": EOF"
time="2026-09-05T15:57:13+02:00" level=warning msg="Request Failed" error="Post \"http://k8s-ragplatf-ciliumga-56da93c17a-2adc9d09e1c34b13.elb.eu-central-1.amazonaws.com/api/v1/query\": EOF"
time="2026-09-05T15:57:13+02:00" level=warning msg="Request Failed" error="Post \"http://k8s-ragplatf-ciliumga-56da93c17a-2adc9d09e1c34b13.elb.eu-central-1.amazonaws.com/api/v1/query\": EOF"
time="2026-09-05T15:57:13+02:00" level=warning msg="Request Failed" error="Post \"http://k8s-ragplatf-ciliumga-56da93c17a-2adc9d09e1c34b13.elb.eu-central-1.amazonaws.com/api/v1/query\": EOF"
time="2026-09-05T15:57:13+02:00" level=warning msg="Request Failed" error="Post \"http://k8s-ragplatf-ciliumga-56da93c17a-2adc9d09e1c34b13.elb.eu-central-1.amazonaws.com/api/v1/query\": EOF"
time="2026-09-05T15:57:13+02:00" level=warning msg="Request Failed" error="Post \"http://k8s-ragplatf-ciliumga-56da93c17a-2adc9d09e1c34b13.elb.eu-central-1.amazonaws.com/api/v1/query\": EOF"
time="2026-09-05T15:57:13+02:00" level=warning msg="Request Failed" error="Post \"http://k8s-ragplatf-ciliumga-56da93c17a-2adc9d09e1c34b13.elb.eu-central-1.amazonaws.com/api/v1/query\": EOF"
time="2026-09-05T15:57:13+02:00" level=warning msg="Request Failed" error="Post \"http://k8s-ragplatf-ciliumga-56da93c17a-2adc9d09e1c34b13.elb.eu-central-1.amazonaws.com/api/v1/query\": EOF"
time="2026-09-05T15:57:13+02:00" level=warning msg="Request Failed" error="Post \"http://k8s-ragplatf-ciliumga-56da93c17a-2adc9d09e1c34b13.elb.eu-central-1.amazonaws.com/api/v1/query\": EOF"
time="2026-09-05T15:57:13+02:00" level=warning msg="Request Failed" error="Post \"http://k8s-ragplatf-ciliumga-56da93c17a-2adc9d09e1c34b13.elb.eu-central-1.amazonaws.com/api/v1/query\": EOF"
time="2026-09-05T15:57:13+02:00" level=warning msg="Request Failed" error="Post \"http://k8s-ragplatf-ciliumga-56da93c17a-2adc9d09e1c34b13.elb.eu-central-1.amazonaws.com/api/v1/query\": EOF"
time="2026-09-05T15:57:13+02:00" level=warning msg="Request Failed" error="Post \"http://k8s-ragplatf-ciliumga-56da93c17a-2adc9d09e1c34b13.elb.eu-central-1.amazonaws.com/api/v1/query\": EOF"
time="2026-09-05T15:57:13+02:00" level=warning msg="Request Failed" error="Post \"http://k8s-ragplatf-ciliumga-56da93c17a-2adc9d09e1c34b13.elb.eu-central-1.amazonaws.com/api/v1/query\": EOF"
time="2026-09-05T15:57:13+02:00" level=warning msg="Request Failed" error="Post \"http://k8s-ragplatf-ciliumga-56da93c17a-2adc9d09e1c34b13.elb.eu-central-1.amazonaws.com/api/v1/query\": EOF"
time="2026-09-05T15:57:13+02:00" level=warning msg="Request Failed" error="Post \"http://k8s-ragplatf-ciliumga-56da93c17a-2adc9d09e1c34b13.elb.eu-central-1.amazonaws.com/api/v1/query\": EOF"
time="2026-09-05T15:57:13+02:00" level=warning msg="Request Failed" error="Post \"http://k8s-ragplatf-ciliumga-56da93c17a-2adc9d09e1c34b13.elb.eu-central-1.amazonaws.com/api/v1/query\": EOF"
time="2026-09-05T15:57:13+02:00" level=warning msg="Request Failed" error="Post \"http://k8s-ragplatf-ciliumga-56da93c17a-2adc9d09e1c34b13.elb.eu-central-1.amazonaws.com/api/v1/query\": EOF"
time="2026-09-05T15:57:13+02:00" level=warning msg="Request Failed" error="Post \"http://k8s-ragplatf-ciliumga-56da93c17a-2adc9d09e1c34b13.elb.eu-central-1.amazonaws.com/api/v1/query\": EOF"
time="2026-09-05T15:57:13+02:00" level=warning msg="Request Failed" error="Post \"http://k8s-ragplatf-ciliumga-56da93c17a-2adc9d09e1c34b13.elb.eu-central-1.amazonaws.com/api/v1/query\": EOF"
time="2026-09-05T15:57:13+02:00" level=warning msg="Request Failed" error="Post \"http://k8s-ragplatf-ciliumga-56da93c17a-2adc9d09e1c34b13.elb.eu-central-1.amazonaws.com/api/v1/query\": EOF"
time="2026-09-05T15:57:13+02:00" level=warning msg="Request Failed" error="Post \"http://k8s-ragplatf-ciliumga-56da93c17a-2adc9d09e1c34b13.elb.eu-central-1.amazonaws.com/api/v1/query\": EOF"
time="2026-09-05T15:57:13+02:00" level=warning msg="Request Failed" error="Post \"http://k8s-ragplatf-ciliumga-56da93c17a-2adc9d09e1c34b13.elb.eu-central-1.amazonaws.com/api/v1/query\": EOF"
time="2026-09-05T15:57:13+02:00" level=warning msg="Request Failed" error="Post \"http://k8s-ragplatf-ciliumga-56da93c17a-2adc9d09e1c34b13.elb.eu-central-1.amazonaws.com/api/v1/query\": EOF"
time="2026-09-05T15:57:13+02:00" level=warning msg="Request Failed" error="Post \"http://k8s-ragplatf-ciliumga-56da93c17a-2adc9d09e1c34b13.elb.eu-central-1.amazonaws.com/api/v1/query\": EOF"
time="2026-09-05T15:57:13+02:00" level=warning msg="Request Failed" error="Post \"http://k8s-ragplatf-ciliumga-56da93c17a-2adc9d09e1c34b13.elb.eu-central-1.amazonaws.com/api/v1/query\": EOF"
time="2026-09-05T15:57:13+02:00" level=warning msg="Request Failed" error="Post \"http://k8s-ragplatf-ciliumga-56da93c17a-2adc9d09e1c34b13.elb.eu-central-1.amazonaws.com/api/v1/query\": EOF"
time="2026-09-05T15:57:13+02:00" level=warning msg="Request Failed" error="Post \"http://k8s-ragplatf-ciliumga-56da93c17a-2adc9d09e1c34b13.elb.eu-central-1.amazonaws.com/api/v1/query\": EOF"
time="2026-09-05T15:57:13+02:00" level=warning msg="Request Failed" error="Post \"http://k8s-ragplatf-ciliumga-56da93c17a-2adc9d09e1c34b13.elb.eu-central-1.amazonaws.com/api/v1/query\": EOF"
time="2026-09-05T15:57:13+02:00" level=warning msg="Request Failed" error="Post \"http://k8s-ragplatf-ciliumga-56da93c17a-2adc9d09e1c34b13.elb.eu-central-1.amazonaws.com/api/v1/query\": EOF"
time="2026-09-05T15:57:13+02:00" level=warning msg="Request Failed" error="Post \"http://k8s-ragplatf-ciliumga-56da93c17a-2adc9d09e1c34b13.elb.eu-central-1.amazonaws.com/api/v1/query\": EOF"
time="2026-09-05T15:57:13+02:00" level=warning msg="Request Failed" error="Post \"http://k8s-ragplatf-ciliumga-56da93c17a-2adc9d09e1c34b13.elb.eu-central-1.amazonaws.com/api/v1/query\": EOF"
time="2026-09-05T15:57:13+02:00" level=warning msg="Request Failed" error="Post \"http://k8s-ragplatf-ciliumga-56da93c17a-2adc9d09e1c34b13.elb.eu-central-1.amazonaws.com/api/v1/query\": EOF"
time="2026-09-05T15:57:13+02:00" level=warning msg="Request Failed" error="Post \"http://k8s-ragplatf-ciliumga-56da93c17a-2adc9d09e1c34b13.elb.eu-central-1.amazonaws.com/api/v1/query\": EOF"
time="2026-09-05T15:57:13+02:00" level=warning msg="Request Failed" error="Post \"http://k8s-ragplatf-ciliumga-56da93c17a-2adc9d09e1c34b13.elb.eu-central-1.amazonaws.com/api/v1/query\": EOF"
time="2026-09-05T15:57:13+02:00" level=warning msg="Request Failed" error="Post \"http://k8s-ragplatf-ciliumga-56da93c17a-2adc9d09e1c34b13.elb.eu-central-1.amazonaws.com/api/v1/query\": EOF"
time="2026-09-05T15:57:13+02:00" level=warning msg="Request Failed" error="Post \"http://k8s-ragplatf-ciliumga-56da93c17a-2adc9d09e1c34b13.elb.eu-central-1.amazonaws.com/api/v1/query\": EOF"
time="2026-09-05T15:57:13+02:00" level=warning msg="Request Failed" error="Post \"http://k8s-ragplatf-ciliumga-56da93c17a-2adc9d09e1c34b13.elb.eu-central-1.amazonaws.com/api/v1/query\": EOF"
time="2026-09-05T15:57:13+02:00" level=warning msg="Request Failed" error="Post \"http://k8s-ragplatf-ciliumga-56da93c17a-2adc9d09e1c34b13.elb.eu-central-1.amazonaws.com/api/v1/query\": EOF"
time="2026-09-05T15:57:13+02:00" level=warning msg="Request Failed" error="Post \"http://k8s-ragplatf-ciliumga-56da93c17a-2adc9d09e1c34b13.elb.eu-central-1.amazonaws.com/api/v1/query\": EOF"
time="2026-09-05T15:57:13+02:00" level=warning msg="Request Failed" error="Post \"http://k8s-ragplatf-ciliumga-56da93c17a-2adc9d09e1c34b13.elb.eu-central-1.amazonaws.com/api/v1/query\": EOF"
time="2026-09-05T15:57:13+02:00" level=warning msg="Request Failed" error="Post \"http://k8s-ragplatf-ciliumga-56da93c17a-2adc9d09e1c34b13.elb.eu-central-1.amazonaws.com/api/v1/query\": EOF"
time="2026-09-05T15:57:13+02:00" level=warning msg="Request Failed" error="Post \"http://k8s-ragplatf-ciliumga-56da93c17a-2adc9d09e1c34b13.elb.eu-central-1.amazonaws.com/api/v1/query\": EOF"
time="2026-09-05T15:57:13+02:00" level=warning msg="Request Failed" error="Post \"http://k8s-ragplatf-ciliumga-56da93c17a-2adc9d09e1c34b13.elb.eu-central-1.amazonaws.com/api/v1/query\": EOF"
time="2026-09-05T15:57:13+02:00" level=warning msg="Request Failed" error="Post \"http://k8s-ragplatf-ciliumga-56da93c17a-2adc9d09e1c34b13.elb.eu-central-1.amazonaws.com/api/v1/query\": EOF"
time="2026-09-05T15:57:13+02:00" level=warning msg="Request Failed" error="Post \"http://k8s-ragplatf-ciliumga-56da93c17a-2adc9d09e1c34b13.elb.eu-central-1.amazonaws.com/api/v1/query\": EOF"
time="2026-09-05T15:57:13+02:00" level=warning msg="Request Failed" error="Post \"http://k8s-ragplatf-ciliumga-56da93c17a-2adc9d09e1c34b13.elb.eu-central-1.amazonaws.com/api/v1/query\": EOF"
time="2026-09-05T15:57:13+02:00" level=warning msg="Request Failed" error="Post \"http://k8s-ragplatf-ciliumga-56da93c17a-2adc9d09e1c34b13.elb.eu-central-1.amazonaws.com/api/v1/query\": EOF"
time="2026-09-05T15:57:13+02:00" level=warning msg="Request Failed" error="Post \"http://k8s-ragplatf-ciliumga-56da93c17a-2adc9d09e1c34b13.elb.eu-central-1.amazonaws.com/api/v1/query\": EOF"
time="2026-09-05T15:57:13+02:00" level=warning msg="Request Failed" error="Post \"http://k8s-ragplatf-ciliumga-56da93c17a-2adc9d09e1c34b13.elb.eu-central-1.amazonaws.com/api/v1/query\": EOF"
time="2026-09-05T15:57:13+02:00" level=warning msg="Request Failed" error="Post \"http://k8s-ragplatf-ciliumga-56da93c17a-2adc9d09e1c34b13.elb.eu-central-1.amazonaws.com/api/v1/query\": EOF"
time="2026-09-05T15:57:13+02:00" level=warning msg="Request Failed" error="Post \"http://k8s-ragplatf-ciliumga-56da93c17a-2adc9d09e1c34b13.elb.eu-central-1.amazonaws.com/api/v1/query\": EOF"
time="2026-09-05T15:57:13+02:00" level=warning msg="Request Failed" error="Post \"http://k8s-ragplatf-ciliumga-56da93c17a-2adc9d09e1c34b13.elb.eu-central-1.amazonaws.com/api/v1/query\": EOF"
time="2026-09-05T15:57:13+02:00" level=warning msg="Request Failed" error="Post \"http://k8s-ragplatf-ciliumga-56da93c17a-2adc9d09e1c34b13.elb.eu-central-1.amazonaws.com/api/v1/query\": EOF"
time="2026-09-05T15:57:13+02:00" level=warning msg="Request Failed" error="Post \"http://k8s-ragplatf-ciliumga-56da93c17a-2adc9d09e1c34b13.elb.eu-central-1.amazonaws.com/api/v1/query\": EOF"
time="2026-09-05T15:57:13+02:00" level=warning msg="Request Failed" error="Post \"http://k8s-ragplatf-ciliumga-56da93c17a-2adc9d09e1c34b13.elb.eu-central-1.amazonaws.com/api/v1/query\": EOF"
time="2026-09-05T15:57:13+02:00" level=warning msg="Request Failed" error="Post \"http://k8s-ragplatf-ciliumga-56da93c17a-2adc9d09e1c34b13.elb.eu-central-1.amazonaws.com/api/v1/query\": EOF"
time="2026-09-05T15:57:13+02:00" level=warning msg="Request Failed" error="Post \"http://k8s-ragplatf-ciliumga-56da93c17a-2adc9d09e1c34b13.elb.eu-central-1.amazonaws.com/api/v1/query\": EOF"
time="2026-09-05T15:57:13+02:00" level=warning msg="Request Failed" error="Post \"http://k8s-ragplatf-ciliumga-56da93c17a-2adc9d09e1c34b13.elb.eu-central-1.amazonaws.com/api/v1/query\": EOF"
time="2026-09-05T15:57:13+02:00" level=warning msg="Request Failed" error="Post \"http://k8s-ragplatf-ciliumga-56da93c17a-2adc9d09e1c34b13.elb.eu-central-1.amazonaws.com/api/v1/query\": EOF"
time="2026-09-05T15:57:13+02:00" level=warning msg="Request Failed" error="Post \"http://k8s-ragplatf-ciliumga-56da93c17a-2adc9d09e1c34b13.elb.eu-central-1.amazonaws.com/api/v1/query\": EOF"
time="2026-09-05T15:57:13+02:00" level=warning msg="Request Failed" error="Post \"http://k8s-ragplatf-ciliumga-56da93c17a-2adc9d09e1c34b13.elb.eu-central-1.amazonaws.com/api/v1/query\": EOF"
time="2026-09-05T15:57:13+02:00" level=warning msg="Request Failed" error="Post \"http://k8s-ragplatf-ciliumga-56da93c17a-2adc9d09e1c34b13.elb.eu-central-1.amazonaws.com/api/v1/query\": EOF"
time="2026-09-05T15:57:13+02:00" level=warning msg="Request Failed" error="Post \"http://k8s-ragplatf-ciliumga-56da93c17a-2adc9d09e1c34b13.elb.eu-central-1.amazonaws.com/api/v1/query\": EOF"
time="2026-09-05T15:57:13+02:00" level=warning msg="Request Failed" error="Post \"http://k8s-ragplatf-ciliumga-56da93c17a-2adc9d09e1c34b13.elb.eu-central-1.amazonaws.com/api/v1/query\": EOF"
time="2026-09-05T15:57:13+02:00" level=warning msg="Request Failed" error="Post \"http://k8s-ragplatf-ciliumga-56da93c17a-2adc9d09e1c34b13.elb.eu-central-1.amazonaws.com/api/v1/query\": EOF"
time="2026-09-05T15:57:13+02:00" level=warning msg="Request Failed" error="Post \"http://k8s-ragplatf-ciliumga-56da93c17a-2adc9d09e1c34b13.elb.eu-central-1.amazonaws.com/api/v1/query\": EOF"
time="2026-09-05T15:57:13+02:00" level=warning msg="Request Failed" error="Post \"http://k8s-ragplatf-ciliumga-56da93c17a-2adc9d09e1c34b13.elb.eu-central-1.amazonaws.com/api/v1/query\": EOF"
time="2026-09-05T15:57:13+02:00" level=warning msg="Request Failed" error="Post \"http://k8s-ragplatf-ciliumga-56da93c17a-2adc9d09e1c34b13.elb.eu-central-1.amazonaws.com/api/v1/query\": EOF"
time="2026-09-05T15:57:13+02:00" level=warning msg="Request Failed" error="Post \"http://k8s-ragplatf-ciliumga-56da93c17a-2adc9d09e1c34b13.elb.eu-central-1.amazonaws.com/api/v1/query\": EOF"
time="2026-09-05T15:57:13+02:00" level=warning msg="Request Failed" error="Post \"http://k8s-ragplatf-ciliumga-56da93c17a-2adc9d09e1c34b13.elb.eu-central-1.amazonaws.com/api/v1/query\": EOF"
time="2026-09-05T15:57:13+02:00" level=warning msg="Request Failed" error="Post \"http://k8s-ragplatf-ciliumga-56da93c17a-2adc9d09e1c34b13.elb.eu-central-1.amazonaws.com/api/v1/query\": EOF"
time="2026-09-05T15:57:13+02:00" level=warning msg="Request Failed" error="Post \"http://k8s-ragplatf-ciliumga-56da93c17a-2adc9d09e1c34b13.elb.eu-central-1.amazonaws.com/api/v1/query\": EOF"
time="2026-09-05T15:57:13+02:00" level=warning msg="Request Failed" error="Post \"http://k8s-ragplatf-ciliumga-56da93c17a-2adc9d09e1c34b13.elb.eu-central-1.amazonaws.com/api/v1/query\": EOF"
time="2026-09-05T15:57:13+02:00" level=warning msg="Request Failed" error="Post \"http://k8s-ragplatf-ciliumga-56da93c17a-2adc9d09e1c34b13.elb.eu-central-1.amazonaws.com/api/v1/query\": EOF"
time="2026-09-05T15:57:13+02:00" level=warning msg="Request Failed" error="Post \"http://k8s-ragplatf-ciliumga-56da93c17a-2adc9d09e1c34b13.elb.eu-central-1.amazonaws.com/api/v1/query\": EOF"
time="2026-09-05T15:57:13+02:00" level=warning msg="Request Failed" error="Post \"http://k8s-ragplatf-ciliumga-56da93c17a-2adc9d09e1c34b13.elb.eu-central-1.amazonaws.com/api/v1/query\": EOF"
time="2026-09-05T15:57:13+02:00" level=warning msg="Request Failed" error="Post \"http://k8s-ragplatf-ciliumga-56da93c17a-2adc9d09e1c34b13.elb.eu-central-1.amazonaws.com/api/v1/query\": EOF"
time="2026-09-05T15:57:13+02:00" level=warning msg="Request Failed" error="Post \"http://k8s-ragplatf-ciliumga-56da93c17a-2adc9d09e1c34b13.elb.eu-central-1.amazonaws.com/api/v1/query\": EOF"
time="2026-09-05T15:57:13+02:00" level=warning msg="Request Failed" error="Post \"http://k8s-ragplatf-ciliumga-56da93c17a-2adc9d09e1c34b13.elb.eu-central-1.amazonaws.com/api/v1/query\": EOF"
time="2026-09-05T15:57:13+02:00" level=warning msg="Request Failed" error="Post \"http://k8s-ragplatf-ciliumga-56da93c17a-2adc9d09e1c34b13.elb.eu-central-1.amazonaws.com/api/v1/query\": EOF"
time="2026-09-05T15:57:13+02:00" level=warning msg="Request Failed" error="Post \"http://k8s-ragplatf-ciliumga-56da93c17a-2adc9d09e1c34b13.elb.eu-central-1.amazonaws.com/api/v1/query\": EOF"
time="2026-09-05T15:57:13+02:00" level=warning msg="Request Failed" error="Post \"http://k8s-ragplatf-ciliumga-56da93c17a-2adc9d09e1c34b13.elb.eu-central-1.amazonaws.com/api/v1/query\": EOF"
time="2026-09-05T15:57:13+02:00" level=warning msg="Request Failed" error="Post \"http://k8s-ragplatf-ciliumga-56da93c17a-2adc9d09e1c34b13.elb.eu-central-1.amazonaws.com/api/v1/query\": EOF"
time="2026-09-05T15:57:13+02:00" level=warning msg="Request Failed" error="Post \"http://k8s-ragplatf-ciliumga-56da93c17a-2adc9d09e1c34b13.elb.eu-central-1.amazonaws.com/api/v1/query\": read tcp 192.168.50.205:61846->18.157.216.153:80: read: connection reset by peer"
time="2026-09-05T15:57:13+02:00" level=warning msg="Request Failed" error="Post \"http://k8s-ragplatf-ciliumga-56da93c17a-2adc9d09e1c34b13.elb.eu-central-1.amazonaws.com/api/v1/query\": EOF"
time="2026-09-05T15:57:13+02:00" level=warning msg="Request Failed" error="Post \"http://k8s-ragplatf-ciliumga-56da93c17a-2adc9d09e1c34b13.elb.eu-central-1.amazonaws.com/api/v1/query\": EOF"
time="2026-09-05T15:57:13+02:00" level=warning msg="Request Failed" error="Post \"http://k8s-ragplatf-ciliumga-56da93c17a-2adc9d09e1c34b13.elb.eu-central-1.amazonaws.com/api/v1/query\": EOF"
time="2026-09-05T15:57:13+02:00" level=warning msg="Request Failed" error="Post \"http://k8s-ragplatf-ciliumga-56da93c17a-2adc9d09e1c34b13.elb.eu-central-1.amazonaws.com/api/v1/query\": EOF"
time="2026-09-05T15:57:13+02:00" level=warning msg="Request Failed" error="Post \"http://k8s-ragplatf-ciliumga-56da93c17a-2adc9d09e1c34b13.elb.eu-central-1.amazonaws.com/api/v1/query\": EOF"
time="2026-09-05T15:57:13+02:00" level=warning msg="Request Failed" error="Post \"http://k8s-ragplatf-ciliumga-56da93c17a-2adc9d09e1c34b13.elb.eu-central-1.amazonaws.com/api/v1/query\": EOF"
time="2026-09-05T15:57:13+02:00" level=warning msg="Request Failed" error="Post \"http://k8s-ragplatf-ciliumga-56da93c17a-2adc9d09e1c34b13.elb.eu-central-1.amazonaws.com/api/v1/query\": EOF"
time="2026-09-05T15:57:13+02:00" level=warning msg="Request Failed" error="Post \"http://k8s-ragplatf-ciliumga-56da93c17a-2adc9d09e1c34b13.elb.eu-central-1.amazonaws.com/api/v1/query\": EOF"
time="2026-09-05T15:57:13+02:00" level=warning msg="Request Failed" error="Post \"http://k8s-ragplatf-ciliumga-56da93c17a-2adc9d09e1c34b13.elb.eu-central-1.amazonaws.com/api/v1/query\": EOF"
time="2026-09-05T15:57:13+02:00" level=warning msg="Request Failed" error="Post \"http://k8s-ragplatf-ciliumga-56da93c17a-2adc9d09e1c34b13.elb.eu-central-1.amazonaws.com/api/v1/query\": EOF"
time="2026-09-05T15:57:13+02:00" level=warning msg="Request Failed" error="Post \"http://k8s-ragplatf-ciliumga-56da93c17a-2adc9d09e1c34b13.elb.eu-central-1.amazonaws.com/api/v1/query\": EOF"
time="2026-09-05T15:57:13+02:00" level=warning msg="Request Failed" error="Post \"http://k8s-ragplatf-ciliumga-56da93c17a-2adc9d09e1c34b13.elb.eu-central-1.amazonaws.com/api/v1/query\": EOF"
time="2026-09-05T15:57:13+02:00" level=warning msg="Request Failed" error="Post \"http://k8s-ragplatf-ciliumga-56da93c17a-2adc9d09e1c34b13.elb.eu-central-1.amazonaws.com/api/v1/query\": EOF"
time="2026-09-05T15:57:13+02:00" level=warning msg="Request Failed" error="Post \"http://k8s-ragplatf-ciliumga-56da93c17a-2adc9d09e1c34b13.elb.eu-central-1.amazonaws.com/api/v1/query\": EOF"
time="2026-09-05T15:57:13+02:00" level=warning msg="Request Failed" error="Post \"http://k8s-ragplatf-ciliumga-56da93c17a-2adc9d09e1c34b13.elb.eu-central-1.amazonaws.com/api/v1/query\": EOF"
time="2026-09-05T15:57:13+02:00" level=warning msg="Request Failed" error="Post \"http://k8s-ragplatf-ciliumga-56da93c17a-2adc9d09e1c34b13.elb.eu-central-1.amazonaws.com/api/v1/query\": EOF"
time="2026-09-05T15:57:13+02:00" level=warning msg="Request Failed" error="Post \"http://k8s-ragplatf-ciliumga-56da93c17a-2adc9d09e1c34b13.elb.eu-central-1.amazonaws.com/api/v1/query\": EOF"
time="2026-09-05T15:57:13+02:00" level=warning msg="Request Failed" error="Post \"http://k8s-ragplatf-ciliumga-56da93c17a-2adc9d09e1c34b13.elb.eu-central-1.amazonaws.com/api/v1/query\": EOF"
time="2026-09-05T15:57:13+02:00" level=warning msg="Request Failed" error="Post \"http://k8s-ragplatf-ciliumga-56da93c17a-2adc9d09e1c34b13.elb.eu-central-1.amazonaws.com/api/v1/query\": EOF"
time="2026-09-05T15:57:13+02:00" level=warning msg="Request Failed" error="Post \"http://k8s-ragplatf-ciliumga-56da93c17a-2adc9d09e1c34b13.elb.eu-central-1.amazonaws.com/api/v1/query\": EOF"
time="2026-09-05T15:57:13+02:00" level=warning msg="Request Failed" error="Post \"http://k8s-ragplatf-ciliumga-56da93c17a-2adc9d09e1c34b13.elb.eu-central-1.amazonaws.com/api/v1/query\": EOF"
time="2026-09-05T15:57:13+02:00" level=warning msg="Request Failed" error="Post \"http://k8s-ragplatf-ciliumga-56da93c17a-2adc9d09e1c34b13.elb.eu-central-1.amazonaws.com/api/v1/query\": EOF"
time="2026-09-05T15:57:13+02:00" level=warning msg="Request Failed" error="Post \"http://k8s-ragplatf-ciliumga-56da93c17a-2adc9d09e1c34b13.elb.eu-central-1.amazonaws.com/api/v1/query\": EOF"
time="2026-09-05T15:57:13+02:00" level=warning msg="Request Failed" error="Post \"http://k8s-ragplatf-ciliumga-56da93c17a-2adc9d09e1c34b13.elb.eu-central-1.amazonaws.com/api/v1/query\": EOF"
time="2026-09-05T15:57:13+02:00" level=warning msg="Request Failed" error="Post \"http://k8s-ragplatf-ciliumga-56da93c17a-2adc9d09e1c34b13.elb.eu-central-1.amazonaws.com/api/v1/query\": EOF"
time="2026-09-05T15:57:13+02:00" level=warning msg="Request Failed" error="Post \"http://k8s-ragplatf-ciliumga-56da93c17a-2adc9d09e1c34b13.elb.eu-central-1.amazonaws.com/api/v1/query\": EOF"
time="2026-09-05T15:57:13+02:00" level=warning msg="Request Failed" error="Post \"http://k8s-ragplatf-ciliumga-56da93c17a-2adc9d09e1c34b13.elb.eu-central-1.amazonaws.com/api/v1/query\": EOF"
time="2026-09-05T15:57:13+02:00" level=warning msg="Request Failed" error="Post \"http://k8s-ragplatf-ciliumga-56da93c17a-2adc9d09e1c34b13.elb.eu-central-1.amazonaws.com/api/v1/query\": EOF"
time="2026-09-05T15:57:13+02:00" level=warning msg="Request Failed" error="Post \"http://k8s-ragplatf-ciliumga-56da93c17a-2adc9d09e1c34b13.elb.eu-central-1.amazonaws.com/api/v1/query\": EOF"
time="2026-09-05T15:57:13+02:00" level=warning msg="Request Failed" error="Post \"http://k8s-ragplatf-ciliumga-56da93c17a-2adc9d09e1c34b13.elb.eu-central-1.amazonaws.com/api/v1/query\": EOF"
time="2026-09-05T15:57:13+02:00" level=warning msg="Request Failed" error="Post \"http://k8s-ragplatf-ciliumga-56da93c17a-2adc9d09e1c34b13.elb.eu-central-1.amazonaws.com/api/v1/query\": EOF"
time="2026-09-05T15:57:13+02:00" level=warning msg="Request Failed" error="Post \"http://k8s-ragplatf-ciliumga-56da93c17a-2adc9d09e1c34b13.elb.eu-central-1.amazonaws.com/api/v1/query\": EOF"
time="2026-09-05T15:57:13+02:00" level=warning msg="Request Failed" error="Post \"http://k8s-ragplatf-ciliumga-56da93c17a-2adc9d09e1c34b13.elb.eu-central-1.amazonaws.com/api/v1/query\": EOF"
time="2026-09-05T15:57:13+02:00" level=warning msg="Request Failed" error="Post \"http://k8s-ragplatf-ciliumga-56da93c17a-2adc9d09e1c34b13.elb.eu-central-1.amazonaws.com/api/v1/query\": EOF"
time="2026-09-05T15:57:13+02:00" level=warning msg="Request Failed" error="Post \"http://k8s-ragplatf-ciliumga-56da93c17a-2adc9d09e1c34b13.elb.eu-central-1.amazonaws.com/api/v1/query\": EOF"
time="2026-09-05T15:57:13+02:00" level=warning msg="Request Failed" error="Post \"http://k8s-ragplatf-ciliumga-56da93c17a-2adc9d09e1c34b13.elb.eu-central-1.amazonaws.com/api/v1/query\": EOF"
time="2026-09-05T15:57:13+02:00" level=warning msg="Request Failed" error="Post \"http://k8s-ragplatf-ciliumga-56da93c17a-2adc9d09e1c34b13.elb.eu-central-1.amazonaws.com/api/v1/query\": EOF"
time="2026-09-05T15:57:13+02:00" level=warning msg="Request Failed" error="Post \"http://k8s-ragplatf-ciliumga-56da93c17a-2adc9d09e1c34b13.elb.eu-central-1.amazonaws.com/api/v1/query\": EOF"
time="2026-09-05T15:57:13+02:00" level=warning msg="Request Failed" error="Post \"http://k8s-ragplatf-ciliumga-56da93c17a-2adc9d09e1c34b13.elb.eu-central-1.amazonaws.com/api/v1/query\": EOF"
time="2026-09-05T15:57:13+02:00" level=warning msg="Request Failed" error="Post \"http://k8s-ragplatf-ciliumga-56da93c17a-2adc9d09e1c34b13.elb.eu-central-1.amazonaws.com/api/v1/query\": EOF"
time="2026-09-05T15:57:13+02:00" level=warning msg="Request Failed" error="Post \"http://k8s-ragplatf-ciliumga-56da93c17a-2adc9d09e1c34b13.elb.eu-central-1.amazonaws.com/api/v1/query\": EOF"
time="2026-09-05T15:57:13+02:00" level=warning msg="Request Failed" error="Post \"http://k8s-ragplatf-ciliumga-56da93c17a-2adc9d09e1c34b13.elb.eu-central-1.amazonaws.com/api/v1/query\": EOF"
time="2026-09-05T15:57:13+02:00" level=warning msg="Request Failed" error="Post \"http://k8s-ragplatf-ciliumga-56da93c17a-2adc9d09e1c34b13.elb.eu-central-1.amazonaws.com/api/v1/query\": EOF"
time="2026-09-05T15:57:13+02:00" level=warning msg="Request Failed" error="Post \"http://k8s-ragplatf-ciliumga-56da93c17a-2adc9d09e1c34b13.elb.eu-central-1.amazonaws.com/api/v1/query\": EOF"
time="2026-09-05T15:57:13+02:00" level=warning msg="Request Failed" error="Post \"http://k8s-ragplatf-ciliumga-56da93c17a-2adc9d09e1c34b13.elb.eu-central-1.amazonaws.com/api/v1/query\": EOF"
time="2026-09-05T15:57:13+02:00" level=warning msg="Request Failed" error="Post \"http://k8s-ragplatf-ciliumga-56da93c17a-2adc9d09e1c34b13.elb.eu-central-1.amazonaws.com/api/v1/query\": read tcp 192.168.50.205:61197->18.157.216.153:80: read: connection reset by peer"
time="2026-09-05T15:57:13+02:00" level=warning msg="Request Failed" error="Post \"http://k8s-ragplatf-ciliumga-56da93c17a-2adc9d09e1c34b13.elb.eu-central-1.amazonaws.com/api/v1/query\": EOF"
time="2026-09-05T15:57:13+02:00" level=warning msg="Request Failed" error="Post \"http://k8s-ragplatf-ciliumga-56da93c17a-2adc9d09e1c34b13.elb.eu-central-1.amazonaws.com/api/v1/query\": EOF"
time="2026-09-05T15:57:13+02:00" level=warning msg="Request Failed" error="Post \"http://k8s-ragplatf-ciliumga-56da93c17a-2adc9d09e1c34b13.elb.eu-central-1.amazonaws.com/api/v1/query\": EOF"
time="2026-09-05T15:57:13+02:00" level=warning msg="Request Failed" error="Post \"http://k8s-ragplatf-ciliumga-56da93c17a-2adc9d09e1c34b13.elb.eu-central-1.amazonaws.com/api/v1/query\": EOF"
time="2026-09-05T15:57:13+02:00" level=warning msg="Request Failed" error="Post \"http://k8s-ragplatf-ciliumga-56da93c17a-2adc9d09e1c34b13.elb.eu-central-1.amazonaws.com/api/v1/query\": EOF"
time="2026-09-05T15:57:13+02:00" level=warning msg="Request Failed" error="Post \"http://k8s-ragplatf-ciliumga-56da93c17a-2adc9d09e1c34b13.elb.eu-central-1.amazonaws.com/api/v1/query\": EOF"
time="2026-09-05T15:57:13+02:00" level=warning msg="Request Failed" error="Post \"http://k8s-ragplatf-ciliumga-56da93c17a-2adc9d09e1c34b13.elb.eu-central-1.amazonaws.com/api/v1/query\": EOF"
time="2026-09-05T15:57:13+02:00" level=warning msg="Request Failed" error="Post \"http://k8s-ragplatf-ciliumga-56da93c17a-2adc9d09e1c34b13.elb.eu-central-1.amazonaws.com/api/v1/query\": EOF"
time="2026-09-05T15:57:13+02:00" level=warning msg="Request Failed" error="Post \"http://k8s-ragplatf-ciliumga-56da93c17a-2adc9d09e1c34b13.elb.eu-central-1.amazonaws.com/api/v1/query\": EOF"
time="2026-09-05T15:57:13+02:00" level=warning msg="Request Failed" error="Post \"http://k8s-ragplatf-ciliumga-56da93c17a-2adc9d09e1c34b13.elb.eu-central-1.amazonaws.com/api/v1/query\": EOF"
time="2026-09-05T15:57:13+02:00" level=warning msg="Request Failed" error="Post \"http://k8s-ragplatf-ciliumga-56da93c17a-2adc9d09e1c34b13.elb.eu-central-1.amazonaws.com/api/v1/query\": read tcp 192.168.50.205:62160->18.157.216.153:80: read: connection reset by peer"
time="2026-09-05T15:57:13+02:00" level=warning msg="Request Failed" error="Post \"http://k8s-ragplatf-ciliumga-56da93c17a-2adc9d09e1c34b13.elb.eu-central-1.amazonaws.com/api/v1/query\": EOF"
time="2026-09-05T15:57:13+02:00" level=warning msg="Request Failed" error="Post \"http://k8s-ragplatf-ciliumga-56da93c17a-2adc9d09e1c34b13.elb.eu-central-1.amazonaws.com/api/v1/query\": EOF"
time="2026-09-05T15:57:13+02:00" level=warning msg="Request Failed" error="Post \"http://k8s-ragplatf-ciliumga-56da93c17a-2adc9d09e1c34b13.elb.eu-central-1.amazonaws.com/api/v1/query\": EOF"
time="2026-09-05T15:57:13+02:00" level=warning msg="Request Failed" error="Post \"http://k8s-ragplatf-ciliumga-56da93c17a-2adc9d09e1c34b13.elb.eu-central-1.amazonaws.com/api/v1/query\": EOF"
time="2026-09-05T15:57:13+02:00" level=warning msg="Request Failed" error="Post \"http://k8s-ragplatf-ciliumga-56da93c17a-2adc9d09e1c34b13.elb.eu-central-1.amazonaws.com/api/v1/query\": EOF"
time="2026-09-05T15:57:13+02:00" level=warning msg="Request Failed" error="Post \"http://k8s-ragplatf-ciliumga-56da93c17a-2adc9d09e1c34b13.elb.eu-central-1.amazonaws.com/api/v1/query\": EOF"
time="2026-09-05T15:57:13+02:00" level=warning msg="Request Failed" error="Post \"http://k8s-ragplatf-ciliumga-56da93c17a-2adc9d09e1c34b13.elb.eu-central-1.amazonaws.com/api/v1/query\": EOF"
time="2026-09-05T15:57:13+02:00" level=warning msg="Request Failed" error="Post \"http://k8s-ragplatf-ciliumga-56da93c17a-2adc9d09e1c34b13.elb.eu-central-1.amazonaws.com/api/v1/query\": EOF"
time="2026-09-05T15:57:13+02:00" level=warning msg="Request Failed" error="Post \"http://k8s-ragplatf-ciliumga-56da93c17a-2adc9d09e1c34b13.elb.eu-central-1.amazonaws.com/api/v1/query\": EOF"
time="2026-09-05T15:57:13+02:00" level=warning msg="Request Failed" error="Post \"http://k8s-ragplatf-ciliumga-56da93c17a-2adc9d09e1c34b13.elb.eu-central-1.amazonaws.com/api/v1/query\": EOF"
time="2026-09-05T15:57:13+02:00" level=warning msg="Request Failed" error="Post \"http://k8s-ragplatf-ciliumga-56da93c17a-2adc9d09e1c34b13.elb.eu-central-1.amazonaws.com/api/v1/query\": EOF"
time="2026-09-05T15:57:13+02:00" level=warning msg="Request Failed" error="Post \"http://k8s-ragplatf-ciliumga-56da93c17a-2adc9d09e1c34b13.elb.eu-central-1.amazonaws.com/api/v1/query\": EOF"
time="2026-09-05T15:57:13+02:00" level=warning msg="Request Failed" error="Post \"http://k8s-ragplatf-ciliumga-56da93c17a-2adc9d09e1c34b13.elb.eu-central-1.amazonaws.com/api/v1/query\": EOF"
time="2026-09-05T15:57:13+02:00" level=warning msg="Request Failed" error="Post \"http://k8s-ragplatf-ciliumga-56da93c17a-2adc9d09e1c34b13.elb.eu-central-1.amazonaws.com/api/v1/query\": EOF"
time="2026-09-05T15:57:13+02:00" level=warning msg="Request Failed" error="Post \"http://k8s-ragplatf-ciliumga-56da93c17a-2adc9d09e1c34b13.elb.eu-central-1.amazonaws.com/api/v1/query\": EOF"
time="2026-09-05T15:57:13+02:00" level=warning msg="Request Failed" error="Post \"http://k8s-ragplatf-ciliumga-56da93c17a-2adc9d09e1c34b13.elb.eu-central-1.amazonaws.com/api/v1/query\": EOF"
time="2026-09-05T15:57:13+02:00" level=warning msg="Request Failed" error="Post \"http://k8s-ragplatf-ciliumga-56da93c17a-2adc9d09e1c34b13.elb.eu-central-1.amazonaws.com/api/v1/query\": EOF"
time="2026-09-05T15:57:13+02:00" level=warning msg="Request Failed" error="Post \"http://k8s-ragplatf-ciliumga-56da93c17a-2adc9d09e1c34b13.elb.eu-central-1.amazonaws.com/api/v1/query\": EOF"
time="2026-09-05T15:57:13+02:00" level=warning msg="Request Failed" error="Post \"http://k8s-ragplatf-ciliumga-56da93c17a-2adc9d09e1c34b13.elb.eu-central-1.amazonaws.com/api/v1/query\": EOF"
time="2026-09-05T15:57:13+02:00" level=warning msg="Request Failed" error="Post \"http://k8s-ragplatf-ciliumga-56da93c17a-2adc9d09e1c34b13.elb.eu-central-1.amazonaws.com/api/v1/query\": EOF"
time="2026-09-05T15:57:13+02:00" level=warning msg="Request Failed" error="Post \"http://k8s-ragplatf-ciliumga-56da93c17a-2adc9d09e1c34b13.elb.eu-central-1.amazonaws.com/api/v1/query\": EOF"
time="2026-09-05T15:57:13+02:00" level=warning msg="Request Failed" error="Post \"http://k8s-ragplatf-ciliumga-56da93c17a-2adc9d09e1c34b13.elb.eu-central-1.amazonaws.com/api/v1/query\": EOF"
time="2026-09-05T15:57:13+02:00" level=warning msg="Request Failed" error="Post \"http://k8s-ragplatf-ciliumga-56da93c17a-2adc9d09e1c34b13.elb.eu-central-1.amazonaws.com/api/v1/query\": EOF"
time="2026-09-05T15:57:13+02:00" level=warning msg="Request Failed" error="Post \"http://k8s-ragplatf-ciliumga-56da93c17a-2adc9d09e1c34b13.elb.eu-central-1.amazonaws.com/api/v1/query\": EOF"
time="2026-09-05T15:57:13+02:00" level=warning msg="Request Failed" error="Post \"http://k8s-ragplatf-ciliumga-56da93c17a-2adc9d09e1c34b13.elb.eu-central-1.amazonaws.com/api/v1/query\": EOF"
time="2026-09-05T15:57:13+02:00" level=warning msg="Request Failed" error="Post \"http://k8s-ragplatf-ciliumga-56da93c17a-2adc9d09e1c34b13.elb.eu-central-1.amazonaws.com/api/v1/query\": EOF"
time="2026-09-05T15:57:13+02:00" level=warning msg="Request Failed" error="Post \"http://k8s-ragplatf-ciliumga-56da93c17a-2adc9d09e1c34b13.elb.eu-central-1.amazonaws.com/api/v1/query\": EOF"
time="2026-09-05T15:57:13+02:00" level=warning msg="Request Failed" error="Post \"http://k8s-ragplatf-ciliumga-56da93c17a-2adc9d09e1c34b13.elb.eu-central-1.amazonaws.com/api/v1/query\": EOF"
time="2026-09-05T15:57:13+02:00" level=warning msg="Request Failed" error="Post \"http://k8s-ragplatf-ciliumga-56da93c17a-2adc9d09e1c34b13.elb.eu-central-1.amazonaws.com/api/v1/query\": EOF"
time="2026-09-05T15:57:13+02:00" level=warning msg="Request Failed" error="Post \"http://k8s-ragplatf-ciliumga-56da93c17a-2adc9d09e1c34b13.elb.eu-central-1.amazonaws.com/api/v1/query\": EOF"
time="2026-09-05T15:57:13+02:00" level=warning msg="Request Failed" error="Post \"http://k8s-ragplatf-ciliumga-56da93c17a-2adc9d09e1c34b13.elb.eu-central-1.amazonaws.com/api/v1/query\": EOF"
time="2026-09-05T15:57:13+02:00" level=warning msg="Request Failed" error="Post \"http://k8s-ragplatf-ciliumga-56da93c17a-2adc9d09e1c34b13.elb.eu-central-1.amazonaws.com/api/v1/query\": EOF"
time="2026-09-05T15:57:13+02:00" level=warning msg="Request Failed" error="Post \"http://k8s-ragplatf-ciliumga-56da93c17a-2adc9d09e1c34b13.elb.eu-central-1.amazonaws.com/api/v1/query\": EOF"
time="2026-09-05T15:57:13+02:00" level=warning msg="Request Failed" error="Post \"http://k8s-ragplatf-ciliumga-56da93c17a-2adc9d09e1c34b13.elb.eu-central-1.amazonaws.com/api/v1/query\": EOF"
time="2026-09-05T15:57:13+02:00" level=warning msg="Request Failed" error="Post \"http://k8s-ragplatf-ciliumga-56da93c17a-2adc9d09e1c34b13.elb.eu-central-1.amazonaws.com/api/v1/query\": EOF"
time="2026-09-05T15:57:13+02:00" level=warning msg="Request Failed" error="Post \"http://k8s-ragplatf-ciliumga-56da93c17a-2adc9d09e1c34b13.elb.eu-central-1.amazonaws.com/api/v1/query\": EOF"
time="2026-09-05T15:57:13+02:00" level=warning msg="Request Failed" error="Post \"http://k8s-ragplatf-ciliumga-56da93c17a-2adc9d09e1c34b13.elb.eu-central-1.amazonaws.com/api/v1/query\": EOF"
time="2026-09-05T15:57:13+02:00" level=warning msg="Request Failed" error="Post \"http://k8s-ragplatf-ciliumga-56da93c17a-2adc9d09e1c34b13.elb.eu-central-1.amazonaws.com/api/v1/query\": EOF"
time="2026-09-05T15:57:13+02:00" level=warning msg="Request Failed" error="Post \"http://k8s-ragplatf-ciliumga-56da93c17a-2adc9d09e1c34b13.elb.eu-central-1.amazonaws.com/api/v1/query\": EOF"
time="2026-09-05T15:57:13+02:00" level=warning msg="Request Failed" error="Post \"http://k8s-ragplatf-ciliumga-56da93c17a-2adc9d09e1c34b13.elb.eu-central-1.amazonaws.com/api/v1/query\": EOF"
time="2026-09-05T15:57:13+02:00" level=warning msg="Request Failed" error="Post \"http://k8s-ragplatf-ciliumga-56da93c17a-2adc9d09e1c34b13.elb.eu-central-1.amazonaws.com/api/v1/query\": EOF"
time="2026-09-05T15:57:13+02:00" level=warning msg="Request Failed" error="Post \"http://k8s-ragplatf-ciliumga-56da93c17a-2adc9d09e1c34b13.elb.eu-central-1.amazonaws.com/api/v1/query\": EOF"
time="2026-09-05T15:57:13+02:00" level=warning msg="Request Failed" error="Post \"http://k8s-ragplatf-ciliumga-56da93c17a-2adc9d09e1c34b13.elb.eu-central-1.amazonaws.com/api/v1/query\": EOF"
time="2026-09-05T15:57:13+02:00" level=warning msg="Request Failed" error="Post \"http://k8s-ragplatf-ciliumga-56da93c17a-2adc9d09e1c34b13.elb.eu-central-1.amazonaws.com/api/v1/query\": EOF"
time="2026-09-05T15:57:13+02:00" level=warning msg="Request Failed" error="Post \"http://k8s-ragplatf-ciliumga-56da93c17a-2adc9d09e1c34b13.elb.eu-central-1.amazonaws.com/api/v1/query\": EOF"
time="2026-09-05T15:57:13+02:00" level=warning msg="Request Failed" error="Post \"http://k8s-ragplatf-ciliumga-56da93c17a-2adc9d09e1c34b13.elb.eu-central-1.amazonaws.com/api/v1/query\": read tcp 192.168.50.205:59403->18.157.216.153:80: read: connection reset by peer"
time="2026-09-05T15:57:13+02:00" level=warning msg="Request Failed" error="Post \"http://k8s-ragplatf-ciliumga-56da93c17a-2adc9d09e1c34b13.elb.eu-central-1.amazonaws.com/api/v1/query\": EOF"
time="2026-09-05T15:57:13+02:00" level=warning msg="Request Failed" error="Post \"http://k8s-ragplatf-ciliumga-56da93c17a-2adc9d09e1c34b13.elb.eu-central-1.amazonaws.com/api/v1/query\": EOF"
time="2026-09-05T15:57:13+02:00" level=warning msg="Request Failed" error="Post \"http://k8s-ragplatf-ciliumga-56da93c17a-2adc9d09e1c34b13.elb.eu-central-1.amazonaws.com/api/v1/query\": EOF"
time="2026-09-05T15:57:13+02:00" level=warning msg="Request Failed" error="Post \"http://k8s-ragplatf-ciliumga-56da93c17a-2adc9d09e1c34b13.elb.eu-central-1.amazonaws.com/api/v1/query\": EOF"
time="2026-09-05T15:57:13+02:00" level=warning msg="Request Failed" error="Post \"http://k8s-ragplatf-ciliumga-56da93c17a-2adc9d09e1c34b13.elb.eu-central-1.amazonaws.com/api/v1/query\": EOF"
time="2026-09-05T15:57:13+02:00" level=warning msg="Request Failed" error="Post \"http://k8s-ragplatf-ciliumga-56da93c17a-2adc9d09e1c34b13.elb.eu-central-1.amazonaws.com/api/v1/query\": EOF"
time="2026-09-05T15:57:13+02:00" level=warning msg="Request Failed" error="Post \"http://k8s-ragplatf-ciliumga-56da93c17a-2adc9d09e1c34b13.elb.eu-central-1.amazonaws.com/api/v1/query\": EOF"
time="2026-09-05T15:57:13+02:00" level=warning msg="Request Failed" error="Post \"http://k8s-ragplatf-ciliumga-56da93c17a-2adc9d09e1c34b13.elb.eu-central-1.amazonaws.com/api/v1/query\": EOF"
time="2026-09-05T15:57:13+02:00" level=warning msg="Request Failed" error="Post \"http://k8s-ragplatf-ciliumga-56da93c17a-2adc9d09e1c34b13.elb.eu-central-1.amazonaws.com/api/v1/query\": EOF"
time="2026-09-05T15:57:13+02:00" level=warning msg="Request Failed" error="Post \"http://k8s-ragplatf-ciliumga-56da93c17a-2adc9d09e1c34b13.elb.eu-central-1.amazonaws.com/api/v1/query\": EOF"
time="2026-09-05T15:57:13+02:00" level=warning msg="Request Failed" error="Post \"http://k8s-ragplatf-ciliumga-56da93c17a-2adc9d09e1c34b13.elb.eu-central-1.amazonaws.com/api/v1/query\": EOF"
time="2026-09-05T15:57:13+02:00" level=warning msg="Request Failed" error="Post \"http://k8s-ragplatf-ciliumga-56da93c17a-2adc9d09e1c34b13.elb.eu-central-1.amazonaws.com/api/v1/query\": EOF"
time="2026-09-05T15:57:13+02:00" level=warning msg="Request Failed" error="Post \"http://k8s-ragplatf-ciliumga-56da93c17a-2adc9d09e1c34b13.elb.eu-central-1.amazonaws.com/api/v1/query\": EOF"
time="2026-09-05T15:57:13+02:00" level=warning msg="Request Failed" error="Post \"http://k8s-ragplatf-ciliumga-56da93c17a-2adc9d09e1c34b13.elb.eu-central-1.amazonaws.com/api/v1/query\": EOF"
time="2026-09-05T15:57:13+02:00" level=warning msg="Request Failed" error="Post \"http://k8s-ragplatf-ciliumga-56da93c17a-2adc9d09e1c34b13.elb.eu-central-1.amazonaws.com/api/v1/query\": EOF"
time="2026-09-05T15:57:13+02:00" level=warning msg="Request Failed" error="Post \"http://k8s-ragplatf-ciliumga-56da93c17a-2adc9d09e1c34b13.elb.eu-central-1.amazonaws.com/api/v1/query\": EOF"
time="2026-09-05T15:57:13+02:00" level=warning msg="Request Failed" error="Post \"http://k8s-ragplatf-ciliumga-56da93c17a-2adc9d09e1c34b13.elb.eu-central-1.amazonaws.com/api/v1/query\": EOF"
time="2026-09-05T15:57:13+02:00" level=warning msg="Request Failed" error="Post \"http://k8s-ragplatf-ciliumga-56da93c17a-2adc9d09e1c34b13.elb.eu-central-1.amazonaws.com/api/v1/query\": EOF"
time="2026-09-05T15:57:13+02:00" level=warning msg="Request Failed" error="Post \"http://k8s-ragplatf-ciliumga-56da93c17a-2adc9d09e1c34b13.elb.eu-central-1.amazonaws.com/api/v1/query\": EOF"
time="2026-09-05T15:57:13+02:00" level=warning msg="Request Failed" error="Post \"http://k8s-ragplatf-ciliumga-56da93c17a-2adc9d09e1c34b13.elb.eu-central-1.amazonaws.com/api/v1/query\": EOF"
time="2026-09-05T15:57:13+02:00" level=warning msg="Request Failed" error="Post \"http://k8s-ragplatf-ciliumga-56da93c17a-2adc9d09e1c34b13.elb.eu-central-1.amazonaws.com/api/v1/query\": EOF"
time="2026-09-05T15:57:13+02:00" level=warning msg="Request Failed" error="Post \"http://k8s-ragplatf-ciliumga-56da93c17a-2adc9d09e1c34b13.elb.eu-central-1.amazonaws.com/api/v1/query\": EOF"
time="2026-09-05T15:57:13+02:00" level=warning msg="Request Failed" error="Post \"http://k8s-ragplatf-ciliumga-56da93c17a-2adc9d09e1c34b13.elb.eu-central-1.amazonaws.com/api/v1/query\": EOF"
time="2026-09-05T15:57:13+02:00" level=warning msg="Request Failed" error="Post \"http://k8s-ragplatf-ciliumga-56da93c17a-2adc9d09e1c34b13.elb.eu-central-1.amazonaws.com/api/v1/query\": EOF"
time="2026-09-05T15:57:13+02:00" level=warning msg="Request Failed" error="Post \"http://k8s-ragplatf-ciliumga-56da93c17a-2adc9d09e1c34b13.elb.eu-central-1.amazonaws.com/api/v1/query\": EOF"
time="2026-09-05T15:57:13+02:00" level=warning msg="Request Failed" error="Post \"http://k8s-ragplatf-ciliumga-56da93c17a-2adc9d09e1c34b13.elb.eu-central-1.amazonaws.com/api/v1/query\": EOF"
time="2026-09-05T15:57:13+02:00" level=warning msg="Request Failed" error="Post \"http://k8s-ragplatf-ciliumga-56da93c17a-2adc9d09e1c34b13.elb.eu-central-1.amazonaws.com/api/v1/query\": EOF"
time="2026-09-05T15:57:13+02:00" level=warning msg="Request Failed" error="Post \"http://k8s-ragplatf-ciliumga-56da93c17a-2adc9d09e1c34b13.elb.eu-central-1.amazonaws.com/api/v1/query\": EOF"
time="2026-09-05T15:57:13+02:00" level=warning msg="Request Failed" error="Post \"http://k8s-ragplatf-ciliumga-56da93c17a-2adc9d09e1c34b13.elb.eu-central-1.amazonaws.com/api/v1/query\": EOF"
time="2026-09-05T15:57:13+02:00" level=warning msg="Request Failed" error="Post \"http://k8s-ragplatf-ciliumga-56da93c17a-2adc9d09e1c34b13.elb.eu-central-1.amazonaws.com/api/v1/query\": EOF"
time="2026-09-05T15:57:13+02:00" level=warning msg="Request Failed" error="Post \"http://k8s-ragplatf-ciliumga-56da93c17a-2adc9d09e1c34b13.elb.eu-central-1.amazonaws.com/api/v1/query\": EOF"
time="2026-09-05T15:57:13+02:00" level=warning msg="Request Failed" error="Post \"http://k8s-ragplatf-ciliumga-56da93c17a-2adc9d09e1c34b13.elb.eu-central-1.amazonaws.com/api/v1/query\": EOF"
time="2026-09-05T15:57:13+02:00" level=warning msg="Request Failed" error="Post \"http://k8s-ragplatf-ciliumga-56da93c17a-2adc9d09e1c34b13.elb.eu-central-1.amazonaws.com/api/v1/query\": EOF"
time="2026-09-05T15:57:13+02:00" level=warning msg="Request Failed" error="Post \"http://k8s-ragplatf-ciliumga-56da93c17a-2adc9d09e1c34b13.elb.eu-central-1.amazonaws.com/api/v1/query\": EOF"
time="2026-09-05T15:57:13+02:00" level=warning msg="Request Failed" error="Post \"http://k8s-ragplatf-ciliumga-56da93c17a-2adc9d09e1c34b13.elb.eu-central-1.amazonaws.com/api/v1/query\": EOF"
time="2026-09-05T15:57:13+02:00" level=warning msg="Request Failed" error="Post \"http://k8s-ragplatf-ciliumga-56da93c17a-2adc9d09e1c34b13.elb.eu-central-1.amazonaws.com/api/v1/query\": EOF"
time="2026-09-05T15:57:13+02:00" level=warning msg="Request Failed" error="Post \"http://k8s-ragplatf-ciliumga-56da93c17a-2adc9d09e1c34b13.elb.eu-central-1.amazonaws.com/api/v1/query\": EOF"
time="2026-09-05T15:57:13+02:00" level=warning msg="Request Failed" error="Post \"http://k8s-ragplatf-ciliumga-56da93c17a-2adc9d09e1c34b13.elb.eu-central-1.amazonaws.com/api/v1/query\": EOF"
time="2026-09-05T15:57:13+02:00" level=warning msg="Request Failed" error="Post \"http://k8s-ragplatf-ciliumga-56da93c17a-2adc9d09e1c34b13.elb.eu-central-1.amazonaws.com/api/v1/query\": EOF"
time="2026-09-05T15:57:13+02:00" level=warning msg="Request Failed" error="Post \"http://k8s-ragplatf-ciliumga-56da93c17a-2adc9d09e1c34b13.elb.eu-central-1.amazonaws.com/api/v1/query\": EOF"
time="2026-09-05T15:57:13+02:00" level=warning msg="Request Failed" error="Post \"http://k8s-ragplatf-ciliumga-56da93c17a-2adc9d09e1c34b13.elb.eu-central-1.amazonaws.com/api/v1/query\": EOF"
time="2026-09-05T15:57:13+02:00" level=warning msg="Request Failed" error="Post \"http://k8s-ragplatf-ciliumga-56da93c17a-2adc9d09e1c34b13.elb.eu-central-1.amazonaws.com/api/v1/query\": EOF"
time="2026-09-05T15:57:13+02:00" level=warning msg="Request Failed" error="Post \"http://k8s-ragplatf-ciliumga-56da93c17a-2adc9d09e1c34b13.elb.eu-central-1.amazonaws.com/api/v1/query\": EOF"
time="2026-09-05T15:57:13+02:00" level=warning msg="Request Failed" error="Post \"http://k8s-ragplatf-ciliumga-56da93c17a-2adc9d09e1c34b13.elb.eu-central-1.amazonaws.com/api/v1/query\": EOF"
time="2026-09-05T15:57:13+02:00" level=warning msg="Request Failed" error="Post \"http://k8s-ragplatf-ciliumga-56da93c17a-2adc9d09e1c34b13.elb.eu-central-1.amazonaws.com/api/v1/query\": EOF"
time="2026-09-05T15:57:13+02:00" level=warning msg="Request Failed" error="Post \"http://k8s-ragplatf-ciliumga-56da93c17a-2adc9d09e1c34b13.elb.eu-central-1.amazonaws.com/api/v1/query\": EOF"
time="2026-09-05T15:57:13+02:00" level=warning msg="Request Failed" error="Post \"http://k8s-ragplatf-ciliumga-56da93c17a-2adc9d09e1c34b13.elb.eu-central-1.amazonaws.com/api/v1/query\": EOF"
time="2026-09-05T15:57:13+02:00" level=warning msg="Request Failed" error="Post \"http://k8s-ragplatf-ciliumga-56da93c17a-2adc9d09e1c34b13.elb.eu-central-1.amazonaws.com/api/v1/query\": read tcp 192.168.50.205:58548->18.157.216.153:80: read: connection reset by peer"
time="2026-09-05T15:57:13+02:00" level=warning msg="Request Failed" error="Post \"http://k8s-ragplatf-ciliumga-56da93c17a-2adc9d09e1c34b13.elb.eu-central-1.amazonaws.com/api/v1/query\": EOF"
time="2026-09-05T15:57:13+02:00" level=warning msg="Request Failed" error="Post \"http://k8s-ragplatf-ciliumga-56da93c17a-2adc9d09e1c34b13.elb.eu-central-1.amazonaws.com/api/v1/query\": EOF"
time="2026-09-05T15:57:13+02:00" level=warning msg="Request Failed" error="Post \"http://k8s-ragplatf-ciliumga-56da93c17a-2adc9d09e1c34b13.elb.eu-central-1.amazonaws.com/api/v1/query\": EOF"
time="2026-09-05T15:57:13+02:00" level=warning msg="Request Failed" error="Post \"http://k8s-ragplatf-ciliumga-56da93c17a-2adc9d09e1c34b13.elb.eu-central-1.amazonaws.com/api/v1/query\": EOF"
time="2026-09-05T15:57:13+02:00" level=warning msg="Request Failed" error="Post \"http://k8s-ragplatf-ciliumga-56da93c17a-2adc9d09e1c34b13.elb.eu-central-1.amazonaws.com/api/v1/query\": EOF"
time="2026-09-05T15:57:13+02:00" level=warning msg="Request Failed" error="Post \"http://k8s-ragplatf-ciliumga-56da93c17a-2adc9d09e1c34b13.elb.eu-central-1.amazonaws.com/api/v1/query\": EOF"
time="2026-09-05T15:57:13+02:00" level=warning msg="Request Failed" error="Post \"http://k8s-ragplatf-ciliumga-56da93c17a-2adc9d09e1c34b13.elb.eu-central-1.amazonaws.com/api/v1/query\": EOF"
time="2026-09-05T15:57:13+02:00" level=warning msg="Request Failed" error="Post \"http://k8s-ragplatf-ciliumga-56da93c17a-2adc9d09e1c34b13.elb.eu-central-1.amazonaws.com/api/v1/query\": EOF"
time="2026-09-05T15:57:13+02:00" level=warning msg="Request Failed" error="Post \"http://k8s-ragplatf-ciliumga-56da93c17a-2adc9d09e1c34b13.elb.eu-central-1.amazonaws.com/api/v1/query\": EOF"
time="2026-09-05T15:57:13+02:00" level=warning msg="Request Failed" error="Post \"http://k8s-ragplatf-ciliumga-56da93c17a-2adc9d09e1c34b13.elb.eu-central-1.amazonaws.com/api/v1/query\": EOF"
time="2026-09-05T15:57:13+02:00" level=warning msg="Request Failed" error="Post \"http://k8s-ragplatf-ciliumga-56da93c17a-2adc9d09e1c34b13.elb.eu-central-1.amazonaws.com/api/v1/query\": EOF"
time="2026-09-05T15:57:13+02:00" level=warning msg="Request Failed" error="Post \"http://k8s-ragplatf-ciliumga-56da93c17a-2adc9d09e1c34b13.elb.eu-central-1.amazonaws.com/api/v1/query\": EOF"
time="2026-09-05T15:57:13+02:00" level=warning msg="Request Failed" error="Post \"http://k8s-ragplatf-ciliumga-56da93c17a-2adc9d09e1c34b13.elb.eu-central-1.amazonaws.com/api/v1/query\": EOF"
time="2026-09-05T15:57:13+02:00" level=warning msg="Request Failed" error="Post \"http://k8s-ragplatf-ciliumga-56da93c17a-2adc9d09e1c34b13.elb.eu-central-1.amazonaws.com/api/v1/query\": EOF"
time="2026-09-05T15:57:13+02:00" level=warning msg="Request Failed" error="Post \"http://k8s-ragplatf-ciliumga-56da93c17a-2adc9d09e1c34b13.elb.eu-central-1.amazonaws.com/api/v1/query\": EOF"
time="2026-09-05T15:57:13+02:00" level=warning msg="Request Failed" error="Post \"http://k8s-ragplatf-ciliumga-56da93c17a-2adc9d09e1c34b13.elb.eu-central-1.amazonaws.com/api/v1/query\": EOF"
time="2026-09-05T15:57:13+02:00" level=warning msg="Request Failed" error="Post \"http://k8s-ragplatf-ciliumga-56da93c17a-2adc9d09e1c34b13.elb.eu-central-1.amazonaws.com/api/v1/query\": EOF"
time="2026-09-05T15:57:13+02:00" level=warning msg="Request Failed" error="Post \"http://k8s-ragplatf-ciliumga-56da93c17a-2adc9d09e1c34b13.elb.eu-central-1.amazonaws.com/api/v1/query\": EOF"
time="2026-09-05T15:57:13+02:00" level=warning msg="Request Failed" error="Post \"http://k8s-ragplatf-ciliumga-56da93c17a-2adc9d09e1c34b13.elb.eu-central-1.amazonaws.com/api/v1/query\": EOF"
time="2026-09-05T15:57:13+02:00" level=warning msg="Request Failed" error="Post \"http://k8s-ragplatf-ciliumga-56da93c17a-2adc9d09e1c34b13.elb.eu-central-1.amazonaws.com/api/v1/query\": EOF"
time="2026-09-05T15:57:13+02:00" level=warning msg="Request Failed" error="Post \"http://k8s-ragplatf-ciliumga-56da93c17a-2adc9d09e1c34b13.elb.eu-central-1.amazonaws.com/api/v1/query\": EOF"
time="2026-09-05T15:57:13+02:00" level=warning msg="Request Failed" error="Post \"http://k8s-ragplatf-ciliumga-56da93c17a-2adc9d09e1c34b13.elb.eu-central-1.amazonaws.com/api/v1/query\": EOF"
time="2026-09-05T15:57:13+02:00" level=warning msg="Request Failed" error="Post \"http://k8s-ragplatf-ciliumga-56da93c17a-2adc9d09e1c34b13.elb.eu-central-1.amazonaws.com/api/v1/query\": EOF"
time="2026-09-05T15:57:13+02:00" level=warning msg="Request Failed" error="Post \"http://k8s-ragplatf-ciliumga-56da93c17a-2adc9d09e1c34b13.elb.eu-central-1.amazonaws.com/api/v1/query\": EOF"
time="2026-09-05T15:57:13+02:00" level=warning msg="Request Failed" error="Post \"http://k8s-ragplatf-ciliumga-56da93c17a-2adc9d09e1c34b13.elb.eu-central-1.amazonaws.com/api/v1/query\": EOF"
time="2026-09-05T15:57:13+02:00" level=warning msg="Request Failed" error="Post \"http://k8s-ragplatf-ciliumga-56da93c17a-2adc9d09e1c34b13.elb.eu-central-1.amazonaws.com/api/v1/query\": EOF"
time="2026-09-05T15:57:13+02:00" level=warning msg="Request Failed" error="Post \"http://k8s-ragplatf-ciliumga-56da93c17a-2adc9d09e1c34b13.elb.eu-central-1.amazonaws.com/api/v1/query\": EOF"
time="2026-09-05T15:57:13+02:00" level=warning msg="Request Failed" error="Post \"http://k8s-ragplatf-ciliumga-56da93c17a-2adc9d09e1c34b13.elb.eu-central-1.amazonaws.com/api/v1/query\": EOF"
time="2026-09-05T15:57:13+02:00" level=warning msg="Request Failed" error="Post \"http://k8s-ragplatf-ciliumga-56da93c17a-2adc9d09e1c34b13.elb.eu-central-1.amazonaws.com/api/v1/query\": EOF"
time="2026-09-05T15:57:13+02:00" level=warning msg="Request Failed" error="Post \"http://k8s-ragplatf-ciliumga-56da93c17a-2adc9d09e1c34b13.elb.eu-central-1.amazonaws.com/api/v1/query\": EOF"
time="2026-09-05T15:57:13+02:00" level=warning msg="Request Failed" error="Post \"http://k8s-ragplatf-ciliumga-56da93c17a-2adc9d09e1c34b13.elb.eu-central-1.amazonaws.com/api/v1/query\": EOF"
time="2026-09-05T15:57:13+02:00" level=warning msg="Request Failed" error="Post \"http://k8s-ragplatf-ciliumga-56da93c17a-2adc9d09e1c34b13.elb.eu-central-1.amazonaws.com/api/v1/query\": EOF"
time="2026-09-05T15:57:13+02:00" level=warning msg="Request Failed" error="Post \"http://k8s-ragplatf-ciliumga-56da93c17a-2adc9d09e1c34b13.elb.eu-central-1.amazonaws.com/api/v1/query\": EOF"
time="2026-09-05T15:57:13+02:00" level=warning msg="Request Failed" error="Post \"http://k8s-ragplatf-ciliumga-56da93c17a-2adc9d09e1c34b13.elb.eu-central-1.amazonaws.com/api/v1/query\": EOF"
time="2026-09-05T15:57:13+02:00" level=warning msg="Request Failed" error="Post \"http://k8s-ragplatf-ciliumga-56da93c17a-2adc9d09e1c34b13.elb.eu-central-1.amazonaws.com/api/v1/query\": EOF"
time="2026-09-05T15:57:13+02:00" level=warning msg="Request Failed" error="Post \"http://k8s-ragplatf-ciliumga-56da93c17a-2adc9d09e1c34b13.elb.eu-central-1.amazonaws.com/api/v1/query\": EOF"
time="2026-09-05T15:57:13+02:00" level=warning msg="Request Failed" error="Post \"http://k8s-ragplatf-ciliumga-56da93c17a-2adc9d09e1c34b13.elb.eu-central-1.amazonaws.com/api/v1/query\": EOF"
time="2026-09-05T15:57:13+02:00" level=warning msg="Request Failed" error="Post \"http://k8s-ragplatf-ciliumga-56da93c17a-2adc9d09e1c34b13.elb.eu-central-1.amazonaws.com/api/v1/query\": EOF"
time="2026-09-05T15:57:13+02:00" level=warning msg="Request Failed" error="Post \"http://k8s-ragplatf-ciliumga-56da93c17a-2adc9d09e1c34b13.elb.eu-central-1.amazonaws.com/api/v1/query\": EOF"
time="2026-09-05T15:57:13+02:00" level=warning msg="Request Failed" error="Post \"http://k8s-ragplatf-ciliumga-56da93c17a-2adc9d09e1c34b13.elb.eu-central-1.amazonaws.com/api/v1/query\": EOF"
time="2026-09-05T15:57:13+02:00" level=warning msg="Request Failed" error="Post \"http://k8s-ragplatf-ciliumga-56da93c17a-2adc9d09e1c34b13.elb.eu-central-1.amazonaws.com/api/v1/query\": EOF"
time="2026-09-05T15:57:13+02:00" level=warning msg="Request Failed" error="Post \"http://k8s-ragplatf-ciliumga-56da93c17a-2adc9d09e1c34b13.elb.eu-central-1.amazonaws.com/api/v1/query\": EOF"
time="2026-09-05T15:57:13+02:00" level=warning msg="Request Failed" error="Post \"http://k8s-ragplatf-ciliumga-56da93c17a-2adc9d09e1c34b13.elb.eu-central-1.amazonaws.com/api/v1/query\": EOF"
time="2026-09-05T15:57:13+02:00" level=warning msg="Request Failed" error="Post \"http://k8s-ragplatf-ciliumga-56da93c17a-2adc9d09e1c34b13.elb.eu-central-1.amazonaws.com/api/v1/query\": EOF"
time="2026-09-05T15:57:13+02:00" level=warning msg="Request Failed" error="Post \"http://k8s-ragplatf-ciliumga-56da93c17a-2adc9d09e1c34b13.elb.eu-central-1.amazonaws.com/api/v1/query\": EOF"
time="2026-09-05T15:57:13+02:00" level=warning msg="Request Failed" error="Post \"http://k8s-ragplatf-ciliumga-56da93c17a-2adc9d09e1c34b13.elb.eu-central-1.amazonaws.com/api/v1/query\": EOF"
time="2026-09-05T15:57:13+02:00" level=warning msg="Request Failed" error="Post \"http://k8s-ragplatf-ciliumga-56da93c17a-2adc9d09e1c34b13.elb.eu-central-1.amazonaws.com/api/v1/query\": EOF"
time="2026-09-05T15:57:13+02:00" level=warning msg="Request Failed" error="Post \"http://k8s-ragplatf-ciliumga-56da93c17a-2adc9d09e1c34b13.elb.eu-central-1.amazonaws.com/api/v1/query\": EOF"
time="2026-09-05T15:57:13+02:00" level=warning msg="Request Failed" error="Post \"http://k8s-ragplatf-ciliumga-56da93c17a-2adc9d09e1c34b13.elb.eu-central-1.amazonaws.com/api/v1/query\": EOF"
time="2026-09-05T15:57:13+02:00" level=warning msg="Request Failed" error="Post \"http://k8s-ragplatf-ciliumga-56da93c17a-2adc9d09e1c34b13.elb.eu-central-1.amazonaws.com/api/v1/query\": EOF"
time="2026-09-05T15:57:13+02:00" level=warning msg="Request Failed" error="Post \"http://k8s-ragplatf-ciliumga-56da93c17a-2adc9d09e1c34b13.elb.eu-central-1.amazonaws.com/api/v1/query\": EOF"
time="2026-09-05T15:57:13+02:00" level=warning msg="Request Failed" error="Post \"http://k8s-ragplatf-ciliumga-56da93c17a-2adc9d09e1c34b13.elb.eu-central-1.amazonaws.com/api/v1/query\": EOF"
time="2026-09-05T15:57:13+02:00" level=warning msg="Request Failed" error="Post \"http://k8s-ragplatf-ciliumga-56da93c17a-2adc9d09e1c34b13.elb.eu-central-1.amazonaws.com/api/v1/query\": EOF"
time="2026-09-05T15:57:13+02:00" level=warning msg="Request Failed" error="Post \"http://k8s-ragplatf-ciliumga-56da93c17a-2adc9d09e1c34b13.elb.eu-central-1.amazonaws.com/api/v1/query\": EOF"
time="2026-09-05T15:57:13+02:00" level=warning msg="Request Failed" error="Post \"http://k8s-ragplatf-ciliumga-56da93c17a-2adc9d09e1c34b13.elb.eu-central-1.amazonaws.com/api/v1/query\": EOF"
time="2026-09-05T15:57:13+02:00" level=warning msg="Request Failed" error="Post \"http://k8s-ragplatf-ciliumga-56da93c17a-2adc9d09e1c34b13.elb.eu-central-1.amazonaws.com/api/v1/query\": EOF"
time="2026-09-05T15:57:13+02:00" level=warning msg="Request Failed" error="Post \"http://k8s-ragplatf-ciliumga-56da93c17a-2adc9d09e1c34b13.elb.eu-central-1.amazonaws.com/api/v1/query\": EOF"
time="2026-09-05T15:57:13+02:00" level=warning msg="Request Failed" error="Post \"http://k8s-ragplatf-ciliumga-56da93c17a-2adc9d09e1c34b13.elb.eu-central-1.amazonaws.com/api/v1/query\": EOF"
time="2026-09-05T15:57:13+02:00" level=warning msg="Request Failed" error="Post \"http://k8s-ragplatf-ciliumga-56da93c17a-2adc9d09e1c34b13.elb.eu-central-1.amazonaws.com/api/v1/query\": EOF"
time="2026-09-05T15:57:13+02:00" level=warning msg="Request Failed" error="Post \"http://k8s-ragplatf-ciliumga-56da93c17a-2adc9d09e1c34b13.elb.eu-central-1.amazonaws.com/api/v1/query\": EOF"
time="2026-09-05T15:57:13+02:00" level=warning msg="Request Failed" error="Post \"http://k8s-ragplatf-ciliumga-56da93c17a-2adc9d09e1c34b13.elb.eu-central-1.amazonaws.com/api/v1/query\": EOF"
time="2026-09-05T15:57:13+02:00" level=warning msg="Request Failed" error="Post \"http://k8s-ragplatf-ciliumga-56da93c17a-2adc9d09e1c34b13.elb.eu-central-1.amazonaws.com/api/v1/query\": EOF"
time="2026-09-05T15:57:13+02:00" level=warning msg="Request Failed" error="Post \"http://k8s-ragplatf-ciliumga-56da93c17a-2adc9d09e1c34b13.elb.eu-central-1.amazonaws.com/api/v1/query\": EOF"
time="2026-09-05T15:57:13+02:00" level=warning msg="Request Failed" error="Post \"http://k8s-ragplatf-ciliumga-56da93c17a-2adc9d09e1c34b13.elb.eu-central-1.amazonaws.com/api/v1/query\": EOF"
time="2026-09-05T15:57:13+02:00" level=warning msg="Request Failed" error="Post \"http://k8s-ragplatf-ciliumga-56da93c17a-2adc9d09e1c34b13.elb.eu-central-1.amazonaws.com/api/v1/query\": EOF"
time="2026-09-05T15:57:13+02:00" level=warning msg="Request Failed" error="Post \"http://k8s-ragplatf-ciliumga-56da93c17a-2adc9d09e1c34b13.elb.eu-central-1.amazonaws.com/api/v1/query\": EOF"
time="2026-09-05T15:57:13+02:00" level=warning msg="Request Failed" error="Post \"http://k8s-ragplatf-ciliumga-56da93c17a-2adc9d09e1c34b13.elb.eu-central-1.amazonaws.com/api/v1/query\": EOF"
time="2026-09-05T15:57:13+02:00" level=warning msg="Request Failed" error="Post \"http://k8s-ragplatf-ciliumga-56da93c17a-2adc9d09e1c34b13.elb.eu-central-1.amazonaws.com/api/v1/query\": EOF"
time="2026-09-05T15:57:13+02:00" level=warning msg="Request Failed" error="Post \"http://k8s-ragplatf-ciliumga-56da93c17a-2adc9d09e1c34b13.elb.eu-central-1.amazonaws.com/api/v1/query\": EOF"
time="2026-09-05T15:57:13+02:00" level=warning msg="Request Failed" error="Post \"http://k8s-ragplatf-ciliumga-56da93c17a-2adc9d09e1c34b13.elb.eu-central-1.amazonaws.com/api/v1/query\": EOF"
time="2026-09-05T15:57:13+02:00" level=warning msg="Request Failed" error="Post \"http://k8s-ragplatf-ciliumga-56da93c17a-2adc9d09e1c34b13.elb.eu-central-1.amazonaws.com/api/v1/query\": EOF"
time="2026-09-05T15:57:13+02:00" level=warning msg="Request Failed" error="Post \"http://k8s-ragplatf-ciliumga-56da93c17a-2adc9d09e1c34b13.elb.eu-central-1.amazonaws.com/api/v1/query\": EOF"
time="2026-09-05T15:57:13+02:00" level=warning msg="Request Failed" error="Post \"http://k8s-ragplatf-ciliumga-56da93c17a-2adc9d09e1c34b13.elb.eu-central-1.amazonaws.com/api/v1/query\": EOF"
time="2026-09-05T15:57:13+02:00" level=warning msg="Request Failed" error="Post \"http://k8s-ragplatf-ciliumga-56da93c17a-2adc9d09e1c34b13.elb.eu-central-1.amazonaws.com/api/v1/query\": EOF"
time="2026-09-05T15:57:13+02:00" level=warning msg="Request Failed" error="Post \"http://k8s-ragplatf-ciliumga-56da93c17a-2adc9d09e1c34b13.elb.eu-central-1.amazonaws.com/api/v1/query\": EOF"
time="2026-09-05T15:57:13+02:00" level=warning msg="Request Failed" error="Post \"http://k8s-ragplatf-ciliumga-56da93c17a-2adc9d09e1c34b13.elb.eu-central-1.amazonaws.com/api/v1/query\": EOF"
time="2026-09-05T15:57:13+02:00" level=warning msg="Request Failed" error="Post \"http://k8s-ragplatf-ciliumga-56da93c17a-2adc9d09e1c34b13.elb.eu-central-1.amazonaws.com/api/v1/query\": EOF"
time="2026-09-05T15:57:13+02:00" level=warning msg="Request Failed" error="Post \"http://k8s-ragplatf-ciliumga-56da93c17a-2adc9d09e1c34b13.elb.eu-central-1.amazonaws.com/api/v1/query\": EOF"
time="2026-09-05T15:57:13+02:00" level=warning msg="Request Failed" error="Post \"http://k8s-ragplatf-ciliumga-56da93c17a-2adc9d09e1c34b13.elb.eu-central-1.amazonaws.com/api/v1/query\": EOF"
time="2026-09-05T15:57:13+02:00" level=warning msg="Request Failed" error="Post \"http://k8s-ragplatf-ciliumga-56da93c17a-2adc9d09e1c34b13.elb.eu-central-1.amazonaws.com/api/v1/query\": EOF"
time="2026-09-05T15:57:13+02:00" level=warning msg="Request Failed" error="Post \"http://k8s-ragplatf-ciliumga-56da93c17a-2adc9d09e1c34b13.elb.eu-central-1.amazonaws.com/api/v1/query\": EOF"
time="2026-09-05T15:57:13+02:00" level=warning msg="Request Failed" error="Post \"http://k8s-ragplatf-ciliumga-56da93c17a-2adc9d09e1c34b13.elb.eu-central-1.amazonaws.com/api/v1/query\": EOF"
time="2026-09-05T15:57:13+02:00" level=warning msg="Request Failed" error="Post \"http://k8s-ragplatf-ciliumga-56da93c17a-2adc9d09e1c34b13.elb.eu-central-1.amazonaws.com/api/v1/query\": EOF"
time="2026-09-05T15:57:13+02:00" level=warning msg="Request Failed" error="Post \"http://k8s-ragplatf-ciliumga-56da93c17a-2adc9d09e1c34b13.elb.eu-central-1.amazonaws.com/api/v1/query\": EOF"
time="2026-09-05T15:57:13+02:00" level=warning msg="Request Failed" error="Post \"http://k8s-ragplatf-ciliumga-56da93c17a-2adc9d09e1c34b13.elb.eu-central-1.amazonaws.com/api/v1/query\": EOF"
time="2026-09-05T15:57:13+02:00" level=warning msg="Request Failed" error="Post \"http://k8s-ragplatf-ciliumga-56da93c17a-2adc9d09e1c34b13.elb.eu-central-1.amazonaws.com/api/v1/query\": EOF"
time="2026-09-05T15:57:13+02:00" level=warning msg="Request Failed" error="Post \"http://k8s-ragplatf-ciliumga-56da93c17a-2adc9d09e1c34b13.elb.eu-central-1.amazonaws.com/api/v1/query\": EOF"
time="2026-09-05T15:57:13+02:00" level=warning msg="Request Failed" error="Post \"http://k8s-ragplatf-ciliumga-56da93c17a-2adc9d09e1c34b13.elb.eu-central-1.amazonaws.com/api/v1/query\": EOF"
time="2026-09-05T15:57:13+02:00" level=warning msg="Request Failed" error="Post \"http://k8s-ragplatf-ciliumga-56da93c17a-2adc9d09e1c34b13.elb.eu-central-1.amazonaws.com/api/v1/query\": EOF"
time="2026-09-05T15:57:13+02:00" level=warning msg="Request Failed" error="Post \"http://k8s-ragplatf-ciliumga-56da93c17a-2adc9d09e1c34b13.elb.eu-central-1.amazonaws.com/api/v1/query\": EOF"
time="2026-09-05T15:57:13+02:00" level=warning msg="Request Failed" error="Post \"http://k8s-ragplatf-ciliumga-56da93c17a-2adc9d09e1c34b13.elb.eu-central-1.amazonaws.com/api/v1/query\": EOF"
time="2026-09-05T15:57:13+02:00" level=warning msg="Request Failed" error="Post \"http://k8s-ragplatf-ciliumga-56da93c17a-2adc9d09e1c34b13.elb.eu-central-1.amazonaws.com/api/v1/query\": EOF"
time="2026-09-05T15:57:13+02:00" level=warning msg="Request Failed" error="Post \"http://k8s-ragplatf-ciliumga-56da93c17a-2adc9d09e1c34b13.elb.eu-central-1.amazonaws.com/api/v1/query\": EOF"
time="2026-09-05T15:57:13+02:00" level=warning msg="Request Failed" error="Post \"http://k8s-ragplatf-ciliumga-56da93c17a-2adc9d09e1c34b13.elb.eu-central-1.amazonaws.com/api/v1/query\": EOF"
time="2026-09-05T15:57:13+02:00" level=warning msg="Request Failed" error="Post \"http://k8s-ragplatf-ciliumga-56da93c17a-2adc9d09e1c34b13.elb.eu-central-1.amazonaws.com/api/v1/query\": EOF"
time="2026-09-05T15:57:13+02:00" level=warning msg="Request Failed" error="Post \"http://k8s-ragplatf-ciliumga-56da93c17a-2adc9d09e1c34b13.elb.eu-central-1.amazonaws.com/api/v1/query\": EOF"
time="2026-09-05T15:57:13+02:00" level=warning msg="Request Failed" error="Post \"http://k8s-ragplatf-ciliumga-56da93c17a-2adc9d09e1c34b13.elb.eu-central-1.amazonaws.com/api/v1/query\": EOF"
time="2026-09-05T15:57:13+02:00" level=warning msg="Request Failed" error="Post \"http://k8s-ragplatf-ciliumga-56da93c17a-2adc9d09e1c34b13.elb.eu-central-1.amazonaws.com/api/v1/query\": EOF"
time="2026-09-05T15:57:13+02:00" level=warning msg="Request Failed" error="Post \"http://k8s-ragplatf-ciliumga-56da93c17a-2adc9d09e1c34b13.elb.eu-central-1.amazonaws.com/api/v1/query\": EOF"
time="2026-09-05T15:57:13+02:00" level=warning msg="Request Failed" error="Post \"http://k8s-ragplatf-ciliumga-56da93c17a-2adc9d09e1c34b13.elb.eu-central-1.amazonaws.com/api/v1/query\": EOF"
time="2026-09-05T15:57:13+02:00" level=warning msg="Request Failed" error="Post \"http://k8s-ragplatf-ciliumga-56da93c17a-2adc9d09e1c34b13.elb.eu-central-1.amazonaws.com/api/v1/query\": EOF"
time="2026-09-05T15:57:13+02:00" level=warning msg="Request Failed" error="Post \"http://k8s-ragplatf-ciliumga-56da93c17a-2adc9d09e1c34b13.elb.eu-central-1.amazonaws.com/api/v1/query\": EOF"
time="2026-09-05T15:57:13+02:00" level=warning msg="Request Failed" error="Post \"http://k8s-ragplatf-ciliumga-56da93c17a-2adc9d09e1c34b13.elb.eu-central-1.amazonaws.com/api/v1/query\": EOF"
time="2026-09-05T15:57:13+02:00" level=warning msg="Request Failed" error="Post \"http://k8s-ragplatf-ciliumga-56da93c17a-2adc9d09e1c34b13.elb.eu-central-1.amazonaws.com/api/v1/query\": EOF"
time="2026-09-05T15:57:13+02:00" level=warning msg="Request Failed" error="Post \"http://k8s-ragplatf-ciliumga-56da93c17a-2adc9d09e1c34b13.elb.eu-central-1.amazonaws.com/api/v1/query\": EOF"
time="2026-09-05T15:57:13+02:00" level=warning msg="Request Failed" error="Post \"http://k8s-ragplatf-ciliumga-56da93c17a-2adc9d09e1c34b13.elb.eu-central-1.amazonaws.com/api/v1/query\": EOF"
time="2026-09-05T15:57:13+02:00" level=warning msg="Request Failed" error="Post \"http://k8s-ragplatf-ciliumga-56da93c17a-2adc9d09e1c34b13.elb.eu-central-1.amazonaws.com/api/v1/query\": EOF"
time="2026-09-05T15:57:13+02:00" level=warning msg="Request Failed" error="Post \"http://k8s-ragplatf-ciliumga-56da93c17a-2adc9d09e1c34b13.elb.eu-central-1.amazonaws.com/api/v1/query\": EOF"
time="2026-09-05T15:57:13+02:00" level=warning msg="Request Failed" error="Post \"http://k8s-ragplatf-ciliumga-56da93c17a-2adc9d09e1c34b13.elb.eu-central-1.amazonaws.com/api/v1/query\": EOF"
time="2026-09-05T15:57:13+02:00" level=warning msg="Request Failed" error="Post \"http://k8s-ragplatf-ciliumga-56da93c17a-2adc9d09e1c34b13.elb.eu-central-1.amazonaws.com/api/v1/query\": EOF"
time="2026-09-05T15:57:13+02:00" level=warning msg="Request Failed" error="Post \"http://k8s-ragplatf-ciliumga-56da93c17a-2adc9d09e1c34b13.elb.eu-central-1.amazonaws.com/api/v1/query\": EOF"
time="2026-09-05T15:57:13+02:00" level=warning msg="Request Failed" error="Post \"http://k8s-ragplatf-ciliumga-56da93c17a-2adc9d09e1c34b13.elb.eu-central-1.amazonaws.com/api/v1/query\": EOF"
time="2026-09-05T15:57:13+02:00" level=warning msg="Request Failed" error="Post \"http://k8s-ragplatf-ciliumga-56da93c17a-2adc9d09e1c34b13.elb.eu-central-1.amazonaws.com/api/v1/query\": EOF"
time="2026-09-05T15:57:13+02:00" level=warning msg="Request Failed" error="Post \"http://k8s-ragplatf-ciliumga-56da93c17a-2adc9d09e1c34b13.elb.eu-central-1.amazonaws.com/api/v1/query\": EOF"
time="2026-09-05T15:57:13+02:00" level=warning msg="Request Failed" error="Post \"http://k8s-ragplatf-ciliumga-56da93c17a-2adc9d09e1c34b13.elb.eu-central-1.amazonaws.com/api/v1/query\": EOF"
time="2026-09-05T15:57:13+02:00" level=warning msg="Request Failed" error="Post \"http://k8s-ragplatf-ciliumga-56da93c17a-2adc9d09e1c34b13.elb.eu-central-1.amazonaws.com/api/v1/query\": EOF"
time="2026-09-05T15:57:13+02:00" level=warning msg="Request Failed" error="Post \"http://k8s-ragplatf-ciliumga-56da93c17a-2adc9d09e1c34b13.elb.eu-central-1.amazonaws.com/api/v1/query\": EOF"
time="2026-09-05T15:57:13+02:00" level=warning msg="Request Failed" error="Post \"http://k8s-ragplatf-ciliumga-56da93c17a-2adc9d09e1c34b13.elb.eu-central-1.amazonaws.com/api/v1/query\": EOF"
time="2026-09-05T15:57:13+02:00" level=warning msg="Request Failed" error="Post \"http://k8s-ragplatf-ciliumga-56da93c17a-2adc9d09e1c34b13.elb.eu-central-1.amazonaws.com/api/v1/query\": EOF"
time="2026-09-05T15:57:13+02:00" level=warning msg="Request Failed" error="Post \"http://k8s-ragplatf-ciliumga-56da93c17a-2adc9d09e1c34b13.elb.eu-central-1.amazonaws.com/api/v1/query\": EOF"
time="2026-09-05T15:57:13+02:00" level=warning msg="Request Failed" error="Post \"http://k8s-ragplatf-ciliumga-56da93c17a-2adc9d09e1c34b13.elb.eu-central-1.amazonaws.com/api/v1/query\": EOF"
time="2026-09-05T15:57:13+02:00" level=warning msg="Request Failed" error="Post \"http://k8s-ragplatf-ciliumga-56da93c17a-2adc9d09e1c34b13.elb.eu-central-1.amazonaws.com/api/v1/query\": EOF"
time="2026-09-05T15:57:13+02:00" level=warning msg="Request Failed" error="Post \"http://k8s-ragplatf-ciliumga-56da93c17a-2adc9d09e1c34b13.elb.eu-central-1.amazonaws.com/api/v1/query\": EOF"
time="2026-09-05T15:57:13+02:00" level=warning msg="Request Failed" error="Post \"http://k8s-ragplatf-ciliumga-56da93c17a-2adc9d09e1c34b13.elb.eu-central-1.amazonaws.com/api/v1/query\": EOF"
time="2026-09-05T15:57:13+02:00" level=warning msg="Request Failed" error="Post \"http://k8s-ragplatf-ciliumga-56da93c17a-2adc9d09e1c34b13.elb.eu-central-1.amazonaws.com/api/v1/query\": EOF"
time="2026-09-05T15:57:13+02:00" level=warning msg="Request Failed" error="Post \"http://k8s-ragplatf-ciliumga-56da93c17a-2adc9d09e1c34b13.elb.eu-central-1.amazonaws.com/api/v1/query\": EOF"
time="2026-09-05T15:57:13+02:00" level=warning msg="Request Failed" error="Post \"http://k8s-ragplatf-ciliumga-56da93c17a-2adc9d09e1c34b13.elb.eu-central-1.amazonaws.com/api/v1/query\": EOF"
time="2026-09-05T15:57:13+02:00" level=warning msg="Request Failed" error="Post \"http://k8s-ragplatf-ciliumga-56da93c17a-2adc9d09e1c34b13.elb.eu-central-1.amazonaws.com/api/v1/query\": EOF"
time="2026-09-05T15:57:13+02:00" level=warning msg="Request Failed" error="Post \"http://k8s-ragplatf-ciliumga-56da93c17a-2adc9d09e1c34b13.elb.eu-central-1.amazonaws.com/api/v1/query\": EOF"
time="2026-09-05T15:57:13+02:00" level=warning msg="Request Failed" error="Post \"http://k8s-ragplatf-ciliumga-56da93c17a-2adc9d09e1c34b13.elb.eu-central-1.amazonaws.com/api/v1/query\": EOF"
time="2026-09-05T15:57:13+02:00" level=warning msg="Request Failed" error="Post \"http://k8s-ragplatf-ciliumga-56da93c17a-2adc9d09e1c34b13.elb.eu-central-1.amazonaws.com/api/v1/query\": EOF"
time="2026-09-05T15:57:13+02:00" level=warning msg="Request Failed" error="Post \"http://k8s-ragplatf-ciliumga-56da93c17a-2adc9d09e1c34b13.elb.eu-central-1.amazonaws.com/api/v1/query\": EOF"
time="2026-09-05T15:57:13+02:00" level=warning msg="Request Failed" error="Post \"http://k8s-ragplatf-ciliumga-56da93c17a-2adc9d09e1c34b13.elb.eu-central-1.amazonaws.com/api/v1/query\": EOF"
time="2026-09-05T15:57:13+02:00" level=warning msg="Request Failed" error="Post \"http://k8s-ragplatf-ciliumga-56da93c17a-2adc9d09e1c34b13.elb.eu-central-1.amazonaws.com/api/v1/query\": EOF"
time="2026-09-05T15:57:13+02:00" level=warning msg="Request Failed" error="Post \"http://k8s-ragplatf-ciliumga-56da93c17a-2adc9d09e1c34b13.elb.eu-central-1.amazonaws.com/api/v1/query\": EOF"
time="2026-09-05T15:57:13+02:00" level=warning msg="Request Failed" error="Post \"http://k8s-ragplatf-ciliumga-56da93c17a-2adc9d09e1c34b13.elb.eu-central-1.amazonaws.com/api/v1/query\": EOF"
time="2026-09-05T15:57:13+02:00" level=warning msg="Request Failed" error="Post \"http://k8s-ragplatf-ciliumga-56da93c17a-2adc9d09e1c34b13.elb.eu-central-1.amazonaws.com/api/v1/query\": EOF"
time="2026-09-05T15:57:13+02:00" level=warning msg="Request Failed" error="Post \"http://k8s-ragplatf-ciliumga-56da93c17a-2adc9d09e1c34b13.elb.eu-central-1.amazonaws.com/api/v1/query\": EOF"
time="2026-09-05T15:57:13+02:00" level=warning msg="Request Failed" error="Post \"http://k8s-ragplatf-ciliumga-56da93c17a-2adc9d09e1c34b13.elb.eu-central-1.amazonaws.com/api/v1/query\": EOF"
time="2026-09-05T15:57:13+02:00" level=warning msg="Request Failed" error="Post \"http://k8s-ragplatf-ciliumga-56da93c17a-2adc9d09e1c34b13.elb.eu-central-1.amazonaws.com/api/v1/query\": EOF"
time="2026-09-05T15:57:13+02:00" level=warning msg="Request Failed" error="Post \"http://k8s-ragplatf-ciliumga-56da93c17a-2adc9d09e1c34b13.elb.eu-central-1.amazonaws.com/api/v1/query\": EOF"
time="2026-09-05T15:57:13+02:00" level=warning msg="Request Failed" error="Post \"http://k8s-ragplatf-ciliumga-56da93c17a-2adc9d09e1c34b13.elb.eu-central-1.amazonaws.com/api/v1/query\": EOF"
time="2026-09-05T15:57:13+02:00" level=warning msg="Request Failed" error="Post \"http://k8s-ragplatf-ciliumga-56da93c17a-2adc9d09e1c34b13.elb.eu-central-1.amazonaws.com/api/v1/query\": EOF"
time="2026-09-05T15:57:13+02:00" level=warning msg="Request Failed" error="Post \"http://k8s-ragplatf-ciliumga-56da93c17a-2adc9d09e1c34b13.elb.eu-central-1.amazonaws.com/api/v1/query\": EOF"
time="2026-09-05T15:57:13+02:00" level=warning msg="Request Failed" error="Post \"http://k8s-ragplatf-ciliumga-56da93c17a-2adc9d09e1c34b13.elb.eu-central-1.amazonaws.com/api/v1/query\": EOF"
time="2026-09-05T15:57:13+02:00" level=warning msg="Request Failed" error="Post \"http://k8s-ragplatf-ciliumga-56da93c17a-2adc9d09e1c34b13.elb.eu-central-1.amazonaws.com/api/v1/query\": EOF"
time="2026-09-05T15:57:13+02:00" level=warning msg="Request Failed" error="Post \"http://k8s-ragplatf-ciliumga-56da93c17a-2adc9d09e1c34b13.elb.eu-central-1.amazonaws.com/api/v1/query\": EOF"
time="2026-09-05T15:57:13+02:00" level=warning msg="Request Failed" error="Post \"http://k8s-ragplatf-ciliumga-56da93c17a-2adc9d09e1c34b13.elb.eu-central-1.amazonaws.com/api/v1/query\": EOF"
time="2026-09-05T15:57:13+02:00" level=warning msg="Request Failed" error="Post \"http://k8s-ragplatf-ciliumga-56da93c17a-2adc9d09e1c34b13.elb.eu-central-1.amazonaws.com/api/v1/query\": EOF"
time="2026-09-05T15:57:13+02:00" level=warning msg="Request Failed" error="Post \"http://k8s-ragplatf-ciliumga-56da93c17a-2adc9d09e1c34b13.elb.eu-central-1.amazonaws.com/api/v1/query\": EOF"
time="2026-09-05T15:57:13+02:00" level=warning msg="Request Failed" error="Post \"http://k8s-ragplatf-ciliumga-56da93c17a-2adc9d09e1c34b13.elb.eu-central-1.amazonaws.com/api/v1/query\": EOF"
time="2026-09-05T15:57:13+02:00" level=warning msg="Request Failed" error="Post \"http://k8s-ragplatf-ciliumga-56da93c17a-2adc9d09e1c34b13.elb.eu-central-1.amazonaws.com/api/v1/query\": EOF"
time="2026-09-05T15:57:13+02:00" level=warning msg="Request Failed" error="Post \"http://k8s-ragplatf-ciliumga-56da93c17a-2adc9d09e1c34b13.elb.eu-central-1.amazonaws.com/api/v1/query\": EOF"
time="2026-09-05T15:57:13+02:00" level=warning msg="Request Failed" error="Post \"http://k8s-ragplatf-ciliumga-56da93c17a-2adc9d09e1c34b13.elb.eu-central-1.amazonaws.com/api/v1/query\": EOF"
time="2026-09-05T15:57:13+02:00" level=warning msg="Request Failed" error="Post \"http://k8s-ragplatf-ciliumga-56da93c17a-2adc9d09e1c34b13.elb.eu-central-1.amazonaws.com/api/v1/query\": EOF"
time="2026-09-05T15:57:13+02:00" level=warning msg="Request Failed" error="Post \"http://k8s-ragplatf-ciliumga-56da93c17a-2adc9d09e1c34b13.elb.eu-central-1.amazonaws.com/api/v1/query\": EOF"
time="2026-09-05T15:57:13+02:00" level=warning msg="Request Failed" error="Post \"http://k8s-ragplatf-ciliumga-56da93c17a-2adc9d09e1c34b13.elb.eu-central-1.amazonaws.com/api/v1/query\": EOF"
time="2026-09-05T15:57:13+02:00" level=warning msg="Request Failed" error="Post \"http://k8s-ragplatf-ciliumga-56da93c17a-2adc9d09e1c34b13.elb.eu-central-1.amazonaws.com/api/v1/query\": EOF"
time="2026-09-05T15:57:13+02:00" level=warning msg="Request Failed" error="Post \"http://k8s-ragplatf-ciliumga-56da93c17a-2adc9d09e1c34b13.elb.eu-central-1.amazonaws.com/api/v1/query\": EOF"
time="2026-09-05T15:57:13+02:00" level=warning msg="Request Failed" error="Post \"http://k8s-ragplatf-ciliumga-56da93c17a-2adc9d09e1c34b13.elb.eu-central-1.amazonaws.com/api/v1/query\": EOF"
time="2026-09-05T15:57:13+02:00" level=warning msg="Request Failed" error="Post \"http://k8s-ragplatf-ciliumga-56da93c17a-2adc9d09e1c34b13.elb.eu-central-1.amazonaws.com/api/v1/query\": EOF"
time="2026-09-05T15:57:13+02:00" level=warning msg="Request Failed" error="Post \"http://k8s-ragplatf-ciliumga-56da93c17a-2adc9d09e1c34b13.elb.eu-central-1.amazonaws.com/api/v1/query\": EOF"
time="2026-09-05T15:57:13+02:00" level=warning msg="Request Failed" error="Post \"http://k8s-ragplatf-ciliumga-56da93c17a-2adc9d09e1c34b13.elb.eu-central-1.amazonaws.com/api/v1/query\": EOF"
time="2026-09-05T15:57:13+02:00" level=warning msg="Request Failed" error="Post \"http://k8s-ragplatf-ciliumga-56da93c17a-2adc9d09e1c34b13.elb.eu-central-1.amazonaws.com/api/v1/query\": EOF"
time="2026-09-05T15:57:13+02:00" level=warning msg="Request Failed" error="Post \"http://k8s-ragplatf-ciliumga-56da93c17a-2adc9d09e1c34b13.elb.eu-central-1.amazonaws.com/api/v1/query\": EOF"
time="2026-09-05T15:57:13+02:00" level=warning msg="Request Failed" error="Post \"http://k8s-ragplatf-ciliumga-56da93c17a-2adc9d09e1c34b13.elb.eu-central-1.amazonaws.com/api/v1/query\": EOF"
time="2026-09-05T15:57:13+02:00" level=warning msg="Request Failed" error="Post \"http://k8s-ragplatf-ciliumga-56da93c17a-2adc9d09e1c34b13.elb.eu-central-1.amazonaws.com/api/v1/query\": EOF"
time="2026-09-05T15:57:13+02:00" level=warning msg="Request Failed" error="Post \"http://k8s-ragplatf-ciliumga-56da93c17a-2adc9d09e1c34b13.elb.eu-central-1.amazonaws.com/api/v1/query\": EOF"
time="2026-09-05T15:57:13+02:00" level=warning msg="Request Failed" error="Post \"http://k8s-ragplatf-ciliumga-56da93c17a-2adc9d09e1c34b13.elb.eu-central-1.amazonaws.com/api/v1/query\": EOF"
time="2026-09-05T15:57:13+02:00" level=warning msg="Request Failed" error="Post \"http://k8s-ragplatf-ciliumga-56da93c17a-2adc9d09e1c34b13.elb.eu-central-1.amazonaws.com/api/v1/query\": EOF"
time="2026-09-05T15:57:13+02:00" level=warning msg="Request Failed" error="Post \"http://k8s-ragplatf-ciliumga-56da93c17a-2adc9d09e1c34b13.elb.eu-central-1.amazonaws.com/api/v1/query\": EOF"
time="2026-09-05T15:57:13+02:00" level=warning msg="Request Failed" error="Post \"http://k8s-ragplatf-ciliumga-56da93c17a-2adc9d09e1c34b13.elb.eu-central-1.amazonaws.com/api/v1/query\": EOF"
time="2026-09-05T15:57:13+02:00" level=warning msg="Request Failed" error="Post \"http://k8s-ragplatf-ciliumga-56da93c17a-2adc9d09e1c34b13.elb.eu-central-1.amazonaws.com/api/v1/query\": EOF"
time="2026-09-05T15:57:13+02:00" level=warning msg="Request Failed" error="Post \"http://k8s-ragplatf-ciliumga-56da93c17a-2adc9d09e1c34b13.elb.eu-central-1.amazonaws.com/api/v1/query\": EOF"
time="2026-09-05T15:57:13+02:00" level=warning msg="Request Failed" error="Post \"http://k8s-ragplatf-ciliumga-56da93c17a-2adc9d09e1c34b13.elb.eu-central-1.amazonaws.com/api/v1/query\": EOF"
time="2026-09-05T15:57:13+02:00" level=warning msg="Request Failed" error="Post \"http://k8s-ragplatf-ciliumga-56da93c17a-2adc9d09e1c34b13.elb.eu-central-1.amazonaws.com/api/v1/query\": EOF"
time="2026-09-05T15:57:13+02:00" level=warning msg="Request Failed" error="Post \"http://k8s-ragplatf-ciliumga-56da93c17a-2adc9d09e1c34b13.elb.eu-central-1.amazonaws.com/api/v1/query\": EOF"
time="2026-09-05T15:57:13+02:00" level=warning msg="Request Failed" error="Post \"http://k8s-ragplatf-ciliumga-56da93c17a-2adc9d09e1c34b13.elb.eu-central-1.amazonaws.com/api/v1/query\": EOF"
time="2026-09-05T15:57:13+02:00" level=warning msg="Request Failed" error="Post \"http://k8s-ragplatf-ciliumga-56da93c17a-2adc9d09e1c34b13.elb.eu-central-1.amazonaws.com/api/v1/query\": EOF"
time="2026-09-05T15:57:13+02:00" level=warning msg="Request Failed" error="Post \"http://k8s-ragplatf-ciliumga-56da93c17a-2adc9d09e1c34b13.elb.eu-central-1.amazonaws.com/api/v1/query\": EOF"
time="2026-09-05T15:57:13+02:00" level=warning msg="Request Failed" error="Post \"http://k8s-ragplatf-ciliumga-56da93c17a-2adc9d09e1c34b13.elb.eu-central-1.amazonaws.com/api/v1/query\": EOF"
time="2026-09-05T15:57:13+02:00" level=warning msg="Request Failed" error="Post \"http://k8s-ragplatf-ciliumga-56da93c17a-2adc9d09e1c34b13.elb.eu-central-1.amazonaws.com/api/v1/query\": EOF"
time="2026-09-05T15:57:13+02:00" level=warning msg="Request Failed" error="Post \"http://k8s-ragplatf-ciliumga-56da93c17a-2adc9d09e1c34b13.elb.eu-central-1.amazonaws.com/api/v1/query\": EOF"
time="2026-09-05T15:57:13+02:00" level=warning msg="Request Failed" error="Post \"http://k8s-ragplatf-ciliumga-56da93c17a-2adc9d09e1c34b13.elb.eu-central-1.amazonaws.com/api/v1/query\": EOF"
time="2026-09-05T15:57:13+02:00" level=warning msg="Request Failed" error="Post \"http://k8s-ragplatf-ciliumga-56da93c17a-2adc9d09e1c34b13.elb.eu-central-1.amazonaws.com/api/v1/query\": EOF"
time="2026-09-05T15:57:13+02:00" level=warning msg="Request Failed" error="Post \"http://k8s-ragplatf-ciliumga-56da93c17a-2adc9d09e1c34b13.elb.eu-central-1.amazonaws.com/api/v1/query\": EOF"
time="2026-09-05T15:57:13+02:00" level=warning msg="Request Failed" error="Post \"http://k8s-ragplatf-ciliumga-56da93c17a-2adc9d09e1c34b13.elb.eu-central-1.amazonaws.com/api/v1/query\": EOF"
time="2026-09-05T15:57:13+02:00" level=warning msg="Request Failed" error="Post \"http://k8s-ragplatf-ciliumga-56da93c17a-2adc9d09e1c34b13.elb.eu-central-1.amazonaws.com/api/v1/query\": EOF"
time="2026-09-05T15:57:13+02:00" level=warning msg="Request Failed" error="Post \"http://k8s-ragplatf-ciliumga-56da93c17a-2adc9d09e1c34b13.elb.eu-central-1.amazonaws.com/api/v1/query\": EOF"
time="2026-09-05T15:57:13+02:00" level=warning msg="Request Failed" error="Post \"http://k8s-ragplatf-ciliumga-56da93c17a-2adc9d09e1c34b13.elb.eu-central-1.amazonaws.com/api/v1/query\": EOF"
time="2026-09-05T15:57:13+02:00" level=warning msg="Request Failed" error="Post \"http://k8s-ragplatf-ciliumga-56da93c17a-2adc9d09e1c34b13.elb.eu-central-1.amazonaws.com/api/v1/query\": EOF"
time="2026-09-05T15:57:13+02:00" level=warning msg="Request Failed" error="Post \"http://k8s-ragplatf-ciliumga-56da93c17a-2adc9d09e1c34b13.elb.eu-central-1.amazonaws.com/api/v1/query\": EOF"
time="2026-09-05T15:57:13+02:00" level=warning msg="Request Failed" error="Post \"http://k8s-ragplatf-ciliumga-56da93c17a-2adc9d09e1c34b13.elb.eu-central-1.amazonaws.com/api/v1/query\": EOF"
time="2026-09-05T15:57:13+02:00" level=warning msg="Request Failed" error="Post \"http://k8s-ragplatf-ciliumga-56da93c17a-2adc9d09e1c34b13.elb.eu-central-1.amazonaws.com/api/v1/query\": EOF"
time="2026-09-05T15:57:13+02:00" level=warning msg="Request Failed" error="Post \"http://k8s-ragplatf-ciliumga-56da93c17a-2adc9d09e1c34b13.elb.eu-central-1.amazonaws.com/api/v1/query\": EOF"
time="2026-09-05T15:57:13+02:00" level=warning msg="Request Failed" error="Post \"http://k8s-ragplatf-ciliumga-56da93c17a-2adc9d09e1c34b13.elb.eu-central-1.amazonaws.com/api/v1/query\": EOF"
time="2026-09-05T15:57:13+02:00" level=warning msg="Request Failed" error="Post \"http://k8s-ragplatf-ciliumga-56da93c17a-2adc9d09e1c34b13.elb.eu-central-1.amazonaws.com/api/v1/query\": EOF"
time="2026-09-05T15:57:13+02:00" level=warning msg="Request Failed" error="Post \"http://k8s-ragplatf-ciliumga-56da93c17a-2adc9d09e1c34b13.elb.eu-central-1.amazonaws.com/api/v1/query\": EOF"
time="2026-09-05T15:57:13+02:00" level=warning msg="Request Failed" error="Post \"http://k8s-ragplatf-ciliumga-56da93c17a-2adc9d09e1c34b13.elb.eu-central-1.amazonaws.com/api/v1/query\": EOF"
time="2026-09-05T15:57:13+02:00" level=warning msg="Request Failed" error="Post \"http://k8s-ragplatf-ciliumga-56da93c17a-2adc9d09e1c34b13.elb.eu-central-1.amazonaws.com/api/v1/query\": EOF"
time="2026-09-05T15:57:13+02:00" level=warning msg="Request Failed" error="Post \"http://k8s-ragplatf-ciliumga-56da93c17a-2adc9d09e1c34b13.elb.eu-central-1.amazonaws.com/api/v1/query\": EOF"
time="2026-09-05T15:57:13+02:00" level=warning msg="Request Failed" error="Post \"http://k8s-ragplatf-ciliumga-56da93c17a-2adc9d09e1c34b13.elb.eu-central-1.amazonaws.com/api/v1/query\": EOF"
time="2026-09-05T15:57:13+02:00" level=warning msg="Request Failed" error="Post \"http://k8s-ragplatf-ciliumga-56da93c17a-2adc9d09e1c34b13.elb.eu-central-1.amazonaws.com/api/v1/query\": EOF"
time="2026-09-05T15:57:13+02:00" level=warning msg="Request Failed" error="Post \"http://k8s-ragplatf-ciliumga-56da93c17a-2adc9d09e1c34b13.elb.eu-central-1.amazonaws.com/api/v1/query\": EOF"
time="2026-09-05T15:57:13+02:00" level=warning msg="Request Failed" error="Post \"http://k8s-ragplatf-ciliumga-56da93c17a-2adc9d09e1c34b13.elb.eu-central-1.amazonaws.com/api/v1/query\": EOF"
time="2026-09-05T15:57:13+02:00" level=warning msg="Request Failed" error="Post \"http://k8s-ragplatf-ciliumga-56da93c17a-2adc9d09e1c34b13.elb.eu-central-1.amazonaws.com/api/v1/query\": EOF"
time="2026-09-05T15:57:13+02:00" level=warning msg="Request Failed" error="Post \"http://k8s-ragplatf-ciliumga-56da93c17a-2adc9d09e1c34b13.elb.eu-central-1.amazonaws.com/api/v1/query\": EOF"
time="2026-09-05T15:57:13+02:00" level=warning msg="Request Failed" error="Post \"http://k8s-ragplatf-ciliumga-56da93c17a-2adc9d09e1c34b13.elb.eu-central-1.amazonaws.com/api/v1/query\": EOF"
time="2026-09-05T15:57:13+02:00" level=warning msg="Request Failed" error="Post \"http://k8s-ragplatf-ciliumga-56da93c17a-2adc9d09e1c34b13.elb.eu-central-1.amazonaws.com/api/v1/query\": EOF"
time="2026-09-05T15:57:13+02:00" level=warning msg="Request Failed" error="Post \"http://k8s-ragplatf-ciliumga-56da93c17a-2adc9d09e1c34b13.elb.eu-central-1.amazonaws.com/api/v1/query\": EOF"
time="2026-09-05T15:57:13+02:00" level=warning msg="Request Failed" error="Post \"http://k8s-ragplatf-ciliumga-56da93c17a-2adc9d09e1c34b13.elb.eu-central-1.amazonaws.com/api/v1/query\": EOF"
time="2026-09-05T15:57:13+02:00" level=warning msg="Request Failed" error="Post \"http://k8s-ragplatf-ciliumga-56da93c17a-2adc9d09e1c34b13.elb.eu-central-1.amazonaws.com/api/v1/query\": EOF"
time="2026-09-05T15:57:13+02:00" level=warning msg="Request Failed" error="Post \"http://k8s-ragplatf-ciliumga-56da93c17a-2adc9d09e1c34b13.elb.eu-central-1.amazonaws.com/api/v1/query\": EOF"
time="2026-09-05T15:57:13+02:00" level=warning msg="Request Failed" error="Post \"http://k8s-ragplatf-ciliumga-56da93c17a-2adc9d09e1c34b13.elb.eu-central-1.amazonaws.com/api/v1/query\": EOF"
time="2026-09-05T15:57:13+02:00" level=warning msg="Request Failed" error="Post \"http://k8s-ragplatf-ciliumga-56da93c17a-2adc9d09e1c34b13.elb.eu-central-1.amazonaws.com/api/v1/query\": EOF"
time="2026-09-05T15:57:13+02:00" level=warning msg="Request Failed" error="Post \"http://k8s-ragplatf-ciliumga-56da93c17a-2adc9d09e1c34b13.elb.eu-central-1.amazonaws.com/api/v1/query\": EOF"
time="2026-09-05T15:57:13+02:00" level=warning msg="Request Failed" error="Post \"http://k8s-ragplatf-ciliumga-56da93c17a-2adc9d09e1c34b13.elb.eu-central-1.amazonaws.com/api/v1/query\": EOF"
time="2026-09-05T15:57:13+02:00" level=warning msg="Request Failed" error="Post \"http://k8s-ragplatf-ciliumga-56da93c17a-2adc9d09e1c34b13.elb.eu-central-1.amazonaws.com/api/v1/query\": EOF"
time="2026-09-05T15:57:13+02:00" level=warning msg="Request Failed" error="Post \"http://k8s-ragplatf-ciliumga-56da93c17a-2adc9d09e1c34b13.elb.eu-central-1.amazonaws.com/api/v1/query\": EOF"
time="2026-09-05T15:57:13+02:00" level=warning msg="Request Failed" error="Post \"http://k8s-ragplatf-ciliumga-56da93c17a-2adc9d09e1c34b13.elb.eu-central-1.amazonaws.com/api/v1/query\": EOF"
time="2026-09-05T15:57:13+02:00" level=warning msg="Request Failed" error="Post \"http://k8s-ragplatf-ciliumga-56da93c17a-2adc9d09e1c34b13.elb.eu-central-1.amazonaws.com/api/v1/query\": EOF"
time="2026-09-05T15:57:13+02:00" level=warning msg="Request Failed" error="Post \"http://k8s-ragplatf-ciliumga-56da93c17a-2adc9d09e1c34b13.elb.eu-central-1.amazonaws.com/api/v1/query\": EOF"
time="2026-09-05T15:57:13+02:00" level=warning msg="Request Failed" error="Post \"http://k8s-ragplatf-ciliumga-56da93c17a-2adc9d09e1c34b13.elb.eu-central-1.amazonaws.com/api/v1/query\": EOF"
time="2026-09-05T15:57:13+02:00" level=warning msg="Request Failed" error="Post \"http://k8s-ragplatf-ciliumga-56da93c17a-2adc9d09e1c34b13.elb.eu-central-1.amazonaws.com/api/v1/query\": EOF"
time="2026-09-05T15:57:13+02:00" level=warning msg="Request Failed" error="Post \"http://k8s-ragplatf-ciliumga-56da93c17a-2adc9d09e1c34b13.elb.eu-central-1.amazonaws.com/api/v1/query\": EOF"
time="2026-09-05T15:57:13+02:00" level=warning msg="Request Failed" error="Post \"http://k8s-ragplatf-ciliumga-56da93c17a-2adc9d09e1c34b13.elb.eu-central-1.amazonaws.com/api/v1/query\": EOF"
time="2026-09-05T15:57:13+02:00" level=warning msg="Request Failed" error="Post \"http://k8s-ragplatf-ciliumga-56da93c17a-2adc9d09e1c34b13.elb.eu-central-1.amazonaws.com/api/v1/query\": EOF"
time="2026-09-05T15:57:13+02:00" level=warning msg="Request Failed" error="Post \"http://k8s-ragplatf-ciliumga-56da93c17a-2adc9d09e1c34b13.elb.eu-central-1.amazonaws.com/api/v1/query\": EOF"
time="2026-09-05T15:57:13+02:00" level=warning msg="Request Failed" error="Post \"http://k8s-ragplatf-ciliumga-56da93c17a-2adc9d09e1c34b13.elb.eu-central-1.amazonaws.com/api/v1/query\": EOF"
time="2026-09-05T15:57:13+02:00" level=warning msg="Request Failed" error="Post \"http://k8s-ragplatf-ciliumga-56da93c17a-2adc9d09e1c34b13.elb.eu-central-1.amazonaws.com/api/v1/query\": EOF"
time="2026-09-05T15:57:13+02:00" level=warning msg="Request Failed" error="Post \"http://k8s-ragplatf-ciliumga-56da93c17a-2adc9d09e1c34b13.elb.eu-central-1.amazonaws.com/api/v1/query\": EOF"
time="2026-09-05T15:57:13+02:00" level=warning msg="Request Failed" error="Post \"http://k8s-ragplatf-ciliumga-56da93c17a-2adc9d09e1c34b13.elb.eu-central-1.amazonaws.com/api/v1/query\": EOF"
time="2026-09-05T15:57:13+02:00" level=warning msg="Request Failed" error="Post \"http://k8s-ragplatf-ciliumga-56da93c17a-2adc9d09e1c34b13.elb.eu-central-1.amazonaws.com/api/v1/query\": EOF"
time="2026-09-05T15:57:13+02:00" level=warning msg="Request Failed" error="Post \"http://k8s-ragplatf-ciliumga-56da93c17a-2adc9d09e1c34b13.elb.eu-central-1.amazonaws.com/api/v1/query\": EOF"
time="2026-09-05T15:57:13+02:00" level=warning msg="Request Failed" error="Post \"http://k8s-ragplatf-ciliumga-56da93c17a-2adc9d09e1c34b13.elb.eu-central-1.amazonaws.com/api/v1/query\": EOF"
time="2026-09-05T15:57:13+02:00" level=warning msg="Request Failed" error="Post \"http://k8s-ragplatf-ciliumga-56da93c17a-2adc9d09e1c34b13.elb.eu-central-1.amazonaws.com/api/v1/query\": EOF"
time="2026-09-05T15:57:13+02:00" level=warning msg="Request Failed" error="Post \"http://k8s-ragplatf-ciliumga-56da93c17a-2adc9d09e1c34b13.elb.eu-central-1.amazonaws.com/api/v1/query\": EOF"
time="2026-09-05T15:57:13+02:00" level=warning msg="Request Failed" error="Post \"http://k8s-ragplatf-ciliumga-56da93c17a-2adc9d09e1c34b13.elb.eu-central-1.amazonaws.com/api/v1/query\": EOF"
time="2026-09-05T15:57:13+02:00" level=warning msg="Request Failed" error="Post \"http://k8s-ragplatf-ciliumga-56da93c17a-2adc9d09e1c34b13.elb.eu-central-1.amazonaws.com/api/v1/query\": EOF"
time="2026-09-05T15:57:13+02:00" level=warning msg="Request Failed" error="Post \"http://k8s-ragplatf-ciliumga-56da93c17a-2adc9d09e1c34b13.elb.eu-central-1.amazonaws.com/api/v1/query\": EOF"
time="2026-09-05T15:57:13+02:00" level=warning msg="Request Failed" error="Post \"http://k8s-ragplatf-ciliumga-56da93c17a-2adc9d09e1c34b13.elb.eu-central-1.amazonaws.com/api/v1/query\": EOF"
time="2026-09-05T15:57:13+02:00" level=warning msg="Request Failed" error="Post \"http://k8s-ragplatf-ciliumga-56da93c17a-2adc9d09e1c34b13.elb.eu-central-1.amazonaws.com/api/v1/query\": EOF"
time="2026-09-05T15:57:13+02:00" level=warning msg="Request Failed" error="Post \"http://k8s-ragplatf-ciliumga-56da93c17a-2adc9d09e1c34b13.elb.eu-central-1.amazonaws.com/api/v1/query\": EOF"
time="2026-09-05T15:57:13+02:00" level=warning msg="Request Failed" error="Post \"http://k8s-ragplatf-ciliumga-56da93c17a-2adc9d09e1c34b13.elb.eu-central-1.amazonaws.com/api/v1/query\": EOF"
time="2026-09-05T15:57:13+02:00" level=warning msg="Request Failed" error="Post \"http://k8s-ragplatf-ciliumga-56da93c17a-2adc9d09e1c34b13.elb.eu-central-1.amazonaws.com/api/v1/query\": read tcp 192.168.50.205:57678->18.157.216.153:80: read: connection reset by peer"
time="2026-09-05T15:57:13+02:00" level=warning msg="Request Failed" error="Post \"http://k8s-ragplatf-ciliumga-56da93c17a-2adc9d09e1c34b13.elb.eu-central-1.amazonaws.com/api/v1/query\": EOF"
time="2026-09-05T15:57:13+02:00" level=warning msg="Request Failed" error="Post \"http://k8s-ragplatf-ciliumga-56da93c17a-2adc9d09e1c34b13.elb.eu-central-1.amazonaws.com/api/v1/query\": EOF"
time="2026-09-05T15:57:13+02:00" level=warning msg="Request Failed" error="Post \"http://k8s-ragplatf-ciliumga-56da93c17a-2adc9d09e1c34b13.elb.eu-central-1.amazonaws.com/api/v1/query\": EOF"
time="2026-09-05T15:57:13+02:00" level=warning msg="Request Failed" error="Post \"http://k8s-ragplatf-ciliumga-56da93c17a-2adc9d09e1c34b13.elb.eu-central-1.amazonaws.com/api/v1/query\": EOF"
time="2026-09-05T15:57:13+02:00" level=warning msg="Request Failed" error="Post \"http://k8s-ragplatf-ciliumga-56da93c17a-2adc9d09e1c34b13.elb.eu-central-1.amazonaws.com/api/v1/query\": EOF"
time="2026-09-05T15:57:13+02:00" level=warning msg="Request Failed" error="Post \"http://k8s-ragplatf-ciliumga-56da93c17a-2adc9d09e1c34b13.elb.eu-central-1.amazonaws.com/api/v1/query\": EOF"
time="2026-09-05T15:57:13+02:00" level=warning msg="Request Failed" error="Post \"http://k8s-ragplatf-ciliumga-56da93c17a-2adc9d09e1c34b13.elb.eu-central-1.amazonaws.com/api/v1/query\": EOF"
time="2026-09-05T15:57:13+02:00" level=warning msg="Request Failed" error="Post \"http://k8s-ragplatf-ciliumga-56da93c17a-2adc9d09e1c34b13.elb.eu-central-1.amazonaws.com/api/v1/query\": EOF"
time="2026-09-05T15:57:13+02:00" level=warning msg="Request Failed" error="Post \"http://k8s-ragplatf-ciliumga-56da93c17a-2adc9d09e1c34b13.elb.eu-central-1.amazonaws.com/api/v1/query\": EOF"
time="2026-09-05T15:57:13+02:00" level=warning msg="Request Failed" error="Post \"http://k8s-ragplatf-ciliumga-56da93c17a-2adc9d09e1c34b13.elb.eu-central-1.amazonaws.com/api/v1/query\": EOF"
time="2026-09-05T15:57:13+02:00" level=warning msg="Request Failed" error="Post \"http://k8s-ragplatf-ciliumga-56da93c17a-2adc9d09e1c34b13.elb.eu-central-1.amazonaws.com/api/v1/query\": EOF"
time="2026-09-05T15:57:13+02:00" level=warning msg="Request Failed" error="Post \"http://k8s-ragplatf-ciliumga-56da93c17a-2adc9d09e1c34b13.elb.eu-central-1.amazonaws.com/api/v1/query\": EOF"
time="2026-09-05T15:57:13+02:00" level=warning msg="Request Failed" error="Post \"http://k8s-ragplatf-ciliumga-56da93c17a-2adc9d09e1c34b13.elb.eu-central-1.amazonaws.com/api/v1/query\": EOF"
time="2026-09-05T15:57:13+02:00" level=warning msg="Request Failed" error="Post \"http://k8s-ragplatf-ciliumga-56da93c17a-2adc9d09e1c34b13.elb.eu-central-1.amazonaws.com/api/v1/query\": EOF"
time="2026-09-05T15:57:13+02:00" level=warning msg="Request Failed" error="Post \"http://k8s-ragplatf-ciliumga-56da93c17a-2adc9d09e1c34b13.elb.eu-central-1.amazonaws.com/api/v1/query\": EOF"
time="2026-09-05T15:57:13+02:00" level=warning msg="Request Failed" error="Post \"http://k8s-ragplatf-ciliumga-56da93c17a-2adc9d09e1c34b13.elb.eu-central-1.amazonaws.com/api/v1/query\": EOF"
time="2026-09-05T15:57:13+02:00" level=warning msg="Request Failed" error="Post \"http://k8s-ragplatf-ciliumga-56da93c17a-2adc9d09e1c34b13.elb.eu-central-1.amazonaws.com/api/v1/query\": EOF"
time="2026-09-05T15:57:13+02:00" level=warning msg="Request Failed" error="Post \"http://k8s-ragplatf-ciliumga-56da93c17a-2adc9d09e1c34b13.elb.eu-central-1.amazonaws.com/api/v1/query\": EOF"
time="2026-09-05T15:57:13+02:00" level=warning msg="Request Failed" error="Post \"http://k8s-ragplatf-ciliumga-56da93c17a-2adc9d09e1c34b13.elb.eu-central-1.amazonaws.com/api/v1/query\": EOF"
time="2026-09-05T15:57:13+02:00" level=warning msg="Request Failed" error="Post \"http://k8s-ragplatf-ciliumga-56da93c17a-2adc9d09e1c34b13.elb.eu-central-1.amazonaws.com/api/v1/query\": EOF"
time="2026-09-05T15:57:13+02:00" level=warning msg="Request Failed" error="Post \"http://k8s-ragplatf-ciliumga-56da93c17a-2adc9d09e1c34b13.elb.eu-central-1.amazonaws.com/api/v1/query\": EOF"
time="2026-09-05T15:57:13+02:00" level=warning msg="Request Failed" error="Post \"http://k8s-ragplatf-ciliumga-56da93c17a-2adc9d09e1c34b13.elb.eu-central-1.amazonaws.com/api/v1/query\": EOF"
time="2026-09-05T15:57:13+02:00" level=warning msg="Request Failed" error="Post \"http://k8s-ragplatf-ciliumga-56da93c17a-2adc9d09e1c34b13.elb.eu-central-1.amazonaws.com/api/v1/query\": EOF"
time="2026-09-05T15:57:13+02:00" level=warning msg="Request Failed" error="Post \"http://k8s-ragplatf-ciliumga-56da93c17a-2adc9d09e1c34b13.elb.eu-central-1.amazonaws.com/api/v1/query\": EOF"
time="2026-09-05T15:57:13+02:00" level=warning msg="Request Failed" error="Post \"http://k8s-ragplatf-ciliumga-56da93c17a-2adc9d09e1c34b13.elb.eu-central-1.amazonaws.com/api/v1/query\": EOF"
time="2026-09-05T15:57:13+02:00" level=warning msg="Request Failed" error="Post \"http://k8s-ragplatf-ciliumga-56da93c17a-2adc9d09e1c34b13.elb.eu-central-1.amazonaws.com/api/v1/query\": EOF"
time="2026-09-05T15:57:13+02:00" level=warning msg="Request Failed" error="Post \"http://k8s-ragplatf-ciliumga-56da93c17a-2adc9d09e1c34b13.elb.eu-central-1.amazonaws.com/api/v1/query\": EOF"
time="2026-09-05T15:57:13+02:00" level=warning msg="Request Failed" error="Post \"http://k8s-ragplatf-ciliumga-56da93c17a-2adc9d09e1c34b13.elb.eu-central-1.amazonaws.com/api/v1/query\": EOF"
time="2026-09-05T15:57:13+02:00" level=warning msg="Request Failed" error="Post \"http://k8s-ragplatf-ciliumga-56da93c17a-2adc9d09e1c34b13.elb.eu-central-1.amazonaws.com/api/v1/query\": EOF"
time="2026-09-05T15:57:13+02:00" level=warning msg="Request Failed" error="Post \"http://k8s-ragplatf-ciliumga-56da93c17a-2adc9d09e1c34b13.elb.eu-central-1.amazonaws.com/api/v1/query\": EOF"
time="2026-09-05T15:57:13+02:00" level=warning msg="Request Failed" error="Post \"http://k8s-ragplatf-ciliumga-56da93c17a-2adc9d09e1c34b13.elb.eu-central-1.amazonaws.com/api/v1/query\": EOF"
time="2026-09-05T15:57:13+02:00" level=warning msg="Request Failed" error="Post \"http://k8s-ragplatf-ciliumga-56da93c17a-2adc9d09e1c34b13.elb.eu-central-1.amazonaws.com/api/v1/query\": EOF"
time="2026-09-05T15:57:13+02:00" level=warning msg="Request Failed" error="Post \"http://k8s-ragplatf-ciliumga-56da93c17a-2adc9d09e1c34b13.elb.eu-central-1.amazonaws.com/api/v1/query\": EOF"
time="2026-09-05T15:57:13+02:00" level=warning msg="Request Failed" error="Post \"http://k8s-ragplatf-ciliumga-56da93c17a-2adc9d09e1c34b13.elb.eu-central-1.amazonaws.com/api/v1/query\": EOF"
time="2026-09-05T15:57:13+02:00" level=warning msg="Request Failed" error="Post \"http://k8s-ragplatf-ciliumga-56da93c17a-2adc9d09e1c34b13.elb.eu-central-1.amazonaws.com/api/v1/query\": EOF"
time="2026-09-05T15:57:13+02:00" level=warning msg="Request Failed" error="Post \"http://k8s-ragplatf-ciliumga-56da93c17a-2adc9d09e1c34b13.elb.eu-central-1.amazonaws.com/api/v1/query\": EOF"
time="2026-09-05T15:57:13+02:00" level=warning msg="Request Failed" error="Post \"http://k8s-ragplatf-ciliumga-56da93c17a-2adc9d09e1c34b13.elb.eu-central-1.amazonaws.com/api/v1/query\": EOF"
time="2026-09-05T15:57:13+02:00" level=warning msg="Request Failed" error="Post \"http://k8s-ragplatf-ciliumga-56da93c17a-2adc9d09e1c34b13.elb.eu-central-1.amazonaws.com/api/v1/query\": EOF"
time="2026-09-05T15:57:13+02:00" level=warning msg="Request Failed" error="Post \"http://k8s-ragplatf-ciliumga-56da93c17a-2adc9d09e1c34b13.elb.eu-central-1.amazonaws.com/api/v1/query\": EOF"
time="2026-09-05T15:57:13+02:00" level=warning msg="Request Failed" error="Post \"http://k8s-ragplatf-ciliumga-56da93c17a-2adc9d09e1c34b13.elb.eu-central-1.amazonaws.com/api/v1/query\": EOF"

running (03m37.9s), 0834/2500 VUs, 76071 complete and 0 interrupted iterations
constant_load   [  36% ] 0834/2500 VUs  03m37.9s/10m0s  500.00 iters/s

running (03m38.9s), 0963/2500 VUs, 76441 complete and 0 interrupted iterations
constant_load   [  36% ] 0963/2500 VUs  03m38.9s/10m0s  500.00 iters/s

running (03m39.9s), 1133/2500 VUs, 76772 complete and 0 interrupted iterations
constant_load   [  37% ] 1133/2500 VUs  03m39.9s/10m0s  500.00 iters/s
time="2026-09-05T15:57:16+02:00" level=warning msg="Request Failed" error="Post \"http://k8s-ragplatf-ciliumga-56da93c17a-2adc9d09e1c34b13.elb.eu-central-1.amazonaws.com/api/v1/query\": dial: i/o timeout"
time="2026-09-05T15:57:16+02:00" level=warning msg="Request Failed" error="Post \"http://k8s-ragplatf-ciliumga-56da93c17a-2adc9d09e1c34b13.elb.eu-central-1.amazonaws.com/api/v1/query\": dial: i/o timeout"
time="2026-09-05T15:57:16+02:00" level=warning msg="Request Failed" error="Post \"http://k8s-ragplatf-ciliumga-56da93c17a-2adc9d09e1c34b13.elb.eu-central-1.amazonaws.com/api/v1/query\": dial: i/o timeout"
time="2026-09-05T15:57:16+02:00" level=warning msg="Request Failed" error="Post \"http://k8s-ragplatf-ciliumga-56da93c17a-2adc9d09e1c34b13.elb.eu-central-1.amazonaws.com/api/v1/query\": dial: i/o timeout"
time="2026-09-05T15:57:16+02:00" level=warning msg="Request Failed" error="Post \"http://k8s-ragplatf-ciliumga-56da93c17a-2adc9d09e1c34b13.elb.eu-central-1.amazonaws.com/api/v1/query\": dial: i/o timeout"
time="2026-09-05T15:57:16+02:00" level=warning msg="Request Failed" error="Post \"http://k8s-ragplatf-ciliumga-56da93c17a-2adc9d09e1c34b13.elb.eu-central-1.amazonaws.com/api/v1/query\": dial: i/o timeout"
time="2026-09-05T15:57:16+02:00" level=warning msg="Request Failed" error="Post \"http://k8s-ragplatf-ciliumga-56da93c17a-2adc9d09e1c34b13.elb.eu-central-1.amazonaws.com/api/v1/query\": dial: i/o timeout"
time="2026-09-05T15:57:16+02:00" level=warning msg="Request Failed" error="Post \"http://k8s-ragplatf-ciliumga-56da93c17a-2adc9d09e1c34b13.elb.eu-central-1.amazonaws.com/api/v1/query\": dial: i/o timeout"
time="2026-09-05T15:57:16+02:00" level=warning msg="Request Failed" error="Post \"http://k8s-ragplatf-ciliumga-56da93c17a-2adc9d09e1c34b13.elb.eu-central-1.amazonaws.com/api/v1/query\": dial: i/o timeout"
time="2026-09-05T15:57:16+02:00" level=warning msg="Request Failed" error="Post \"http://k8s-ragplatf-ciliumga-56da93c17a-2adc9d09e1c34b13.elb.eu-central-1.amazonaws.com/api/v1/query\": dial: i/o timeout"
time="2026-09-05T15:57:16+02:00" level=warning msg="Request Failed" error="Post \"http://k8s-ragplatf-ciliumga-56da93c17a-2adc9d09e1c34b13.elb.eu-central-1.amazonaws.com/api/v1/query\": dial: i/o timeout"
time="2026-09-05T15:57:16+02:00" level=warning msg="Request Failed" error="Post \"http://k8s-ragplatf-ciliumga-56da93c17a-2adc9d09e1c34b13.elb.eu-central-1.amazonaws.com/api/v1/query\": dial: i/o timeout"
time="2026-09-05T15:57:16+02:00" level=warning msg="Request Failed" error="Post \"http://k8s-ragplatf-ciliumga-56da93c17a-2adc9d09e1c34b13.elb.eu-central-1.amazonaws.com/api/v1/query\": dial: i/o timeout"
time="2026-09-05T15:57:16+02:00" level=warning msg="Request Failed" error="Post \"http://k8s-ragplatf-ciliumga-56da93c17a-2adc9d09e1c34b13.elb.eu-central-1.amazonaws.com/api/v1/query\": dial: i/o timeout"
time="2026-09-05T15:57:16+02:00" level=warning msg="Request Failed" error="Post \"http://k8s-ragplatf-ciliumga-56da93c17a-2adc9d09e1c34b13.elb.eu-central-1.amazonaws.com/api/v1/query\": dial: i/o timeout"
time="2026-09-05T15:57:16+02:00" level=warning msg="Request Failed" error="Post \"http://k8s-ragplatf-ciliumga-56da93c17a-2adc9d09e1c34b13.elb.eu-central-1.amazonaws.com/api/v1/query\": dial: i/o timeout"
time="2026-09-05T15:57:16+02:00" level=warning msg="Request Failed" error="Post \"http://k8s-ragplatf-ciliumga-56da93c17a-2adc9d09e1c34b13.elb.eu-central-1.amazonaws.com/api/v1/query\": dial: i/o timeout"
time="2026-09-05T15:57:16+02:00" level=warning msg="Request Failed" error="Post \"http://k8s-ragplatf-ciliumga-56da93c17a-2adc9d09e1c34b13.elb.eu-central-1.amazonaws.com/api/v1/query\": dial: i/o timeout"
time="2026-09-05T15:57:16+02:00" level=warning msg="Request Failed" error="Post \"http://k8s-ragplatf-ciliumga-56da93c17a-2adc9d09e1c34b13.elb.eu-central-1.amazonaws.com/api/v1/query\": dial: i/o timeout"
time="2026-09-05T15:57:17+02:00" level=warning msg="Request Failed" error="Post \"http://k8s-ragplatf-ciliumga-56da93c17a-2adc9d09e1c34b13.elb.eu-central-1.amazonaws.com/api/v1/query\": dial: i/o timeout"
time="2026-09-05T15:57:17+02:00" level=warning msg="Request Failed" error="Post \"http://k8s-ragplatf-ciliumga-56da93c17a-2adc9d09e1c34b13.elb.eu-central-1.amazonaws.com/api/v1/query\": dial: i/o timeout"
time="2026-09-05T15:57:17+02:00" level=warning msg="Request Failed" error="Post \"http://k8s-ragplatf-ciliumga-56da93c17a-2adc9d09e1c34b13.elb.eu-central-1.amazonaws.com/api/v1/query\": dial: i/o timeout"
time="2026-09-05T15:57:17+02:00" level=warning msg="Request Failed" error="Post \"http://k8s-ragplatf-ciliumga-56da93c17a-2adc9d09e1c34b13.elb.eu-central-1.amazonaws.com/api/v1/query\": dial: i/o timeout"
time="2026-09-05T15:57:17+02:00" level=warning msg="Request Failed" error="Post \"http://k8s-ragplatf-ciliumga-56da93c17a-2adc9d09e1c34b13.elb.eu-central-1.amazonaws.com/api/v1/query\": dial: i/o timeout"
time="2026-09-05T15:57:17+02:00" level=warning msg="Request Failed" error="Post \"http://k8s-ragplatf-ciliumga-56da93c17a-2adc9d09e1c34b13.elb.eu-central-1.amazonaws.com/api/v1/query\": dial: i/o timeout"
time="2026-09-05T15:57:17+02:00" level=warning msg="Request Failed" error="Post \"http://k8s-ragplatf-ciliumga-56da93c17a-2adc9d09e1c34b13.elb.eu-central-1.amazonaws.com/api/v1/query\": dial: i/o timeout"
time="2026-09-05T15:57:17+02:00" level=warning msg="Request Failed" error="Post \"http://k8s-ragplatf-ciliumga-56da93c17a-2adc9d09e1c34b13.elb.eu-central-1.amazonaws.com/api/v1/query\": dial: i/o timeout"
time="2026-09-05T15:57:17+02:00" level=warning msg="Request Failed" error="Post \"http://k8s-ragplatf-ciliumga-56da93c17a-2adc9d09e1c34b13.elb.eu-central-1.amazonaws.com/api/v1/query\": dial: i/o timeout"
time="2026-09-05T15:57:17+02:00" level=warning msg="Request Failed" error="Post \"http://k8s-ragplatf-ciliumga-56da93c17a-2adc9d09e1c34b13.elb.eu-central-1.amazonaws.com/api/v1/query\": dial: i/o timeout"
time="2026-09-05T15:57:17+02:00" level=warning msg="Request Failed" error="Post \"http://k8s-ragplatf-ciliumga-56da93c17a-2adc9d09e1c34b13.elb.eu-central-1.amazonaws.com/api/v1/query\": dial: i/o timeout"
time="2026-09-05T15:57:17+02:00" level=warning msg="Request Failed" error="Post \"http://k8s-ragplatf-ciliumga-56da93c17a-2adc9d09e1c34b13.elb.eu-central-1.amazonaws.com/api/v1/query\": dial: i/o timeout"
time="2026-09-05T15:57:17+02:00" level=warning msg="Request Failed" error="Post \"http://k8s-ragplatf-ciliumga-56da93c17a-2adc9d09e1c34b13.elb.eu-central-1.amazonaws.com/api/v1/query\": dial: i/o timeout"
time="2026-09-05T15:57:17+02:00" level=warning msg="Request Failed" error="Post \"http://k8s-ragplatf-ciliumga-56da93c17a-2adc9d09e1c34b13.elb.eu-central-1.amazonaws.com/api/v1/query\": dial: i/o timeout"
time="2026-09-05T15:57:17+02:00" level=warning msg="Request Failed" error="Post \"http://k8s-ragplatf-ciliumga-56da93c17a-2adc9d09e1c34b13.elb.eu-central-1.amazonaws.com/api/v1/query\": dial: i/o timeout"
time="2026-09-05T15:57:17+02:00" level=warning msg="Request Failed" error="Post \"http://k8s-ragplatf-ciliumga-56da93c17a-2adc9d09e1c34b13.elb.eu-central-1.amazonaws.com/api/v1/query\": dial: i/o timeout"

running (03m40.9s), 1162/2500 VUs, 77242 complete and 0 interrupted iterations
constant_load   [  37% ] 1162/2500 VUs  03m40.9s/10m0s  500.00 iters/s
time="2026-09-05T15:57:17+02:00" level=warning msg="Request Failed" error="Post \"http://k8s-ragplatf-ciliumga-56da93c17a-2adc9d09e1c34b13.elb.eu-central-1.amazonaws.com/api/v1/query\": dial: i/o timeout"
time="2026-09-05T15:57:17+02:00" level=warning msg="Request Failed" error="Post \"http://k8s-ragplatf-ciliumga-56da93c17a-2adc9d09e1c34b13.elb.eu-central-1.amazonaws.com/api/v1/query\": dial: i/o timeout"
time="2026-09-05T15:57:17+02:00" level=warning msg="Request Failed" error="Post \"http://k8s-ragplatf-ciliumga-56da93c17a-2adc9d09e1c34b13.elb.eu-central-1.amazonaws.com/api/v1/query\": dial: i/o timeout"
time="2026-09-05T15:57:17+02:00" level=warning msg="Request Failed" error="Post \"http://k8s-ragplatf-ciliumga-56da93c17a-2adc9d09e1c34b13.elb.eu-central-1.amazonaws.com/api/v1/query\": dial: i/o timeout"
time="2026-09-05T15:57:17+02:00" level=warning msg="Request Failed" error="Post \"http://k8s-ragplatf-ciliumga-56da93c17a-2adc9d09e1c34b13.elb.eu-central-1.amazonaws.com/api/v1/query\": dial: i/o timeout"
time="2026-09-05T15:57:17+02:00" level=warning msg="Request Failed" error="Post \"http://k8s-ragplatf-ciliumga-56da93c17a-2adc9d09e1c34b13.elb.eu-central-1.amazonaws.com/api/v1/query\": dial: i/o timeout"
time="2026-09-05T15:57:17+02:00" level=warning msg="Request Failed" error="Post \"http://k8s-ragplatf-ciliumga-56da93c17a-2adc9d09e1c34b13.elb.eu-central-1.amazonaws.com/api/v1/query\": dial: i/o timeout"
time="2026-09-05T15:57:17+02:00" level=warning msg="Request Failed" error="Post \"http://k8s-ragplatf-ciliumga-56da93c17a-2adc9d09e1c34b13.elb.eu-central-1.amazonaws.com/api/v1/query\": dial: i/o timeout"
time="2026-09-05T15:57:17+02:00" level=warning msg="Request Failed" error="Post \"http://k8s-ragplatf-ciliumga-56da93c17a-2adc9d09e1c34b13.elb.eu-central-1.amazonaws.com/api/v1/query\": dial: i/o timeout"
time="2026-09-05T15:57:17+02:00" level=warning msg="Request Failed" error="Post \"http://k8s-ragplatf-ciliumga-56da93c17a-2adc9d09e1c34b13.elb.eu-central-1.amazonaws.com/api/v1/query\": dial: i/o timeout"
time="2026-09-05T15:57:17+02:00" level=warning msg="Request Failed" error="Post \"http://k8s-ragplatf-ciliumga-56da93c17a-2adc9d09e1c34b13.elb.eu-central-1.amazonaws.com/api/v1/query\": dial: i/o timeout"
time="2026-09-05T15:57:17+02:00" level=warning msg="Request Failed" error="Post \"http://k8s-ragplatf-ciliumga-56da93c17a-2adc9d09e1c34b13.elb.eu-central-1.amazonaws.com/api/v1/query\": dial: i/o timeout"
time="2026-09-05T15:57:17+02:00" level=warning msg="Request Failed" error="Post \"http://k8s-ragplatf-ciliumga-56da93c17a-2adc9d09e1c34b13.elb.eu-central-1.amazonaws.com/api/v1/query\": dial: i/o timeout"
time="2026-09-05T15:57:17+02:00" level=warning msg="Request Failed" error="Post \"http://k8s-ragplatf-ciliumga-56da93c17a-2adc9d09e1c34b13.elb.eu-central-1.amazonaws.com/api/v1/query\": dial: i/o timeout"
time="2026-09-05T15:57:17+02:00" level=warning msg="Request Failed" error="Post \"http://k8s-ragplatf-ciliumga-56da93c17a-2adc9d09e1c34b13.elb.eu-central-1.amazonaws.com/api/v1/query\": dial: i/o timeout"
time="2026-09-05T15:57:17+02:00" level=warning msg="Request Failed" error="Post \"http://k8s-ragplatf-ciliumga-56da93c17a-2adc9d09e1c34b13.elb.eu-central-1.amazonaws.com/api/v1/query\": dial: i/o timeout"
time="2026-09-05T15:57:17+02:00" level=warning msg="Request Failed" error="Post \"http://k8s-ragplatf-ciliumga-56da93c17a-2adc9d09e1c34b13.elb.eu-central-1.amazonaws.com/api/v1/query\": dial: i/o timeout"
time="2026-09-05T15:57:17+02:00" level=warning msg="Request Failed" error="Post \"http://k8s-ragplatf-ciliumga-56da93c17a-2adc9d09e1c34b13.elb.eu-central-1.amazonaws.com/api/v1/query\": dial: i/o timeout"
time="2026-09-05T15:57:17+02:00" level=warning msg="Request Failed" error="Post \"http://k8s-ragplatf-ciliumga-56da93c17a-2adc9d09e1c34b13.elb.eu-central-1.amazonaws.com/api/v1/query\": dial: i/o timeout"
time="2026-09-05T15:57:17+02:00" level=warning msg="Request Failed" error="Post \"http://k8s-ragplatf-ciliumga-56da93c17a-2adc9d09e1c34b13.elb.eu-central-1.amazonaws.com/api/v1/query\": dial: i/o timeout"
time="2026-09-05T15:57:17+02:00" level=warning msg="Request Failed" error="Post \"http://k8s-ragplatf-ciliumga-56da93c17a-2adc9d09e1c34b13.elb.eu-central-1.amazonaws.com/api/v1/query\": dial: i/o timeout"
time="2026-09-05T15:57:17+02:00" level=warning msg="Request Failed" error="Post \"http://k8s-ragplatf-ciliumga-56da93c17a-2adc9d09e1c34b13.elb.eu-central-1.amazonaws.com/api/v1/query\": dial: i/o timeout"
time="2026-09-05T15:57:17+02:00" level=warning msg="Request Failed" error="Post \"http://k8s-ragplatf-ciliumga-56da93c17a-2adc9d09e1c34b13.elb.eu-central-1.amazonaws.com/api/v1/query\": dial: i/o timeout"
time="2026-09-05T15:57:17+02:00" level=warning msg="Request Failed" error="Post \"http://k8s-ragplatf-ciliumga-56da93c17a-2adc9d09e1c34b13.elb.eu-central-1.amazonaws.com/api/v1/query\": dial: i/o timeout"
time="2026-09-05T15:57:17+02:00" level=warning msg="Request Failed" error="Post \"http://k8s-ragplatf-ciliumga-56da93c17a-2adc9d09e1c34b13.elb.eu-central-1.amazonaws.com/api/v1/query\": dial: i/o timeout"
time="2026-09-05T15:57:17+02:00" level=warning msg="Request Failed" error="Post \"http://k8s-ragplatf-ciliumga-56da93c17a-2adc9d09e1c34b13.elb.eu-central-1.amazonaws.com/api/v1/query\": dial: i/o timeout"
time="2026-09-05T15:57:17+02:00" level=warning msg="Request Failed" error="Post \"http://k8s-ragplatf-ciliumga-56da93c17a-2adc9d09e1c34b13.elb.eu-central-1.amazonaws.com/api/v1/query\": dial: i/o timeout"
time="2026-09-05T15:57:17+02:00" level=warning msg="Request Failed" error="Post \"http://k8s-ragplatf-ciliumga-56da93c17a-2adc9d09e1c34b13.elb.eu-central-1.amazonaws.com/api/v1/query\": dial: i/o timeout"
time="2026-09-05T15:57:17+02:00" level=warning msg="Request Failed" error="Post \"http://k8s-ragplatf-ciliumga-56da93c17a-2adc9d09e1c34b13.elb.eu-central-1.amazonaws.com/api/v1/query\": dial: i/o timeout"
time="2026-09-05T15:57:17+02:00" level=warning msg="Request Failed" error="Post \"http://k8s-ragplatf-ciliumga-56da93c17a-2adc9d09e1c34b13.elb.eu-central-1.amazonaws.com/api/v1/query\": dial: i/o timeout"
time="2026-09-05T15:57:17+02:00" level=warning msg="Request Failed" error="Post \"http://k8s-ragplatf-ciliumga-56da93c17a-2adc9d09e1c34b13.elb.eu-central-1.amazonaws.com/api/v1/query\": dial: i/o timeout"
time="2026-09-05T15:57:17+02:00" level=warning msg="Request Failed" error="Post \"http://k8s-ragplatf-ciliumga-56da93c17a-2adc9d09e1c34b13.elb.eu-central-1.amazonaws.com/api/v1/query\": dial: i/o timeout"
time="2026-09-05T15:57:17+02:00" level=warning msg="Request Failed" error="Post \"http://k8s-ragplatf-ciliumga-56da93c17a-2adc9d09e1c34b13.elb.eu-central-1.amazonaws.com/api/v1/query\": dial: i/o timeout"
time="2026-09-05T15:57:17+02:00" level=warning msg="Request Failed" error="Post \"http://k8s-ragplatf-ciliumga-56da93c17a-2adc9d09e1c34b13.elb.eu-central-1.amazonaws.com/api/v1/query\": dial: i/o timeout"
time="2026-09-05T15:57:17+02:00" level=warning msg="Request Failed" error="Post \"http://k8s-ragplatf-ciliumga-56da93c17a-2adc9d09e1c34b13.elb.eu-central-1.amazonaws.com/api/v1/query\": dial: i/o timeout"
time="2026-09-05T15:57:17+02:00" level=warning msg="Request Failed" error="Post \"http://k8s-ragplatf-ciliumga-56da93c17a-2adc9d09e1c34b13.elb.eu-central-1.amazonaws.com/api/v1/query\": dial: i/o timeout"
time="2026-09-05T15:57:17+02:00" level=warning msg="Request Failed" error="Post \"http://k8s-ragplatf-ciliumga-56da93c17a-2adc9d09e1c34b13.elb.eu-central-1.amazonaws.com/api/v1/query\": dial: i/o timeout"
time="2026-09-05T15:57:17+02:00" level=warning msg="Request Failed" error="Post \"http://k8s-ragplatf-ciliumga-56da93c17a-2adc9d09e1c34b13.elb.eu-central-1.amazonaws.com/api/v1/query\": dial: i/o timeout"
time="2026-09-05T15:57:17+02:00" level=warning msg="Request Failed" error="Post \"http://k8s-ragplatf-ciliumga-56da93c17a-2adc9d09e1c34b13.elb.eu-central-1.amazonaws.com/api/v1/query\": dial: i/o timeout"
time="2026-09-05T15:57:17+02:00" level=warning msg="Request Failed" error="Post \"http://k8s-ragplatf-ciliumga-56da93c17a-2adc9d09e1c34b13.elb.eu-central-1.amazonaws.com/api/v1/query\": dial: i/o timeout"
time="2026-09-05T15:57:17+02:00" level=warning msg="Request Failed" error="Post \"http://k8s-ragplatf-ciliumga-56da93c17a-2adc9d09e1c34b13.elb.eu-central-1.amazonaws.com/api/v1/query\": dial: i/o timeout"
time="2026-09-05T15:57:17+02:00" level=warning msg="Request Failed" error="Post \"http://k8s-ragplatf-ciliumga-56da93c17a-2adc9d09e1c34b13.elb.eu-central-1.amazonaws.com/api/v1/query\": dial: i/o timeout"
time="2026-09-05T15:57:17+02:00" level=warning msg="Request Failed" error="Post \"http://k8s-ragplatf-ciliumga-56da93c17a-2adc9d09e1c34b13.elb.eu-central-1.amazonaws.com/api/v1/query\": dial: i/o timeout"
time="2026-09-05T15:57:17+02:00" level=warning msg="Request Failed" error="Post \"http://k8s-ragplatf-ciliumga-56da93c17a-2adc9d09e1c34b13.elb.eu-central-1.amazonaws.com/api/v1/query\": dial: i/o timeout"
time="2026-09-05T15:57:17+02:00" level=warning msg="Request Failed" error="Post \"http://k8s-ragplatf-ciliumga-56da93c17a-2adc9d09e1c34b13.elb.eu-central-1.amazonaws.com/api/v1/query\": dial: i/o timeout"
time="2026-09-05T15:57:17+02:00" level=warning msg="Request Failed" error="Post \"http://k8s-ragplatf-ciliumga-56da93c17a-2adc9d09e1c34b13.elb.eu-central-1.amazonaws.com/api/v1/query\": dial: i/o timeout"
time="2026-09-05T15:57:18+02:00" level=warning msg="Request Failed" error="Post \"http://k8s-ragplatf-ciliumga-56da93c17a-2adc9d09e1c34b13.elb.eu-central-1.amazonaws.com/api/v1/query\": dial: i/o timeout"
time="2026-09-05T15:57:18+02:00" level=warning msg="Request Failed" error="Post \"http://k8s-ragplatf-ciliumga-56da93c17a-2adc9d09e1c34b13.elb.eu-central-1.amazonaws.com/api/v1/query\": dial: i/o timeout"
time="2026-09-05T15:57:18+02:00" level=warning msg="Request Failed" error="Post \"http://k8s-ragplatf-ciliumga-56da93c17a-2adc9d09e1c34b13.elb.eu-central-1.amazonaws.com/api/v1/query\": dial: i/o timeout"

running (03m41.9s), 1140/2500 VUs, 77765 complete and 0 interrupted iterations
constant_load   [  37% ] 1140/2500 VUs  03m41.9s/10m0s  500.00 iters/s
time="2026-09-05T15:57:18+02:00" level=warning msg="Request Failed" error="Post \"http://k8s-ragplatf-ciliumga-56da93c17a-2adc9d09e1c34b13.elb.eu-central-1.amazonaws.com/api/v1/query\": dial: i/o timeout"
time="2026-09-05T15:57:18+02:00" level=warning msg="Request Failed" error="Post \"http://k8s-ragplatf-ciliumga-56da93c17a-2adc9d09e1c34b13.elb.eu-central-1.amazonaws.com/api/v1/query\": dial: i/o timeout"
time="2026-09-05T15:57:18+02:00" level=warning msg="Request Failed" error="Post \"http://k8s-ragplatf-ciliumga-56da93c17a-2adc9d09e1c34b13.elb.eu-central-1.amazonaws.com/api/v1/query\": dial: i/o timeout"
time="2026-09-05T15:57:18+02:00" level=warning msg="Request Failed" error="Post \"http://k8s-ragplatf-ciliumga-56da93c17a-2adc9d09e1c34b13.elb.eu-central-1.amazonaws.com/api/v1/query\": dial: i/o timeout"
time="2026-09-05T15:57:18+02:00" level=warning msg="Request Failed" error="Post \"http://k8s-ragplatf-ciliumga-56da93c17a-2adc9d09e1c34b13.elb.eu-central-1.amazonaws.com/api/v1/query\": dial: i/o timeout"
time="2026-09-05T15:57:18+02:00" level=warning msg="Request Failed" error="Post \"http://k8s-ragplatf-ciliumga-56da93c17a-2adc9d09e1c34b13.elb.eu-central-1.amazonaws.com/api/v1/query\": dial: i/o timeout"
time="2026-09-05T15:57:18+02:00" level=warning msg="Request Failed" error="Post \"http://k8s-ragplatf-ciliumga-56da93c17a-2adc9d09e1c34b13.elb.eu-central-1.amazonaws.com/api/v1/query\": dial: i/o timeout"
time="2026-09-05T15:57:18+02:00" level=warning msg="Request Failed" error="Post \"http://k8s-ragplatf-ciliumga-56da93c17a-2adc9d09e1c34b13.elb.eu-central-1.amazonaws.com/api/v1/query\": dial: i/o timeout"
time="2026-09-05T15:57:18+02:00" level=warning msg="Request Failed" error="Post \"http://k8s-ragplatf-ciliumga-56da93c17a-2adc9d09e1c34b13.elb.eu-central-1.amazonaws.com/api/v1/query\": dial: i/o timeout"
time="2026-09-05T15:57:18+02:00" level=warning msg="Request Failed" error="Post \"http://k8s-ragplatf-ciliumga-56da93c17a-2adc9d09e1c34b13.elb.eu-central-1.amazonaws.com/api/v1/query\": dial: i/o timeout"
time="2026-09-05T15:57:18+02:00" level=warning msg="Request Failed" error="Post \"http://k8s-ragplatf-ciliumga-56da93c17a-2adc9d09e1c34b13.elb.eu-central-1.amazonaws.com/api/v1/query\": dial: i/o timeout"
time="2026-09-05T15:57:18+02:00" level=warning msg="Request Failed" error="Post \"http://k8s-ragplatf-ciliumga-56da93c17a-2adc9d09e1c34b13.elb.eu-central-1.amazonaws.com/api/v1/query\": dial: i/o timeout"
time="2026-09-05T15:57:18+02:00" level=warning msg="Request Failed" error="Post \"http://k8s-ragplatf-ciliumga-56da93c17a-2adc9d09e1c34b13.elb.eu-central-1.amazonaws.com/api/v1/query\": dial: i/o timeout"
time="2026-09-05T15:57:18+02:00" level=warning msg="Request Failed" error="Post \"http://k8s-ragplatf-ciliumga-56da93c17a-2adc9d09e1c34b13.elb.eu-central-1.amazonaws.com/api/v1/query\": dial: i/o timeout"
time="2026-09-05T15:57:18+02:00" level=warning msg="Request Failed" error="Post \"http://k8s-ragplatf-ciliumga-56da93c17a-2adc9d09e1c34b13.elb.eu-central-1.amazonaws.com/api/v1/query\": dial: i/o timeout"
time="2026-09-05T15:57:18+02:00" level=warning msg="Request Failed" error="Post \"http://k8s-ragplatf-ciliumga-56da93c17a-2adc9d09e1c34b13.elb.eu-central-1.amazonaws.com/api/v1/query\": dial: i/o timeout"
time="2026-09-05T15:57:18+02:00" level=warning msg="Request Failed" error="Post \"http://k8s-ragplatf-ciliumga-56da93c17a-2adc9d09e1c34b13.elb.eu-central-1.amazonaws.com/api/v1/query\": dial: i/o timeout"
time="2026-09-05T15:57:18+02:00" level=warning msg="Request Failed" error="Post \"http://k8s-ragplatf-ciliumga-56da93c17a-2adc9d09e1c34b13.elb.eu-central-1.amazonaws.com/api/v1/query\": dial: i/o timeout"
time="2026-09-05T15:57:18+02:00" level=warning msg="Request Failed" error="Post \"http://k8s-ragplatf-ciliumga-56da93c17a-2adc9d09e1c34b13.elb.eu-central-1.amazonaws.com/api/v1/query\": dial: i/o timeout"
time="2026-09-05T15:57:19+02:00" level=warning msg="Request Failed" error="Post \"http://k8s-ragplatf-ciliumga-56da93c17a-2adc9d09e1c34b13.elb.eu-central-1.amazonaws.com/api/v1/query\": dial: i/o timeout"

running (03m42.9s), 1189/2500 VUs, 78216 complete and 0 interrupted iterations
constant_load   [  37% ] 1189/2500 VUs  03m42.9s/10m0s  500.00 iters/s

running (03m43.9s), 1149/2500 VUs, 78756 complete and 0 interrupted iterations
constant_load   [  37% ] 1149/2500 VUs  03m43.9s/10m0s  500.00 iters/s

running (03m44.9s), 1157/2500 VUs, 79247 complete and 0 interrupted iterations
constant_load   [  37% ] 1157/2500 VUs  03m44.9s/10m0s  500.00 iters/s
time="2026-09-05T15:57:21+02:00" level=warning msg="Request Failed" error="Post \"http://k8s-ragplatf-ciliumga-56da93c17a-2adc9d09e1c34b13.elb.eu-central-1.amazonaws.com/api/v1/query\": dial: i/o timeout"
time="2026-09-05T15:57:21+02:00" level=warning msg="Request Failed" error="Post \"http://k8s-ragplatf-ciliumga-56da93c17a-2adc9d09e1c34b13.elb.eu-central-1.amazonaws.com/api/v1/query\": dial: i/o timeout"
time="2026-09-05T15:57:21+02:00" level=warning msg="Request Failed" error="Post \"http://k8s-ragplatf-ciliumga-56da93c17a-2adc9d09e1c34b13.elb.eu-central-1.amazonaws.com/api/v1/query\": dial: i/o timeout"
time="2026-09-05T15:57:21+02:00" level=warning msg="Request Failed" error="Post \"http://k8s-ragplatf-ciliumga-56da93c17a-2adc9d09e1c34b13.elb.eu-central-1.amazonaws.com/api/v1/query\": dial: i/o timeout"
time="2026-09-05T15:57:21+02:00" level=warning msg="Request Failed" error="Post \"http://k8s-ragplatf-ciliumga-56da93c17a-2adc9d09e1c34b13.elb.eu-central-1.amazonaws.com/api/v1/query\": dial: i/o timeout"
time="2026-09-05T15:57:21+02:00" level=warning msg="Request Failed" error="Post \"http://k8s-ragplatf-ciliumga-56da93c17a-2adc9d09e1c34b13.elb.eu-central-1.amazonaws.com/api/v1/query\": dial: i/o timeout"
time="2026-09-05T15:57:21+02:00" level=warning msg="Request Failed" error="Post \"http://k8s-ragplatf-ciliumga-56da93c17a-2adc9d09e1c34b13.elb.eu-central-1.amazonaws.com/api/v1/query\": dial: i/o timeout"
time="2026-09-05T15:57:21+02:00" level=warning msg="Request Failed" error="Post \"http://k8s-ragplatf-ciliumga-56da93c17a-2adc9d09e1c34b13.elb.eu-central-1.amazonaws.com/api/v1/query\": dial: i/o timeout"
time="2026-09-05T15:57:21+02:00" level=warning msg="Request Failed" error="Post \"http://k8s-ragplatf-ciliumga-56da93c17a-2adc9d09e1c34b13.elb.eu-central-1.amazonaws.com/api/v1/query\": dial: i/o timeout"
time="2026-09-05T15:57:21+02:00" level=warning msg="Request Failed" error="Post \"http://k8s-ragplatf-ciliumga-56da93c17a-2adc9d09e1c34b13.elb.eu-central-1.amazonaws.com/api/v1/query\": dial: i/o timeout"
time="2026-09-05T15:57:22+02:00" level=warning msg="Request Failed" error="Post \"http://k8s-ragplatf-ciliumga-56da93c17a-2adc9d09e1c34b13.elb.eu-central-1.amazonaws.com/api/v1/query\": dial: i/o timeout"
time="2026-09-05T15:57:22+02:00" level=warning msg="Request Failed" error="Post \"http://k8s-ragplatf-ciliumga-56da93c17a-2adc9d09e1c34b13.elb.eu-central-1.amazonaws.com/api/v1/query\": dial: i/o timeout"
time="2026-09-05T15:57:22+02:00" level=warning msg="Request Failed" error="Post \"http://k8s-ragplatf-ciliumga-56da93c17a-2adc9d09e1c34b13.elb.eu-central-1.amazonaws.com/api/v1/query\": dial: i/o timeout"
time="2026-09-05T15:57:22+02:00" level=warning msg="Request Failed" error="Post \"http://k8s-ragplatf-ciliumga-56da93c17a-2adc9d09e1c34b13.elb.eu-central-1.amazonaws.com/api/v1/query\": dial: i/o timeout"
time="2026-09-05T15:57:22+02:00" level=warning msg="Request Failed" error="Post \"http://k8s-ragplatf-ciliumga-56da93c17a-2adc9d09e1c34b13.elb.eu-central-1.amazonaws.com/api/v1/query\": dial: i/o timeout"
time="2026-09-05T15:57:22+02:00" level=warning msg="Request Failed" error="Post \"http://k8s-ragplatf-ciliumga-56da93c17a-2adc9d09e1c34b13.elb.eu-central-1.amazonaws.com/api/v1/query\": dial: i/o timeout"

running (03m45.9s), 1177/2500 VUs, 79728 complete and 0 interrupted iterations
constant_load   [  38% ] 1177/2500 VUs  03m45.9s/10m0s  500.00 iters/s

running (03m46.9s), 1189/2500 VUs, 80216 complete and 0 interrupted iterations
constant_load   [  38% ] 1189/2500 VUs  03m46.9s/10m0s  500.00 iters/s
time="2026-09-05T15:57:23+02:00" level=warning msg="Request Failed" error="Post \"http://k8s-ragplatf-ciliumga-56da93c17a-2adc9d09e1c34b13.elb.eu-central-1.amazonaws.com/api/v1/query\": dial: i/o timeout"

running (03m47.9s), 1244/2500 VUs, 80661 complete and 0 interrupted iterations
constant_load   [  38% ] 1244/2500 VUs  03m47.9s/10m0s  500.00 iters/s
time="2026-09-05T15:57:24+02:00" level=warning msg="Request Failed" error="Post \"http://k8s-ragplatf-ciliumga-56da93c17a-2adc9d09e1c34b13.elb.eu-central-1.amazonaws.com/api/v1/query\": dial: i/o timeout"

running (03m48.9s), 1279/2500 VUs, 81126 complete and 0 interrupted iterations
constant_load   [  38% ] 1279/2500 VUs  03m48.9s/10m0s  500.00 iters/s

running (03m49.9s), 1241/2500 VUs, 81664 complete and 0 interrupted iterations
constant_load   [  38% ] 1241/2500 VUs  03m49.9s/10m0s  500.00 iters/s

running (03m50.9s), 1296/2500 VUs, 82109 complete and 0 interrupted iterations
constant_load   [  38% ] 1296/2500 VUs  03m50.9s/10m0s  500.00 iters/s
time="2026-09-05T15:57:27+02:00" level=warning msg="Request Failed" error="Post \"http://k8s-ragplatf-ciliumga-56da93c17a-2adc9d09e1c34b13.elb.eu-central-1.amazonaws.com/api/v1/query\": dial: i/o timeout"

running (03m51.9s), 1272/2500 VUs, 82633 complete and 0 interrupted iterations
constant_load   [  39% ] 1272/2500 VUs  03m51.9s/10m0s  500.00 iters/s

running (03m52.9s), 1268/2500 VUs, 83137 complete and 0 interrupted iterations
constant_load   [  39% ] 1268/2500 VUs  03m52.9s/10m0s  500.00 iters/s
time="2026-09-05T15:57:29+02:00" level=warning msg="Request Failed" error="Post \"http://k8s-ragplatf-ciliumga-56da93c17a-2adc9d09e1c34b13.elb.eu-central-1.amazonaws.com/api/v1/query\": dial: i/o timeout"

running (03m53.9s), 1266/2500 VUs, 83638 complete and 0 interrupted iterations
constant_load   [  39% ] 1266/2500 VUs  03m53.9s/10m0s  500.00 iters/s

running (03m54.9s), 1230/2500 VUs, 84175 complete and 0 interrupted iterations
constant_load   [  39% ] 1230/2500 VUs  03m54.9s/10m0s  500.00 iters/s
time="2026-09-05T15:57:31+02:00" level=warning msg="Request Failed" error="Post \"http://k8s-ragplatf-ciliumga-56da93c17a-2adc9d09e1c34b13.elb.eu-central-1.amazonaws.com/api/v1/query\": dial: i/o timeout"

running (03m55.9s), 1270/2500 VUs, 84635 complete and 0 interrupted iterations
constant_load   [  39% ] 1270/2500 VUs  03m55.9s/10m0s  500.00 iters/s

running (03m56.9s), 1406/2500 VUs, 84999 complete and 0 interrupted iterations
constant_load   [  39% ] 1406/2500 VUs  03m56.9s/10m0s  500.00 iters/s

running (03m57.9s), 1243/2500 VUs, 85663 complete and 0 interrupted iterations
constant_load   [  40% ] 1243/2500 VUs  03m57.9s/10m0s  500.00 iters/s
time="2026-09-05T15:57:34+02:00" level=warning msg="Request Failed" error="Post \"http://k8s-ragplatf-ciliumga-56da93c17a-2adc9d09e1c34b13.elb.eu-central-1.amazonaws.com/api/v1/query\": dial: i/o timeout"
time="2026-09-05T15:57:34+02:00" level=warning msg="Request Failed" error="Post \"http://k8s-ragplatf-ciliumga-56da93c17a-2adc9d09e1c34b13.elb.eu-central-1.amazonaws.com/api/v1/query\": dial: i/o timeout"

running (03m58.9s), 1380/2500 VUs, 86024 complete and 0 interrupted iterations
constant_load   [  40% ] 1380/2500 VUs  03m58.9s/10m0s  500.00 iters/s

running (03m59.9s), 1290/2500 VUs, 86615 complete and 0 interrupted iterations
constant_load   [  40% ] 1290/2500 VUs  03m59.9s/10m0s  500.00 iters/s

running (04m00.9s), 1247/2500 VUs, 87158 complete and 0 interrupted iterations
constant_load   [  40% ] 1247/2500 VUs  04m00.9s/10m0s  500.00 iters/s
time="2026-09-05T15:57:37+02:00" level=warning msg="Request Failed" error="Post \"http://k8s-ragplatf-ciliumga-56da93c17a-2adc9d09e1c34b13.elb.eu-central-1.amazonaws.com/api/v1/query\": dial: i/o timeout"
time="2026-09-05T15:57:37+02:00" level=warning msg="Request Failed" error="Post \"http://k8s-ragplatf-ciliumga-56da93c17a-2adc9d09e1c34b13.elb.eu-central-1.amazonaws.com/api/v1/query\": dial: i/o timeout"
time="2026-09-05T15:57:37+02:00" level=warning msg="Request Failed" error="Post \"http://k8s-ragplatf-ciliumga-56da93c17a-2adc9d09e1c34b13.elb.eu-central-1.amazonaws.com/api/v1/query\": dial: i/o timeout"
time="2026-09-05T15:57:37+02:00" level=warning msg="Request Failed" error="Post \"http://k8s-ragplatf-ciliumga-56da93c17a-2adc9d09e1c34b13.elb.eu-central-1.amazonaws.com/api/v1/query\": dial: i/o timeout"
time="2026-09-05T15:57:37+02:00" level=warning msg="Request Failed" error="Post \"http://k8s-ragplatf-ciliumga-56da93c17a-2adc9d09e1c34b13.elb.eu-central-1.amazonaws.com/api/v1/query\": dial: i/o timeout"
time="2026-09-05T15:57:37+02:00" level=warning msg="Request Failed" error="Post \"http://k8s-ragplatf-ciliumga-56da93c17a-2adc9d09e1c34b13.elb.eu-central-1.amazonaws.com/api/v1/query\": dial: i/o timeout"
time="2026-09-05T15:57:37+02:00" level=warning msg="Request Failed" error="Post \"http://k8s-ragplatf-ciliumga-56da93c17a-2adc9d09e1c34b13.elb.eu-central-1.amazonaws.com/api/v1/query\": dial: i/o timeout"
time="2026-09-05T15:57:37+02:00" level=warning msg="Request Failed" error="Post \"http://k8s-ragplatf-ciliumga-56da93c17a-2adc9d09e1c34b13.elb.eu-central-1.amazonaws.com/api/v1/query\": dial: i/o timeout"
time="2026-09-05T15:57:37+02:00" level=warning msg="Request Failed" error="Post \"http://k8s-ragplatf-ciliumga-56da93c17a-2adc9d09e1c34b13.elb.eu-central-1.amazonaws.com/api/v1/query\": dial: i/o timeout"
time="2026-09-05T15:57:37+02:00" level=warning msg="Request Failed" error="Post \"http://k8s-ragplatf-ciliumga-56da93c17a-2adc9d09e1c34b13.elb.eu-central-1.amazonaws.com/api/v1/query\": dial: i/o timeout"
time="2026-09-05T15:57:37+02:00" level=warning msg="Request Failed" error="Post \"http://k8s-ragplatf-ciliumga-56da93c17a-2adc9d09e1c34b13.elb.eu-central-1.amazonaws.com/api/v1/query\": dial: i/o timeout"
time="2026-09-05T15:57:37+02:00" level=warning msg="Request Failed" error="Post \"http://k8s-ragplatf-ciliumga-56da93c17a-2adc9d09e1c34b13.elb.eu-central-1.amazonaws.com/api/v1/query\": dial: i/o timeout"
time="2026-09-05T15:57:37+02:00" level=warning msg="Request Failed" error="Post \"http://k8s-ragplatf-ciliumga-56da93c17a-2adc9d09e1c34b13.elb.eu-central-1.amazonaws.com/api/v1/query\": dial: i/o timeout"
time="2026-09-05T15:57:37+02:00" level=warning msg="Request Failed" error="Post \"http://k8s-ragplatf-ciliumga-56da93c17a-2adc9d09e1c34b13.elb.eu-central-1.amazonaws.com/api/v1/query\": dial: i/o timeout"
time="2026-09-05T15:57:37+02:00" level=warning msg="Request Failed" error="Post \"http://k8s-ragplatf-ciliumga-56da93c17a-2adc9d09e1c34b13.elb.eu-central-1.amazonaws.com/api/v1/query\": dial: i/o timeout"
time="2026-09-05T15:57:37+02:00" level=warning msg="Request Failed" error="Post \"http://k8s-ragplatf-ciliumga-56da93c17a-2adc9d09e1c34b13.elb.eu-central-1.amazonaws.com/api/v1/query\": dial: i/o timeout"
time="2026-09-05T15:57:37+02:00" level=warning msg="Request Failed" error="Post \"http://k8s-ragplatf-ciliumga-56da93c17a-2adc9d09e1c34b13.elb.eu-central-1.amazonaws.com/api/v1/query\": dial: i/o timeout"
time="2026-09-05T15:57:37+02:00" level=warning msg="Request Failed" error="Post \"http://k8s-ragplatf-ciliumga-56da93c17a-2adc9d09e1c34b13.elb.eu-central-1.amazonaws.com/api/v1/query\": dial: i/o timeout"
time="2026-09-05T15:57:37+02:00" level=warning msg="Request Failed" error="Post \"http://k8s-ragplatf-ciliumga-56da93c17a-2adc9d09e1c34b13.elb.eu-central-1.amazonaws.com/api/v1/query\": dial: i/o timeout"
time="2026-09-05T15:57:37+02:00" level=warning msg="Request Failed" error="Post \"http://k8s-ragplatf-ciliumga-56da93c17a-2adc9d09e1c34b13.elb.eu-central-1.amazonaws.com/api/v1/query\": dial: i/o timeout"
time="2026-09-05T15:57:37+02:00" level=warning msg="Request Failed" error="Post \"http://k8s-ragplatf-ciliumga-56da93c17a-2adc9d09e1c34b13.elb.eu-central-1.amazonaws.com/api/v1/query\": dial: i/o timeout"
time="2026-09-05T15:57:37+02:00" level=warning msg="Request Failed" error="Post \"http://k8s-ragplatf-ciliumga-56da93c17a-2adc9d09e1c34b13.elb.eu-central-1.amazonaws.com/api/v1/query\": dial: i/o timeout"
time="2026-09-05T15:57:37+02:00" level=warning msg="Request Failed" error="Post \"http://k8s-ragplatf-ciliumga-56da93c17a-2adc9d09e1c34b13.elb.eu-central-1.amazonaws.com/api/v1/query\": dial: i/o timeout"
time="2026-09-05T15:57:38+02:00" level=warning msg="Request Failed" error="Post \"http://k8s-ragplatf-ciliumga-56da93c17a-2adc9d09e1c34b13.elb.eu-central-1.amazonaws.com/api/v1/query\": dial: i/o timeout"
time="2026-09-05T15:57:38+02:00" level=warning msg="Request Failed" error="Post \"http://k8s-ragplatf-ciliumga-56da93c17a-2adc9d09e1c34b13.elb.eu-central-1.amazonaws.com/api/v1/query\": dial: i/o timeout"
time="2026-09-05T15:57:38+02:00" level=warning msg="Request Failed" error="Post \"http://k8s-ragplatf-ciliumga-56da93c17a-2adc9d09e1c34b13.elb.eu-central-1.amazonaws.com/api/v1/query\": dial: i/o timeout"
time="2026-09-05T15:57:38+02:00" level=warning msg="Request Failed" error="Post \"http://k8s-ragplatf-ciliumga-56da93c17a-2adc9d09e1c34b13.elb.eu-central-1.amazonaws.com/api/v1/query\": dial: i/o timeout"
time="2026-09-05T15:57:38+02:00" level=warning msg="Request Failed" error="Post \"http://k8s-ragplatf-ciliumga-56da93c17a-2adc9d09e1c34b13.elb.eu-central-1.amazonaws.com/api/v1/query\": dial: i/o timeout"

running (04m01.9s), 1366/2500 VUs, 87539 complete and 0 interrupted iterations
constant_load   [  40% ] 1366/2500 VUs  04m01.9s/10m0s  500.00 iters/s
time="2026-09-05T15:57:38+02:00" level=warning msg="Request Failed" error="Post \"http://k8s-ragplatf-ciliumga-56da93c17a-2adc9d09e1c34b13.elb.eu-central-1.amazonaws.com/api/v1/query\": dial: i/o timeout"
time="2026-09-05T15:57:38+02:00" level=warning msg="Request Failed" error="Post \"http://k8s-ragplatf-ciliumga-56da93c17a-2adc9d09e1c34b13.elb.eu-central-1.amazonaws.com/api/v1/query\": dial: i/o timeout"
time="2026-09-05T15:57:38+02:00" level=warning msg="Request Failed" error="Post \"http://k8s-ragplatf-ciliumga-56da93c17a-2adc9d09e1c34b13.elb.eu-central-1.amazonaws.com/api/v1/query\": dial: i/o timeout"
time="2026-09-05T15:57:38+02:00" level=warning msg="Request Failed" error="Post \"http://k8s-ragplatf-ciliumga-56da93c17a-2adc9d09e1c34b13.elb.eu-central-1.amazonaws.com/api/v1/query\": dial: i/o timeout"
time="2026-09-05T15:57:38+02:00" level=warning msg="Request Failed" error="Post \"http://k8s-ragplatf-ciliumga-56da93c17a-2adc9d09e1c34b13.elb.eu-central-1.amazonaws.com/api/v1/query\": dial: i/o timeout"
time="2026-09-05T15:57:38+02:00" level=warning msg="Request Failed" error="Post \"http://k8s-ragplatf-ciliumga-56da93c17a-2adc9d09e1c34b13.elb.eu-central-1.amazonaws.com/api/v1/query\": dial: i/o timeout"
time="2026-09-05T15:57:38+02:00" level=warning msg="Request Failed" error="Post \"http://k8s-ragplatf-ciliumga-56da93c17a-2adc9d09e1c34b13.elb.eu-central-1.amazonaws.com/api/v1/query\": dial: i/o timeout"
time="2026-09-05T15:57:38+02:00" level=warning msg="Request Failed" error="Post \"http://k8s-ragplatf-ciliumga-56da93c17a-2adc9d09e1c34b13.elb.eu-central-1.amazonaws.com/api/v1/query\": dial: i/o timeout"
time="2026-09-05T15:57:38+02:00" level=warning msg="Request Failed" error="Post \"http://k8s-ragplatf-ciliumga-56da93c17a-2adc9d09e1c34b13.elb.eu-central-1.amazonaws.com/api/v1/query\": dial: i/o timeout"
time="2026-09-05T15:57:38+02:00" level=warning msg="Request Failed" error="Post \"http://k8s-ragplatf-ciliumga-56da93c17a-2adc9d09e1c34b13.elb.eu-central-1.amazonaws.com/api/v1/query\": dial: i/o timeout"
time="2026-09-05T15:57:38+02:00" level=warning msg="Request Failed" error="Post \"http://k8s-ragplatf-ciliumga-56da93c17a-2adc9d09e1c34b13.elb.eu-central-1.amazonaws.com/api/v1/query\": dial: i/o timeout"
time="2026-09-05T15:57:38+02:00" level=warning msg="Request Failed" error="Post \"http://k8s-ragplatf-ciliumga-56da93c17a-2adc9d09e1c34b13.elb.eu-central-1.amazonaws.com/api/v1/query\": dial: i/o timeout"
time="2026-09-05T15:57:38+02:00" level=warning msg="Request Failed" error="Post \"http://k8s-ragplatf-ciliumga-56da93c17a-2adc9d09e1c34b13.elb.eu-central-1.amazonaws.com/api/v1/query\": dial: i/o timeout"
time="2026-09-05T15:57:38+02:00" level=warning msg="Request Failed" error="Post \"http://k8s-ragplatf-ciliumga-56da93c17a-2adc9d09e1c34b13.elb.eu-central-1.amazonaws.com/api/v1/query\": dial: i/o timeout"
time="2026-09-05T15:57:38+02:00" level=warning msg="Request Failed" error="Post \"http://k8s-ragplatf-ciliumga-56da93c17a-2adc9d09e1c34b13.elb.eu-central-1.amazonaws.com/api/v1/query\": dial: i/o timeout"
time="2026-09-05T15:57:38+02:00" level=warning msg="Request Failed" error="Post \"http://k8s-ragplatf-ciliumga-56da93c17a-2adc9d09e1c34b13.elb.eu-central-1.amazonaws.com/api/v1/query\": dial: i/o timeout"
time="2026-09-05T15:57:38+02:00" level=warning msg="Request Failed" error="Post \"http://k8s-ragplatf-ciliumga-56da93c17a-2adc9d09e1c34b13.elb.eu-central-1.amazonaws.com/api/v1/query\": dial: i/o timeout"
time="2026-09-05T15:57:38+02:00" level=warning msg="Request Failed" error="Post \"http://k8s-ragplatf-ciliumga-56da93c17a-2adc9d09e1c34b13.elb.eu-central-1.amazonaws.com/api/v1/query\": dial: i/o timeout"
time="2026-09-05T15:57:38+02:00" level=warning msg="Request Failed" error="Post \"http://k8s-ragplatf-ciliumga-56da93c17a-2adc9d09e1c34b13.elb.eu-central-1.amazonaws.com/api/v1/query\": dial: i/o timeout"
time="2026-09-05T15:57:38+02:00" level=warning msg="Request Failed" error="Post \"http://k8s-ragplatf-ciliumga-56da93c17a-2adc9d09e1c34b13.elb.eu-central-1.amazonaws.com/api/v1/query\": dial: i/o timeout"
time="2026-09-05T15:57:38+02:00" level=warning msg="Request Failed" error="Post \"http://k8s-ragplatf-ciliumga-56da93c17a-2adc9d09e1c34b13.elb.eu-central-1.amazonaws.com/api/v1/query\": dial: i/o timeout"
time="2026-09-05T15:57:39+02:00" level=warning msg="Request Failed" error="Post \"http://k8s-ragplatf-ciliumga-56da93c17a-2adc9d09e1c34b13.elb.eu-central-1.amazonaws.com/api/v1/query\": dial: i/o timeout"
time="2026-09-05T15:57:39+02:00" level=warning msg="Request Failed" error="Post \"http://k8s-ragplatf-ciliumga-56da93c17a-2adc9d09e1c34b13.elb.eu-central-1.amazonaws.com/api/v1/query\": dial: i/o timeout"
time="2026-09-05T15:57:39+02:00" level=warning msg="Request Failed" error="Post \"http://k8s-ragplatf-ciliumga-56da93c17a-2adc9d09e1c34b13.elb.eu-central-1.amazonaws.com/api/v1/query\": dial: i/o timeout"
time="2026-09-05T15:57:39+02:00" level=warning msg="Request Failed" error="Post \"http://k8s-ragplatf-ciliumga-56da93c17a-2adc9d09e1c34b13.elb.eu-central-1.amazonaws.com/api/v1/query\": dial: i/o timeout"
time="2026-09-05T15:57:39+02:00" level=warning msg="Request Failed" error="Post \"http://k8s-ragplatf-ciliumga-56da93c17a-2adc9d09e1c34b13.elb.eu-central-1.amazonaws.com/api/v1/query\": dial: i/o timeout"

running (04m02.9s), 1494/2500 VUs, 87911 complete and 0 interrupted iterations
constant_load   [  40% ] 1494/2500 VUs  04m02.9s/10m0s  500.00 iters/s
time="2026-09-05T15:57:39+02:00" level=warning msg="Request Failed" error="Post \"http://k8s-ragplatf-ciliumga-56da93c17a-2adc9d09e1c34b13.elb.eu-central-1.amazonaws.com/api/v1/query\": dial: i/o timeout"
time="2026-09-05T15:57:39+02:00" level=warning msg="Request Failed" error="Post \"http://k8s-ragplatf-ciliumga-56da93c17a-2adc9d09e1c34b13.elb.eu-central-1.amazonaws.com/api/v1/query\": dial: i/o timeout"
time="2026-09-05T15:57:39+02:00" level=warning msg="Request Failed" error="Post \"http://k8s-ragplatf-ciliumga-56da93c17a-2adc9d09e1c34b13.elb.eu-central-1.amazonaws.com/api/v1/query\": dial: i/o timeout"
time="2026-09-05T15:57:39+02:00" level=warning msg="Request Failed" error="Post \"http://k8s-ragplatf-ciliumga-56da93c17a-2adc9d09e1c34b13.elb.eu-central-1.amazonaws.com/api/v1/query\": dial: i/o timeout"
time="2026-09-05T15:57:39+02:00" level=warning msg="Request Failed" error="Post \"http://k8s-ragplatf-ciliumga-56da93c17a-2adc9d09e1c34b13.elb.eu-central-1.amazonaws.com/api/v1/query\": dial: i/o timeout"
time="2026-09-05T15:57:39+02:00" level=warning msg="Request Failed" error="Post \"http://k8s-ragplatf-ciliumga-56da93c17a-2adc9d09e1c34b13.elb.eu-central-1.amazonaws.com/api/v1/query\": dial: i/o timeout"
time="2026-09-05T15:57:39+02:00" level=warning msg="Request Failed" error="Post \"http://k8s-ragplatf-ciliumga-56da93c17a-2adc9d09e1c34b13.elb.eu-central-1.amazonaws.com/api/v1/query\": dial: i/o timeout"
time="2026-09-05T15:57:39+02:00" level=warning msg="Request Failed" error="Post \"http://k8s-ragplatf-ciliumga-56da93c17a-2adc9d09e1c34b13.elb.eu-central-1.amazonaws.com/api/v1/query\": dial: i/o timeout"
time="2026-09-05T15:57:39+02:00" level=warning msg="Request Failed" error="Post \"http://k8s-ragplatf-ciliumga-56da93c17a-2adc9d09e1c34b13.elb.eu-central-1.amazonaws.com/api/v1/query\": dial: i/o timeout"
time="2026-09-05T15:57:39+02:00" level=warning msg="Request Failed" error="Post \"http://k8s-ragplatf-ciliumga-56da93c17a-2adc9d09e1c34b13.elb.eu-central-1.amazonaws.com/api/v1/query\": dial: i/o timeout"
time="2026-09-05T15:57:39+02:00" level=warning msg="Request Failed" error="Post \"http://k8s-ragplatf-ciliumga-56da93c17a-2adc9d09e1c34b13.elb.eu-central-1.amazonaws.com/api/v1/query\": dial: i/o timeout"
time="2026-09-05T15:57:39+02:00" level=warning msg="Request Failed" error="Post \"http://k8s-ragplatf-ciliumga-56da93c17a-2adc9d09e1c34b13.elb.eu-central-1.amazonaws.com/api/v1/query\": dial: i/o timeout"
time="2026-09-05T15:57:39+02:00" level=warning msg="Request Failed" error="Post \"http://k8s-ragplatf-ciliumga-56da93c17a-2adc9d09e1c34b13.elb.eu-central-1.amazonaws.com/api/v1/query\": dial: i/o timeout"
time="2026-09-05T15:57:39+02:00" level=warning msg="Request Failed" error="Post \"http://k8s-ragplatf-ciliumga-56da93c17a-2adc9d09e1c34b13.elb.eu-central-1.amazonaws.com/api/v1/query\": dial: i/o timeout"
time="2026-09-05T15:57:39+02:00" level=warning msg="Request Failed" error="Post \"http://k8s-ragplatf-ciliumga-56da93c17a-2adc9d09e1c34b13.elb.eu-central-1.amazonaws.com/api/v1/query\": dial: i/o timeout"
time="2026-09-05T15:57:39+02:00" level=warning msg="Request Failed" error="Post \"http://k8s-ragplatf-ciliumga-56da93c17a-2adc9d09e1c34b13.elb.eu-central-1.amazonaws.com/api/v1/query\": dial: i/o timeout"
time="2026-09-05T15:57:39+02:00" level=warning msg="Request Failed" error="Post \"http://k8s-ragplatf-ciliumga-56da93c17a-2adc9d09e1c34b13.elb.eu-central-1.amazonaws.com/api/v1/query\": dial: i/o timeout"
time="2026-09-05T15:57:39+02:00" level=warning msg="Request Failed" error="Post \"http://k8s-ragplatf-ciliumga-56da93c17a-2adc9d09e1c34b13.elb.eu-central-1.amazonaws.com/api/v1/query\": dial: i/o timeout"
time="2026-09-05T15:57:39+02:00" level=warning msg="Request Failed" error="Post \"http://k8s-ragplatf-ciliumga-56da93c17a-2adc9d09e1c34b13.elb.eu-central-1.amazonaws.com/api/v1/query\": dial: i/o timeout"
time="2026-09-05T15:57:39+02:00" level=warning msg="Request Failed" error="Post \"http://k8s-ragplatf-ciliumga-56da93c17a-2adc9d09e1c34b13.elb.eu-central-1.amazonaws.com/api/v1/query\": dial: i/o timeout"
time="2026-09-05T15:57:39+02:00" level=warning msg="Request Failed" error="Post \"http://k8s-ragplatf-ciliumga-56da93c17a-2adc9d09e1c34b13.elb.eu-central-1.amazonaws.com/api/v1/query\": dial: i/o timeout"
time="2026-09-05T15:57:39+02:00" level=warning msg="Request Failed" error="Post \"http://k8s-ragplatf-ciliumga-56da93c17a-2adc9d09e1c34b13.elb.eu-central-1.amazonaws.com/api/v1/query\": dial: i/o timeout"
time="2026-09-05T15:57:39+02:00" level=warning msg="Request Failed" error="Post \"http://k8s-ragplatf-ciliumga-56da93c17a-2adc9d09e1c34b13.elb.eu-central-1.amazonaws.com/api/v1/query\": dial: i/o timeout"
time="2026-09-05T15:57:39+02:00" level=warning msg="Request Failed" error="Post \"http://k8s-ragplatf-ciliumga-56da93c17a-2adc9d09e1c34b13.elb.eu-central-1.amazonaws.com/api/v1/query\": dial: i/o timeout"
time="2026-09-05T15:57:39+02:00" level=warning msg="Request Failed" error="Post \"http://k8s-ragplatf-ciliumga-56da93c17a-2adc9d09e1c34b13.elb.eu-central-1.amazonaws.com/api/v1/query\": dial: i/o timeout"
time="2026-09-05T15:57:39+02:00" level=warning msg="Request Failed" error="Post \"http://k8s-ragplatf-ciliumga-56da93c17a-2adc9d09e1c34b13.elb.eu-central-1.amazonaws.com/api/v1/query\": dial: i/o timeout"
time="2026-09-05T15:57:39+02:00" level=warning msg="Request Failed" error="Post \"http://k8s-ragplatf-ciliumga-56da93c17a-2adc9d09e1c34b13.elb.eu-central-1.amazonaws.com/api/v1/query\": dial: i/o timeout"
time="2026-09-05T15:57:39+02:00" level=warning msg="Request Failed" error="Post \"http://k8s-ragplatf-ciliumga-56da93c17a-2adc9d09e1c34b13.elb.eu-central-1.amazonaws.com/api/v1/query\": dial: i/o timeout"
time="2026-09-05T15:57:39+02:00" level=warning msg="Request Failed" error="Post \"http://k8s-ragplatf-ciliumga-56da93c17a-2adc9d09e1c34b13.elb.eu-central-1.amazonaws.com/api/v1/query\": dial: i/o timeout"
time="2026-09-05T15:57:39+02:00" level=warning msg="Request Failed" error="Post \"http://k8s-ragplatf-ciliumga-56da93c17a-2adc9d09e1c34b13.elb.eu-central-1.amazonaws.com/api/v1/query\": dial: i/o timeout"
time="2026-09-05T15:57:39+02:00" level=warning msg="Request Failed" error="Post \"http://k8s-ragplatf-ciliumga-56da93c17a-2adc9d09e1c34b13.elb.eu-central-1.amazonaws.com/api/v1/query\": dial: i/o timeout"
time="2026-09-05T15:57:39+02:00" level=warning msg="Request Failed" error="Post \"http://k8s-ragplatf-ciliumga-56da93c17a-2adc9d09e1c34b13.elb.eu-central-1.amazonaws.com/api/v1/query\": dial: i/o timeout"
time="2026-09-05T15:57:39+02:00" level=warning msg="Request Failed" error="Post \"http://k8s-ragplatf-ciliumga-56da93c17a-2adc9d09e1c34b13.elb.eu-central-1.amazonaws.com/api/v1/query\": dial: i/o timeout"
time="2026-09-05T15:57:39+02:00" level=warning msg="Request Failed" error="Post \"http://k8s-ragplatf-ciliumga-56da93c17a-2adc9d09e1c34b13.elb.eu-central-1.amazonaws.com/api/v1/query\": dial: i/o timeout"
time="2026-09-05T15:57:39+02:00" level=warning msg="Request Failed" error="Post \"http://k8s-ragplatf-ciliumga-56da93c17a-2adc9d09e1c34b13.elb.eu-central-1.amazonaws.com/api/v1/query\": dial: i/o timeout"
time="2026-09-05T15:57:39+02:00" level=warning msg="Request Failed" error="Post \"http://k8s-ragplatf-ciliumga-56da93c17a-2adc9d09e1c34b13.elb.eu-central-1.amazonaws.com/api/v1/query\": dial: i/o timeout"
time="2026-09-05T15:57:39+02:00" level=warning msg="Request Failed" error="Post \"http://k8s-ragplatf-ciliumga-56da93c17a-2adc9d09e1c34b13.elb.eu-central-1.amazonaws.com/api/v1/query\": dial: i/o timeout"
time="2026-09-05T15:57:39+02:00" level=warning msg="Request Failed" error="Post \"http://k8s-ragplatf-ciliumga-56da93c17a-2adc9d09e1c34b13.elb.eu-central-1.amazonaws.com/api/v1/query\": dial: i/o timeout"
time="2026-09-05T15:57:39+02:00" level=warning msg="Request Failed" error="Post \"http://k8s-ragplatf-ciliumga-56da93c17a-2adc9d09e1c34b13.elb.eu-central-1.amazonaws.com/api/v1/query\": dial: i/o timeout"
time="2026-09-05T15:57:39+02:00" level=warning msg="Request Failed" error="Post \"http://k8s-ragplatf-ciliumga-56da93c17a-2adc9d09e1c34b13.elb.eu-central-1.amazonaws.com/api/v1/query\": dial: i/o timeout"
time="2026-09-05T15:57:39+02:00" level=warning msg="Request Failed" error="Post \"http://k8s-ragplatf-ciliumga-56da93c17a-2adc9d09e1c34b13.elb.eu-central-1.amazonaws.com/api/v1/query\": dial: i/o timeout"
time="2026-09-05T15:57:39+02:00" level=warning msg="Request Failed" error="Post \"http://k8s-ragplatf-ciliumga-56da93c17a-2adc9d09e1c34b13.elb.eu-central-1.amazonaws.com/api/v1/query\": dial: i/o timeout"
time="2026-09-05T15:57:39+02:00" level=warning msg="Request Failed" error="Post \"http://k8s-ragplatf-ciliumga-56da93c17a-2adc9d09e1c34b13.elb.eu-central-1.amazonaws.com/api/v1/query\": dial: i/o timeout"
time="2026-09-05T15:57:39+02:00" level=warning msg="Request Failed" error="Post \"http://k8s-ragplatf-ciliumga-56da93c17a-2adc9d09e1c34b13.elb.eu-central-1.amazonaws.com/api/v1/query\": dial: i/o timeout"
time="2026-09-05T15:57:39+02:00" level=warning msg="Request Failed" error="Post \"http://k8s-ragplatf-ciliumga-56da93c17a-2adc9d09e1c34b13.elb.eu-central-1.amazonaws.com/api/v1/query\": dial: i/o timeout"
time="2026-09-05T15:57:39+02:00" level=warning msg="Request Failed" error="Post \"http://k8s-ragplatf-ciliumga-56da93c17a-2adc9d09e1c34b13.elb.eu-central-1.amazonaws.com/api/v1/query\": dial: i/o timeout"
time="2026-09-05T15:57:40+02:00" level=warning msg="Request Failed" error="Post \"http://k8s-ragplatf-ciliumga-56da93c17a-2adc9d09e1c34b13.elb.eu-central-1.amazonaws.com/api/v1/query\": dial: i/o timeout"
time="2026-09-05T15:57:40+02:00" level=warning msg="Request Failed" error="Post \"http://k8s-ragplatf-ciliumga-56da93c17a-2adc9d09e1c34b13.elb.eu-central-1.amazonaws.com/api/v1/query\": dial: i/o timeout"
time="2026-09-05T15:57:40+02:00" level=warning msg="Request Failed" error="Post \"http://k8s-ragplatf-ciliumga-56da93c17a-2adc9d09e1c34b13.elb.eu-central-1.amazonaws.com/api/v1/query\": dial: i/o timeout"
time="2026-09-05T15:57:40+02:00" level=warning msg="Request Failed" error="Post \"http://k8s-ragplatf-ciliumga-56da93c17a-2adc9d09e1c34b13.elb.eu-central-1.amazonaws.com/api/v1/query\": dial: i/o timeout"
time="2026-09-05T15:57:40+02:00" level=warning msg="Request Failed" error="Post \"http://k8s-ragplatf-ciliumga-56da93c17a-2adc9d09e1c34b13.elb.eu-central-1.amazonaws.com/api/v1/query\": dial: i/o timeout"
time="2026-09-05T15:57:40+02:00" level=warning msg="Request Failed" error="Post \"http://k8s-ragplatf-ciliumga-56da93c17a-2adc9d09e1c34b13.elb.eu-central-1.amazonaws.com/api/v1/query\": dial: i/o timeout"
time="2026-09-05T15:57:40+02:00" level=warning msg="Request Failed" error="Post \"http://k8s-ragplatf-ciliumga-56da93c17a-2adc9d09e1c34b13.elb.eu-central-1.amazonaws.com/api/v1/query\": dial: i/o timeout"
time="2026-09-05T15:57:40+02:00" level=warning msg="Request Failed" error="Post \"http://k8s-ragplatf-ciliumga-56da93c17a-2adc9d09e1c34b13.elb.eu-central-1.amazonaws.com/api/v1/query\": dial: i/o timeout"
time="2026-09-05T15:57:40+02:00" level=warning msg="Request Failed" error="Post \"http://k8s-ragplatf-ciliumga-56da93c17a-2adc9d09e1c34b13.elb.eu-central-1.amazonaws.com/api/v1/query\": dial: i/o timeout"
time="2026-09-05T15:57:40+02:00" level=warning msg="Request Failed" error="Post \"http://k8s-ragplatf-ciliumga-56da93c17a-2adc9d09e1c34b13.elb.eu-central-1.amazonaws.com/api/v1/query\": dial: i/o timeout"
time="2026-09-05T15:57:40+02:00" level=warning msg="Request Failed" error="Post \"http://k8s-ragplatf-ciliumga-56da93c17a-2adc9d09e1c34b13.elb.eu-central-1.amazonaws.com/api/v1/query\": dial: i/o timeout"
time="2026-09-05T15:57:40+02:00" level=warning msg="Request Failed" error="Post \"http://k8s-ragplatf-ciliumga-56da93c17a-2adc9d09e1c34b13.elb.eu-central-1.amazonaws.com/api/v1/query\": dial: i/o timeout"
time="2026-09-05T15:57:40+02:00" level=warning msg="Request Failed" error="Post \"http://k8s-ragplatf-ciliumga-56da93c17a-2adc9d09e1c34b13.elb.eu-central-1.amazonaws.com/api/v1/query\": dial: i/o timeout"
time="2026-09-05T15:57:40+02:00" level=warning msg="Request Failed" error="Post \"http://k8s-ragplatf-ciliumga-56da93c17a-2adc9d09e1c34b13.elb.eu-central-1.amazonaws.com/api/v1/query\": dial: i/o timeout"
time="2026-09-05T15:57:40+02:00" level=warning msg="Request Failed" error="Post \"http://k8s-ragplatf-ciliumga-56da93c17a-2adc9d09e1c34b13.elb.eu-central-1.amazonaws.com/api/v1/query\": dial: i/o timeout"
time="2026-09-05T15:57:40+02:00" level=warning msg="Request Failed" error="Post \"http://k8s-ragplatf-ciliumga-56da93c17a-2adc9d09e1c34b13.elb.eu-central-1.amazonaws.com/api/v1/query\": dial: i/o timeout"
time="2026-09-05T15:57:40+02:00" level=warning msg="Request Failed" error="Post \"http://k8s-ragplatf-ciliumga-56da93c17a-2adc9d09e1c34b13.elb.eu-central-1.amazonaws.com/api/v1/query\": dial: i/o timeout"
time="2026-09-05T15:57:40+02:00" level=warning msg="Request Failed" error="Post \"http://k8s-ragplatf-ciliumga-56da93c17a-2adc9d09e1c34b13.elb.eu-central-1.amazonaws.com/api/v1/query\": dial: i/o timeout"

running (04m03.9s), 1189/2500 VUs, 88716 complete and 0 interrupted iterations
constant_load   [  41% ] 1189/2500 VUs  04m03.9s/10m0s  500.00 iters/s
time="2026-09-05T15:57:40+02:00" level=warning msg="Request Failed" error="Post \"http://k8s-ragplatf-ciliumga-56da93c17a-2adc9d09e1c34b13.elb.eu-central-1.amazonaws.com/api/v1/query\": dial: i/o timeout"
time="2026-09-05T15:57:40+02:00" level=warning msg="Request Failed" error="Post \"http://k8s-ragplatf-ciliumga-56da93c17a-2adc9d09e1c34b13.elb.eu-central-1.amazonaws.com/api/v1/query\": dial: i/o timeout"
time="2026-09-05T15:57:40+02:00" level=warning msg="Request Failed" error="Post \"http://k8s-ragplatf-ciliumga-56da93c17a-2adc9d09e1c34b13.elb.eu-central-1.amazonaws.com/api/v1/query\": dial: i/o timeout"
time="2026-09-05T15:57:40+02:00" level=warning msg="Request Failed" error="Post \"http://k8s-ragplatf-ciliumga-56da93c17a-2adc9d09e1c34b13.elb.eu-central-1.amazonaws.com/api/v1/query\": dial: i/o timeout"
time="2026-09-05T15:57:40+02:00" level=warning msg="Request Failed" error="Post \"http://k8s-ragplatf-ciliumga-56da93c17a-2adc9d09e1c34b13.elb.eu-central-1.amazonaws.com/api/v1/query\": dial: i/o timeout"
time="2026-09-05T15:57:40+02:00" level=warning msg="Request Failed" error="Post \"http://k8s-ragplatf-ciliumga-56da93c17a-2adc9d09e1c34b13.elb.eu-central-1.amazonaws.com/api/v1/query\": dial: i/o timeout"
time="2026-09-05T15:57:40+02:00" level=warning msg="Request Failed" error="Post \"http://k8s-ragplatf-ciliumga-56da93c17a-2adc9d09e1c34b13.elb.eu-central-1.amazonaws.com/api/v1/query\": dial: i/o timeout"
time="2026-09-05T15:57:40+02:00" level=warning msg="Request Failed" error="Post \"http://k8s-ragplatf-ciliumga-56da93c17a-2adc9d09e1c34b13.elb.eu-central-1.amazonaws.com/api/v1/query\": dial: i/o timeout"
time="2026-09-05T15:57:40+02:00" level=warning msg="Request Failed" error="Post \"http://k8s-ragplatf-ciliumga-56da93c17a-2adc9d09e1c34b13.elb.eu-central-1.amazonaws.com/api/v1/query\": dial: i/o timeout"
time="2026-09-05T15:57:40+02:00" level=warning msg="Request Failed" error="Post \"http://k8s-ragplatf-ciliumga-56da93c17a-2adc9d09e1c34b13.elb.eu-central-1.amazonaws.com/api/v1/query\": dial: i/o timeout"
time="2026-09-05T15:57:40+02:00" level=warning msg="Request Failed" error="Post \"http://k8s-ragplatf-ciliumga-56da93c17a-2adc9d09e1c34b13.elb.eu-central-1.amazonaws.com/api/v1/query\": dial: i/o timeout"
time="2026-09-05T15:57:40+02:00" level=warning msg="Request Failed" error="Post \"http://k8s-ragplatf-ciliumga-56da93c17a-2adc9d09e1c34b13.elb.eu-central-1.amazonaws.com/api/v1/query\": dial: i/o timeout"
time="2026-09-05T15:57:40+02:00" level=warning msg="Request Failed" error="Post \"http://k8s-ragplatf-ciliumga-56da93c17a-2adc9d09e1c34b13.elb.eu-central-1.amazonaws.com/api/v1/query\": dial: i/o timeout"
time="2026-09-05T15:57:40+02:00" level=warning msg="Request Failed" error="Post \"http://k8s-ragplatf-ciliumga-56da93c17a-2adc9d09e1c34b13.elb.eu-central-1.amazonaws.com/api/v1/query\": dial: i/o timeout"

running (04m04.9s), 1337/2500 VUs, 89068 complete and 0 interrupted iterations
constant_load   [  41% ] 1337/2500 VUs  04m04.9s/10m0s  500.00 iters/s

running (04m05.9s), 1239/2500 VUs, 89666 complete and 0 interrupted iterations
constant_load   [  41% ] 1239/2500 VUs  04m05.9s/10m0s  500.00 iters/s
time="2026-09-05T15:57:42+02:00" level=warning msg="Request Failed" error="Post \"http://k8s-ragplatf-ciliumga-56da93c17a-2adc9d09e1c34b13.elb.eu-central-1.amazonaws.com/api/v1/query\": dial: i/o timeout"
time="2026-09-05T15:57:42+02:00" level=warning msg="Request Failed" error="Post \"http://k8s-ragplatf-ciliumga-56da93c17a-2adc9d09e1c34b13.elb.eu-central-1.amazonaws.com/api/v1/query\": dial: i/o timeout"
time="2026-09-05T15:57:43+02:00" level=warning msg="Request Failed" error="Post \"http://k8s-ragplatf-ciliumga-56da93c17a-2adc9d09e1c34b13.elb.eu-central-1.amazonaws.com/api/v1/query\": dial: i/o timeout"
time="2026-09-05T15:57:43+02:00" level=warning msg="Request Failed" error="Post \"http://k8s-ragplatf-ciliumga-56da93c17a-2adc9d09e1c34b13.elb.eu-central-1.amazonaws.com/api/v1/query\": dial: i/o timeout"
time="2026-09-05T15:57:43+02:00" level=warning msg="Request Failed" error="Post \"http://k8s-ragplatf-ciliumga-56da93c17a-2adc9d09e1c34b13.elb.eu-central-1.amazonaws.com/api/v1/query\": dial: i/o timeout"

running (04m06.9s), 1426/2500 VUs, 89979 complete and 0 interrupted iterations
constant_load   [  41% ] 1426/2500 VUs  04m06.9s/10m0s  500.00 iters/s
time="2026-09-05T15:57:43+02:00" level=warning msg="Request Failed" error="Post \"http://k8s-ragplatf-ciliumga-56da93c17a-2adc9d09e1c34b13.elb.eu-central-1.amazonaws.com/api/v1/query\": dial: i/o timeout"
time="2026-09-05T15:57:43+02:00" level=warning msg="Request Failed" error="Post \"http://k8s-ragplatf-ciliumga-56da93c17a-2adc9d09e1c34b13.elb.eu-central-1.amazonaws.com/api/v1/query\": dial: i/o timeout"
time="2026-09-05T15:57:43+02:00" level=warning msg="Request Failed" error="Post \"http://k8s-ragplatf-ciliumga-56da93c17a-2adc9d09e1c34b13.elb.eu-central-1.amazonaws.com/api/v1/query\": dial: i/o timeout"
time="2026-09-05T15:57:43+02:00" level=warning msg="Request Failed" error="Post \"http://k8s-ragplatf-ciliumga-56da93c17a-2adc9d09e1c34b13.elb.eu-central-1.amazonaws.com/api/v1/query\": dial: i/o timeout"
time="2026-09-05T15:57:44+02:00" level=warning msg="Request Failed" error="Post \"http://k8s-ragplatf-ciliumga-56da93c17a-2adc9d09e1c34b13.elb.eu-central-1.amazonaws.com/api/v1/query\": dial: i/o timeout"

running (04m07.9s), 1518/2500 VUs, 90387 complete and 0 interrupted iterations
constant_load   [  41% ] 1518/2500 VUs  04m07.9s/10m0s  500.00 iters/s
time="2026-09-05T15:57:44+02:00" level=warning msg="Request Failed" error="Post \"http://k8s-ragplatf-ciliumga-56da93c17a-2adc9d09e1c34b13.elb.eu-central-1.amazonaws.com/api/v1/query\": dial: i/o timeout"

running (04m08.9s), 1590/2500 VUs, 90814 complete and 0 interrupted iterations
constant_load   [  41% ] 1590/2500 VUs  04m08.9s/10m0s  500.00 iters/s

running (04m09.9s), 1523/2500 VUs, 91382 complete and 0 interrupted iterations
constant_load   [  42% ] 1523/2500 VUs  04m09.9s/10m0s  500.00 iters/s

running (04m10.9s), 1572/2500 VUs, 91833 complete and 0 interrupted iterations
constant_load   [  42% ] 1572/2500 VUs  04m10.9s/10m0s  500.00 iters/s

running (04m11.9s), 1363/2500 VUs, 92542 complete and 0 interrupted iterations
constant_load   [  42% ] 1363/2500 VUs  04m11.9s/10m0s  500.00 iters/s

running (04m12.9s), 1536/2500 VUs, 92869 complete and 0 interrupted iterations
constant_load   [  42% ] 1536/2500 VUs  04m12.9s/10m0s  500.00 iters/s

running (04m13.9s), 1724/2500 VUs, 93180 complete and 0 interrupted iterations
constant_load   [  42% ] 1724/2500 VUs  04m13.9s/10m0s  500.00 iters/s

running (04m14.9s), 1735/2500 VUs, 93670 complete and 0 interrupted iterations
constant_load   [  42% ] 1735/2500 VUs  04m14.9s/10m0s  500.00 iters/s

running (04m15.9s), 1904/2500 VUs, 94001 complete and 0 interrupted iterations
constant_load   [  43% ] 1904/2500 VUs  04m15.9s/10m0s  500.00 iters/s

running (04m16.9s), 1894/2500 VUs, 94511 complete and 0 interrupted iterations
constant_load   [  43% ] 1894/2500 VUs  04m16.9s/10m0s  500.00 iters/s

running (04m17.9s), 1843/2500 VUs, 95062 complete and 0 interrupted iterations
constant_load   [  43% ] 1843/2500 VUs  04m17.9s/10m0s  500.00 iters/s

running (04m18.9s), 1896/2500 VUs, 95509 complete and 0 interrupted iterations
constant_load   [  43% ] 1896/2500 VUs  04m18.9s/10m0s  500.00 iters/s

running (04m19.9s), 2185/2500 VUs, 95720 complete and 0 interrupted iterations
constant_load   [  43% ] 2185/2500 VUs  04m19.9s/10m0s  500.00 iters/s

running (04m20.9s), 1906/2500 VUs, 96498 complete and 0 interrupted iterations
constant_load   [  43% ] 1906/2500 VUs  04m20.9s/10m0s  500.00 iters/s

running (04m21.9s), 1779/2500 VUs, 97127 complete and 0 interrupted iterations
constant_load   [  44% ] 1779/2500 VUs  04m21.9s/10m0s  500.00 iters/s

running (04m22.9s), 1390/2500 VUs, 98015 complete and 0 interrupted iterations
constant_load   [  44% ] 1390/2500 VUs  04m22.9s/10m0s  500.00 iters/s

running (04m23.9s), 1269/2500 VUs, 98636 complete and 0 interrupted iterations
constant_load   [  44% ] 1269/2500 VUs  04m23.9s/10m0s  500.00 iters/s

running (04m24.9s), 1338/2500 VUs, 99067 complete and 0 interrupted iterations
constant_load   [  44% ] 1338/2500 VUs  04m24.9s/10m0s  500.00 iters/s

running (04m25.9s), 1197/2500 VUs, 99708 complete and 0 interrupted iterations
constant_load   [  44% ] 1197/2500 VUs  04m25.9s/10m0s  500.00 iters/s

running (04m26.9s), 1196/2500 VUs, 100209 complete and 0 interrupted iterations
constant_load   [  44% ] 1196/2500 VUs  04m26.9s/10m0s  500.00 iters/s

running (04m27.9s), 1192/2500 VUs, 100713 complete and 0 interrupted iterations
constant_load   [  45% ] 1192/2500 VUs  04m27.9s/10m0s  500.00 iters/s

running (04m28.9s), 1237/2500 VUs, 101168 complete and 0 interrupted iterations
constant_load   [  45% ] 1237/2500 VUs  04m28.9s/10m0s  500.00 iters/s

running (04m29.9s), 1355/2500 VUs, 101550 complete and 0 interrupted iterations
constant_load   [  45% ] 1355/2500 VUs  04m29.9s/10m0s  500.00 iters/s

running (04m30.9s), 1365/2500 VUs, 102041 complete and 0 interrupted iterations
constant_load   [  45% ] 1365/2500 VUs  04m30.9s/10m0s  500.00 iters/s

running (04m31.9s), 1444/2500 VUs, 102461 complete and 0 interrupted iterations
constant_load   [  45% ] 1444/2500 VUs  04m31.9s/10m0s  500.00 iters/s

running (04m32.9s), 1611/2500 VUs, 102794 complete and 0 interrupted iterations
constant_load   [  45% ] 1611/2500 VUs  04m32.9s/10m0s  500.00 iters/s

running (04m33.9s), 1652/2500 VUs, 103253 complete and 0 interrupted iterations
constant_load   [  46% ] 1652/2500 VUs  04m33.9s/10m0s  500.00 iters/s

running (04m34.9s), 1205/2500 VUs, 104200 complete and 0 interrupted iterations
constant_load   [  46% ] 1205/2500 VUs  04m34.9s/10m0s  500.00 iters/s

running (04m35.9s), 1172/2500 VUs, 104733 complete and 0 interrupted iterations
constant_load   [  46% ] 1172/2500 VUs  04m35.9s/10m0s  500.00 iters/s

running (04m36.9s), 1285/2500 VUs, 105120 complete and 0 interrupted iterations
constant_load   [  46% ] 1285/2500 VUs  04m36.9s/10m0s  500.00 iters/s

running (04m37.9s), 1228/2500 VUs, 105677 complete and 0 interrupted iterations
constant_load   [  46% ] 1228/2500 VUs  04m37.9s/10m0s  500.00 iters/s

running (04m38.9s), 1185/2500 VUs, 106220 complete and 0 interrupted iterations
constant_load   [  46% ] 1185/2500 VUs  04m38.9s/10m0s  500.00 iters/s

running (04m39.9s), 1273/2500 VUs, 106632 complete and 0 interrupted iterations
constant_load   [  47% ] 1273/2500 VUs  04m39.9s/10m0s  500.00 iters/s

running (04m40.9s), 1215/2500 VUs, 107190 complete and 0 interrupted iterations
constant_load   [  47% ] 1215/2500 VUs  04m40.9s/10m0s  500.00 iters/s

running (04m41.9s), 1167/2500 VUs, 107738 complete and 0 interrupted iterations
constant_load   [  47% ] 1167/2500 VUs  04m41.9s/10m0s  500.00 iters/s

running (04m42.9s), 1133/2500 VUs, 108272 complete and 0 interrupted iterations
constant_load   [  47% ] 1133/2500 VUs  04m42.9s/10m0s  500.00 iters/s

running (04m43.9s), 1114/2500 VUs, 108791 complete and 0 interrupted iterations
constant_load   [  47% ] 1114/2500 VUs  04m43.9s/10m0s  500.00 iters/s

running (04m44.9s), 1090/2500 VUs, 109317 complete and 0 interrupted iterations
constant_load   [  47% ] 1090/2500 VUs  04m44.9s/10m0s  500.00 iters/s

running (04m45.9s), 1096/2500 VUs, 109809 complete and 0 interrupted iterations
constant_load   [  48% ] 1096/2500 VUs  04m45.9s/10m0s  500.00 iters/s

running (04m46.9s), 1164/2500 VUs, 110241 complete and 0 interrupted iterations
constant_load   [  48% ] 1164/2500 VUs  04m46.9s/10m0s  500.00 iters/s

running (04m47.9s), 1116/2500 VUs, 110788 complete and 0 interrupted iterations
constant_load   [  48% ] 1116/2500 VUs  04m47.9s/10m0s  500.00 iters/s

running (04m48.9s), 1122/2500 VUs, 111283 complete and 0 interrupted iterations
constant_load   [  48% ] 1122/2500 VUs  04m48.9s/10m0s  500.00 iters/s

running (04m49.9s), 1127/2500 VUs, 111777 complete and 0 interrupted iterations
constant_load   [  48% ] 1127/2500 VUs  04m49.9s/10m0s  500.00 iters/s
time="2026-09-05T15:58:26+02:00" level=warning msg="Request Failed" error="Post \"http://k8s-ragplatf-ciliumga-56da93c17a-2adc9d09e1c34b13.elb.eu-central-1.amazonaws.com/api/v1/query\": request timeout"
time="2026-09-05T15:58:26+02:00" level=warning msg="Request Failed" error="Post \"http://k8s-ragplatf-ciliumga-56da93c17a-2adc9d09e1c34b13.elb.eu-central-1.amazonaws.com/api/v1/query\": request timeout"

running (04m50.9s), 1164/2500 VUs, 112241 complete and 0 interrupted iterations
constant_load   [  48% ] 1164/2500 VUs  04m50.9s/10m0s  500.00 iters/s

running (04m51.9s), 1307/2500 VUs, 112598 complete and 0 interrupted iterations
constant_load   [  49% ] 1307/2500 VUs  04m51.9s/10m0s  500.00 iters/s

running (04m52.9s), 1161/2500 VUs, 113244 complete and 0 interrupted iterations
constant_load   [  49% ] 1161/2500 VUs  04m52.9s/10m0s  500.00 iters/s

running (04m53.9s), 1218/2500 VUs, 113686 complete and 0 interrupted iterations
constant_load   [  49% ] 1218/2500 VUs  04m53.9s/10m0s  500.00 iters/s

running (04m54.9s), 1127/2500 VUs, 114278 complete and 0 interrupted iterations
constant_load   [  49% ] 1127/2500 VUs  04m54.9s/10m0s  500.00 iters/s
time="2026-09-05T15:58:31+02:00" level=warning msg="Request Failed" error="Post \"http://k8s-ragplatf-ciliumga-56da93c17a-2adc9d09e1c34b13.elb.eu-central-1.amazonaws.com/api/v1/query\": request timeout"
time="2026-09-05T15:58:32+02:00" level=warning msg="Request Failed" error="Post \"http://k8s-ragplatf-ciliumga-56da93c17a-2adc9d09e1c34b13.elb.eu-central-1.amazonaws.com/api/v1/query\": request timeout"

running (04m55.9s), 1128/2500 VUs, 114777 complete and 0 interrupted iterations
constant_load   [  49% ] 1128/2500 VUs  04m55.9s/10m0s  500.00 iters/s
time="2026-09-05T15:58:32+02:00" level=warning msg="Request Failed" error="Post \"http://k8s-ragplatf-ciliumga-56da93c17a-2adc9d09e1c34b13.elb.eu-central-1.amazonaws.com/api/v1/query\": request timeout"
time="2026-09-05T15:58:32+02:00" level=warning msg="Request Failed" error="Post \"http://k8s-ragplatf-ciliumga-56da93c17a-2adc9d09e1c34b13.elb.eu-central-1.amazonaws.com/api/v1/query\": request timeout"
time="2026-09-05T15:58:32+02:00" level=warning msg="Request Failed" error="Post \"http://k8s-ragplatf-ciliumga-56da93c17a-2adc9d09e1c34b13.elb.eu-central-1.amazonaws.com/api/v1/query\": request timeout"
time="2026-09-05T15:58:32+02:00" level=warning msg="Request Failed" error="Post \"http://k8s-ragplatf-ciliumga-56da93c17a-2adc9d09e1c34b13.elb.eu-central-1.amazonaws.com/api/v1/query\": request timeout"
time="2026-09-05T15:58:32+02:00" level=warning msg="Request Failed" error="Post \"http://k8s-ragplatf-ciliumga-56da93c17a-2adc9d09e1c34b13.elb.eu-central-1.amazonaws.com/api/v1/query\": request timeout"
time="2026-09-05T15:58:32+02:00" level=warning msg="Request Failed" error="Post \"http://k8s-ragplatf-ciliumga-56da93c17a-2adc9d09e1c34b13.elb.eu-central-1.amazonaws.com/api/v1/query\": request timeout"
time="2026-09-05T15:58:32+02:00" level=warning msg="Request Failed" error="Post \"http://k8s-ragplatf-ciliumga-56da93c17a-2adc9d09e1c34b13.elb.eu-central-1.amazonaws.com/api/v1/query\": request timeout"
time="2026-09-05T15:58:32+02:00" level=warning msg="Request Failed" error="Post \"http://k8s-ragplatf-ciliumga-56da93c17a-2adc9d09e1c34b13.elb.eu-central-1.amazonaws.com/api/v1/query\": request timeout"
time="2026-09-05T15:58:32+02:00" level=warning msg="Request Failed" error="Post \"http://k8s-ragplatf-ciliumga-56da93c17a-2adc9d09e1c34b13.elb.eu-central-1.amazonaws.com/api/v1/query\": request timeout"
time="2026-09-05T15:58:32+02:00" level=warning msg="Request Failed" error="Post \"http://k8s-ragplatf-ciliumga-56da93c17a-2adc9d09e1c34b13.elb.eu-central-1.amazonaws.com/api/v1/query\": request timeout"

running (04m56.9s), 1113/2500 VUs, 115292 complete and 0 interrupted iterations
constant_load   [  49% ] 1113/2500 VUs  04m56.9s/10m0s  500.00 iters/s

running (04m57.9s), 1175/2500 VUs, 115729 complete and 0 interrupted iterations
constant_load   [  50% ] 1175/2500 VUs  04m57.9s/10m0s  500.00 iters/s

running (04m58.9s), 1144/2500 VUs, 116261 complete and 0 interrupted iterations
constant_load   [  50% ] 1144/2500 VUs  04m58.9s/10m0s  500.00 iters/s

running (04m59.9s), 1204/2500 VUs, 116701 complete and 0 interrupted iterations
constant_load   [  50% ] 1204/2500 VUs  04m59.9s/10m0s  500.00 iters/s

running (05m00.9s), 1095/2500 VUs, 117310 complete and 0 interrupted iterations
constant_load   [  50% ] 1095/2500 VUs  05m00.9s/10m0s  500.00 iters/s

running (05m01.9s), 1175/2500 VUs, 117730 complete and 0 interrupted iterations
constant_load   [  50% ] 1175/2500 VUs  05m01.9s/10m0s  500.00 iters/s

running (05m02.9s), 1198/2500 VUs, 118207 complete and 0 interrupted iterations
constant_load   [  50% ] 1198/2500 VUs  05m02.9s/10m0s  500.00 iters/s

running (05m03.9s), 1217/2500 VUs, 118688 complete and 0 interrupted iterations
constant_load   [  51% ] 1217/2500 VUs  05m03.9s/10m0s  500.00 iters/s

running (05m04.9s), 1195/2500 VUs, 119210 complete and 0 interrupted iterations
constant_load   [  51% ] 1195/2500 VUs  05m04.9s/10m0s  500.00 iters/s

running (05m05.9s), 1158/2500 VUs, 119747 complete and 0 interrupted iterations
constant_load   [  51% ] 1158/2500 VUs  05m05.9s/10m0s  500.00 iters/s

running (05m06.9s), 1181/2500 VUs, 120224 complete and 0 interrupted iterations
constant_load   [  51% ] 1181/2500 VUs  05m06.9s/10m0s  500.00 iters/s

running (05m07.9s), 1186/2500 VUs, 120719 complete and 0 interrupted iterations
constant_load   [  51% ] 1186/2500 VUs  05m07.9s/10m0s  500.00 iters/s

running (05m08.9s), 1232/2500 VUs, 121172 complete and 0 interrupted iterations
constant_load   [  51% ] 1233/2500 VUs  05m08.9s/10m0s  500.00 iters/s

running (05m09.9s), 1240/2500 VUs, 121665 complete and 0 interrupted iterations
constant_load   [  52% ] 1240/2500 VUs  05m09.9s/10m0s  500.00 iters/s

running (05m10.9s), 1139/2500 VUs, 122266 complete and 0 interrupted iterations
constant_load   [  52% ] 1139/2500 VUs  05m10.9s/10m0s  500.00 iters/s

running (05m11.9s), 1174/2500 VUs, 122731 complete and 0 interrupted iterations
constant_load   [  52% ] 1174/2500 VUs  05m11.9s/10m0s  500.00 iters/s

running (05m12.9s), 1147/2500 VUs, 123257 complete and 0 interrupted iterations
constant_load   [  52% ] 1147/2500 VUs  05m12.9s/10m0s  500.00 iters/s
time="2026-09-05T15:58:50+02:00" level=warning msg="Request Failed" error="Post \"http://k8s-ragplatf-ciliumga-56da93c17a-2adc9d09e1c34b13.elb.eu-central-1.amazonaws.com/api/v1/query\": request timeout"
time="2026-09-05T15:58:50+02:00" level=warning msg="Request Failed" error="Post \"http://k8s-ragplatf-ciliumga-56da93c17a-2adc9d09e1c34b13.elb.eu-central-1.amazonaws.com/api/v1/query\": request timeout"
time="2026-09-05T15:58:50+02:00" level=warning msg="Request Failed" error="Post \"http://k8s-ragplatf-ciliumga-56da93c17a-2adc9d09e1c34b13.elb.eu-central-1.amazonaws.com/api/v1/query\": request timeout"

running (05m13.9s), 1187/2500 VUs, 123718 complete and 0 interrupted iterations
constant_load   [  52% ] 1187/2500 VUs  05m13.9s/10m0s  500.00 iters/s
time="2026-09-05T15:58:50+02:00" level=warning msg="Request Failed" error="Post \"http://k8s-ragplatf-ciliumga-56da93c17a-2adc9d09e1c34b13.elb.eu-central-1.amazonaws.com/api/v1/query\": request timeout"
time="2026-09-05T15:58:50+02:00" level=warning msg="Request Failed" error="Post \"http://k8s-ragplatf-ciliumga-56da93c17a-2adc9d09e1c34b13.elb.eu-central-1.amazonaws.com/api/v1/query\": request timeout"
time="2026-09-05T15:58:50+02:00" level=warning msg="Request Failed" error="Post \"http://k8s-ragplatf-ciliumga-56da93c17a-2adc9d09e1c34b13.elb.eu-central-1.amazonaws.com/api/v1/query\": request timeout"
time="2026-09-05T15:58:50+02:00" level=warning msg="Request Failed" error="Post \"http://k8s-ragplatf-ciliumga-56da93c17a-2adc9d09e1c34b13.elb.eu-central-1.amazonaws.com/api/v1/query\": request timeout"
time="2026-09-05T15:58:50+02:00" level=warning msg="Request Failed" error="Post \"http://k8s-ragplatf-ciliumga-56da93c17a-2adc9d09e1c34b13.elb.eu-central-1.amazonaws.com/api/v1/query\": request timeout"
time="2026-09-05T15:58:50+02:00" level=warning msg="Request Failed" error="Post \"http://k8s-ragplatf-ciliumga-56da93c17a-2adc9d09e1c34b13.elb.eu-central-1.amazonaws.com/api/v1/query\": request timeout"
time="2026-09-05T15:58:50+02:00" level=warning msg="Request Failed" error="Post \"http://k8s-ragplatf-ciliumga-56da93c17a-2adc9d09e1c34b13.elb.eu-central-1.amazonaws.com/api/v1/query\": request timeout"
time="2026-09-05T15:58:50+02:00" level=warning msg="Request Failed" error="Post \"http://k8s-ragplatf-ciliumga-56da93c17a-2adc9d09e1c34b13.elb.eu-central-1.amazonaws.com/api/v1/query\": request timeout"
time="2026-09-05T15:58:50+02:00" level=warning msg="Request Failed" error="Post \"http://k8s-ragplatf-ciliumga-56da93c17a-2adc9d09e1c34b13.elb.eu-central-1.amazonaws.com/api/v1/query\": request timeout"
time="2026-09-05T15:58:50+02:00" level=warning msg="Request Failed" error="Post \"http://k8s-ragplatf-ciliumga-56da93c17a-2adc9d09e1c34b13.elb.eu-central-1.amazonaws.com/api/v1/query\": request timeout"
time="2026-09-05T15:58:51+02:00" level=warning msg="Request Failed" error="Post \"http://k8s-ragplatf-ciliumga-56da93c17a-2adc9d09e1c34b13.elb.eu-central-1.amazonaws.com/api/v1/query\": request timeout"
time="2026-09-05T15:58:51+02:00" level=warning msg="Request Failed" error="Post \"http://k8s-ragplatf-ciliumga-56da93c17a-2adc9d09e1c34b13.elb.eu-central-1.amazonaws.com/api/v1/query\": request timeout"

running (05m14.9s), 1142/2500 VUs, 124263 complete and 0 interrupted iterations
constant_load   [  52% ] 1142/2500 VUs  05m14.9s/10m0s  500.00 iters/s
time="2026-09-05T15:58:51+02:00" level=warning msg="Request Failed" error="Post \"http://k8s-ragplatf-ciliumga-56da93c17a-2adc9d09e1c34b13.elb.eu-central-1.amazonaws.com/api/v1/query\": request timeout"
time="2026-09-05T15:58:51+02:00" level=warning msg="Request Failed" error="Post \"http://k8s-ragplatf-ciliumga-56da93c17a-2adc9d09e1c34b13.elb.eu-central-1.amazonaws.com/api/v1/query\": request timeout"
time="2026-09-05T15:58:51+02:00" level=warning msg="Request Failed" error="Post \"http://k8s-ragplatf-ciliumga-56da93c17a-2adc9d09e1c34b13.elb.eu-central-1.amazonaws.com/api/v1/query\": request timeout"
time="2026-09-05T15:58:51+02:00" level=warning msg="Request Failed" error="Post \"http://k8s-ragplatf-ciliumga-56da93c17a-2adc9d09e1c34b13.elb.eu-central-1.amazonaws.com/api/v1/query\": request timeout"
time="2026-09-05T15:58:51+02:00" level=warning msg="Request Failed" error="Post \"http://k8s-ragplatf-ciliumga-56da93c17a-2adc9d09e1c34b13.elb.eu-central-1.amazonaws.com/api/v1/query\": request timeout"
time="2026-09-05T15:58:51+02:00" level=warning msg="Request Failed" error="Post \"http://k8s-ragplatf-ciliumga-56da93c17a-2adc9d09e1c34b13.elb.eu-central-1.amazonaws.com/api/v1/query\": request timeout"
time="2026-09-05T15:58:51+02:00" level=warning msg="Request Failed" error="Post \"http://k8s-ragplatf-ciliumga-56da93c17a-2adc9d09e1c34b13.elb.eu-central-1.amazonaws.com/api/v1/query\": request timeout"
time="2026-09-05T15:58:51+02:00" level=warning msg="Request Failed" error="Post \"http://k8s-ragplatf-ciliumga-56da93c17a-2adc9d09e1c34b13.elb.eu-central-1.amazonaws.com/api/v1/query\": request timeout"
time="2026-09-05T15:58:51+02:00" level=warning msg="Request Failed" error="Post \"http://k8s-ragplatf-ciliumga-56da93c17a-2adc9d09e1c34b13.elb.eu-central-1.amazonaws.com/api/v1/query\": request timeout"
time="2026-09-05T15:58:51+02:00" level=warning msg="Request Failed" error="Post \"http://k8s-ragplatf-ciliumga-56da93c17a-2adc9d09e1c34b13.elb.eu-central-1.amazonaws.com/api/v1/query\": request timeout"
time="2026-09-05T15:58:51+02:00" level=warning msg="Request Failed" error="Post \"http://k8s-ragplatf-ciliumga-56da93c17a-2adc9d09e1c34b13.elb.eu-central-1.amazonaws.com/api/v1/query\": request timeout"
time="2026-09-05T15:58:51+02:00" level=warning msg="Request Failed" error="Post \"http://k8s-ragplatf-ciliumga-56da93c17a-2adc9d09e1c34b13.elb.eu-central-1.amazonaws.com/api/v1/query\": request timeout"
time="2026-09-05T15:58:51+02:00" level=warning msg="Request Failed" error="Post \"http://k8s-ragplatf-ciliumga-56da93c17a-2adc9d09e1c34b13.elb.eu-central-1.amazonaws.com/api/v1/query\": request timeout"
time="2026-09-05T15:58:51+02:00" level=warning msg="Request Failed" error="Post \"http://k8s-ragplatf-ciliumga-56da93c17a-2adc9d09e1c34b13.elb.eu-central-1.amazonaws.com/api/v1/query\": request timeout"
time="2026-09-05T15:58:51+02:00" level=warning msg="Request Failed" error="Post \"http://k8s-ragplatf-ciliumga-56da93c17a-2adc9d09e1c34b13.elb.eu-central-1.amazonaws.com/api/v1/query\": request timeout"
time="2026-09-05T15:58:51+02:00" level=warning msg="Request Failed" error="Post \"http://k8s-ragplatf-ciliumga-56da93c17a-2adc9d09e1c34b13.elb.eu-central-1.amazonaws.com/api/v1/query\": request timeout"
time="2026-09-05T15:58:51+02:00" level=warning msg="Request Failed" error="Post \"http://k8s-ragplatf-ciliumga-56da93c17a-2adc9d09e1c34b13.elb.eu-central-1.amazonaws.com/api/v1/query\": request timeout"
time="2026-09-05T15:58:51+02:00" level=warning msg="Request Failed" error="Post \"http://k8s-ragplatf-ciliumga-56da93c17a-2adc9d09e1c34b13.elb.eu-central-1.amazonaws.com/api/v1/query\": request timeout"
time="2026-09-05T15:58:51+02:00" level=warning msg="Request Failed" error="Post \"http://k8s-ragplatf-ciliumga-56da93c17a-2adc9d09e1c34b13.elb.eu-central-1.amazonaws.com/api/v1/query\": request timeout"
time="2026-09-05T15:58:51+02:00" level=warning msg="Request Failed" error="Post \"http://k8s-ragplatf-ciliumga-56da93c17a-2adc9d09e1c34b13.elb.eu-central-1.amazonaws.com/api/v1/query\": request timeout"

running (05m15.9s), 1156/2500 VUs, 124749 complete and 0 interrupted iterations
constant_load   [  53% ] 1156/2500 VUs  05m15.9s/10m0s  500.00 iters/s
time="2026-09-05T15:58:52+02:00" level=warning msg="Request Failed" error="Post \"http://k8s-ragplatf-ciliumga-56da93c17a-2adc9d09e1c34b13.elb.eu-central-1.amazonaws.com/api/v1/query\": request timeout"
time="2026-09-05T15:58:52+02:00" level=warning msg="Request Failed" error="Post \"http://k8s-ragplatf-ciliumga-56da93c17a-2adc9d09e1c34b13.elb.eu-central-1.amazonaws.com/api/v1/query\": request timeout"

running (05m16.9s), 1131/2500 VUs, 125273 complete and 0 interrupted iterations
constant_load   [  53% ] 1132/2500 VUs  05m16.9s/10m0s  500.00 iters/s

running (05m17.9s), 1099/2500 VUs, 125806 complete and 0 interrupted iterations
constant_load   [  53% ] 1099/2500 VUs  05m17.9s/10m0s  500.00 iters/s

running (05m18.9s), 1123/2500 VUs, 126282 complete and 0 interrupted iterations
constant_load   [  53% ] 1123/2500 VUs  05m18.9s/10m0s  500.00 iters/s

running (05m19.9s), 1175/2500 VUs, 126730 complete and 0 interrupted iterations
constant_load   [  53% ] 1175/2500 VUs  05m19.9s/10m0s  500.00 iters/s

running (05m20.9s), 1138/2500 VUs, 127267 complete and 0 interrupted iterations
constant_load   [  53% ] 1138/2500 VUs  05m20.9s/10m0s  500.00 iters/s

running (05m21.9s), 1236/2500 VUs, 127669 complete and 0 interrupted iterations
constant_load   [  54% ] 1236/2500 VUs  05m21.9s/10m0s  500.00 iters/s

running (05m22.9s), 1350/2500 VUs, 128055 complete and 0 interrupted iterations
constant_load   [  54% ] 1350/2500 VUs  05m22.9s/10m0s  500.00 iters/s

running (05m23.9s), 1468/2500 VUs, 128437 complete and 0 interrupted iterations
constant_load   [  54% ] 1468/2500 VUs  05m23.9s/10m0s  500.00 iters/s

running (05m24.9s), 1510/2500 VUs, 128894 complete and 0 interrupted iterations
constant_load   [  54% ] 1510/2500 VUs  05m24.9s/10m0s  500.00 iters/s

running (05m25.9s), 1522/2500 VUs, 129383 complete and 0 interrupted iterations
constant_load   [  54% ] 1522/2500 VUs  05m25.9s/10m0s  500.00 iters/s

running (05m26.9s), 1480/2500 VUs, 129925 complete and 0 interrupted iterations
constant_load   [  54% ] 1480/2500 VUs  05m26.9s/10m0s  500.00 iters/s

running (05m27.9s), 1382/2500 VUs, 130522 complete and 0 interrupted iterations
constant_load   [  55% ] 1382/2500 VUs  05m27.9s/10m0s  500.00 iters/s

running (05m28.9s), 1178/2500 VUs, 131227 complete and 0 interrupted iterations
constant_load   [  55% ] 1178/2500 VUs  05m28.9s/10m0s  500.00 iters/s

running (05m29.9s), 1183/2500 VUs, 131722 complete and 0 interrupted iterations
constant_load   [  55% ] 1183/2500 VUs  05m29.9s/10m0s  500.00 iters/s

running (05m30.9s), 1373/2500 VUs, 132032 complete and 0 interrupted iterations
constant_load   [  55% ] 1373/2500 VUs  05m30.9s/10m0s  500.00 iters/s

running (05m31.9s), 1166/2500 VUs, 132739 complete and 0 interrupted iterations
constant_load   [  55% ] 1166/2500 VUs  05m31.9s/10m0s  500.00 iters/s

running (05m32.9s), 1179/2500 VUs, 133226 complete and 0 interrupted iterations
constant_load   [  55% ] 1179/2500 VUs  05m32.9s/10m0s  500.00 iters/s

running (05m33.9s), 1209/2500 VUs, 133696 complete and 0 interrupted iterations
constant_load   [  56% ] 1209/2500 VUs  05m33.9s/10m0s  500.00 iters/s

running (05m34.9s), 1218/2500 VUs, 134187 complete and 0 interrupted iterations
constant_load   [  56% ] 1218/2500 VUs  05m34.9s/10m0s  500.00 iters/s

running (05m35.9s), 1136/2500 VUs, 134769 complete and 0 interrupted iterations
constant_load   [  56% ] 1136/2500 VUs  05m35.9s/10m0s  500.00 iters/s

running (05m36.9s), 1257/2500 VUs, 135148 complete and 0 interrupted iterations
constant_load   [  56% ] 1257/2500 VUs  05m36.9s/10m0s  500.00 iters/s

running (05m37.9s), 1361/2500 VUs, 135544 complete and 0 interrupted iterations
constant_load   [  56% ] 1361/2500 VUs  05m37.9s/10m0s  500.00 iters/s

running (05m38.9s), 1240/2500 VUs, 136165 complete and 0 interrupted iterations
constant_load   [  56% ] 1240/2500 VUs  05m38.9s/10m0s  500.00 iters/s

running (05m39.9s), 1184/2500 VUs, 136721 complete and 0 interrupted iterations
constant_load   [  57% ] 1184/2500 VUs  05m39.9s/10m0s  500.00 iters/s

running (05m40.9s), 1113/2500 VUs, 137292 complete and 0 interrupted iterations
constant_load   [  57% ] 1113/2500 VUs  05m40.9s/10m0s  500.00 iters/s

running (05m41.9s), 1151/2500 VUs, 137754 complete and 0 interrupted iterations
constant_load   [  57% ] 1151/2500 VUs  05m41.9s/10m0s  500.00 iters/s

running (05m42.9s), 1144/2500 VUs, 138261 complete and 0 interrupted iterations
constant_load   [  57% ] 1144/2500 VUs  05m42.9s/10m0s  500.00 iters/s

running (05m43.9s), 1107/2500 VUs, 138798 complete and 0 interrupted iterations
constant_load   [  57% ] 1107/2500 VUs  05m43.9s/10m0s  500.00 iters/s

running (05m44.9s), 1134/2500 VUs, 139272 complete and 0 interrupted iterations
constant_load   [  57% ] 1134/2500 VUs  05m44.9s/10m0s  500.00 iters/s

running (05m45.9s), 1122/2500 VUs, 139783 complete and 0 interrupted iterations
constant_load   [  58% ] 1122/2500 VUs  05m45.9s/10m0s  500.00 iters/s

running (05m46.9s), 1147/2500 VUs, 140257 complete and 0 interrupted iterations
constant_load   [  58% ] 1147/2500 VUs  05m46.9s/10m0s  500.00 iters/s

running (05m47.9s), 1128/2500 VUs, 140777 complete and 0 interrupted iterations
constant_load   [  58% ] 1128/2500 VUs  05m47.9s/10m0s  500.00 iters/s

running (05m48.9s), 1206/2500 VUs, 141198 complete and 0 interrupted iterations
constant_load   [  58% ] 1206/2500 VUs  05m48.9s/10m0s  500.00 iters/s
time="2026-09-05T15:59:25+02:00" level=warning msg="Request Failed" error="Post \"http://k8s-ragplatf-ciliumga-56da93c17a-2adc9d09e1c34b13.elb.eu-central-1.amazonaws.com/api/v1/query\": request timeout"
time="2026-09-05T15:59:25+02:00" level=warning msg="Request Failed" error="Post \"http://k8s-ragplatf-ciliumga-56da93c17a-2adc9d09e1c34b13.elb.eu-central-1.amazonaws.com/api/v1/query\": request timeout"
time="2026-09-05T15:59:25+02:00" level=warning msg="Request Failed" error="Post \"http://k8s-ragplatf-ciliumga-56da93c17a-2adc9d09e1c34b13.elb.eu-central-1.amazonaws.com/api/v1/query\": request timeout"
time="2026-09-05T15:59:25+02:00" level=warning msg="Request Failed" error="Post \"http://k8s-ragplatf-ciliumga-56da93c17a-2adc9d09e1c34b13.elb.eu-central-1.amazonaws.com/api/v1/query\": request timeout"
time="2026-09-05T15:59:25+02:00" level=warning msg="Request Failed" error="Post \"http://k8s-ragplatf-ciliumga-56da93c17a-2adc9d09e1c34b13.elb.eu-central-1.amazonaws.com/api/v1/query\": request timeout"
time="2026-09-05T15:59:25+02:00" level=warning msg="Request Failed" error="Post \"http://k8s-ragplatf-ciliumga-56da93c17a-2adc9d09e1c34b13.elb.eu-central-1.amazonaws.com/api/v1/query\": request timeout"

running (05m49.9s), 1130/2500 VUs, 141774 complete and 0 interrupted iterations
constant_load   [  58% ] 1130/2500 VUs  05m49.9s/10m0s  500.00 iters/s
time="2026-09-05T15:59:26+02:00" level=warning msg="Request Failed" error="Post \"http://k8s-ragplatf-ciliumga-56da93c17a-2adc9d09e1c34b13.elb.eu-central-1.amazonaws.com/api/v1/query\": request timeout"
time="2026-09-05T15:59:26+02:00" level=warning msg="Request Failed" error="Post \"http://k8s-ragplatf-ciliumga-56da93c17a-2adc9d09e1c34b13.elb.eu-central-1.amazonaws.com/api/v1/query\": request timeout"
time="2026-09-05T15:59:26+02:00" level=warning msg="Request Failed" error="Post \"http://k8s-ragplatf-ciliumga-56da93c17a-2adc9d09e1c34b13.elb.eu-central-1.amazonaws.com/api/v1/query\": request timeout"
time="2026-09-05T15:59:26+02:00" level=warning msg="Request Failed" error="Post \"http://k8s-ragplatf-ciliumga-56da93c17a-2adc9d09e1c34b13.elb.eu-central-1.amazonaws.com/api/v1/query\": request timeout"
time="2026-09-05T15:59:26+02:00" level=warning msg="Request Failed" error="Post \"http://k8s-ragplatf-ciliumga-56da93c17a-2adc9d09e1c34b13.elb.eu-central-1.amazonaws.com/api/v1/query\": request timeout"
time="2026-09-05T15:59:26+02:00" level=warning msg="Request Failed" error="Post \"http://k8s-ragplatf-ciliumga-56da93c17a-2adc9d09e1c34b13.elb.eu-central-1.amazonaws.com/api/v1/query\": request timeout"
time="2026-09-05T15:59:26+02:00" level=warning msg="Request Failed" error="Post \"http://k8s-ragplatf-ciliumga-56da93c17a-2adc9d09e1c34b13.elb.eu-central-1.amazonaws.com/api/v1/query\": request timeout"
time="2026-09-05T15:59:26+02:00" level=warning msg="Request Failed" error="Post \"http://k8s-ragplatf-ciliumga-56da93c17a-2adc9d09e1c34b13.elb.eu-central-1.amazonaws.com/api/v1/query\": request timeout"

running (05m50.9s), 1192/2500 VUs, 142213 complete and 0 interrupted iterations
constant_load   [  58% ] 1192/2500 VUs  05m50.9s/10m0s  500.00 iters/s
time="2026-09-05T15:59:27+02:00" level=warning msg="Request Failed" error="Post \"http://k8s-ragplatf-ciliumga-56da93c17a-2adc9d09e1c34b13.elb.eu-central-1.amazonaws.com/api/v1/query\": request timeout"
time="2026-09-05T15:59:27+02:00" level=warning msg="Request Failed" error="Post \"http://k8s-ragplatf-ciliumga-56da93c17a-2adc9d09e1c34b13.elb.eu-central-1.amazonaws.com/api/v1/query\": request timeout"
time="2026-09-05T15:59:27+02:00" level=warning msg="Request Failed" error="Post \"http://k8s-ragplatf-ciliumga-56da93c17a-2adc9d09e1c34b13.elb.eu-central-1.amazonaws.com/api/v1/query\": request timeout"
time="2026-09-05T15:59:27+02:00" level=warning msg="Request Failed" error="Post \"http://k8s-ragplatf-ciliumga-56da93c17a-2adc9d09e1c34b13.elb.eu-central-1.amazonaws.com/api/v1/query\": request timeout"
time="2026-09-05T15:59:27+02:00" level=warning msg="Request Failed" error="Post \"http://k8s-ragplatf-ciliumga-56da93c17a-2adc9d09e1c34b13.elb.eu-central-1.amazonaws.com/api/v1/query\": request timeout"
time="2026-09-05T15:59:27+02:00" level=warning msg="Request Failed" error="Post \"http://k8s-ragplatf-ciliumga-56da93c17a-2adc9d09e1c34b13.elb.eu-central-1.amazonaws.com/api/v1/query\": request timeout"
time="2026-09-05T15:59:27+02:00" level=warning msg="Request Failed" error="Post \"http://k8s-ragplatf-ciliumga-56da93c17a-2adc9d09e1c34b13.elb.eu-central-1.amazonaws.com/api/v1/query\": request timeout"
time="2026-09-05T15:59:27+02:00" level=warning msg="Request Failed" error="Post \"http://k8s-ragplatf-ciliumga-56da93c17a-2adc9d09e1c34b13.elb.eu-central-1.amazonaws.com/api/v1/query\": request timeout"
time="2026-09-05T15:59:27+02:00" level=warning msg="Request Failed" error="Post \"http://k8s-ragplatf-ciliumga-56da93c17a-2adc9d09e1c34b13.elb.eu-central-1.amazonaws.com/api/v1/query\": request timeout"

running (05m51.9s), 1116/2500 VUs, 142789 complete and 0 interrupted iterations
constant_load   [  59% ] 1116/2500 VUs  05m51.9s/10m0s  500.00 iters/s

running (05m52.9s), 1344/2500 VUs, 143061 complete and 0 interrupted iterations
constant_load   [  59% ] 1344/2500 VUs  05m52.9s/10m0s  500.00 iters/s

running (05m53.9s), 1412/2500 VUs, 143493 complete and 0 interrupted iterations
constant_load   [  59% ] 1412/2500 VUs  05m53.9s/10m0s  500.00 iters/s

running (05m54.9s), 1363/2500 VUs, 144042 complete and 0 interrupted iterations
constant_load   [  59% ] 1363/2500 VUs  05m54.9s/10m0s  500.00 iters/s

running (05m55.9s), 1375/2500 VUs, 144530 complete and 0 interrupted iterations
constant_load   [  59% ] 1375/2500 VUs  05m55.9s/10m0s  500.00 iters/s

running (05m56.9s), 1404/2500 VUs, 145001 complete and 0 interrupted iterations
constant_load   [  59% ] 1404/2500 VUs  05m56.9s/10m0s  500.00 iters/s

running (05m57.9s), 1205/2500 VUs, 145700 complete and 0 interrupted iterations
constant_load   [  60% ] 1205/2500 VUs  05m57.9s/10m0s  500.00 iters/s

running (05m58.9s), 1275/2500 VUs, 146130 complete and 0 interrupted iterations
constant_load   [  60% ] 1275/2500 VUs  05m58.9s/10m0s  500.00 iters/s
time="2026-09-05T15:59:36+02:00" level=warning msg="Request Failed" error="Post \"http://k8s-ragplatf-ciliumga-56da93c17a-2adc9d09e1c34b13.elb.eu-central-1.amazonaws.com/api/v1/query\": request timeout"
time="2026-09-05T15:59:36+02:00" level=warning msg="Request Failed" error="Post \"http://k8s-ragplatf-ciliumga-56da93c17a-2adc9d09e1c34b13.elb.eu-central-1.amazonaws.com/api/v1/query\": request timeout"
time="2026-09-05T15:59:36+02:00" level=warning msg="Request Failed" error="Post \"http://k8s-ragplatf-ciliumga-56da93c17a-2adc9d09e1c34b13.elb.eu-central-1.amazonaws.com/api/v1/query\": request timeout"
time="2026-09-05T15:59:36+02:00" level=warning msg="Request Failed" error="Post \"http://k8s-ragplatf-ciliumga-56da93c17a-2adc9d09e1c34b13.elb.eu-central-1.amazonaws.com/api/v1/query\": request timeout"
time="2026-09-05T15:59:36+02:00" level=warning msg="Request Failed" error="Post \"http://k8s-ragplatf-ciliumga-56da93c17a-2adc9d09e1c34b13.elb.eu-central-1.amazonaws.com/api/v1/query\": request timeout"
time="2026-09-05T15:59:36+02:00" level=warning msg="Request Failed" error="Post \"http://k8s-ragplatf-ciliumga-56da93c17a-2adc9d09e1c34b13.elb.eu-central-1.amazonaws.com/api/v1/query\": request timeout"
time="2026-09-05T15:59:36+02:00" level=warning msg="Request Failed" error="Post \"http://k8s-ragplatf-ciliumga-56da93c17a-2adc9d09e1c34b13.elb.eu-central-1.amazonaws.com/api/v1/query\": request timeout"
time="2026-09-05T15:59:36+02:00" level=warning msg="Request Failed" error="Post \"http://k8s-ragplatf-ciliumga-56da93c17a-2adc9d09e1c34b13.elb.eu-central-1.amazonaws.com/api/v1/query\": request timeout"
time="2026-09-05T15:59:36+02:00" level=warning msg="Request Failed" error="Post \"http://k8s-ragplatf-ciliumga-56da93c17a-2adc9d09e1c34b13.elb.eu-central-1.amazonaws.com/api/v1/query\": request timeout"
time="2026-09-05T15:59:36+02:00" level=warning msg="Request Failed" error="Post \"http://k8s-ragplatf-ciliumga-56da93c17a-2adc9d09e1c34b13.elb.eu-central-1.amazonaws.com/api/v1/query\": request timeout"
time="2026-09-05T15:59:36+02:00" level=warning msg="Request Failed" error="Post \"http://k8s-ragplatf-ciliumga-56da93c17a-2adc9d09e1c34b13.elb.eu-central-1.amazonaws.com/api/v1/query\": request timeout"
time="2026-09-05T15:59:36+02:00" level=warning msg="Request Failed" error="Post \"http://k8s-ragplatf-ciliumga-56da93c17a-2adc9d09e1c34b13.elb.eu-central-1.amazonaws.com/api/v1/query\": request timeout"

running (05m59.9s), 1127/2500 VUs, 146778 complete and 0 interrupted iterations
constant_load   [  60% ] 1127/2500 VUs  05m59.9s/10m0s  500.00 iters/s
time="2026-09-05T15:59:36+02:00" level=warning msg="Request Failed" error="Post \"http://k8s-ragplatf-ciliumga-56da93c17a-2adc9d09e1c34b13.elb.eu-central-1.amazonaws.com/api/v1/query\": request timeout"
time="2026-09-05T15:59:36+02:00" level=warning msg="Request Failed" error="Post \"http://k8s-ragplatf-ciliumga-56da93c17a-2adc9d09e1c34b13.elb.eu-central-1.amazonaws.com/api/v1/query\": request timeout"
time="2026-09-05T15:59:36+02:00" level=warning msg="Request Failed" error="Post \"http://k8s-ragplatf-ciliumga-56da93c17a-2adc9d09e1c34b13.elb.eu-central-1.amazonaws.com/api/v1/query\": request timeout"
time="2026-09-05T15:59:36+02:00" level=warning msg="Request Failed" error="Post \"http://k8s-ragplatf-ciliumga-56da93c17a-2adc9d09e1c34b13.elb.eu-central-1.amazonaws.com/api/v1/query\": request timeout"
time="2026-09-05T15:59:36+02:00" level=warning msg="Request Failed" error="Post \"http://k8s-ragplatf-ciliumga-56da93c17a-2adc9d09e1c34b13.elb.eu-central-1.amazonaws.com/api/v1/query\": request timeout"
time="2026-09-05T15:59:36+02:00" level=warning msg="Request Failed" error="Post \"http://k8s-ragplatf-ciliumga-56da93c17a-2adc9d09e1c34b13.elb.eu-central-1.amazonaws.com/api/v1/query\": request timeout"
time="2026-09-05T15:59:36+02:00" level=warning msg="Request Failed" error="Post \"http://k8s-ragplatf-ciliumga-56da93c17a-2adc9d09e1c34b13.elb.eu-central-1.amazonaws.com/api/v1/query\": request timeout"
time="2026-09-05T15:59:36+02:00" level=warning msg="Request Failed" error="Post \"http://k8s-ragplatf-ciliumga-56da93c17a-2adc9d09e1c34b13.elb.eu-central-1.amazonaws.com/api/v1/query\": request timeout"
time="2026-09-05T15:59:36+02:00" level=warning msg="Request Failed" error="Post \"http://k8s-ragplatf-ciliumga-56da93c17a-2adc9d09e1c34b13.elb.eu-central-1.amazonaws.com/api/v1/query\": request timeout"
time="2026-09-05T15:59:36+02:00" level=warning msg="Request Failed" error="Post \"http://k8s-ragplatf-ciliumga-56da93c17a-2adc9d09e1c34b13.elb.eu-central-1.amazonaws.com/api/v1/query\": request timeout"
time="2026-09-05T15:59:36+02:00" level=warning msg="Request Failed" error="Post \"http://k8s-ragplatf-ciliumga-56da93c17a-2adc9d09e1c34b13.elb.eu-central-1.amazonaws.com/api/v1/query\": request timeout"
time="2026-09-05T15:59:36+02:00" level=warning msg="Request Failed" error="Post \"http://k8s-ragplatf-ciliumga-56da93c17a-2adc9d09e1c34b13.elb.eu-central-1.amazonaws.com/api/v1/query\": request timeout"
time="2026-09-05T15:59:36+02:00" level=warning msg="Request Failed" error="Post \"http://k8s-ragplatf-ciliumga-56da93c17a-2adc9d09e1c34b13.elb.eu-central-1.amazonaws.com/api/v1/query\": request timeout"
time="2026-09-05T15:59:36+02:00" level=warning msg="Request Failed" error="Post \"http://k8s-ragplatf-ciliumga-56da93c17a-2adc9d09e1c34b13.elb.eu-central-1.amazonaws.com/api/v1/query\": request timeout"
time="2026-09-05T15:59:36+02:00" level=warning msg="Request Failed" error="Post \"http://k8s-ragplatf-ciliumga-56da93c17a-2adc9d09e1c34b13.elb.eu-central-1.amazonaws.com/api/v1/query\": request timeout"
time="2026-09-05T15:59:36+02:00" level=warning msg="Request Failed" error="Post \"http://k8s-ragplatf-ciliumga-56da93c17a-2adc9d09e1c34b13.elb.eu-central-1.amazonaws.com/api/v1/query\": request timeout"
time="2026-09-05T15:59:36+02:00" level=warning msg="Request Failed" error="Post \"http://k8s-ragplatf-ciliumga-56da93c17a-2adc9d09e1c34b13.elb.eu-central-1.amazonaws.com/api/v1/query\": request timeout"
time="2026-09-05T15:59:37+02:00" level=warning msg="Request Failed" error="Post \"http://k8s-ragplatf-ciliumga-56da93c17a-2adc9d09e1c34b13.elb.eu-central-1.amazonaws.com/api/v1/query\": request timeout"
time="2026-09-05T15:59:37+02:00" level=warning msg="Request Failed" error="Post \"http://k8s-ragplatf-ciliumga-56da93c17a-2adc9d09e1c34b13.elb.eu-central-1.amazonaws.com/api/v1/query\": request timeout"
time="2026-09-05T15:59:37+02:00" level=warning msg="Request Failed" error="Post \"http://k8s-ragplatf-ciliumga-56da93c17a-2adc9d09e1c34b13.elb.eu-central-1.amazonaws.com/api/v1/query\": request timeout"
time="2026-09-05T15:59:37+02:00" level=warning msg="Request Failed" error="Post \"http://k8s-ragplatf-ciliumga-56da93c17a-2adc9d09e1c34b13.elb.eu-central-1.amazonaws.com/api/v1/query\": request timeout"
time="2026-09-05T15:59:37+02:00" level=warning msg="Request Failed" error="Post \"http://k8s-ragplatf-ciliumga-56da93c17a-2adc9d09e1c34b13.elb.eu-central-1.amazonaws.com/api/v1/query\": request timeout"

running (06m00.9s), 1109/2500 VUs, 147295 complete and 0 interrupted iterations
constant_load   [  60% ] 1110/2500 VUs  06m00.9s/10m0s  500.00 iters/s

running (06m01.9s), 1074/2500 VUs, 147830 complete and 0 interrupted iterations
constant_load   [  60% ] 1074/2500 VUs  06m01.9s/10m0s  500.00 iters/s

running (06m02.9s), 1074/2500 VUs, 148331 complete and 0 interrupted iterations
constant_load   [  60% ] 1074/2500 VUs  06m02.9s/10m0s  500.00 iters/s

running (06m03.9s), 1107/2500 VUs, 148798 complete and 0 interrupted iterations
constant_load   [  61% ] 1107/2500 VUs  06m03.9s/10m0s  500.00 iters/s

running (06m04.9s), 1032/2500 VUs, 149373 complete and 0 interrupted iterations
constant_load   [  61% ] 1032/2500 VUs  06m04.9s/10m0s  500.00 iters/s

running (06m05.9s), 1128/2500 VUs, 149777 complete and 0 interrupted iterations
constant_load   [  61% ] 1128/2500 VUs  06m05.9s/10m0s  500.00 iters/s

running (06m06.9s), 1061/2500 VUs, 150344 complete and 0 interrupted iterations
constant_load   [  61% ] 1061/2500 VUs  06m06.9s/10m0s  500.00 iters/s

running (06m07.9s), 1082/2500 VUs, 150823 complete and 0 interrupted iterations
constant_load   [  61% ] 1082/2500 VUs  06m07.9s/10m0s  500.00 iters/s

running (06m08.9s), 1014/2500 VUs, 151391 complete and 0 interrupted iterations
constant_load   [  61% ] 1014/2500 VUs  06m08.9s/10m0s  500.00 iters/s

running (06m09.9s), 1026/2500 VUs, 151878 complete and 0 interrupted iterations
constant_load   [  62% ] 1026/2500 VUs  06m09.9s/10m0s  500.00 iters/s

running (06m10.9s), 1029/2500 VUs, 152376 complete and 0 interrupted iterations
constant_load   [  62% ] 1029/2500 VUs  06m10.9s/10m0s  500.00 iters/s

running (06m11.9s), 1074/2500 VUs, 152831 complete and 0 interrupted iterations
constant_load   [  62% ] 1074/2500 VUs  06m11.9s/10m0s  500.00 iters/s

running (06m12.9s), 1024/2500 VUs, 153381 complete and 0 interrupted iterations
constant_load   [  62% ] 1024/2500 VUs  06m12.9s/10m0s  500.00 iters/s

running (06m13.9s), 1169/2500 VUs, 153736 complete and 0 interrupted iterations
constant_load   [  62% ] 1169/2500 VUs  06m13.9s/10m0s  500.00 iters/s

running (06m14.9s), 1047/2500 VUs, 154358 complete and 0 interrupted iterations
constant_load   [  62% ] 1047/2500 VUs  06m14.9s/10m0s  500.00 iters/s

running (06m15.9s), 1200/2500 VUs, 154705 complete and 0 interrupted iterations
constant_load   [  63% ] 1200/2500 VUs  06m15.9s/10m0s  500.00 iters/s

running (06m16.9s), 1348/2500 VUs, 155057 complete and 0 interrupted iterations
constant_load   [  63% ] 1348/2500 VUs  06m16.9s/10m0s  500.00 iters/s

running (06m17.9s), 1389/2500 VUs, 155516 complete and 0 interrupted iterations
constant_load   [  63% ] 1389/2500 VUs  06m17.9s/10m0s  500.00 iters/s

running (06m18.9s), 1614/2500 VUs, 155791 complete and 0 interrupted iterations
constant_load   [  63% ] 1614/2500 VUs  06m18.9s/10m0s  500.00 iters/s

running (06m19.9s), 1351/2500 VUs, 156554 complete and 0 interrupted iterations
constant_load   [  63% ] 1351/2500 VUs  06m19.9s/10m0s  500.00 iters/s

running (06m20.9s), 1156/2500 VUs, 157249 complete and 0 interrupted iterations
constant_load   [  63% ] 1156/2500 VUs  06m20.9s/10m0s  500.00 iters/s

running (06m21.9s), 1088/2500 VUs, 157817 complete and 0 interrupted iterations
constant_load   [  64% ] 1088/2500 VUs  06m21.9s/10m0s  500.00 iters/s

running (06m22.9s), 1039/2500 VUs, 158366 complete and 0 interrupted iterations
constant_load   [  64% ] 1039/2500 VUs  06m22.9s/10m0s  500.00 iters/s

running (06m23.9s), 1029/2500 VUs, 158876 complete and 0 interrupted iterations
constant_load   [  64% ] 1029/2500 VUs  06m23.9s/10m0s  500.00 iters/s

running (06m24.9s), 1037/2500 VUs, 159368 complete and 0 interrupted iterations
constant_load   [  64% ] 1037/2500 VUs  06m24.9s/10m0s  500.00 iters/s

running (06m25.9s), 1027/2500 VUs, 159878 complete and 0 interrupted iterations
constant_load   [  64% ] 1027/2500 VUs  06m25.9s/10m0s  500.00 iters/s

running (06m26.9s), 1068/2500 VUs, 160337 complete and 0 interrupted iterations
constant_load   [  64% ] 1068/2500 VUs  06m26.9s/10m0s  500.00 iters/s

running (06m27.9s), 1041/2500 VUs, 160864 complete and 0 interrupted iterations
constant_load   [  65% ] 1041/2500 VUs  06m27.9s/10m0s  500.00 iters/s

running (06m28.9s), 1046/2500 VUs, 161359 complete and 0 interrupted iterations
constant_load   [  65% ] 1046/2500 VUs  06m28.9s/10m0s  500.00 iters/s

running (06m29.9s), 1047/2500 VUs, 161857 complete and 0 interrupted iterations
constant_load   [  65% ] 1047/2500 VUs  06m29.9s/10m0s  500.00 iters/s

running (06m30.9s), 1068/2500 VUs, 162337 complete and 0 interrupted iterations
constant_load   [  65% ] 1068/2500 VUs  06m30.9s/10m0s  500.00 iters/s

running (06m31.9s), 1064/2500 VUs, 162841 complete and 0 interrupted iterations
constant_load   [  65% ] 1064/2500 VUs  06m31.9s/10m0s  500.00 iters/s

running (06m32.9s), 1065/2500 VUs, 163340 complete and 0 interrupted iterations
constant_load   [  65% ] 1065/2500 VUs  06m32.9s/10m0s  500.00 iters/s

running (06m33.9s), 1078/2500 VUs, 163827 complete and 0 interrupted iterations
constant_load   [  66% ] 1078/2500 VUs  06m33.9s/10m0s  500.00 iters/s

running (06m34.9s), 1167/2500 VUs, 164237 complete and 0 interrupted iterations
constant_load   [  66% ] 1167/2500 VUs  06m34.9s/10m0s  500.00 iters/s

running (06m35.9s), 1030/2500 VUs, 164875 complete and 0 interrupted iterations
constant_load   [  66% ] 1030/2500 VUs  06m35.9s/10m0s  500.00 iters/s

running (06m36.9s), 1067/2500 VUs, 165338 complete and 0 interrupted iterations
constant_load   [  66% ] 1067/2500 VUs  06m36.9s/10m0s  500.00 iters/s

running (06m37.9s), 1029/2500 VUs, 165876 complete and 0 interrupted iterations
constant_load   [  66% ] 1029/2500 VUs  06m37.9s/10m0s  500.00 iters/s

running (06m38.9s), 1050/2500 VUs, 166355 complete and 0 interrupted iterations
constant_load   [  66% ] 1050/2500 VUs  06m38.9s/10m0s  500.00 iters/s

running (06m39.9s), 1044/2500 VUs, 166861 complete and 0 interrupted iterations
constant_load   [  67% ] 1044/2500 VUs  06m39.9s/10m0s  500.00 iters/s

running (06m40.9s), 1038/2500 VUs, 167367 complete and 0 interrupted iterations
constant_load   [  67% ] 1038/2500 VUs  06m40.9s/10m0s  500.00 iters/s

running (06m41.9s), 1074/2500 VUs, 167831 complete and 0 interrupted iterations
constant_load   [  67% ] 1074/2500 VUs  06m41.9s/10m0s  500.00 iters/s

running (06m42.9s), 1027/2500 VUs, 168377 complete and 0 interrupted iterations
constant_load   [  67% ] 1027/2500 VUs  06m42.9s/10m0s  500.00 iters/s

running (06m43.9s), 1041/2500 VUs, 168864 complete and 0 interrupted iterations
constant_load   [  67% ] 1041/2500 VUs  06m43.9s/10m0s  500.00 iters/s

running (06m44.9s), 1042/2500 VUs, 169363 complete and 0 interrupted iterations
constant_load   [  67% ] 1042/2500 VUs  06m44.9s/10m0s  500.00 iters/s

running (06m45.9s), 1059/2500 VUs, 169846 complete and 0 interrupted iterations
constant_load   [  68% ] 1059/2500 VUs  06m45.9s/10m0s  500.00 iters/s

running (06m46.9s), 1071/2500 VUs, 170334 complete and 0 interrupted iterations
constant_load   [  68% ] 1071/2500 VUs  06m46.9s/10m0s  500.00 iters/s

running (06m47.9s), 1120/2500 VUs, 170784 complete and 0 interrupted iterations
constant_load   [  68% ] 1120/2500 VUs  06m47.9s/10m0s  500.00 iters/s

running (06m48.9s), 1039/2500 VUs, 171366 complete and 0 interrupted iterations
constant_load   [  68% ] 1039/2500 VUs  06m48.9s/10m0s  500.00 iters/s

running (06m49.9s), 1177/2500 VUs, 171728 complete and 0 interrupted iterations
constant_load   [  68% ] 1177/2500 VUs  06m49.9s/10m0s  500.00 iters/s

running (06m50.9s), 1028/2500 VUs, 172377 complete and 0 interrupted iterations
constant_load   [  68% ] 1028/2500 VUs  06m50.9s/10m0s  500.00 iters/s

running (06m51.9s), 1045/2500 VUs, 172860 complete and 0 interrupted iterations
constant_load   [  69% ] 1045/2500 VUs  06m51.9s/10m0s  500.00 iters/s

running (06m52.9s), 1075/2500 VUs, 173330 complete and 0 interrupted iterations
constant_load   [  69% ] 1075/2500 VUs  06m52.9s/10m0s  500.00 iters/s

running (06m53.9s), 1058/2500 VUs, 173847 complete and 0 interrupted iterations
constant_load   [  69% ] 1057/2500 VUs  06m53.9s/10m0s  500.00 iters/s

running (06m54.9s), 1056/2500 VUs, 174348 complete and 0 interrupted iterations
constant_load   [  69% ] 1056/2500 VUs  06m54.9s/10m0s  500.00 iters/s

running (06m55.9s), 1085/2500 VUs, 174819 complete and 0 interrupted iterations
constant_load   [  69% ] 1085/2500 VUs  06m55.9s/10m0s  500.00 iters/s

running (06m56.9s), 1056/2500 VUs, 175348 complete and 0 interrupted iterations
constant_load   [  69% ] 1056/2500 VUs  06m56.9s/10m0s  500.00 iters/s

running (06m57.9s), 1071/2500 VUs, 175834 complete and 0 interrupted iterations
constant_load   [  70% ] 1071/2500 VUs  06m57.9s/10m0s  500.00 iters/s

running (06m58.9s), 1077/2500 VUs, 176327 complete and 0 interrupted iterations
constant_load   [  70% ] 1077/2500 VUs  06m58.9s/10m0s  500.00 iters/s

running (06m59.9s), 1121/2500 VUs, 176783 complete and 0 interrupted iterations
constant_load   [  70% ] 1121/2500 VUs  06m59.9s/10m0s  500.00 iters/s

running (07m00.9s), 1074/2500 VUs, 177331 complete and 0 interrupted iterations
constant_load   [  70% ] 1074/2500 VUs  07m00.9s/10m0s  500.00 iters/s

running (07m01.9s), 1067/2500 VUs, 177838 complete and 0 interrupted iterations
constant_load   [  70% ] 1067/2500 VUs  07m01.9s/10m0s  500.00 iters/s

running (07m02.9s), 1068/2500 VUs, 178337 complete and 0 interrupted iterations
constant_load   [  70% ] 1068/2500 VUs  07m02.9s/10m0s  500.00 iters/s

running (07m03.9s), 1068/2500 VUs, 178837 complete and 0 interrupted iterations
constant_load   [  71% ] 1068/2500 VUs  07m03.9s/10m0s  500.00 iters/s

running (07m04.9s), 1065/2500 VUs, 179340 complete and 0 interrupted iterations
constant_load   [  71% ] 1065/2500 VUs  07m04.9s/10m0s  500.00 iters/s

running (07m05.9s), 1052/2500 VUs, 179853 complete and 0 interrupted iterations
constant_load   [  71% ] 1052/2500 VUs  07m05.9s/10m0s  500.00 iters/s

running (07m06.9s), 1069/2500 VUs, 180336 complete and 0 interrupted iterations
constant_load   [  71% ] 1069/2500 VUs  07m06.9s/10m0s  500.00 iters/s

running (07m07.9s), 1073/2500 VUs, 180832 complete and 0 interrupted iterations
constant_load   [  71% ] 1073/2500 VUs  07m07.9s/10m0s  500.00 iters/s

running (07m08.9s), 1061/2500 VUs, 181345 complete and 0 interrupted iterations
constant_load   [  71% ] 1061/2500 VUs  07m08.9s/10m0s  500.00 iters/s

running (07m09.9s), 1092/2500 VUs, 181814 complete and 0 interrupted iterations
constant_load   [  72% ] 1092/2500 VUs  07m09.9s/10m0s  500.00 iters/s

running (07m10.9s), 1051/2500 VUs, 182354 complete and 0 interrupted iterations
constant_load   [  72% ] 1051/2500 VUs  07m10.9s/10m0s  500.00 iters/s

running (07m11.9s), 1061/2500 VUs, 182844 complete and 0 interrupted iterations
constant_load   [  72% ] 1061/2500 VUs  07m11.9s/10m0s  500.00 iters/s

running (07m12.9s), 1083/2500 VUs, 183321 complete and 0 interrupted iterations
constant_load   [  72% ] 1083/2500 VUs  07m12.9s/10m0s  500.00 iters/s

running (07m13.9s), 1086/2500 VUs, 183819 complete and 0 interrupted iterations
constant_load   [  72% ] 1086/2500 VUs  07m13.9s/10m0s  500.00 iters/s

running (07m14.9s), 1127/2500 VUs, 184277 complete and 0 interrupted iterations
constant_load   [  72% ] 1127/2500 VUs  07m14.9s/10m0s  500.00 iters/s

running (07m15.9s), 1233/2500 VUs, 184672 complete and 0 interrupted iterations
constant_load   [  73% ] 1233/2500 VUs  07m15.9s/10m0s  500.00 iters/s

running (07m16.9s), 1099/2500 VUs, 185306 complete and 0 interrupted iterations
constant_load   [  73% ] 1099/2500 VUs  07m16.9s/10m0s  500.00 iters/s

running (07m17.9s), 1095/2500 VUs, 185809 complete and 0 interrupted iterations
constant_load   [  73% ] 1095/2500 VUs  07m17.9s/10m0s  500.00 iters/s

running (07m18.9s), 1060/2500 VUs, 186345 complete and 0 interrupted iterations
constant_load   [  73% ] 1060/2500 VUs  07m18.9s/10m0s  500.00 iters/s

running (07m19.9s), 1084/2500 VUs, 186821 complete and 0 interrupted iterations
constant_load   [  73% ] 1084/2500 VUs  07m19.9s/10m0s  500.00 iters/s

running (07m20.9s), 1074/2500 VUs, 187331 complete and 0 interrupted iterations
constant_load   [  73% ] 1074/2500 VUs  07m20.9s/10m0s  500.00 iters/s

running (07m21.9s), 1069/2500 VUs, 187836 complete and 0 interrupted iterations
constant_load   [  74% ] 1069/2500 VUs  07m21.9s/10m0s  500.00 iters/s

running (07m22.9s), 1081/2500 VUs, 188324 complete and 0 interrupted iterations
constant_load   [  74% ] 1081/2500 VUs  07m22.9s/10m0s  500.00 iters/s

running (07m23.9s), 1109/2500 VUs, 188796 complete and 0 interrupted iterations
constant_load   [  74% ] 1109/2500 VUs  07m23.9s/10m0s  500.00 iters/s

running (07m24.9s), 1075/2500 VUs, 189330 complete and 0 interrupted iterations
constant_load   [  74% ] 1075/2500 VUs  07m24.9s/10m0s  500.00 iters/s

running (07m25.9s), 1217/2500 VUs, 189688 complete and 0 interrupted iterations
constant_load   [  74% ] 1217/2500 VUs  07m25.9s/10m0s  500.00 iters/s

running (07m26.9s), 1152/2500 VUs, 190253 complete and 0 interrupted iterations
constant_load   [  74% ] 1152/2500 VUs  07m26.9s/10m0s  500.00 iters/s

running (07m27.9s), 1172/2500 VUs, 190733 complete and 0 interrupted iterations
constant_load   [  75% ] 1172/2500 VUs  07m27.9s/10m0s  500.00 iters/s

running (07m28.9s), 1062/2500 VUs, 191342 complete and 0 interrupted iterations
constant_load   [  75% ] 1063/2500 VUs  07m28.9s/10m0s  500.00 iters/s

running (07m29.9s), 1110/2500 VUs, 191795 complete and 0 interrupted iterations
constant_load   [  75% ] 1110/2500 VUs  07m29.9s/10m0s  500.00 iters/s

running (07m30.9s), 1055/2500 VUs, 192349 complete and 0 interrupted iterations
constant_load   [  75% ] 1055/2500 VUs  07m30.9s/10m0s  500.00 iters/s

running (07m31.9s), 1066/2500 VUs, 192839 complete and 0 interrupted iterations
constant_load   [  75% ] 1066/2500 VUs  07m31.9s/10m0s  500.00 iters/s

running (07m32.9s), 1096/2500 VUs, 193309 complete and 0 interrupted iterations
constant_load   [  75% ] 1096/2500 VUs  07m32.9s/10m0s  500.00 iters/s

running (07m33.9s), 1136/2500 VUs, 193768 complete and 0 interrupted iterations
constant_load   [  76% ] 1136/2500 VUs  07m33.9s/10m0s  500.00 iters/s

running (07m34.9s), 1117/2500 VUs, 194288 complete and 0 interrupted iterations
constant_load   [  76% ] 1117/2500 VUs  07m34.9s/10m0s  500.00 iters/s

running (07m35.9s), 1145/2500 VUs, 194760 complete and 0 interrupted iterations
constant_load   [  76% ] 1145/2500 VUs  07m35.9s/10m0s  500.00 iters/s

running (07m36.9s), 1055/2500 VUs, 195350 complete and 0 interrupted iterations
constant_load   [  76% ] 1055/2500 VUs  07m36.9s/10m0s  500.00 iters/s

running (07m37.9s), 1152/2500 VUs, 195752 complete and 0 interrupted iterations
constant_load   [  76% ] 1152/2500 VUs  07m37.9s/10m0s  500.00 iters/s

running (07m38.9s), 1047/2500 VUs, 196358 complete and 0 interrupted iterations
constant_load   [  76% ] 1047/2500 VUs  07m38.9s/10m0s  500.00 iters/s

running (07m39.9s), 1052/2500 VUs, 196854 complete and 0 interrupted iterations
constant_load   [  77% ] 1051/2500 VUs  07m39.9s/10m0s  500.00 iters/s

running (07m40.9s), 1040/2500 VUs, 197365 complete and 0 interrupted iterations
constant_load   [  77% ] 1040/2500 VUs  07m40.9s/10m0s  500.00 iters/s

running (07m41.9s), 1070/2500 VUs, 197835 complete and 0 interrupted iterations
constant_load   [  77% ] 1070/2500 VUs  07m41.9s/10m0s  500.00 iters/s

running (07m42.9s), 1043/2500 VUs, 198362 complete and 0 interrupted iterations
constant_load   [  77% ] 1043/2500 VUs  07m42.9s/10m0s  500.00 iters/s

running (07m43.9s), 1049/2500 VUs, 198855 complete and 0 interrupted iterations
constant_load   [  77% ] 1049/2500 VUs  07m43.9s/10m0s  500.00 iters/s

running (07m44.9s), 1069/2500 VUs, 199336 complete and 0 interrupted iterations
constant_load   [  77% ] 1069/2500 VUs  07m44.9s/10m0s  500.00 iters/s

running (07m45.9s), 1056/2500 VUs, 199849 complete and 0 interrupted iterations
constant_load   [  78% ] 1056/2500 VUs  07m45.9s/10m0s  500.00 iters/s

running (07m46.9s), 1074/2500 VUs, 200331 complete and 0 interrupted iterations
constant_load   [  78% ] 1074/2500 VUs  07m46.9s/10m0s  500.00 iters/s

running (07m47.9s), 1053/2500 VUs, 200852 complete and 0 interrupted iterations
constant_load   [  78% ] 1053/2500 VUs  07m47.9s/10m0s  500.00 iters/s

running (07m48.9s), 1091/2500 VUs, 201314 complete and 0 interrupted iterations
constant_load   [  78% ] 1091/2500 VUs  07m48.9s/10m0s  500.00 iters/s
time="2026-09-05T16:01:26+02:00" level=warning msg="Request Failed" error="Post \"http://k8s-ragplatf-ciliumga-56da93c17a-2adc9d09e1c34b13.elb.eu-central-1.amazonaws.com/api/v1/query\": request timeout"
time="2026-09-05T16:01:26+02:00" level=warning msg="Request Failed" error="Post \"http://k8s-ragplatf-ciliumga-56da93c17a-2adc9d09e1c34b13.elb.eu-central-1.amazonaws.com/api/v1/query\": request timeout"
time="2026-09-05T16:01:26+02:00" level=warning msg="Request Failed" error="Post \"http://k8s-ragplatf-ciliumga-56da93c17a-2adc9d09e1c34b13.elb.eu-central-1.amazonaws.com/api/v1/query\": request timeout"

running (07m49.9s), 1075/2500 VUs, 201830 complete and 0 interrupted iterations
constant_load   [  78% ] 1075/2500 VUs  07m49.9s/10m0s  500.00 iters/s
time="2026-09-05T16:01:26+02:00" level=warning msg="Request Failed" error="Post \"http://k8s-ragplatf-ciliumga-56da93c17a-2adc9d09e1c34b13.elb.eu-central-1.amazonaws.com/api/v1/query\": request timeout"
time="2026-09-05T16:01:26+02:00" level=warning msg="Request Failed" error="Post \"http://k8s-ragplatf-ciliumga-56da93c17a-2adc9d09e1c34b13.elb.eu-central-1.amazonaws.com/api/v1/query\": request timeout"
time="2026-09-05T16:01:26+02:00" level=warning msg="Request Failed" error="Post \"http://k8s-ragplatf-ciliumga-56da93c17a-2adc9d09e1c34b13.elb.eu-central-1.amazonaws.com/api/v1/query\": request timeout"
time="2026-09-05T16:01:26+02:00" level=warning msg="Request Failed" error="Post \"http://k8s-ragplatf-ciliumga-56da93c17a-2adc9d09e1c34b13.elb.eu-central-1.amazonaws.com/api/v1/query\": request timeout"
time="2026-09-05T16:01:26+02:00" level=warning msg="Request Failed" error="Post \"http://k8s-ragplatf-ciliumga-56da93c17a-2adc9d09e1c34b13.elb.eu-central-1.amazonaws.com/api/v1/query\": request timeout"
time="2026-09-05T16:01:26+02:00" level=warning msg="Request Failed" error="Post \"http://k8s-ragplatf-ciliumga-56da93c17a-2adc9d09e1c34b13.elb.eu-central-1.amazonaws.com/api/v1/query\": request timeout"
time="2026-09-05T16:01:26+02:00" level=warning msg="Request Failed" error="Post \"http://k8s-ragplatf-ciliumga-56da93c17a-2adc9d09e1c34b13.elb.eu-central-1.amazonaws.com/api/v1/query\": request timeout"
time="2026-09-05T16:01:26+02:00" level=warning msg="Request Failed" error="Post \"http://k8s-ragplatf-ciliumga-56da93c17a-2adc9d09e1c34b13.elb.eu-central-1.amazonaws.com/api/v1/query\": request timeout"
time="2026-09-05T16:01:26+02:00" level=warning msg="Request Failed" error="Post \"http://k8s-ragplatf-ciliumga-56da93c17a-2adc9d09e1c34b13.elb.eu-central-1.amazonaws.com/api/v1/query\": request timeout"
time="2026-09-05T16:01:27+02:00" level=warning msg="Request Failed" error="Post \"http://k8s-ragplatf-ciliumga-56da93c17a-2adc9d09e1c34b13.elb.eu-central-1.amazonaws.com/api/v1/query\": request timeout"

running (07m50.9s), 1050/2500 VUs, 202354 complete and 0 interrupted iterations
constant_load   [  78% ] 1050/2500 VUs  07m50.9s/10m0s  500.00 iters/s
time="2026-09-05T16:01:27+02:00" level=warning msg="Request Failed" error="Post \"http://k8s-ragplatf-ciliumga-56da93c17a-2adc9d09e1c34b13.elb.eu-central-1.amazonaws.com/api/v1/query\": request timeout"
time="2026-09-05T16:01:27+02:00" level=warning msg="Request Failed" error="Post \"http://k8s-ragplatf-ciliumga-56da93c17a-2adc9d09e1c34b13.elb.eu-central-1.amazonaws.com/api/v1/query\": request timeout"
time="2026-09-05T16:01:27+02:00" level=warning msg="Request Failed" error="Post \"http://k8s-ragplatf-ciliumga-56da93c17a-2adc9d09e1c34b13.elb.eu-central-1.amazonaws.com/api/v1/query\": request timeout"
time="2026-09-05T16:01:27+02:00" level=warning msg="Request Failed" error="Post \"http://k8s-ragplatf-ciliumga-56da93c17a-2adc9d09e1c34b13.elb.eu-central-1.amazonaws.com/api/v1/query\": request timeout"
time="2026-09-05T16:01:27+02:00" level=warning msg="Request Failed" error="Post \"http://k8s-ragplatf-ciliumga-56da93c17a-2adc9d09e1c34b13.elb.eu-central-1.amazonaws.com/api/v1/query\": request timeout"
time="2026-09-05T16:01:27+02:00" level=warning msg="Request Failed" error="Post \"http://k8s-ragplatf-ciliumga-56da93c17a-2adc9d09e1c34b13.elb.eu-central-1.amazonaws.com/api/v1/query\": request timeout"

running (07m51.9s), 1039/2500 VUs, 202867 complete and 0 interrupted iterations
constant_load   [  79% ] 1039/2500 VUs  07m51.9s/10m0s  500.00 iters/s

running (07m52.9s), 1035/2500 VUs, 203370 complete and 0 interrupted iterations
constant_load   [  79% ] 1035/2500 VUs  07m52.9s/10m0s  500.00 iters/s

running (07m53.9s), 1042/2500 VUs, 203863 complete and 0 interrupted iterations
constant_load   [  79% ] 1042/2500 VUs  07m53.9s/10m0s  500.00 iters/s

running (07m54.9s), 1034/2500 VUs, 204370 complete and 0 interrupted iterations
constant_load   [  79% ] 1034/2500 VUs  07m54.9s/10m0s  500.00 iters/s

running (07m55.9s), 1058/2500 VUs, 204847 complete and 0 interrupted iterations
constant_load   [  79% ] 1058/2500 VUs  07m55.9s/10m0s  500.00 iters/s

running (07m56.9s), 1038/2500 VUs, 205367 complete and 0 interrupted iterations
constant_load   [  79% ] 1038/2500 VUs  07m56.9s/10m0s  500.00 iters/s

running (07m57.9s), 1080/2500 VUs, 205825 complete and 0 interrupted iterations
constant_load   [  80% ] 1080/2500 VUs  07m57.9s/10m0s  500.00 iters/s

running (07m58.9s), 1038/2500 VUs, 206367 complete and 0 interrupted iterations
constant_load   [  80% ] 1038/2500 VUs  07m58.9s/10m0s  500.00 iters/s
time="2026-09-05T16:01:36+02:00" level=warning msg="Request Failed" error="Post \"http://k8s-ragplatf-ciliumga-56da93c17a-2adc9d09e1c34b13.elb.eu-central-1.amazonaws.com/api/v1/query\": request timeout"
time="2026-09-05T16:01:36+02:00" level=warning msg="Request Failed" error="Post \"http://k8s-ragplatf-ciliumga-56da93c17a-2adc9d09e1c34b13.elb.eu-central-1.amazonaws.com/api/v1/query\": request timeout"
time="2026-09-05T16:01:36+02:00" level=warning msg="Request Failed" error="Post \"http://k8s-ragplatf-ciliumga-56da93c17a-2adc9d09e1c34b13.elb.eu-central-1.amazonaws.com/api/v1/query\": request timeout"

running (07m59.9s), 1039/2500 VUs, 206866 complete and 0 interrupted iterations
constant_load   [  80% ] 1039/2500 VUs  07m59.9s/10m0s  500.00 iters/s
time="2026-09-05T16:01:36+02:00" level=warning msg="Request Failed" error="Post \"http://k8s-ragplatf-ciliumga-56da93c17a-2adc9d09e1c34b13.elb.eu-central-1.amazonaws.com/api/v1/query\": request timeout"
time="2026-09-05T16:01:36+02:00" level=warning msg="Request Failed" error="Post \"http://k8s-ragplatf-ciliumga-56da93c17a-2adc9d09e1c34b13.elb.eu-central-1.amazonaws.com/api/v1/query\": request timeout"
time="2026-09-05T16:01:36+02:00" level=warning msg="Request Failed" error="Post \"http://k8s-ragplatf-ciliumga-56da93c17a-2adc9d09e1c34b13.elb.eu-central-1.amazonaws.com/api/v1/query\": request timeout"
time="2026-09-05T16:01:36+02:00" level=warning msg="Request Failed" error="Post \"http://k8s-ragplatf-ciliumga-56da93c17a-2adc9d09e1c34b13.elb.eu-central-1.amazonaws.com/api/v1/query\": request timeout"

running (08m00.9s), 1030/2500 VUs, 207375 complete and 0 interrupted iterations
constant_load   [  80% ] 1030/2500 VUs  08m00.9s/10m0s  500.00 iters/s
time="2026-09-05T16:01:37+02:00" level=warning msg="Request Failed" error="Post \"http://k8s-ragplatf-ciliumga-56da93c17a-2adc9d09e1c34b13.elb.eu-central-1.amazonaws.com/api/v1/query\": request timeout"
time="2026-09-05T16:01:37+02:00" level=warning msg="Request Failed" error="Post \"http://k8s-ragplatf-ciliumga-56da93c17a-2adc9d09e1c34b13.elb.eu-central-1.amazonaws.com/api/v1/query\": request timeout"

running (08m01.9s), 1053/2500 VUs, 207852 complete and 0 interrupted iterations
constant_load   [  80% ] 1053/2500 VUs  08m01.9s/10m0s  500.00 iters/s

running (08m02.9s), 1019/2500 VUs, 208386 complete and 0 interrupted iterations
constant_load   [  80% ] 1019/2500 VUs  08m02.9s/10m0s  500.00 iters/s

running (08m03.9s), 1032/2500 VUs, 208872 complete and 0 interrupted iterations
constant_load   [  81% ] 1033/2500 VUs  08m03.9s/10m0s  500.00 iters/s

running (08m04.9s), 1022/2500 VUs, 209383 complete and 0 interrupted iterations
constant_load   [  81% ] 1022/2500 VUs  08m04.9s/10m0s  500.00 iters/s

running (08m05.9s), 1033/2500 VUs, 209872 complete and 0 interrupted iterations
constant_load   [  81% ] 1033/2500 VUs  08m05.9s/10m0s  500.00 iters/s

running (08m06.9s), 1022/2500 VUs, 210383 complete and 0 interrupted iterations
constant_load   [  81% ] 1022/2500 VUs  08m06.9s/10m0s  500.00 iters/s

running (08m07.9s), 1037/2500 VUs, 210867 complete and 0 interrupted iterations
constant_load   [  81% ] 1037/2500 VUs  08m07.9s/10m0s  500.00 iters/s

running (08m08.9s), 1027/2500 VUs, 211378 complete and 0 interrupted iterations
constant_load   [  81% ] 1027/2500 VUs  08m08.9s/10m0s  500.00 iters/s

running (08m09.9s), 1021/2500 VUs, 211884 complete and 0 interrupted iterations
constant_load   [  82% ] 1021/2500 VUs  08m09.9s/10m0s  500.00 iters/s

running (08m10.9s), 1035/2500 VUs, 212370 complete and 0 interrupted iterations
constant_load   [  82% ] 1035/2500 VUs  08m10.9s/10m0s  500.00 iters/s

running (08m11.9s), 1025/2500 VUs, 212880 complete and 0 interrupted iterations
constant_load   [  82% ] 1025/2500 VUs  08m11.9s/10m0s  500.00 iters/s

running (08m12.9s), 1027/2500 VUs, 213378 complete and 0 interrupted iterations
constant_load   [  82% ] 1027/2500 VUs  08m12.9s/10m0s  500.00 iters/s

running (08m13.9s), 1026/2500 VUs, 213879 complete and 0 interrupted iterations
constant_load   [  82% ] 1026/2500 VUs  08m13.9s/10m0s  500.00 iters/s

running (08m14.9s), 1023/2500 VUs, 214382 complete and 0 interrupted iterations
constant_load   [  82% ] 1023/2500 VUs  08m14.9s/10m0s  500.00 iters/s
time="2026-09-05T16:01:51+02:00" level=warning msg="Request Failed" error="Post \"http://k8s-ragplatf-ciliumga-56da93c17a-2adc9d09e1c34b13.elb.eu-central-1.amazonaws.com/api/v1/query\": EOF"
time="2026-09-05T16:01:51+02:00" level=warning msg="Request Failed" error="Post \"http://k8s-ragplatf-ciliumga-56da93c17a-2adc9d09e1c34b13.elb.eu-central-1.amazonaws.com/api/v1/query\": EOF"
time="2026-09-05T16:01:51+02:00" level=warning msg="Request Failed" error="Post \"http://k8s-ragplatf-ciliumga-56da93c17a-2adc9d09e1c34b13.elb.eu-central-1.amazonaws.com/api/v1/query\": EOF"
time="2026-09-05T16:01:51+02:00" level=warning msg="Request Failed" error="Post \"http://k8s-ragplatf-ciliumga-56da93c17a-2adc9d09e1c34b13.elb.eu-central-1.amazonaws.com/api/v1/query\": EOF"
time="2026-09-05T16:01:51+02:00" level=warning msg="Request Failed" error="Post \"http://k8s-ragplatf-ciliumga-56da93c17a-2adc9d09e1c34b13.elb.eu-central-1.amazonaws.com/api/v1/query\": EOF"
time="2026-09-05T16:01:51+02:00" level=warning msg="Request Failed" error="Post \"http://k8s-ragplatf-ciliumga-56da93c17a-2adc9d09e1c34b13.elb.eu-central-1.amazonaws.com/api/v1/query\": EOF"
time="2026-09-05T16:01:51+02:00" level=warning msg="Request Failed" error="Post \"http://k8s-ragplatf-ciliumga-56da93c17a-2adc9d09e1c34b13.elb.eu-central-1.amazonaws.com/api/v1/query\": EOF"
time="2026-09-05T16:01:51+02:00" level=warning msg="Request Failed" error="Post \"http://k8s-ragplatf-ciliumga-56da93c17a-2adc9d09e1c34b13.elb.eu-central-1.amazonaws.com/api/v1/query\": EOF"
time="2026-09-05T16:01:51+02:00" level=warning msg="Request Failed" error="Post \"http://k8s-ragplatf-ciliumga-56da93c17a-2adc9d09e1c34b13.elb.eu-central-1.amazonaws.com/api/v1/query\": EOF"
time="2026-09-05T16:01:51+02:00" level=warning msg="Request Failed" error="Post \"http://k8s-ragplatf-ciliumga-56da93c17a-2adc9d09e1c34b13.elb.eu-central-1.amazonaws.com/api/v1/query\": EOF"
time="2026-09-05T16:01:51+02:00" level=warning msg="Request Failed" error="Post \"http://k8s-ragplatf-ciliumga-56da93c17a-2adc9d09e1c34b13.elb.eu-central-1.amazonaws.com/api/v1/query\": EOF"
time="2026-09-05T16:01:51+02:00" level=warning msg="Request Failed" error="Post \"http://k8s-ragplatf-ciliumga-56da93c17a-2adc9d09e1c34b13.elb.eu-central-1.amazonaws.com/api/v1/query\": EOF"
time="2026-09-05T16:01:51+02:00" level=warning msg="Request Failed" error="Post \"http://k8s-ragplatf-ciliumga-56da93c17a-2adc9d09e1c34b13.elb.eu-central-1.amazonaws.com/api/v1/query\": EOF"
time="2026-09-05T16:01:51+02:00" level=warning msg="Request Failed" error="Post \"http://k8s-ragplatf-ciliumga-56da93c17a-2adc9d09e1c34b13.elb.eu-central-1.amazonaws.com/api/v1/query\": EOF"
time="2026-09-05T16:01:51+02:00" level=warning msg="Request Failed" error="Post \"http://k8s-ragplatf-ciliumga-56da93c17a-2adc9d09e1c34b13.elb.eu-central-1.amazonaws.com/api/v1/query\": EOF"
time="2026-09-05T16:01:51+02:00" level=warning msg="Request Failed" error="Post \"http://k8s-ragplatf-ciliumga-56da93c17a-2adc9d09e1c34b13.elb.eu-central-1.amazonaws.com/api/v1/query\": EOF"
time="2026-09-05T16:01:51+02:00" level=warning msg="Request Failed" error="Post \"http://k8s-ragplatf-ciliumga-56da93c17a-2adc9d09e1c34b13.elb.eu-central-1.amazonaws.com/api/v1/query\": EOF"
time="2026-09-05T16:01:51+02:00" level=warning msg="Request Failed" error="Post \"http://k8s-ragplatf-ciliumga-56da93c17a-2adc9d09e1c34b13.elb.eu-central-1.amazonaws.com/api/v1/query\": EOF"
time="2026-09-05T16:01:51+02:00" level=warning msg="Request Failed" error="Post \"http://k8s-ragplatf-ciliumga-56da93c17a-2adc9d09e1c34b13.elb.eu-central-1.amazonaws.com/api/v1/query\": EOF"
time="2026-09-05T16:01:51+02:00" level=warning msg="Request Failed" error="Post \"http://k8s-ragplatf-ciliumga-56da93c17a-2adc9d09e1c34b13.elb.eu-central-1.amazonaws.com/api/v1/query\": EOF"
time="2026-09-05T16:01:51+02:00" level=warning msg="Request Failed" error="Post \"http://k8s-ragplatf-ciliumga-56da93c17a-2adc9d09e1c34b13.elb.eu-central-1.amazonaws.com/api/v1/query\": EOF"
time="2026-09-05T16:01:51+02:00" level=warning msg="Request Failed" error="Post \"http://k8s-ragplatf-ciliumga-56da93c17a-2adc9d09e1c34b13.elb.eu-central-1.amazonaws.com/api/v1/query\": EOF"
time="2026-09-05T16:01:51+02:00" level=warning msg="Request Failed" error="Post \"http://k8s-ragplatf-ciliumga-56da93c17a-2adc9d09e1c34b13.elb.eu-central-1.amazonaws.com/api/v1/query\": EOF"
time="2026-09-05T16:01:51+02:00" level=warning msg="Request Failed" error="Post \"http://k8s-ragplatf-ciliumga-56da93c17a-2adc9d09e1c34b13.elb.eu-central-1.amazonaws.com/api/v1/query\": EOF"
time="2026-09-05T16:01:51+02:00" level=warning msg="Request Failed" error="Post \"http://k8s-ragplatf-ciliumga-56da93c17a-2adc9d09e1c34b13.elb.eu-central-1.amazonaws.com/api/v1/query\": EOF"
time="2026-09-05T16:01:51+02:00" level=warning msg="Request Failed" error="Post \"http://k8s-ragplatf-ciliumga-56da93c17a-2adc9d09e1c34b13.elb.eu-central-1.amazonaws.com/api/v1/query\": EOF"
time="2026-09-05T16:01:51+02:00" level=warning msg="Request Failed" error="Post \"http://k8s-ragplatf-ciliumga-56da93c17a-2adc9d09e1c34b13.elb.eu-central-1.amazonaws.com/api/v1/query\": EOF"
time="2026-09-05T16:01:51+02:00" level=warning msg="Request Failed" error="Post \"http://k8s-ragplatf-ciliumga-56da93c17a-2adc9d09e1c34b13.elb.eu-central-1.amazonaws.com/api/v1/query\": EOF"
time="2026-09-05T16:01:51+02:00" level=warning msg="Request Failed" error="Post \"http://k8s-ragplatf-ciliumga-56da93c17a-2adc9d09e1c34b13.elb.eu-central-1.amazonaws.com/api/v1/query\": EOF"
time="2026-09-05T16:01:51+02:00" level=warning msg="Request Failed" error="Post \"http://k8s-ragplatf-ciliumga-56da93c17a-2adc9d09e1c34b13.elb.eu-central-1.amazonaws.com/api/v1/query\": EOF"
time="2026-09-05T16:01:51+02:00" level=warning msg="Request Failed" error="Post \"http://k8s-ragplatf-ciliumga-56da93c17a-2adc9d09e1c34b13.elb.eu-central-1.amazonaws.com/api/v1/query\": EOF"
time="2026-09-05T16:01:51+02:00" level=warning msg="Request Failed" error="Post \"http://k8s-ragplatf-ciliumga-56da93c17a-2adc9d09e1c34b13.elb.eu-central-1.amazonaws.com/api/v1/query\": EOF"
time="2026-09-05T16:01:51+02:00" level=warning msg="Request Failed" error="Post \"http://k8s-ragplatf-ciliumga-56da93c17a-2adc9d09e1c34b13.elb.eu-central-1.amazonaws.com/api/v1/query\": EOF"
time="2026-09-05T16:01:51+02:00" level=warning msg="Request Failed" error="Post \"http://k8s-ragplatf-ciliumga-56da93c17a-2adc9d09e1c34b13.elb.eu-central-1.amazonaws.com/api/v1/query\": EOF"
time="2026-09-05T16:01:51+02:00" level=warning msg="Request Failed" error="Post \"http://k8s-ragplatf-ciliumga-56da93c17a-2adc9d09e1c34b13.elb.eu-central-1.amazonaws.com/api/v1/query\": EOF"
time="2026-09-05T16:01:51+02:00" level=warning msg="Request Failed" error="Post \"http://k8s-ragplatf-ciliumga-56da93c17a-2adc9d09e1c34b13.elb.eu-central-1.amazonaws.com/api/v1/query\": EOF"
time="2026-09-05T16:01:51+02:00" level=warning msg="Request Failed" error="Post \"http://k8s-ragplatf-ciliumga-56da93c17a-2adc9d09e1c34b13.elb.eu-central-1.amazonaws.com/api/v1/query\": EOF"
time="2026-09-05T16:01:51+02:00" level=warning msg="Request Failed" error="Post \"http://k8s-ragplatf-ciliumga-56da93c17a-2adc9d09e1c34b13.elb.eu-central-1.amazonaws.com/api/v1/query\": EOF"
time="2026-09-05T16:01:51+02:00" level=warning msg="Request Failed" error="Post \"http://k8s-ragplatf-ciliumga-56da93c17a-2adc9d09e1c34b13.elb.eu-central-1.amazonaws.com/api/v1/query\": EOF"
time="2026-09-05T16:01:51+02:00" level=warning msg="Request Failed" error="Post \"http://k8s-ragplatf-ciliumga-56da93c17a-2adc9d09e1c34b13.elb.eu-central-1.amazonaws.com/api/v1/query\": EOF"
time="2026-09-05T16:01:51+02:00" level=warning msg="Request Failed" error="Post \"http://k8s-ragplatf-ciliumga-56da93c17a-2adc9d09e1c34b13.elb.eu-central-1.amazonaws.com/api/v1/query\": EOF"
time="2026-09-05T16:01:51+02:00" level=warning msg="Request Failed" error="Post \"http://k8s-ragplatf-ciliumga-56da93c17a-2adc9d09e1c34b13.elb.eu-central-1.amazonaws.com/api/v1/query\": EOF"
time="2026-09-05T16:01:51+02:00" level=warning msg="Request Failed" error="Post \"http://k8s-ragplatf-ciliumga-56da93c17a-2adc9d09e1c34b13.elb.eu-central-1.amazonaws.com/api/v1/query\": EOF"
time="2026-09-05T16:01:51+02:00" level=warning msg="Request Failed" error="Post \"http://k8s-ragplatf-ciliumga-56da93c17a-2adc9d09e1c34b13.elb.eu-central-1.amazonaws.com/api/v1/query\": EOF"
time="2026-09-05T16:01:51+02:00" level=warning msg="Request Failed" error="Post \"http://k8s-ragplatf-ciliumga-56da93c17a-2adc9d09e1c34b13.elb.eu-central-1.amazonaws.com/api/v1/query\": EOF"
time="2026-09-05T16:01:51+02:00" level=warning msg="Request Failed" error="Post \"http://k8s-ragplatf-ciliumga-56da93c17a-2adc9d09e1c34b13.elb.eu-central-1.amazonaws.com/api/v1/query\": EOF"
time="2026-09-05T16:01:51+02:00" level=warning msg="Request Failed" error="Post \"http://k8s-ragplatf-ciliumga-56da93c17a-2adc9d09e1c34b13.elb.eu-central-1.amazonaws.com/api/v1/query\": EOF"
time="2026-09-05T16:01:51+02:00" level=warning msg="Request Failed" error="Post \"http://k8s-ragplatf-ciliumga-56da93c17a-2adc9d09e1c34b13.elb.eu-central-1.amazonaws.com/api/v1/query\": EOF"
time="2026-09-05T16:01:51+02:00" level=warning msg="Request Failed" error="Post \"http://k8s-ragplatf-ciliumga-56da93c17a-2adc9d09e1c34b13.elb.eu-central-1.amazonaws.com/api/v1/query\": EOF"
time="2026-09-05T16:01:51+02:00" level=warning msg="Request Failed" error="Post \"http://k8s-ragplatf-ciliumga-56da93c17a-2adc9d09e1c34b13.elb.eu-central-1.amazonaws.com/api/v1/query\": EOF"
time="2026-09-05T16:01:51+02:00" level=warning msg="Request Failed" error="Post \"http://k8s-ragplatf-ciliumga-56da93c17a-2adc9d09e1c34b13.elb.eu-central-1.amazonaws.com/api/v1/query\": EOF"
time="2026-09-05T16:01:51+02:00" level=warning msg="Request Failed" error="Post \"http://k8s-ragplatf-ciliumga-56da93c17a-2adc9d09e1c34b13.elb.eu-central-1.amazonaws.com/api/v1/query\": EOF"
time="2026-09-05T16:01:51+02:00" level=warning msg="Request Failed" error="Post \"http://k8s-ragplatf-ciliumga-56da93c17a-2adc9d09e1c34b13.elb.eu-central-1.amazonaws.com/api/v1/query\": EOF"
time="2026-09-05T16:01:51+02:00" level=warning msg="Request Failed" error="Post \"http://k8s-ragplatf-ciliumga-56da93c17a-2adc9d09e1c34b13.elb.eu-central-1.amazonaws.com/api/v1/query\": EOF"
time="2026-09-05T16:01:51+02:00" level=warning msg="Request Failed" error="Post \"http://k8s-ragplatf-ciliumga-56da93c17a-2adc9d09e1c34b13.elb.eu-central-1.amazonaws.com/api/v1/query\": EOF"
time="2026-09-05T16:01:51+02:00" level=warning msg="Request Failed" error="Post \"http://k8s-ragplatf-ciliumga-56da93c17a-2adc9d09e1c34b13.elb.eu-central-1.amazonaws.com/api/v1/query\": EOF"
time="2026-09-05T16:01:51+02:00" level=warning msg="Request Failed" error="Post \"http://k8s-ragplatf-ciliumga-56da93c17a-2adc9d09e1c34b13.elb.eu-central-1.amazonaws.com/api/v1/query\": EOF"
time="2026-09-05T16:01:51+02:00" level=warning msg="Request Failed" error="Post \"http://k8s-ragplatf-ciliumga-56da93c17a-2adc9d09e1c34b13.elb.eu-central-1.amazonaws.com/api/v1/query\": EOF"
time="2026-09-05T16:01:51+02:00" level=warning msg="Request Failed" error="Post \"http://k8s-ragplatf-ciliumga-56da93c17a-2adc9d09e1c34b13.elb.eu-central-1.amazonaws.com/api/v1/query\": EOF"
time="2026-09-05T16:01:51+02:00" level=warning msg="Request Failed" error="Post \"http://k8s-ragplatf-ciliumga-56da93c17a-2adc9d09e1c34b13.elb.eu-central-1.amazonaws.com/api/v1/query\": EOF"
time="2026-09-05T16:01:51+02:00" level=warning msg="Request Failed" error="Post \"http://k8s-ragplatf-ciliumga-56da93c17a-2adc9d09e1c34b13.elb.eu-central-1.amazonaws.com/api/v1/query\": EOF"
time="2026-09-05T16:01:51+02:00" level=warning msg="Request Failed" error="Post \"http://k8s-ragplatf-ciliumga-56da93c17a-2adc9d09e1c34b13.elb.eu-central-1.amazonaws.com/api/v1/query\": EOF"
time="2026-09-05T16:01:51+02:00" level=warning msg="Request Failed" error="Post \"http://k8s-ragplatf-ciliumga-56da93c17a-2adc9d09e1c34b13.elb.eu-central-1.amazonaws.com/api/v1/query\": EOF"
time="2026-09-05T16:01:51+02:00" level=warning msg="Request Failed" error="Post \"http://k8s-ragplatf-ciliumga-56da93c17a-2adc9d09e1c34b13.elb.eu-central-1.amazonaws.com/api/v1/query\": EOF"
time="2026-09-05T16:01:51+02:00" level=warning msg="Request Failed" error="Post \"http://k8s-ragplatf-ciliumga-56da93c17a-2adc9d09e1c34b13.elb.eu-central-1.amazonaws.com/api/v1/query\": EOF"
time="2026-09-05T16:01:51+02:00" level=warning msg="Request Failed" error="Post \"http://k8s-ragplatf-ciliumga-56da93c17a-2adc9d09e1c34b13.elb.eu-central-1.amazonaws.com/api/v1/query\": EOF"
time="2026-09-05T16:01:51+02:00" level=warning msg="Request Failed" error="Post \"http://k8s-ragplatf-ciliumga-56da93c17a-2adc9d09e1c34b13.elb.eu-central-1.amazonaws.com/api/v1/query\": EOF"
time="2026-09-05T16:01:51+02:00" level=warning msg="Request Failed" error="Post \"http://k8s-ragplatf-ciliumga-56da93c17a-2adc9d09e1c34b13.elb.eu-central-1.amazonaws.com/api/v1/query\": EOF"
time="2026-09-05T16:01:51+02:00" level=warning msg="Request Failed" error="Post \"http://k8s-ragplatf-ciliumga-56da93c17a-2adc9d09e1c34b13.elb.eu-central-1.amazonaws.com/api/v1/query\": EOF"
time="2026-09-05T16:01:51+02:00" level=warning msg="Request Failed" error="Post \"http://k8s-ragplatf-ciliumga-56da93c17a-2adc9d09e1c34b13.elb.eu-central-1.amazonaws.com/api/v1/query\": EOF"
time="2026-09-05T16:01:51+02:00" level=warning msg="Request Failed" error="Post \"http://k8s-ragplatf-ciliumga-56da93c17a-2adc9d09e1c34b13.elb.eu-central-1.amazonaws.com/api/v1/query\": EOF"
time="2026-09-05T16:01:51+02:00" level=warning msg="Request Failed" error="Post \"http://k8s-ragplatf-ciliumga-56da93c17a-2adc9d09e1c34b13.elb.eu-central-1.amazonaws.com/api/v1/query\": EOF"
time="2026-09-05T16:01:51+02:00" level=warning msg="Request Failed" error="Post \"http://k8s-ragplatf-ciliumga-56da93c17a-2adc9d09e1c34b13.elb.eu-central-1.amazonaws.com/api/v1/query\": EOF"
time="2026-09-05T16:01:51+02:00" level=warning msg="Request Failed" error="Post \"http://k8s-ragplatf-ciliumga-56da93c17a-2adc9d09e1c34b13.elb.eu-central-1.amazonaws.com/api/v1/query\": EOF"
time="2026-09-05T16:01:51+02:00" level=warning msg="Request Failed" error="Post \"http://k8s-ragplatf-ciliumga-56da93c17a-2adc9d09e1c34b13.elb.eu-central-1.amazonaws.com/api/v1/query\": EOF"
time="2026-09-05T16:01:51+02:00" level=warning msg="Request Failed" error="Post \"http://k8s-ragplatf-ciliumga-56da93c17a-2adc9d09e1c34b13.elb.eu-central-1.amazonaws.com/api/v1/query\": EOF"
time="2026-09-05T16:01:51+02:00" level=warning msg="Request Failed" error="Post \"http://k8s-ragplatf-ciliumga-56da93c17a-2adc9d09e1c34b13.elb.eu-central-1.amazonaws.com/api/v1/query\": EOF"
time="2026-09-05T16:01:51+02:00" level=warning msg="Request Failed" error="Post \"http://k8s-ragplatf-ciliumga-56da93c17a-2adc9d09e1c34b13.elb.eu-central-1.amazonaws.com/api/v1/query\": EOF"
time="2026-09-05T16:01:51+02:00" level=warning msg="Request Failed" error="Post \"http://k8s-ragplatf-ciliumga-56da93c17a-2adc9d09e1c34b13.elb.eu-central-1.amazonaws.com/api/v1/query\": EOF"
time="2026-09-05T16:01:51+02:00" level=warning msg="Request Failed" error="Post \"http://k8s-ragplatf-ciliumga-56da93c17a-2adc9d09e1c34b13.elb.eu-central-1.amazonaws.com/api/v1/query\": EOF"
time="2026-09-05T16:01:51+02:00" level=warning msg="Request Failed" error="Post \"http://k8s-ragplatf-ciliumga-56da93c17a-2adc9d09e1c34b13.elb.eu-central-1.amazonaws.com/api/v1/query\": EOF"
time="2026-09-05T16:01:51+02:00" level=warning msg="Request Failed" error="Post \"http://k8s-ragplatf-ciliumga-56da93c17a-2adc9d09e1c34b13.elb.eu-central-1.amazonaws.com/api/v1/query\": EOF"
time="2026-09-05T16:01:51+02:00" level=warning msg="Request Failed" error="Post \"http://k8s-ragplatf-ciliumga-56da93c17a-2adc9d09e1c34b13.elb.eu-central-1.amazonaws.com/api/v1/query\": EOF"
time="2026-09-05T16:01:51+02:00" level=warning msg="Request Failed" error="Post \"http://k8s-ragplatf-ciliumga-56da93c17a-2adc9d09e1c34b13.elb.eu-central-1.amazonaws.com/api/v1/query\": EOF"
time="2026-09-05T16:01:51+02:00" level=warning msg="Request Failed" error="Post \"http://k8s-ragplatf-ciliumga-56da93c17a-2adc9d09e1c34b13.elb.eu-central-1.amazonaws.com/api/v1/query\": EOF"
time="2026-09-05T16:01:51+02:00" level=warning msg="Request Failed" error="Post \"http://k8s-ragplatf-ciliumga-56da93c17a-2adc9d09e1c34b13.elb.eu-central-1.amazonaws.com/api/v1/query\": EOF"
time="2026-09-05T16:01:51+02:00" level=warning msg="Request Failed" error="Post \"http://k8s-ragplatf-ciliumga-56da93c17a-2adc9d09e1c34b13.elb.eu-central-1.amazonaws.com/api/v1/query\": EOF"
time="2026-09-05T16:01:51+02:00" level=warning msg="Request Failed" error="Post \"http://k8s-ragplatf-ciliumga-56da93c17a-2adc9d09e1c34b13.elb.eu-central-1.amazonaws.com/api/v1/query\": EOF"
time="2026-09-05T16:01:51+02:00" level=warning msg="Request Failed" error="Post \"http://k8s-ragplatf-ciliumga-56da93c17a-2adc9d09e1c34b13.elb.eu-central-1.amazonaws.com/api/v1/query\": EOF"
time="2026-09-05T16:01:51+02:00" level=warning msg="Request Failed" error="Post \"http://k8s-ragplatf-ciliumga-56da93c17a-2adc9d09e1c34b13.elb.eu-central-1.amazonaws.com/api/v1/query\": EOF"
time="2026-09-05T16:01:51+02:00" level=warning msg="Request Failed" error="Post \"http://k8s-ragplatf-ciliumga-56da93c17a-2adc9d09e1c34b13.elb.eu-central-1.amazonaws.com/api/v1/query\": EOF"
time="2026-09-05T16:01:51+02:00" level=warning msg="Request Failed" error="Post \"http://k8s-ragplatf-ciliumga-56da93c17a-2adc9d09e1c34b13.elb.eu-central-1.amazonaws.com/api/v1/query\": EOF"
time="2026-09-05T16:01:51+02:00" level=warning msg="Request Failed" error="Post \"http://k8s-ragplatf-ciliumga-56da93c17a-2adc9d09e1c34b13.elb.eu-central-1.amazonaws.com/api/v1/query\": EOF"
time="2026-09-05T16:01:51+02:00" level=warning msg="Request Failed" error="Post \"http://k8s-ragplatf-ciliumga-56da93c17a-2adc9d09e1c34b13.elb.eu-central-1.amazonaws.com/api/v1/query\": EOF"
time="2026-09-05T16:01:51+02:00" level=warning msg="Request Failed" error="Post \"http://k8s-ragplatf-ciliumga-56da93c17a-2adc9d09e1c34b13.elb.eu-central-1.amazonaws.com/api/v1/query\": EOF"
time="2026-09-05T16:01:51+02:00" level=warning msg="Request Failed" error="Post \"http://k8s-ragplatf-ciliumga-56da93c17a-2adc9d09e1c34b13.elb.eu-central-1.amazonaws.com/api/v1/query\": EOF"
time="2026-09-05T16:01:51+02:00" level=warning msg="Request Failed" error="Post \"http://k8s-ragplatf-ciliumga-56da93c17a-2adc9d09e1c34b13.elb.eu-central-1.amazonaws.com/api/v1/query\": EOF"
time="2026-09-05T16:01:51+02:00" level=warning msg="Request Failed" error="Post \"http://k8s-ragplatf-ciliumga-56da93c17a-2adc9d09e1c34b13.elb.eu-central-1.amazonaws.com/api/v1/query\": EOF"
time="2026-09-05T16:01:51+02:00" level=warning msg="Request Failed" error="Post \"http://k8s-ragplatf-ciliumga-56da93c17a-2adc9d09e1c34b13.elb.eu-central-1.amazonaws.com/api/v1/query\": EOF"
time="2026-09-05T16:01:51+02:00" level=warning msg="Request Failed" error="Post \"http://k8s-ragplatf-ciliumga-56da93c17a-2adc9d09e1c34b13.elb.eu-central-1.amazonaws.com/api/v1/query\": EOF"
time="2026-09-05T16:01:51+02:00" level=warning msg="Request Failed" error="Post \"http://k8s-ragplatf-ciliumga-56da93c17a-2adc9d09e1c34b13.elb.eu-central-1.amazonaws.com/api/v1/query\": EOF"
time="2026-09-05T16:01:51+02:00" level=warning msg="Request Failed" error="Post \"http://k8s-ragplatf-ciliumga-56da93c17a-2adc9d09e1c34b13.elb.eu-central-1.amazonaws.com/api/v1/query\": read tcp 192.168.50.205:64149->3.74.83.55:80: read: connection reset by peer"
time="2026-09-05T16:01:51+02:00" level=warning msg="Request Failed" error="Post \"http://k8s-ragplatf-ciliumga-56da93c17a-2adc9d09e1c34b13.elb.eu-central-1.amazonaws.com/api/v1/query\": EOF"
time="2026-09-05T16:01:51+02:00" level=warning msg="Request Failed" error="Post \"http://k8s-ragplatf-ciliumga-56da93c17a-2adc9d09e1c34b13.elb.eu-central-1.amazonaws.com/api/v1/query\": EOF"
time="2026-09-05T16:01:51+02:00" level=warning msg="Request Failed" error="Post \"http://k8s-ragplatf-ciliumga-56da93c17a-2adc9d09e1c34b13.elb.eu-central-1.amazonaws.com/api/v1/query\": EOF"
time="2026-09-05T16:01:51+02:00" level=warning msg="Request Failed" error="Post \"http://k8s-ragplatf-ciliumga-56da93c17a-2adc9d09e1c34b13.elb.eu-central-1.amazonaws.com/api/v1/query\": EOF"
time="2026-09-05T16:01:51+02:00" level=warning msg="Request Failed" error="Post \"http://k8s-ragplatf-ciliumga-56da93c17a-2adc9d09e1c34b13.elb.eu-central-1.amazonaws.com/api/v1/query\": EOF"
time="2026-09-05T16:01:51+02:00" level=warning msg="Request Failed" error="Post \"http://k8s-ragplatf-ciliumga-56da93c17a-2adc9d09e1c34b13.elb.eu-central-1.amazonaws.com/api/v1/query\": EOF"
time="2026-09-05T16:01:51+02:00" level=warning msg="Request Failed" error="Post \"http://k8s-ragplatf-ciliumga-56da93c17a-2adc9d09e1c34b13.elb.eu-central-1.amazonaws.com/api/v1/query\": EOF"
time="2026-09-05T16:01:51+02:00" level=warning msg="Request Failed" error="Post \"http://k8s-ragplatf-ciliumga-56da93c17a-2adc9d09e1c34b13.elb.eu-central-1.amazonaws.com/api/v1/query\": EOF"
time="2026-09-05T16:01:51+02:00" level=warning msg="Request Failed" error="Post \"http://k8s-ragplatf-ciliumga-56da93c17a-2adc9d09e1c34b13.elb.eu-central-1.amazonaws.com/api/v1/query\": EOF"
time="2026-09-05T16:01:51+02:00" level=warning msg="Request Failed" error="Post \"http://k8s-ragplatf-ciliumga-56da93c17a-2adc9d09e1c34b13.elb.eu-central-1.amazonaws.com/api/v1/query\": EOF"
time="2026-09-05T16:01:51+02:00" level=warning msg="Request Failed" error="Post \"http://k8s-ragplatf-ciliumga-56da93c17a-2adc9d09e1c34b13.elb.eu-central-1.amazonaws.com/api/v1/query\": EOF"
time="2026-09-05T16:01:51+02:00" level=warning msg="Request Failed" error="Post \"http://k8s-ragplatf-ciliumga-56da93c17a-2adc9d09e1c34b13.elb.eu-central-1.amazonaws.com/api/v1/query\": EOF"
time="2026-09-05T16:01:51+02:00" level=warning msg="Request Failed" error="Post \"http://k8s-ragplatf-ciliumga-56da93c17a-2adc9d09e1c34b13.elb.eu-central-1.amazonaws.com/api/v1/query\": EOF"
time="2026-09-05T16:01:51+02:00" level=warning msg="Request Failed" error="Post \"http://k8s-ragplatf-ciliumga-56da93c17a-2adc9d09e1c34b13.elb.eu-central-1.amazonaws.com/api/v1/query\": EOF"
time="2026-09-05T16:01:51+02:00" level=warning msg="Request Failed" error="Post \"http://k8s-ragplatf-ciliumga-56da93c17a-2adc9d09e1c34b13.elb.eu-central-1.amazonaws.com/api/v1/query\": EOF"
time="2026-09-05T16:01:51+02:00" level=warning msg="Request Failed" error="Post \"http://k8s-ragplatf-ciliumga-56da93c17a-2adc9d09e1c34b13.elb.eu-central-1.amazonaws.com/api/v1/query\": EOF"
time="2026-09-05T16:01:51+02:00" level=warning msg="Request Failed" error="Post \"http://k8s-ragplatf-ciliumga-56da93c17a-2adc9d09e1c34b13.elb.eu-central-1.amazonaws.com/api/v1/query\": EOF"
time="2026-09-05T16:01:51+02:00" level=warning msg="Request Failed" error="Post \"http://k8s-ragplatf-ciliumga-56da93c17a-2adc9d09e1c34b13.elb.eu-central-1.amazonaws.com/api/v1/query\": EOF"
time="2026-09-05T16:01:51+02:00" level=warning msg="Request Failed" error="Post \"http://k8s-ragplatf-ciliumga-56da93c17a-2adc9d09e1c34b13.elb.eu-central-1.amazonaws.com/api/v1/query\": EOF"
time="2026-09-05T16:01:51+02:00" level=warning msg="Request Failed" error="Post \"http://k8s-ragplatf-ciliumga-56da93c17a-2adc9d09e1c34b13.elb.eu-central-1.amazonaws.com/api/v1/query\": EOF"
time="2026-09-05T16:01:51+02:00" level=warning msg="Request Failed" error="Post \"http://k8s-ragplatf-ciliumga-56da93c17a-2adc9d09e1c34b13.elb.eu-central-1.amazonaws.com/api/v1/query\": EOF"
time="2026-09-05T16:01:51+02:00" level=warning msg="Request Failed" error="Post \"http://k8s-ragplatf-ciliumga-56da93c17a-2adc9d09e1c34b13.elb.eu-central-1.amazonaws.com/api/v1/query\": EOF"
time="2026-09-05T16:01:51+02:00" level=warning msg="Request Failed" error="Post \"http://k8s-ragplatf-ciliumga-56da93c17a-2adc9d09e1c34b13.elb.eu-central-1.amazonaws.com/api/v1/query\": EOF"
time="2026-09-05T16:01:51+02:00" level=warning msg="Request Failed" error="Post \"http://k8s-ragplatf-ciliumga-56da93c17a-2adc9d09e1c34b13.elb.eu-central-1.amazonaws.com/api/v1/query\": EOF"
time="2026-09-05T16:01:51+02:00" level=warning msg="Request Failed" error="Post \"http://k8s-ragplatf-ciliumga-56da93c17a-2adc9d09e1c34b13.elb.eu-central-1.amazonaws.com/api/v1/query\": EOF"
time="2026-09-05T16:01:51+02:00" level=warning msg="Request Failed" error="Post \"http://k8s-ragplatf-ciliumga-56da93c17a-2adc9d09e1c34b13.elb.eu-central-1.amazonaws.com/api/v1/query\": EOF"
time="2026-09-05T16:01:51+02:00" level=warning msg="Request Failed" error="Post \"http://k8s-ragplatf-ciliumga-56da93c17a-2adc9d09e1c34b13.elb.eu-central-1.amazonaws.com/api/v1/query\": EOF"
time="2026-09-05T16:01:51+02:00" level=warning msg="Request Failed" error="Post \"http://k8s-ragplatf-ciliumga-56da93c17a-2adc9d09e1c34b13.elb.eu-central-1.amazonaws.com/api/v1/query\": EOF"
time="2026-09-05T16:01:51+02:00" level=warning msg="Request Failed" error="Post \"http://k8s-ragplatf-ciliumga-56da93c17a-2adc9d09e1c34b13.elb.eu-central-1.amazonaws.com/api/v1/query\": EOF"
time="2026-09-05T16:01:51+02:00" level=warning msg="Request Failed" error="Post \"http://k8s-ragplatf-ciliumga-56da93c17a-2adc9d09e1c34b13.elb.eu-central-1.amazonaws.com/api/v1/query\": EOF"
time="2026-09-05T16:01:51+02:00" level=warning msg="Request Failed" error="Post \"http://k8s-ragplatf-ciliumga-56da93c17a-2adc9d09e1c34b13.elb.eu-central-1.amazonaws.com/api/v1/query\": EOF"
time="2026-09-05T16:01:51+02:00" level=warning msg="Request Failed" error="Post \"http://k8s-ragplatf-ciliumga-56da93c17a-2adc9d09e1c34b13.elb.eu-central-1.amazonaws.com/api/v1/query\": EOF"
time="2026-09-05T16:01:51+02:00" level=warning msg="Request Failed" error="Post \"http://k8s-ragplatf-ciliumga-56da93c17a-2adc9d09e1c34b13.elb.eu-central-1.amazonaws.com/api/v1/query\": EOF"
time="2026-09-05T16:01:51+02:00" level=warning msg="Request Failed" error="Post \"http://k8s-ragplatf-ciliumga-56da93c17a-2adc9d09e1c34b13.elb.eu-central-1.amazonaws.com/api/v1/query\": EOF"
time="2026-09-05T16:01:51+02:00" level=warning msg="Request Failed" error="Post \"http://k8s-ragplatf-ciliumga-56da93c17a-2adc9d09e1c34b13.elb.eu-central-1.amazonaws.com/api/v1/query\": EOF"
time="2026-09-05T16:01:51+02:00" level=warning msg="Request Failed" error="Post \"http://k8s-ragplatf-ciliumga-56da93c17a-2adc9d09e1c34b13.elb.eu-central-1.amazonaws.com/api/v1/query\": EOF"
time="2026-09-05T16:01:51+02:00" level=warning msg="Request Failed" error="Post \"http://k8s-ragplatf-ciliumga-56da93c17a-2adc9d09e1c34b13.elb.eu-central-1.amazonaws.com/api/v1/query\": EOF"
time="2026-09-05T16:01:51+02:00" level=warning msg="Request Failed" error="Post \"http://k8s-ragplatf-ciliumga-56da93c17a-2adc9d09e1c34b13.elb.eu-central-1.amazonaws.com/api/v1/query\": EOF"
time="2026-09-05T16:01:51+02:00" level=warning msg="Request Failed" error="Post \"http://k8s-ragplatf-ciliumga-56da93c17a-2adc9d09e1c34b13.elb.eu-central-1.amazonaws.com/api/v1/query\": EOF"
time="2026-09-05T16:01:51+02:00" level=warning msg="Request Failed" error="Post \"http://k8s-ragplatf-ciliumga-56da93c17a-2adc9d09e1c34b13.elb.eu-central-1.amazonaws.com/api/v1/query\": EOF"
time="2026-09-05T16:01:51+02:00" level=warning msg="Request Failed" error="Post \"http://k8s-ragplatf-ciliumga-56da93c17a-2adc9d09e1c34b13.elb.eu-central-1.amazonaws.com/api/v1/query\": EOF"
time="2026-09-05T16:01:51+02:00" level=warning msg="Request Failed" error="Post \"http://k8s-ragplatf-ciliumga-56da93c17a-2adc9d09e1c34b13.elb.eu-central-1.amazonaws.com/api/v1/query\": EOF"
time="2026-09-05T16:01:51+02:00" level=warning msg="Request Failed" error="Post \"http://k8s-ragplatf-ciliumga-56da93c17a-2adc9d09e1c34b13.elb.eu-central-1.amazonaws.com/api/v1/query\": EOF"
time="2026-09-05T16:01:51+02:00" level=warning msg="Request Failed" error="Post \"http://k8s-ragplatf-ciliumga-56da93c17a-2adc9d09e1c34b13.elb.eu-central-1.amazonaws.com/api/v1/query\": EOF"
time="2026-09-05T16:01:51+02:00" level=warning msg="Request Failed" error="Post \"http://k8s-ragplatf-ciliumga-56da93c17a-2adc9d09e1c34b13.elb.eu-central-1.amazonaws.com/api/v1/query\": EOF"
time="2026-09-05T16:01:51+02:00" level=warning msg="Request Failed" error="Post \"http://k8s-ragplatf-ciliumga-56da93c17a-2adc9d09e1c34b13.elb.eu-central-1.amazonaws.com/api/v1/query\": EOF"
time="2026-09-05T16:01:51+02:00" level=warning msg="Request Failed" error="Post \"http://k8s-ragplatf-ciliumga-56da93c17a-2adc9d09e1c34b13.elb.eu-central-1.amazonaws.com/api/v1/query\": EOF"
time="2026-09-05T16:01:51+02:00" level=warning msg="Request Failed" error="Post \"http://k8s-ragplatf-ciliumga-56da93c17a-2adc9d09e1c34b13.elb.eu-central-1.amazonaws.com/api/v1/query\": EOF"
time="2026-09-05T16:01:51+02:00" level=warning msg="Request Failed" error="Post \"http://k8s-ragplatf-ciliumga-56da93c17a-2adc9d09e1c34b13.elb.eu-central-1.amazonaws.com/api/v1/query\": EOF"
time="2026-09-05T16:01:51+02:00" level=warning msg="Request Failed" error="Post \"http://k8s-ragplatf-ciliumga-56da93c17a-2adc9d09e1c34b13.elb.eu-central-1.amazonaws.com/api/v1/query\": EOF"
time="2026-09-05T16:01:51+02:00" level=warning msg="Request Failed" error="Post \"http://k8s-ragplatf-ciliumga-56da93c17a-2adc9d09e1c34b13.elb.eu-central-1.amazonaws.com/api/v1/query\": EOF"
time="2026-09-05T16:01:51+02:00" level=warning msg="Request Failed" error="Post \"http://k8s-ragplatf-ciliumga-56da93c17a-2adc9d09e1c34b13.elb.eu-central-1.amazonaws.com/api/v1/query\": EOF"
time="2026-09-05T16:01:51+02:00" level=warning msg="Request Failed" error="Post \"http://k8s-ragplatf-ciliumga-56da93c17a-2adc9d09e1c34b13.elb.eu-central-1.amazonaws.com/api/v1/query\": EOF"
time="2026-09-05T16:01:51+02:00" level=warning msg="Request Failed" error="Post \"http://k8s-ragplatf-ciliumga-56da93c17a-2adc9d09e1c34b13.elb.eu-central-1.amazonaws.com/api/v1/query\": EOF"
time="2026-09-05T16:01:51+02:00" level=warning msg="Request Failed" error="Post \"http://k8s-ragplatf-ciliumga-56da93c17a-2adc9d09e1c34b13.elb.eu-central-1.amazonaws.com/api/v1/query\": EOF"
time="2026-09-05T16:01:51+02:00" level=warning msg="Request Failed" error="Post \"http://k8s-ragplatf-ciliumga-56da93c17a-2adc9d09e1c34b13.elb.eu-central-1.amazonaws.com/api/v1/query\": EOF"
time="2026-09-05T16:01:51+02:00" level=warning msg="Request Failed" error="Post \"http://k8s-ragplatf-ciliumga-56da93c17a-2adc9d09e1c34b13.elb.eu-central-1.amazonaws.com/api/v1/query\": EOF"
time="2026-09-05T16:01:51+02:00" level=warning msg="Request Failed" error="Post \"http://k8s-ragplatf-ciliumga-56da93c17a-2adc9d09e1c34b13.elb.eu-central-1.amazonaws.com/api/v1/query\": EOF"
time="2026-09-05T16:01:51+02:00" level=warning msg="Request Failed" error="Post \"http://k8s-ragplatf-ciliumga-56da93c17a-2adc9d09e1c34b13.elb.eu-central-1.amazonaws.com/api/v1/query\": EOF"
time="2026-09-05T16:01:51+02:00" level=warning msg="Request Failed" error="Post \"http://k8s-ragplatf-ciliumga-56da93c17a-2adc9d09e1c34b13.elb.eu-central-1.amazonaws.com/api/v1/query\": EOF"
time="2026-09-05T16:01:51+02:00" level=warning msg="Request Failed" error="Post \"http://k8s-ragplatf-ciliumga-56da93c17a-2adc9d09e1c34b13.elb.eu-central-1.amazonaws.com/api/v1/query\": EOF"
time="2026-09-05T16:01:51+02:00" level=warning msg="Request Failed" error="Post \"http://k8s-ragplatf-ciliumga-56da93c17a-2adc9d09e1c34b13.elb.eu-central-1.amazonaws.com/api/v1/query\": EOF"
time="2026-09-05T16:01:51+02:00" level=warning msg="Request Failed" error="Post \"http://k8s-ragplatf-ciliumga-56da93c17a-2adc9d09e1c34b13.elb.eu-central-1.amazonaws.com/api/v1/query\": EOF"
time="2026-09-05T16:01:51+02:00" level=warning msg="Request Failed" error="Post \"http://k8s-ragplatf-ciliumga-56da93c17a-2adc9d09e1c34b13.elb.eu-central-1.amazonaws.com/api/v1/query\": EOF"
time="2026-09-05T16:01:51+02:00" level=warning msg="Request Failed" error="Post \"http://k8s-ragplatf-ciliumga-56da93c17a-2adc9d09e1c34b13.elb.eu-central-1.amazonaws.com/api/v1/query\": EOF"
time="2026-09-05T16:01:51+02:00" level=warning msg="Request Failed" error="Post \"http://k8s-ragplatf-ciliumga-56da93c17a-2adc9d09e1c34b13.elb.eu-central-1.amazonaws.com/api/v1/query\": EOF"
time="2026-09-05T16:01:51+02:00" level=warning msg="Request Failed" error="Post \"http://k8s-ragplatf-ciliumga-56da93c17a-2adc9d09e1c34b13.elb.eu-central-1.amazonaws.com/api/v1/query\": EOF"
time="2026-09-05T16:01:51+02:00" level=warning msg="Request Failed" error="Post \"http://k8s-ragplatf-ciliumga-56da93c17a-2adc9d09e1c34b13.elb.eu-central-1.amazonaws.com/api/v1/query\": EOF"
time="2026-09-05T16:01:51+02:00" level=warning msg="Request Failed" error="Post \"http://k8s-ragplatf-ciliumga-56da93c17a-2adc9d09e1c34b13.elb.eu-central-1.amazonaws.com/api/v1/query\": EOF"
time="2026-09-05T16:01:51+02:00" level=warning msg="Request Failed" error="Post \"http://k8s-ragplatf-ciliumga-56da93c17a-2adc9d09e1c34b13.elb.eu-central-1.amazonaws.com/api/v1/query\": EOF"
time="2026-09-05T16:01:51+02:00" level=warning msg="Request Failed" error="Post \"http://k8s-ragplatf-ciliumga-56da93c17a-2adc9d09e1c34b13.elb.eu-central-1.amazonaws.com/api/v1/query\": EOF"
time="2026-09-05T16:01:51+02:00" level=warning msg="Request Failed" error="Post \"http://k8s-ragplatf-ciliumga-56da93c17a-2adc9d09e1c34b13.elb.eu-central-1.amazonaws.com/api/v1/query\": EOF"
time="2026-09-05T16:01:51+02:00" level=warning msg="Request Failed" error="Post \"http://k8s-ragplatf-ciliumga-56da93c17a-2adc9d09e1c34b13.elb.eu-central-1.amazonaws.com/api/v1/query\": EOF"
time="2026-09-05T16:01:51+02:00" level=warning msg="Request Failed" error="Post \"http://k8s-ragplatf-ciliumga-56da93c17a-2adc9d09e1c34b13.elb.eu-central-1.amazonaws.com/api/v1/query\": EOF"
time="2026-09-05T16:01:51+02:00" level=warning msg="Request Failed" error="Post \"http://k8s-ragplatf-ciliumga-56da93c17a-2adc9d09e1c34b13.elb.eu-central-1.amazonaws.com/api/v1/query\": EOF"
time="2026-09-05T16:01:51+02:00" level=warning msg="Request Failed" error="Post \"http://k8s-ragplatf-ciliumga-56da93c17a-2adc9d09e1c34b13.elb.eu-central-1.amazonaws.com/api/v1/query\": EOF"
time="2026-09-05T16:01:51+02:00" level=warning msg="Request Failed" error="Post \"http://k8s-ragplatf-ciliumga-56da93c17a-2adc9d09e1c34b13.elb.eu-central-1.amazonaws.com/api/v1/query\": EOF"
time="2026-09-05T16:01:51+02:00" level=warning msg="Request Failed" error="Post \"http://k8s-ragplatf-ciliumga-56da93c17a-2adc9d09e1c34b13.elb.eu-central-1.amazonaws.com/api/v1/query\": EOF"
time="2026-09-05T16:01:51+02:00" level=warning msg="Request Failed" error="Post \"http://k8s-ragplatf-ciliumga-56da93c17a-2adc9d09e1c34b13.elb.eu-central-1.amazonaws.com/api/v1/query\": EOF"
time="2026-09-05T16:01:51+02:00" level=warning msg="Request Failed" error="Post \"http://k8s-ragplatf-ciliumga-56da93c17a-2adc9d09e1c34b13.elb.eu-central-1.amazonaws.com/api/v1/query\": EOF"
time="2026-09-05T16:01:51+02:00" level=warning msg="Request Failed" error="Post \"http://k8s-ragplatf-ciliumga-56da93c17a-2adc9d09e1c34b13.elb.eu-central-1.amazonaws.com/api/v1/query\": EOF"
time="2026-09-05T16:01:51+02:00" level=warning msg="Request Failed" error="Post \"http://k8s-ragplatf-ciliumga-56da93c17a-2adc9d09e1c34b13.elb.eu-central-1.amazonaws.com/api/v1/query\": EOF"
time="2026-09-05T16:01:51+02:00" level=warning msg="Request Failed" error="Post \"http://k8s-ragplatf-ciliumga-56da93c17a-2adc9d09e1c34b13.elb.eu-central-1.amazonaws.com/api/v1/query\": EOF"
time="2026-09-05T16:01:51+02:00" level=warning msg="Request Failed" error="Post \"http://k8s-ragplatf-ciliumga-56da93c17a-2adc9d09e1c34b13.elb.eu-central-1.amazonaws.com/api/v1/query\": EOF"
time="2026-09-05T16:01:51+02:00" level=warning msg="Request Failed" error="Post \"http://k8s-ragplatf-ciliumga-56da93c17a-2adc9d09e1c34b13.elb.eu-central-1.amazonaws.com/api/v1/query\": EOF"
time="2026-09-05T16:01:51+02:00" level=warning msg="Request Failed" error="Post \"http://k8s-ragplatf-ciliumga-56da93c17a-2adc9d09e1c34b13.elb.eu-central-1.amazonaws.com/api/v1/query\": EOF"
time="2026-09-05T16:01:51+02:00" level=warning msg="Request Failed" error="Post \"http://k8s-ragplatf-ciliumga-56da93c17a-2adc9d09e1c34b13.elb.eu-central-1.amazonaws.com/api/v1/query\": EOF"
time="2026-09-05T16:01:51+02:00" level=warning msg="Request Failed" error="Post \"http://k8s-ragplatf-ciliumga-56da93c17a-2adc9d09e1c34b13.elb.eu-central-1.amazonaws.com/api/v1/query\": EOF"
time="2026-09-05T16:01:51+02:00" level=warning msg="Request Failed" error="Post \"http://k8s-ragplatf-ciliumga-56da93c17a-2adc9d09e1c34b13.elb.eu-central-1.amazonaws.com/api/v1/query\": EOF"
time="2026-09-05T16:01:51+02:00" level=warning msg="Request Failed" error="Post \"http://k8s-ragplatf-ciliumga-56da93c17a-2adc9d09e1c34b13.elb.eu-central-1.amazonaws.com/api/v1/query\": EOF"
time="2026-09-05T16:01:51+02:00" level=warning msg="Request Failed" error="Post \"http://k8s-ragplatf-ciliumga-56da93c17a-2adc9d09e1c34b13.elb.eu-central-1.amazonaws.com/api/v1/query\": EOF"
time="2026-09-05T16:01:51+02:00" level=warning msg="Request Failed" error="Post \"http://k8s-ragplatf-ciliumga-56da93c17a-2adc9d09e1c34b13.elb.eu-central-1.amazonaws.com/api/v1/query\": EOF"
time="2026-09-05T16:01:51+02:00" level=warning msg="Request Failed" error="Post \"http://k8s-ragplatf-ciliumga-56da93c17a-2adc9d09e1c34b13.elb.eu-central-1.amazonaws.com/api/v1/query\": EOF"
time="2026-09-05T16:01:51+02:00" level=warning msg="Request Failed" error="Post \"http://k8s-ragplatf-ciliumga-56da93c17a-2adc9d09e1c34b13.elb.eu-central-1.amazonaws.com/api/v1/query\": EOF"
time="2026-09-05T16:01:51+02:00" level=warning msg="Request Failed" error="Post \"http://k8s-ragplatf-ciliumga-56da93c17a-2adc9d09e1c34b13.elb.eu-central-1.amazonaws.com/api/v1/query\": EOF"
time="2026-09-05T16:01:51+02:00" level=warning msg="Request Failed" error="Post \"http://k8s-ragplatf-ciliumga-56da93c17a-2adc9d09e1c34b13.elb.eu-central-1.amazonaws.com/api/v1/query\": EOF"
time="2026-09-05T16:01:51+02:00" level=warning msg="Request Failed" error="Post \"http://k8s-ragplatf-ciliumga-56da93c17a-2adc9d09e1c34b13.elb.eu-central-1.amazonaws.com/api/v1/query\": EOF"
time="2026-09-05T16:01:51+02:00" level=warning msg="Request Failed" error="Post \"http://k8s-ragplatf-ciliumga-56da93c17a-2adc9d09e1c34b13.elb.eu-central-1.amazonaws.com/api/v1/query\": EOF"
time="2026-09-05T16:01:51+02:00" level=warning msg="Request Failed" error="Post \"http://k8s-ragplatf-ciliumga-56da93c17a-2adc9d09e1c34b13.elb.eu-central-1.amazonaws.com/api/v1/query\": EOF"
time="2026-09-05T16:01:51+02:00" level=warning msg="Request Failed" error="Post \"http://k8s-ragplatf-ciliumga-56da93c17a-2adc9d09e1c34b13.elb.eu-central-1.amazonaws.com/api/v1/query\": EOF"
time="2026-09-05T16:01:51+02:00" level=warning msg="Request Failed" error="Post \"http://k8s-ragplatf-ciliumga-56da93c17a-2adc9d09e1c34b13.elb.eu-central-1.amazonaws.com/api/v1/query\": EOF"
time="2026-09-05T16:01:51+02:00" level=warning msg="Request Failed" error="Post \"http://k8s-ragplatf-ciliumga-56da93c17a-2adc9d09e1c34b13.elb.eu-central-1.amazonaws.com/api/v1/query\": EOF"
time="2026-09-05T16:01:51+02:00" level=warning msg="Request Failed" error="Post \"http://k8s-ragplatf-ciliumga-56da93c17a-2adc9d09e1c34b13.elb.eu-central-1.amazonaws.com/api/v1/query\": EOF"
time="2026-09-05T16:01:51+02:00" level=warning msg="Request Failed" error="Post \"http://k8s-ragplatf-ciliumga-56da93c17a-2adc9d09e1c34b13.elb.eu-central-1.amazonaws.com/api/v1/query\": EOF"
time="2026-09-05T16:01:51+02:00" level=warning msg="Request Failed" error="Post \"http://k8s-ragplatf-ciliumga-56da93c17a-2adc9d09e1c34b13.elb.eu-central-1.amazonaws.com/api/v1/query\": EOF"
time="2026-09-05T16:01:51+02:00" level=warning msg="Request Failed" error="Post \"http://k8s-ragplatf-ciliumga-56da93c17a-2adc9d09e1c34b13.elb.eu-central-1.amazonaws.com/api/v1/query\": EOF"
time="2026-09-05T16:01:51+02:00" level=warning msg="Request Failed" error="Post \"http://k8s-ragplatf-ciliumga-56da93c17a-2adc9d09e1c34b13.elb.eu-central-1.amazonaws.com/api/v1/query\": EOF"
time="2026-09-05T16:01:51+02:00" level=warning msg="Request Failed" error="Post \"http://k8s-ragplatf-ciliumga-56da93c17a-2adc9d09e1c34b13.elb.eu-central-1.amazonaws.com/api/v1/query\": EOF"
time="2026-09-05T16:01:51+02:00" level=warning msg="Request Failed" error="Post \"http://k8s-ragplatf-ciliumga-56da93c17a-2adc9d09e1c34b13.elb.eu-central-1.amazonaws.com/api/v1/query\": EOF"
time="2026-09-05T16:01:51+02:00" level=warning msg="Request Failed" error="Post \"http://k8s-ragplatf-ciliumga-56da93c17a-2adc9d09e1c34b13.elb.eu-central-1.amazonaws.com/api/v1/query\": EOF"
time="2026-09-05T16:01:51+02:00" level=warning msg="Request Failed" error="Post \"http://k8s-ragplatf-ciliumga-56da93c17a-2adc9d09e1c34b13.elb.eu-central-1.amazonaws.com/api/v1/query\": EOF"
time="2026-09-05T16:01:51+02:00" level=warning msg="Request Failed" error="Post \"http://k8s-ragplatf-ciliumga-56da93c17a-2adc9d09e1c34b13.elb.eu-central-1.amazonaws.com/api/v1/query\": EOF"
time="2026-09-05T16:01:51+02:00" level=warning msg="Request Failed" error="Post \"http://k8s-ragplatf-ciliumga-56da93c17a-2adc9d09e1c34b13.elb.eu-central-1.amazonaws.com/api/v1/query\": EOF"
time="2026-09-05T16:01:51+02:00" level=warning msg="Request Failed" error="Post \"http://k8s-ragplatf-ciliumga-56da93c17a-2adc9d09e1c34b13.elb.eu-central-1.amazonaws.com/api/v1/query\": EOF"
time="2026-09-05T16:01:51+02:00" level=warning msg="Request Failed" error="Post \"http://k8s-ragplatf-ciliumga-56da93c17a-2adc9d09e1c34b13.elb.eu-central-1.amazonaws.com/api/v1/query\": EOF"
time="2026-09-05T16:01:51+02:00" level=warning msg="Request Failed" error="Post \"http://k8s-ragplatf-ciliumga-56da93c17a-2adc9d09e1c34b13.elb.eu-central-1.amazonaws.com/api/v1/query\": EOF"
time="2026-09-05T16:01:51+02:00" level=warning msg="Request Failed" error="Post \"http://k8s-ragplatf-ciliumga-56da93c17a-2adc9d09e1c34b13.elb.eu-central-1.amazonaws.com/api/v1/query\": EOF"
time="2026-09-05T16:01:51+02:00" level=warning msg="Request Failed" error="Post \"http://k8s-ragplatf-ciliumga-56da93c17a-2adc9d09e1c34b13.elb.eu-central-1.amazonaws.com/api/v1/query\": EOF"
time="2026-09-05T16:01:51+02:00" level=warning msg="Request Failed" error="Post \"http://k8s-ragplatf-ciliumga-56da93c17a-2adc9d09e1c34b13.elb.eu-central-1.amazonaws.com/api/v1/query\": EOF"
time="2026-09-05T16:01:51+02:00" level=warning msg="Request Failed" error="Post \"http://k8s-ragplatf-ciliumga-56da93c17a-2adc9d09e1c34b13.elb.eu-central-1.amazonaws.com/api/v1/query\": EOF"
time="2026-09-05T16:01:51+02:00" level=warning msg="Request Failed" error="Post \"http://k8s-ragplatf-ciliumga-56da93c17a-2adc9d09e1c34b13.elb.eu-central-1.amazonaws.com/api/v1/query\": EOF"
time="2026-09-05T16:01:51+02:00" level=warning msg="Request Failed" error="Post \"http://k8s-ragplatf-ciliumga-56da93c17a-2adc9d09e1c34b13.elb.eu-central-1.amazonaws.com/api/v1/query\": EOF"
time="2026-09-05T16:01:51+02:00" level=warning msg="Request Failed" error="Post \"http://k8s-ragplatf-ciliumga-56da93c17a-2adc9d09e1c34b13.elb.eu-central-1.amazonaws.com/api/v1/query\": EOF"
time="2026-09-05T16:01:51+02:00" level=warning msg="Request Failed" error="Post \"http://k8s-ragplatf-ciliumga-56da93c17a-2adc9d09e1c34b13.elb.eu-central-1.amazonaws.com/api/v1/query\": EOF"
time="2026-09-05T16:01:51+02:00" level=warning msg="Request Failed" error="Post \"http://k8s-ragplatf-ciliumga-56da93c17a-2adc9d09e1c34b13.elb.eu-central-1.amazonaws.com/api/v1/query\": EOF"
time="2026-09-05T16:01:51+02:00" level=warning msg="Request Failed" error="Post \"http://k8s-ragplatf-ciliumga-56da93c17a-2adc9d09e1c34b13.elb.eu-central-1.amazonaws.com/api/v1/query\": EOF"
time="2026-09-05T16:01:51+02:00" level=warning msg="Request Failed" error="Post \"http://k8s-ragplatf-ciliumga-56da93c17a-2adc9d09e1c34b13.elb.eu-central-1.amazonaws.com/api/v1/query\": EOF"
time="2026-09-05T16:01:51+02:00" level=warning msg="Request Failed" error="Post \"http://k8s-ragplatf-ciliumga-56da93c17a-2adc9d09e1c34b13.elb.eu-central-1.amazonaws.com/api/v1/query\": EOF"
time="2026-09-05T16:01:51+02:00" level=warning msg="Request Failed" error="Post \"http://k8s-ragplatf-ciliumga-56da93c17a-2adc9d09e1c34b13.elb.eu-central-1.amazonaws.com/api/v1/query\": EOF"
time="2026-09-05T16:01:51+02:00" level=warning msg="Request Failed" error="Post \"http://k8s-ragplatf-ciliumga-56da93c17a-2adc9d09e1c34b13.elb.eu-central-1.amazonaws.com/api/v1/query\": EOF"
time="2026-09-05T16:01:51+02:00" level=warning msg="Request Failed" error="Post \"http://k8s-ragplatf-ciliumga-56da93c17a-2adc9d09e1c34b13.elb.eu-central-1.amazonaws.com/api/v1/query\": EOF"
time="2026-09-05T16:01:51+02:00" level=warning msg="Request Failed" error="Post \"http://k8s-ragplatf-ciliumga-56da93c17a-2adc9d09e1c34b13.elb.eu-central-1.amazonaws.com/api/v1/query\": EOF"
time="2026-09-05T16:01:51+02:00" level=warning msg="Request Failed" error="Post \"http://k8s-ragplatf-ciliumga-56da93c17a-2adc9d09e1c34b13.elb.eu-central-1.amazonaws.com/api/v1/query\": EOF"
time="2026-09-05T16:01:51+02:00" level=warning msg="Request Failed" error="Post \"http://k8s-ragplatf-ciliumga-56da93c17a-2adc9d09e1c34b13.elb.eu-central-1.amazonaws.com/api/v1/query\": EOF"
time="2026-09-05T16:01:51+02:00" level=warning msg="Request Failed" error="Post \"http://k8s-ragplatf-ciliumga-56da93c17a-2adc9d09e1c34b13.elb.eu-central-1.amazonaws.com/api/v1/query\": EOF"
time="2026-09-05T16:01:51+02:00" level=warning msg="Request Failed" error="Post \"http://k8s-ragplatf-ciliumga-56da93c17a-2adc9d09e1c34b13.elb.eu-central-1.amazonaws.com/api/v1/query\": EOF"
time="2026-09-05T16:01:51+02:00" level=warning msg="Request Failed" error="Post \"http://k8s-ragplatf-ciliumga-56da93c17a-2adc9d09e1c34b13.elb.eu-central-1.amazonaws.com/api/v1/query\": EOF"
time="2026-09-05T16:01:51+02:00" level=warning msg="Request Failed" error="Post \"http://k8s-ragplatf-ciliumga-56da93c17a-2adc9d09e1c34b13.elb.eu-central-1.amazonaws.com/api/v1/query\": EOF"
time="2026-09-05T16:01:51+02:00" level=warning msg="Request Failed" error="Post \"http://k8s-ragplatf-ciliumga-56da93c17a-2adc9d09e1c34b13.elb.eu-central-1.amazonaws.com/api/v1/query\": EOF"
time="2026-09-05T16:01:51+02:00" level=warning msg="Request Failed" error="Post \"http://k8s-ragplatf-ciliumga-56da93c17a-2adc9d09e1c34b13.elb.eu-central-1.amazonaws.com/api/v1/query\": EOF"
time="2026-09-05T16:01:51+02:00" level=warning msg="Request Failed" error="Post \"http://k8s-ragplatf-ciliumga-56da93c17a-2adc9d09e1c34b13.elb.eu-central-1.amazonaws.com/api/v1/query\": EOF"
time="2026-09-05T16:01:51+02:00" level=warning msg="Request Failed" error="Post \"http://k8s-ragplatf-ciliumga-56da93c17a-2adc9d09e1c34b13.elb.eu-central-1.amazonaws.com/api/v1/query\": EOF"
time="2026-09-05T16:01:51+02:00" level=warning msg="Request Failed" error="Post \"http://k8s-ragplatf-ciliumga-56da93c17a-2adc9d09e1c34b13.elb.eu-central-1.amazonaws.com/api/v1/query\": EOF"
time="2026-09-05T16:01:51+02:00" level=warning msg="Request Failed" error="Post \"http://k8s-ragplatf-ciliumga-56da93c17a-2adc9d09e1c34b13.elb.eu-central-1.amazonaws.com/api/v1/query\": EOF"
time="2026-09-05T16:01:51+02:00" level=warning msg="Request Failed" error="Post \"http://k8s-ragplatf-ciliumga-56da93c17a-2adc9d09e1c34b13.elb.eu-central-1.amazonaws.com/api/v1/query\": EOF"
time="2026-09-05T16:01:51+02:00" level=warning msg="Request Failed" error="Post \"http://k8s-ragplatf-ciliumga-56da93c17a-2adc9d09e1c34b13.elb.eu-central-1.amazonaws.com/api/v1/query\": EOF"
time="2026-09-05T16:01:51+02:00" level=warning msg="Request Failed" error="Post \"http://k8s-ragplatf-ciliumga-56da93c17a-2adc9d09e1c34b13.elb.eu-central-1.amazonaws.com/api/v1/query\": EOF"
time="2026-09-05T16:01:51+02:00" level=warning msg="Request Failed" error="Post \"http://k8s-ragplatf-ciliumga-56da93c17a-2adc9d09e1c34b13.elb.eu-central-1.amazonaws.com/api/v1/query\": EOF"
time="2026-09-05T16:01:51+02:00" level=warning msg="Request Failed" error="Post \"http://k8s-ragplatf-ciliumga-56da93c17a-2adc9d09e1c34b13.elb.eu-central-1.amazonaws.com/api/v1/query\": EOF"
time="2026-09-05T16:01:51+02:00" level=warning msg="Request Failed" error="Post \"http://k8s-ragplatf-ciliumga-56da93c17a-2adc9d09e1c34b13.elb.eu-central-1.amazonaws.com/api/v1/query\": EOF"
time="2026-09-05T16:01:51+02:00" level=warning msg="Request Failed" error="Post \"http://k8s-ragplatf-ciliumga-56da93c17a-2adc9d09e1c34b13.elb.eu-central-1.amazonaws.com/api/v1/query\": EOF"
time="2026-09-05T16:01:51+02:00" level=warning msg="Request Failed" error="Post \"http://k8s-ragplatf-ciliumga-56da93c17a-2adc9d09e1c34b13.elb.eu-central-1.amazonaws.com/api/v1/query\": EOF"
time="2026-09-05T16:01:51+02:00" level=warning msg="Request Failed" error="Post \"http://k8s-ragplatf-ciliumga-56da93c17a-2adc9d09e1c34b13.elb.eu-central-1.amazonaws.com/api/v1/query\": EOF"
time="2026-09-05T16:01:51+02:00" level=warning msg="Request Failed" error="Post \"http://k8s-ragplatf-ciliumga-56da93c17a-2adc9d09e1c34b13.elb.eu-central-1.amazonaws.com/api/v1/query\": EOF"
time="2026-09-05T16:01:51+02:00" level=warning msg="Request Failed" error="Post \"http://k8s-ragplatf-ciliumga-56da93c17a-2adc9d09e1c34b13.elb.eu-central-1.amazonaws.com/api/v1/query\": EOF"
time="2026-09-05T16:01:51+02:00" level=warning msg="Request Failed" error="Post \"http://k8s-ragplatf-ciliumga-56da93c17a-2adc9d09e1c34b13.elb.eu-central-1.amazonaws.com/api/v1/query\": EOF"
time="2026-09-05T16:01:51+02:00" level=warning msg="Request Failed" error="Post \"http://k8s-ragplatf-ciliumga-56da93c17a-2adc9d09e1c34b13.elb.eu-central-1.amazonaws.com/api/v1/query\": EOF"
time="2026-09-05T16:01:51+02:00" level=warning msg="Request Failed" error="Post \"http://k8s-ragplatf-ciliumga-56da93c17a-2adc9d09e1c34b13.elb.eu-central-1.amazonaws.com/api/v1/query\": EOF"
time="2026-09-05T16:01:51+02:00" level=warning msg="Request Failed" error="Post \"http://k8s-ragplatf-ciliumga-56da93c17a-2adc9d09e1c34b13.elb.eu-central-1.amazonaws.com/api/v1/query\": EOF"
time="2026-09-05T16:01:51+02:00" level=warning msg="Request Failed" error="Post \"http://k8s-ragplatf-ciliumga-56da93c17a-2adc9d09e1c34b13.elb.eu-central-1.amazonaws.com/api/v1/query\": EOF"
time="2026-09-05T16:01:51+02:00" level=warning msg="Request Failed" error="Post \"http://k8s-ragplatf-ciliumga-56da93c17a-2adc9d09e1c34b13.elb.eu-central-1.amazonaws.com/api/v1/query\": EOF"
time="2026-09-05T16:01:51+02:00" level=warning msg="Request Failed" error="Post \"http://k8s-ragplatf-ciliumga-56da93c17a-2adc9d09e1c34b13.elb.eu-central-1.amazonaws.com/api/v1/query\": EOF"
time="2026-09-05T16:01:51+02:00" level=warning msg="Request Failed" error="Post \"http://k8s-ragplatf-ciliumga-56da93c17a-2adc9d09e1c34b13.elb.eu-central-1.amazonaws.com/api/v1/query\": EOF"
time="2026-09-05T16:01:51+02:00" level=warning msg="Request Failed" error="Post \"http://k8s-ragplatf-ciliumga-56da93c17a-2adc9d09e1c34b13.elb.eu-central-1.amazonaws.com/api/v1/query\": EOF"
time="2026-09-05T16:01:51+02:00" level=warning msg="Request Failed" error="Post \"http://k8s-ragplatf-ciliumga-56da93c17a-2adc9d09e1c34b13.elb.eu-central-1.amazonaws.com/api/v1/query\": EOF"
time="2026-09-05T16:01:51+02:00" level=warning msg="Request Failed" error="Post \"http://k8s-ragplatf-ciliumga-56da93c17a-2adc9d09e1c34b13.elb.eu-central-1.amazonaws.com/api/v1/query\": EOF"
time="2026-09-05T16:01:51+02:00" level=warning msg="Request Failed" error="Post \"http://k8s-ragplatf-ciliumga-56da93c17a-2adc9d09e1c34b13.elb.eu-central-1.amazonaws.com/api/v1/query\": EOF"
time="2026-09-05T16:01:51+02:00" level=warning msg="Request Failed" error="Post \"http://k8s-ragplatf-ciliumga-56da93c17a-2adc9d09e1c34b13.elb.eu-central-1.amazonaws.com/api/v1/query\": EOF"
time="2026-09-05T16:01:51+02:00" level=warning msg="Request Failed" error="Post \"http://k8s-ragplatf-ciliumga-56da93c17a-2adc9d09e1c34b13.elb.eu-central-1.amazonaws.com/api/v1/query\": EOF"
time="2026-09-05T16:01:51+02:00" level=warning msg="Request Failed" error="Post \"http://k8s-ragplatf-ciliumga-56da93c17a-2adc9d09e1c34b13.elb.eu-central-1.amazonaws.com/api/v1/query\": EOF"
time="2026-09-05T16:01:51+02:00" level=warning msg="Request Failed" error="Post \"http://k8s-ragplatf-ciliumga-56da93c17a-2adc9d09e1c34b13.elb.eu-central-1.amazonaws.com/api/v1/query\": EOF"
time="2026-09-05T16:01:51+02:00" level=warning msg="Request Failed" error="Post \"http://k8s-ragplatf-ciliumga-56da93c17a-2adc9d09e1c34b13.elb.eu-central-1.amazonaws.com/api/v1/query\": EOF"
time="2026-09-05T16:01:51+02:00" level=warning msg="Request Failed" error="Post \"http://k8s-ragplatf-ciliumga-56da93c17a-2adc9d09e1c34b13.elb.eu-central-1.amazonaws.com/api/v1/query\": EOF"
time="2026-09-05T16:01:51+02:00" level=warning msg="Request Failed" error="Post \"http://k8s-ragplatf-ciliumga-56da93c17a-2adc9d09e1c34b13.elb.eu-central-1.amazonaws.com/api/v1/query\": EOF"
time="2026-09-05T16:01:51+02:00" level=warning msg="Request Failed" error="Post \"http://k8s-ragplatf-ciliumga-56da93c17a-2adc9d09e1c34b13.elb.eu-central-1.amazonaws.com/api/v1/query\": EOF"
time="2026-09-05T16:01:51+02:00" level=warning msg="Request Failed" error="Post \"http://k8s-ragplatf-ciliumga-56da93c17a-2adc9d09e1c34b13.elb.eu-central-1.amazonaws.com/api/v1/query\": EOF"
time="2026-09-05T16:01:51+02:00" level=warning msg="Request Failed" error="Post \"http://k8s-ragplatf-ciliumga-56da93c17a-2adc9d09e1c34b13.elb.eu-central-1.amazonaws.com/api/v1/query\": EOF"
time="2026-09-05T16:01:51+02:00" level=warning msg="Request Failed" error="Post \"http://k8s-ragplatf-ciliumga-56da93c17a-2adc9d09e1c34b13.elb.eu-central-1.amazonaws.com/api/v1/query\": EOF"
time="2026-09-05T16:01:51+02:00" level=warning msg="Request Failed" error="Post \"http://k8s-ragplatf-ciliumga-56da93c17a-2adc9d09e1c34b13.elb.eu-central-1.amazonaws.com/api/v1/query\": EOF"
time="2026-09-05T16:01:51+02:00" level=warning msg="Request Failed" error="Post \"http://k8s-ragplatf-ciliumga-56da93c17a-2adc9d09e1c34b13.elb.eu-central-1.amazonaws.com/api/v1/query\": EOF"
time="2026-09-05T16:01:51+02:00" level=warning msg="Request Failed" error="Post \"http://k8s-ragplatf-ciliumga-56da93c17a-2adc9d09e1c34b13.elb.eu-central-1.amazonaws.com/api/v1/query\": EOF"
time="2026-09-05T16:01:51+02:00" level=warning msg="Request Failed" error="Post \"http://k8s-ragplatf-ciliumga-56da93c17a-2adc9d09e1c34b13.elb.eu-central-1.amazonaws.com/api/v1/query\": EOF"
time="2026-09-05T16:01:51+02:00" level=warning msg="Request Failed" error="Post \"http://k8s-ragplatf-ciliumga-56da93c17a-2adc9d09e1c34b13.elb.eu-central-1.amazonaws.com/api/v1/query\": EOF"
time="2026-09-05T16:01:51+02:00" level=warning msg="Request Failed" error="Post \"http://k8s-ragplatf-ciliumga-56da93c17a-2adc9d09e1c34b13.elb.eu-central-1.amazonaws.com/api/v1/query\": EOF"
time="2026-09-05T16:01:51+02:00" level=warning msg="Request Failed" error="Post \"http://k8s-ragplatf-ciliumga-56da93c17a-2adc9d09e1c34b13.elb.eu-central-1.amazonaws.com/api/v1/query\": EOF"
time="2026-09-05T16:01:51+02:00" level=warning msg="Request Failed" error="Post \"http://k8s-ragplatf-ciliumga-56da93c17a-2adc9d09e1c34b13.elb.eu-central-1.amazonaws.com/api/v1/query\": EOF"
time="2026-09-05T16:01:51+02:00" level=warning msg="Request Failed" error="Post \"http://k8s-ragplatf-ciliumga-56da93c17a-2adc9d09e1c34b13.elb.eu-central-1.amazonaws.com/api/v1/query\": EOF"
time="2026-09-05T16:01:51+02:00" level=warning msg="Request Failed" error="Post \"http://k8s-ragplatf-ciliumga-56da93c17a-2adc9d09e1c34b13.elb.eu-central-1.amazonaws.com/api/v1/query\": EOF"
time="2026-09-05T16:01:51+02:00" level=warning msg="Request Failed" error="Post \"http://k8s-ragplatf-ciliumga-56da93c17a-2adc9d09e1c34b13.elb.eu-central-1.amazonaws.com/api/v1/query\": EOF"
time="2026-09-05T16:01:51+02:00" level=warning msg="Request Failed" error="Post \"http://k8s-ragplatf-ciliumga-56da93c17a-2adc9d09e1c34b13.elb.eu-central-1.amazonaws.com/api/v1/query\": EOF"
time="2026-09-05T16:01:51+02:00" level=warning msg="Request Failed" error="Post \"http://k8s-ragplatf-ciliumga-56da93c17a-2adc9d09e1c34b13.elb.eu-central-1.amazonaws.com/api/v1/query\": EOF"
time="2026-09-05T16:01:51+02:00" level=warning msg="Request Failed" error="Post \"http://k8s-ragplatf-ciliumga-56da93c17a-2adc9d09e1c34b13.elb.eu-central-1.amazonaws.com/api/v1/query\": EOF"
time="2026-09-05T16:01:51+02:00" level=warning msg="Request Failed" error="Post \"http://k8s-ragplatf-ciliumga-56da93c17a-2adc9d09e1c34b13.elb.eu-central-1.amazonaws.com/api/v1/query\": EOF"
time="2026-09-05T16:01:51+02:00" level=warning msg="Request Failed" error="Post \"http://k8s-ragplatf-ciliumga-56da93c17a-2adc9d09e1c34b13.elb.eu-central-1.amazonaws.com/api/v1/query\": EOF"
time="2026-09-05T16:01:51+02:00" level=warning msg="Request Failed" error="Post \"http://k8s-ragplatf-ciliumga-56da93c17a-2adc9d09e1c34b13.elb.eu-central-1.amazonaws.com/api/v1/query\": EOF"
time="2026-09-05T16:01:51+02:00" level=warning msg="Request Failed" error="Post \"http://k8s-ragplatf-ciliumga-56da93c17a-2adc9d09e1c34b13.elb.eu-central-1.amazonaws.com/api/v1/query\": EOF"
time="2026-09-05T16:01:51+02:00" level=warning msg="Request Failed" error="Post \"http://k8s-ragplatf-ciliumga-56da93c17a-2adc9d09e1c34b13.elb.eu-central-1.amazonaws.com/api/v1/query\": EOF"
time="2026-09-05T16:01:51+02:00" level=warning msg="Request Failed" error="Post \"http://k8s-ragplatf-ciliumga-56da93c17a-2adc9d09e1c34b13.elb.eu-central-1.amazonaws.com/api/v1/query\": EOF"
time="2026-09-05T16:01:51+02:00" level=warning msg="Request Failed" error="Post \"http://k8s-ragplatf-ciliumga-56da93c17a-2adc9d09e1c34b13.elb.eu-central-1.amazonaws.com/api/v1/query\": EOF"
time="2026-09-05T16:01:51+02:00" level=warning msg="Request Failed" error="Post \"http://k8s-ragplatf-ciliumga-56da93c17a-2adc9d09e1c34b13.elb.eu-central-1.amazonaws.com/api/v1/query\": EOF"
time="2026-09-05T16:01:51+02:00" level=warning msg="Request Failed" error="Post \"http://k8s-ragplatf-ciliumga-56da93c17a-2adc9d09e1c34b13.elb.eu-central-1.amazonaws.com/api/v1/query\": EOF"
time="2026-09-05T16:01:51+02:00" level=warning msg="Request Failed" error="Post \"http://k8s-ragplatf-ciliumga-56da93c17a-2adc9d09e1c34b13.elb.eu-central-1.amazonaws.com/api/v1/query\": EOF"
time="2026-09-05T16:01:51+02:00" level=warning msg="Request Failed" error="Post \"http://k8s-ragplatf-ciliumga-56da93c17a-2adc9d09e1c34b13.elb.eu-central-1.amazonaws.com/api/v1/query\": EOF"
time="2026-09-05T16:01:51+02:00" level=warning msg="Request Failed" error="Post \"http://k8s-ragplatf-ciliumga-56da93c17a-2adc9d09e1c34b13.elb.eu-central-1.amazonaws.com/api/v1/query\": EOF"
time="2026-09-05T16:01:51+02:00" level=warning msg="Request Failed" error="Post \"http://k8s-ragplatf-ciliumga-56da93c17a-2adc9d09e1c34b13.elb.eu-central-1.amazonaws.com/api/v1/query\": EOF"
time="2026-09-05T16:01:51+02:00" level=warning msg="Request Failed" error="Post \"http://k8s-ragplatf-ciliumga-56da93c17a-2adc9d09e1c34b13.elb.eu-central-1.amazonaws.com/api/v1/query\": EOF"
time="2026-09-05T16:01:51+02:00" level=warning msg="Request Failed" error="Post \"http://k8s-ragplatf-ciliumga-56da93c17a-2adc9d09e1c34b13.elb.eu-central-1.amazonaws.com/api/v1/query\": EOF"
time="2026-09-05T16:01:51+02:00" level=warning msg="Request Failed" error="Post \"http://k8s-ragplatf-ciliumga-56da93c17a-2adc9d09e1c34b13.elb.eu-central-1.amazonaws.com/api/v1/query\": EOF"
time="2026-09-05T16:01:51+02:00" level=warning msg="Request Failed" error="Post \"http://k8s-ragplatf-ciliumga-56da93c17a-2adc9d09e1c34b13.elb.eu-central-1.amazonaws.com/api/v1/query\": EOF"
time="2026-09-05T16:01:51+02:00" level=warning msg="Request Failed" error="Post \"http://k8s-ragplatf-ciliumga-56da93c17a-2adc9d09e1c34b13.elb.eu-central-1.amazonaws.com/api/v1/query\": EOF"
time="2026-09-05T16:01:51+02:00" level=warning msg="Request Failed" error="Post \"http://k8s-ragplatf-ciliumga-56da93c17a-2adc9d09e1c34b13.elb.eu-central-1.amazonaws.com/api/v1/query\": EOF"
time="2026-09-05T16:01:51+02:00" level=warning msg="Request Failed" error="Post \"http://k8s-ragplatf-ciliumga-56da93c17a-2adc9d09e1c34b13.elb.eu-central-1.amazonaws.com/api/v1/query\": EOF"
time="2026-09-05T16:01:51+02:00" level=warning msg="Request Failed" error="Post \"http://k8s-ragplatf-ciliumga-56da93c17a-2adc9d09e1c34b13.elb.eu-central-1.amazonaws.com/api/v1/query\": EOF"
time="2026-09-05T16:01:51+02:00" level=warning msg="Request Failed" error="Post \"http://k8s-ragplatf-ciliumga-56da93c17a-2adc9d09e1c34b13.elb.eu-central-1.amazonaws.com/api/v1/query\": EOF"
time="2026-09-05T16:01:51+02:00" level=warning msg="Request Failed" error="Post \"http://k8s-ragplatf-ciliumga-56da93c17a-2adc9d09e1c34b13.elb.eu-central-1.amazonaws.com/api/v1/query\": EOF"
time="2026-09-05T16:01:51+02:00" level=warning msg="Request Failed" error="Post \"http://k8s-ragplatf-ciliumga-56da93c17a-2adc9d09e1c34b13.elb.eu-central-1.amazonaws.com/api/v1/query\": EOF"
time="2026-09-05T16:01:51+02:00" level=warning msg="Request Failed" error="Post \"http://k8s-ragplatf-ciliumga-56da93c17a-2adc9d09e1c34b13.elb.eu-central-1.amazonaws.com/api/v1/query\": EOF"
time="2026-09-05T16:01:51+02:00" level=warning msg="Request Failed" error="Post \"http://k8s-ragplatf-ciliumga-56da93c17a-2adc9d09e1c34b13.elb.eu-central-1.amazonaws.com/api/v1/query\": EOF"
time="2026-09-05T16:01:51+02:00" level=warning msg="Request Failed" error="Post \"http://k8s-ragplatf-ciliumga-56da93c17a-2adc9d09e1c34b13.elb.eu-central-1.amazonaws.com/api/v1/query\": EOF"
time="2026-09-05T16:01:51+02:00" level=warning msg="Request Failed" error="Post \"http://k8s-ragplatf-ciliumga-56da93c17a-2adc9d09e1c34b13.elb.eu-central-1.amazonaws.com/api/v1/query\": EOF"
time="2026-09-05T16:01:51+02:00" level=warning msg="Request Failed" error="Post \"http://k8s-ragplatf-ciliumga-56da93c17a-2adc9d09e1c34b13.elb.eu-central-1.amazonaws.com/api/v1/query\": EOF"
time="2026-09-05T16:01:51+02:00" level=warning msg="Request Failed" error="Post \"http://k8s-ragplatf-ciliumga-56da93c17a-2adc9d09e1c34b13.elb.eu-central-1.amazonaws.com/api/v1/query\": EOF"
time="2026-09-05T16:01:51+02:00" level=warning msg="Request Failed" error="Post \"http://k8s-ragplatf-ciliumga-56da93c17a-2adc9d09e1c34b13.elb.eu-central-1.amazonaws.com/api/v1/query\": EOF"
time="2026-09-05T16:01:51+02:00" level=warning msg="Request Failed" error="Post \"http://k8s-ragplatf-ciliumga-56da93c17a-2adc9d09e1c34b13.elb.eu-central-1.amazonaws.com/api/v1/query\": EOF"
time="2026-09-05T16:01:51+02:00" level=warning msg="Request Failed" error="Post \"http://k8s-ragplatf-ciliumga-56da93c17a-2adc9d09e1c34b13.elb.eu-central-1.amazonaws.com/api/v1/query\": EOF"
time="2026-09-05T16:01:51+02:00" level=warning msg="Request Failed" error="Post \"http://k8s-ragplatf-ciliumga-56da93c17a-2adc9d09e1c34b13.elb.eu-central-1.amazonaws.com/api/v1/query\": EOF"
time="2026-09-05T16:01:51+02:00" level=warning msg="Request Failed" error="Post \"http://k8s-ragplatf-ciliumga-56da93c17a-2adc9d09e1c34b13.elb.eu-central-1.amazonaws.com/api/v1/query\": EOF"
time="2026-09-05T16:01:51+02:00" level=warning msg="Request Failed" error="Post \"http://k8s-ragplatf-ciliumga-56da93c17a-2adc9d09e1c34b13.elb.eu-central-1.amazonaws.com/api/v1/query\": EOF"
time="2026-09-05T16:01:51+02:00" level=warning msg="Request Failed" error="Post \"http://k8s-ragplatf-ciliumga-56da93c17a-2adc9d09e1c34b13.elb.eu-central-1.amazonaws.com/api/v1/query\": EOF"
time="2026-09-05T16:01:51+02:00" level=warning msg="Request Failed" error="Post \"http://k8s-ragplatf-ciliumga-56da93c17a-2adc9d09e1c34b13.elb.eu-central-1.amazonaws.com/api/v1/query\": EOF"
time="2026-09-05T16:01:51+02:00" level=warning msg="Request Failed" error="Post \"http://k8s-ragplatf-ciliumga-56da93c17a-2adc9d09e1c34b13.elb.eu-central-1.amazonaws.com/api/v1/query\": EOF"
time="2026-09-05T16:01:51+02:00" level=warning msg="Request Failed" error="Post \"http://k8s-ragplatf-ciliumga-56da93c17a-2adc9d09e1c34b13.elb.eu-central-1.amazonaws.com/api/v1/query\": EOF"
time="2026-09-05T16:01:51+02:00" level=warning msg="Request Failed" error="Post \"http://k8s-ragplatf-ciliumga-56da93c17a-2adc9d09e1c34b13.elb.eu-central-1.amazonaws.com/api/v1/query\": EOF"
time="2026-09-05T16:01:51+02:00" level=warning msg="Request Failed" error="Post \"http://k8s-ragplatf-ciliumga-56da93c17a-2adc9d09e1c34b13.elb.eu-central-1.amazonaws.com/api/v1/query\": EOF"
time="2026-09-05T16:01:51+02:00" level=warning msg="Request Failed" error="Post \"http://k8s-ragplatf-ciliumga-56da93c17a-2adc9d09e1c34b13.elb.eu-central-1.amazonaws.com/api/v1/query\": EOF"
time="2026-09-05T16:01:51+02:00" level=warning msg="Request Failed" error="Post \"http://k8s-ragplatf-ciliumga-56da93c17a-2adc9d09e1c34b13.elb.eu-central-1.amazonaws.com/api/v1/query\": EOF"
time="2026-09-05T16:01:51+02:00" level=warning msg="Request Failed" error="Post \"http://k8s-ragplatf-ciliumga-56da93c17a-2adc9d09e1c34b13.elb.eu-central-1.amazonaws.com/api/v1/query\": EOF"
time="2026-09-05T16:01:51+02:00" level=warning msg="Request Failed" error="Post \"http://k8s-ragplatf-ciliumga-56da93c17a-2adc9d09e1c34b13.elb.eu-central-1.amazonaws.com/api/v1/query\": EOF"
time="2026-09-05T16:01:51+02:00" level=warning msg="Request Failed" error="Post \"http://k8s-ragplatf-ciliumga-56da93c17a-2adc9d09e1c34b13.elb.eu-central-1.amazonaws.com/api/v1/query\": EOF"
time="2026-09-05T16:01:51+02:00" level=warning msg="Request Failed" error="Post \"http://k8s-ragplatf-ciliumga-56da93c17a-2adc9d09e1c34b13.elb.eu-central-1.amazonaws.com/api/v1/query\": EOF"
time="2026-09-05T16:01:51+02:00" level=warning msg="Request Failed" error="Post \"http://k8s-ragplatf-ciliumga-56da93c17a-2adc9d09e1c34b13.elb.eu-central-1.amazonaws.com/api/v1/query\": EOF"
time="2026-09-05T16:01:51+02:00" level=warning msg="Request Failed" error="Post \"http://k8s-ragplatf-ciliumga-56da93c17a-2adc9d09e1c34b13.elb.eu-central-1.amazonaws.com/api/v1/query\": EOF"
time="2026-09-05T16:01:51+02:00" level=warning msg="Request Failed" error="Post \"http://k8s-ragplatf-ciliumga-56da93c17a-2adc9d09e1c34b13.elb.eu-central-1.amazonaws.com/api/v1/query\": EOF"
time="2026-09-05T16:01:51+02:00" level=warning msg="Request Failed" error="Post \"http://k8s-ragplatf-ciliumga-56da93c17a-2adc9d09e1c34b13.elb.eu-central-1.amazonaws.com/api/v1/query\": EOF"
time="2026-09-05T16:01:51+02:00" level=warning msg="Request Failed" error="Post \"http://k8s-ragplatf-ciliumga-56da93c17a-2adc9d09e1c34b13.elb.eu-central-1.amazonaws.com/api/v1/query\": EOF"
time="2026-09-05T16:01:51+02:00" level=warning msg="Request Failed" error="Post \"http://k8s-ragplatf-ciliumga-56da93c17a-2adc9d09e1c34b13.elb.eu-central-1.amazonaws.com/api/v1/query\": EOF"
time="2026-09-05T16:01:51+02:00" level=warning msg="Request Failed" error="Post \"http://k8s-ragplatf-ciliumga-56da93c17a-2adc9d09e1c34b13.elb.eu-central-1.amazonaws.com/api/v1/query\": EOF"
time="2026-09-05T16:01:51+02:00" level=warning msg="Request Failed" error="Post \"http://k8s-ragplatf-ciliumga-56da93c17a-2adc9d09e1c34b13.elb.eu-central-1.amazonaws.com/api/v1/query\": EOF"
time="2026-09-05T16:01:51+02:00" level=warning msg="Request Failed" error="Post \"http://k8s-ragplatf-ciliumga-56da93c17a-2adc9d09e1c34b13.elb.eu-central-1.amazonaws.com/api/v1/query\": EOF"
time="2026-09-05T16:01:51+02:00" level=warning msg="Request Failed" error="Post \"http://k8s-ragplatf-ciliumga-56da93c17a-2adc9d09e1c34b13.elb.eu-central-1.amazonaws.com/api/v1/query\": EOF"
time="2026-09-05T16:01:51+02:00" level=warning msg="Request Failed" error="Post \"http://k8s-ragplatf-ciliumga-56da93c17a-2adc9d09e1c34b13.elb.eu-central-1.amazonaws.com/api/v1/query\": EOF"
time="2026-09-05T16:01:51+02:00" level=warning msg="Request Failed" error="Post \"http://k8s-ragplatf-ciliumga-56da93c17a-2adc9d09e1c34b13.elb.eu-central-1.amazonaws.com/api/v1/query\": EOF"
time="2026-09-05T16:01:51+02:00" level=warning msg="Request Failed" error="Post \"http://k8s-ragplatf-ciliumga-56da93c17a-2adc9d09e1c34b13.elb.eu-central-1.amazonaws.com/api/v1/query\": EOF"
time="2026-09-05T16:01:51+02:00" level=warning msg="Request Failed" error="Post \"http://k8s-ragplatf-ciliumga-56da93c17a-2adc9d09e1c34b13.elb.eu-central-1.amazonaws.com/api/v1/query\": EOF"
time="2026-09-05T16:01:51+02:00" level=warning msg="Request Failed" error="Post \"http://k8s-ragplatf-ciliumga-56da93c17a-2adc9d09e1c34b13.elb.eu-central-1.amazonaws.com/api/v1/query\": EOF"
time="2026-09-05T16:01:51+02:00" level=warning msg="Request Failed" error="Post \"http://k8s-ragplatf-ciliumga-56da93c17a-2adc9d09e1c34b13.elb.eu-central-1.amazonaws.com/api/v1/query\": EOF"
time="2026-09-05T16:01:51+02:00" level=warning msg="Request Failed" error="Post \"http://k8s-ragplatf-ciliumga-56da93c17a-2adc9d09e1c34b13.elb.eu-central-1.amazonaws.com/api/v1/query\": EOF"
time="2026-09-05T16:01:51+02:00" level=warning msg="Request Failed" error="Post \"http://k8s-ragplatf-ciliumga-56da93c17a-2adc9d09e1c34b13.elb.eu-central-1.amazonaws.com/api/v1/query\": EOF"
time="2026-09-05T16:01:51+02:00" level=warning msg="Request Failed" error="Post \"http://k8s-ragplatf-ciliumga-56da93c17a-2adc9d09e1c34b13.elb.eu-central-1.amazonaws.com/api/v1/query\": EOF"
time="2026-09-05T16:01:51+02:00" level=warning msg="Request Failed" error="Post \"http://k8s-ragplatf-ciliumga-56da93c17a-2adc9d09e1c34b13.elb.eu-central-1.amazonaws.com/api/v1/query\": EOF"
time="2026-09-05T16:01:51+02:00" level=warning msg="Request Failed" error="Post \"http://k8s-ragplatf-ciliumga-56da93c17a-2adc9d09e1c34b13.elb.eu-central-1.amazonaws.com/api/v1/query\": EOF"
time="2026-09-05T16:01:51+02:00" level=warning msg="Request Failed" error="Post \"http://k8s-ragplatf-ciliumga-56da93c17a-2adc9d09e1c34b13.elb.eu-central-1.amazonaws.com/api/v1/query\": EOF"
time="2026-09-05T16:01:51+02:00" level=warning msg="Request Failed" error="Post \"http://k8s-ragplatf-ciliumga-56da93c17a-2adc9d09e1c34b13.elb.eu-central-1.amazonaws.com/api/v1/query\": EOF"
time="2026-09-05T16:01:51+02:00" level=warning msg="Request Failed" error="Post \"http://k8s-ragplatf-ciliumga-56da93c17a-2adc9d09e1c34b13.elb.eu-central-1.amazonaws.com/api/v1/query\": EOF"
time="2026-09-05T16:01:51+02:00" level=warning msg="Request Failed" error="Post \"http://k8s-ragplatf-ciliumga-56da93c17a-2adc9d09e1c34b13.elb.eu-central-1.amazonaws.com/api/v1/query\": EOF"
time="2026-09-05T16:01:51+02:00" level=warning msg="Request Failed" error="Post \"http://k8s-ragplatf-ciliumga-56da93c17a-2adc9d09e1c34b13.elb.eu-central-1.amazonaws.com/api/v1/query\": EOF"
time="2026-09-05T16:01:51+02:00" level=warning msg="Request Failed" error="Post \"http://k8s-ragplatf-ciliumga-56da93c17a-2adc9d09e1c34b13.elb.eu-central-1.amazonaws.com/api/v1/query\": EOF"
time="2026-09-05T16:01:51+02:00" level=warning msg="Request Failed" error="Post \"http://k8s-ragplatf-ciliumga-56da93c17a-2adc9d09e1c34b13.elb.eu-central-1.amazonaws.com/api/v1/query\": EOF"
time="2026-09-05T16:01:51+02:00" level=warning msg="Request Failed" error="Post \"http://k8s-ragplatf-ciliumga-56da93c17a-2adc9d09e1c34b13.elb.eu-central-1.amazonaws.com/api/v1/query\": EOF"
time="2026-09-05T16:01:51+02:00" level=warning msg="Request Failed" error="Post \"http://k8s-ragplatf-ciliumga-56da93c17a-2adc9d09e1c34b13.elb.eu-central-1.amazonaws.com/api/v1/query\": EOF"
time="2026-09-05T16:01:51+02:00" level=warning msg="Request Failed" error="Post \"http://k8s-ragplatf-ciliumga-56da93c17a-2adc9d09e1c34b13.elb.eu-central-1.amazonaws.com/api/v1/query\": EOF"
time="2026-09-05T16:01:51+02:00" level=warning msg="Request Failed" error="Post \"http://k8s-ragplatf-ciliumga-56da93c17a-2adc9d09e1c34b13.elb.eu-central-1.amazonaws.com/api/v1/query\": EOF"
time="2026-09-05T16:01:51+02:00" level=warning msg="Request Failed" error="Post \"http://k8s-ragplatf-ciliumga-56da93c17a-2adc9d09e1c34b13.elb.eu-central-1.amazonaws.com/api/v1/query\": EOF"
time="2026-09-05T16:01:51+02:00" level=warning msg="Request Failed" error="Post \"http://k8s-ragplatf-ciliumga-56da93c17a-2adc9d09e1c34b13.elb.eu-central-1.amazonaws.com/api/v1/query\": EOF"
time="2026-09-05T16:01:51+02:00" level=warning msg="Request Failed" error="Post \"http://k8s-ragplatf-ciliumga-56da93c17a-2adc9d09e1c34b13.elb.eu-central-1.amazonaws.com/api/v1/query\": EOF"
time="2026-09-05T16:01:51+02:00" level=warning msg="Request Failed" error="Post \"http://k8s-ragplatf-ciliumga-56da93c17a-2adc9d09e1c34b13.elb.eu-central-1.amazonaws.com/api/v1/query\": EOF"
time="2026-09-05T16:01:51+02:00" level=warning msg="Request Failed" error="Post \"http://k8s-ragplatf-ciliumga-56da93c17a-2adc9d09e1c34b13.elb.eu-central-1.amazonaws.com/api/v1/query\": EOF"
time="2026-09-05T16:01:51+02:00" level=warning msg="Request Failed" error="Post \"http://k8s-ragplatf-ciliumga-56da93c17a-2adc9d09e1c34b13.elb.eu-central-1.amazonaws.com/api/v1/query\": EOF"
time="2026-09-05T16:01:51+02:00" level=warning msg="Request Failed" error="Post \"http://k8s-ragplatf-ciliumga-56da93c17a-2adc9d09e1c34b13.elb.eu-central-1.amazonaws.com/api/v1/query\": EOF"
time="2026-09-05T16:01:51+02:00" level=warning msg="Request Failed" error="Post \"http://k8s-ragplatf-ciliumga-56da93c17a-2adc9d09e1c34b13.elb.eu-central-1.amazonaws.com/api/v1/query\": EOF"
time="2026-09-05T16:01:51+02:00" level=warning msg="Request Failed" error="Post \"http://k8s-ragplatf-ciliumga-56da93c17a-2adc9d09e1c34b13.elb.eu-central-1.amazonaws.com/api/v1/query\": EOF"
time="2026-09-05T16:01:51+02:00" level=warning msg="Request Failed" error="Post \"http://k8s-ragplatf-ciliumga-56da93c17a-2adc9d09e1c34b13.elb.eu-central-1.amazonaws.com/api/v1/query\": EOF"
time="2026-09-05T16:01:51+02:00" level=warning msg="Request Failed" error="Post \"http://k8s-ragplatf-ciliumga-56da93c17a-2adc9d09e1c34b13.elb.eu-central-1.amazonaws.com/api/v1/query\": EOF"
time="2026-09-05T16:01:51+02:00" level=warning msg="Request Failed" error="Post \"http://k8s-ragplatf-ciliumga-56da93c17a-2adc9d09e1c34b13.elb.eu-central-1.amazonaws.com/api/v1/query\": EOF"
time="2026-09-05T16:01:51+02:00" level=warning msg="Request Failed" error="Post \"http://k8s-ragplatf-ciliumga-56da93c17a-2adc9d09e1c34b13.elb.eu-central-1.amazonaws.com/api/v1/query\": EOF"
time="2026-09-05T16:01:51+02:00" level=warning msg="Request Failed" error="Post \"http://k8s-ragplatf-ciliumga-56da93c17a-2adc9d09e1c34b13.elb.eu-central-1.amazonaws.com/api/v1/query\": EOF"
time="2026-09-05T16:01:51+02:00" level=warning msg="Request Failed" error="Post \"http://k8s-ragplatf-ciliumga-56da93c17a-2adc9d09e1c34b13.elb.eu-central-1.amazonaws.com/api/v1/query\": EOF"
time="2026-09-05T16:01:51+02:00" level=warning msg="Request Failed" error="Post \"http://k8s-ragplatf-ciliumga-56da93c17a-2adc9d09e1c34b13.elb.eu-central-1.amazonaws.com/api/v1/query\": EOF"
time="2026-09-05T16:01:51+02:00" level=warning msg="Request Failed" error="Post \"http://k8s-ragplatf-ciliumga-56da93c17a-2adc9d09e1c34b13.elb.eu-central-1.amazonaws.com/api/v1/query\": EOF"
time="2026-09-05T16:01:51+02:00" level=warning msg="Request Failed" error="Post \"http://k8s-ragplatf-ciliumga-56da93c17a-2adc9d09e1c34b13.elb.eu-central-1.amazonaws.com/api/v1/query\": EOF"
time="2026-09-05T16:01:51+02:00" level=warning msg="Request Failed" error="Post \"http://k8s-ragplatf-ciliumga-56da93c17a-2adc9d09e1c34b13.elb.eu-central-1.amazonaws.com/api/v1/query\": EOF"
time="2026-09-05T16:01:51+02:00" level=warning msg="Request Failed" error="Post \"http://k8s-ragplatf-ciliumga-56da93c17a-2adc9d09e1c34b13.elb.eu-central-1.amazonaws.com/api/v1/query\": EOF"
time="2026-09-05T16:01:51+02:00" level=warning msg="Request Failed" error="Post \"http://k8s-ragplatf-ciliumga-56da93c17a-2adc9d09e1c34b13.elb.eu-central-1.amazonaws.com/api/v1/query\": EOF"
time="2026-09-05T16:01:51+02:00" level=warning msg="Request Failed" error="Post \"http://k8s-ragplatf-ciliumga-56da93c17a-2adc9d09e1c34b13.elb.eu-central-1.amazonaws.com/api/v1/query\": EOF"
time="2026-09-05T16:01:51+02:00" level=warning msg="Request Failed" error="Post \"http://k8s-ragplatf-ciliumga-56da93c17a-2adc9d09e1c34b13.elb.eu-central-1.amazonaws.com/api/v1/query\": EOF"
time="2026-09-05T16:01:51+02:00" level=warning msg="Request Failed" error="Post \"http://k8s-ragplatf-ciliumga-56da93c17a-2adc9d09e1c34b13.elb.eu-central-1.amazonaws.com/api/v1/query\": EOF"
time="2026-09-05T16:01:51+02:00" level=warning msg="Request Failed" error="Post \"http://k8s-ragplatf-ciliumga-56da93c17a-2adc9d09e1c34b13.elb.eu-central-1.amazonaws.com/api/v1/query\": EOF"
time="2026-09-05T16:01:51+02:00" level=warning msg="Request Failed" error="Post \"http://k8s-ragplatf-ciliumga-56da93c17a-2adc9d09e1c34b13.elb.eu-central-1.amazonaws.com/api/v1/query\": EOF"
time="2026-09-05T16:01:51+02:00" level=warning msg="Request Failed" error="Post \"http://k8s-ragplatf-ciliumga-56da93c17a-2adc9d09e1c34b13.elb.eu-central-1.amazonaws.com/api/v1/query\": EOF"
time="2026-09-05T16:01:51+02:00" level=warning msg="Request Failed" error="Post \"http://k8s-ragplatf-ciliumga-56da93c17a-2adc9d09e1c34b13.elb.eu-central-1.amazonaws.com/api/v1/query\": EOF"
time="2026-09-05T16:01:51+02:00" level=warning msg="Request Failed" error="Post \"http://k8s-ragplatf-ciliumga-56da93c17a-2adc9d09e1c34b13.elb.eu-central-1.amazonaws.com/api/v1/query\": EOF"
time="2026-09-05T16:01:51+02:00" level=warning msg="Request Failed" error="Post \"http://k8s-ragplatf-ciliumga-56da93c17a-2adc9d09e1c34b13.elb.eu-central-1.amazonaws.com/api/v1/query\": EOF"
time="2026-09-05T16:01:51+02:00" level=warning msg="Request Failed" error="Post \"http://k8s-ragplatf-ciliumga-56da93c17a-2adc9d09e1c34b13.elb.eu-central-1.amazonaws.com/api/v1/query\": EOF"
time="2026-09-05T16:01:51+02:00" level=warning msg="Request Failed" error="Post \"http://k8s-ragplatf-ciliumga-56da93c17a-2adc9d09e1c34b13.elb.eu-central-1.amazonaws.com/api/v1/query\": EOF"
time="2026-09-05T16:01:51+02:00" level=warning msg="Request Failed" error="Post \"http://k8s-ragplatf-ciliumga-56da93c17a-2adc9d09e1c34b13.elb.eu-central-1.amazonaws.com/api/v1/query\": EOF"
time="2026-09-05T16:01:51+02:00" level=warning msg="Request Failed" error="Post \"http://k8s-ragplatf-ciliumga-56da93c17a-2adc9d09e1c34b13.elb.eu-central-1.amazonaws.com/api/v1/query\": EOF"
time="2026-09-05T16:01:51+02:00" level=warning msg="Request Failed" error="Post \"http://k8s-ragplatf-ciliumga-56da93c17a-2adc9d09e1c34b13.elb.eu-central-1.amazonaws.com/api/v1/query\": EOF"
time="2026-09-05T16:01:51+02:00" level=warning msg="Request Failed" error="Post \"http://k8s-ragplatf-ciliumga-56da93c17a-2adc9d09e1c34b13.elb.eu-central-1.amazonaws.com/api/v1/query\": EOF"
time="2026-09-05T16:01:51+02:00" level=warning msg="Request Failed" error="Post \"http://k8s-ragplatf-ciliumga-56da93c17a-2adc9d09e1c34b13.elb.eu-central-1.amazonaws.com/api/v1/query\": EOF"
time="2026-09-05T16:01:51+02:00" level=warning msg="Request Failed" error="Post \"http://k8s-ragplatf-ciliumga-56da93c17a-2adc9d09e1c34b13.elb.eu-central-1.amazonaws.com/api/v1/query\": EOF"
time="2026-09-05T16:01:51+02:00" level=warning msg="Request Failed" error="Post \"http://k8s-ragplatf-ciliumga-56da93c17a-2adc9d09e1c34b13.elb.eu-central-1.amazonaws.com/api/v1/query\": EOF"
time="2026-09-05T16:01:51+02:00" level=warning msg="Request Failed" error="Post \"http://k8s-ragplatf-ciliumga-56da93c17a-2adc9d09e1c34b13.elb.eu-central-1.amazonaws.com/api/v1/query\": EOF"
time="2026-09-05T16:01:51+02:00" level=warning msg="Request Failed" error="Post \"http://k8s-ragplatf-ciliumga-56da93c17a-2adc9d09e1c34b13.elb.eu-central-1.amazonaws.com/api/v1/query\": EOF"
time="2026-09-05T16:01:51+02:00" level=warning msg="Request Failed" error="Post \"http://k8s-ragplatf-ciliumga-56da93c17a-2adc9d09e1c34b13.elb.eu-central-1.amazonaws.com/api/v1/query\": EOF"
time="2026-09-05T16:01:51+02:00" level=warning msg="Request Failed" error="Post \"http://k8s-ragplatf-ciliumga-56da93c17a-2adc9d09e1c34b13.elb.eu-central-1.amazonaws.com/api/v1/query\": EOF"
time="2026-09-05T16:01:51+02:00" level=warning msg="Request Failed" error="Post \"http://k8s-ragplatf-ciliumga-56da93c17a-2adc9d09e1c34b13.elb.eu-central-1.amazonaws.com/api/v1/query\": EOF"
time="2026-09-05T16:01:51+02:00" level=warning msg="Request Failed" error="Post \"http://k8s-ragplatf-ciliumga-56da93c17a-2adc9d09e1c34b13.elb.eu-central-1.amazonaws.com/api/v1/query\": EOF"
time="2026-09-05T16:01:51+02:00" level=warning msg="Request Failed" error="Post \"http://k8s-ragplatf-ciliumga-56da93c17a-2adc9d09e1c34b13.elb.eu-central-1.amazonaws.com/api/v1/query\": EOF"
time="2026-09-05T16:01:51+02:00" level=warning msg="Request Failed" error="Post \"http://k8s-ragplatf-ciliumga-56da93c17a-2adc9d09e1c34b13.elb.eu-central-1.amazonaws.com/api/v1/query\": EOF"
time="2026-09-05T16:01:51+02:00" level=warning msg="Request Failed" error="Post \"http://k8s-ragplatf-ciliumga-56da93c17a-2adc9d09e1c34b13.elb.eu-central-1.amazonaws.com/api/v1/query\": EOF"
time="2026-09-05T16:01:51+02:00" level=warning msg="Request Failed" error="Post \"http://k8s-ragplatf-ciliumga-56da93c17a-2adc9d09e1c34b13.elb.eu-central-1.amazonaws.com/api/v1/query\": EOF"
time="2026-09-05T16:01:51+02:00" level=warning msg="Request Failed" error="Post \"http://k8s-ragplatf-ciliumga-56da93c17a-2adc9d09e1c34b13.elb.eu-central-1.amazonaws.com/api/v1/query\": EOF"
time="2026-09-05T16:01:51+02:00" level=warning msg="Request Failed" error="Post \"http://k8s-ragplatf-ciliumga-56da93c17a-2adc9d09e1c34b13.elb.eu-central-1.amazonaws.com/api/v1/query\": EOF"
time="2026-09-05T16:01:51+02:00" level=warning msg="Request Failed" error="Post \"http://k8s-ragplatf-ciliumga-56da93c17a-2adc9d09e1c34b13.elb.eu-central-1.amazonaws.com/api/v1/query\": EOF"
time="2026-09-05T16:01:51+02:00" level=warning msg="Request Failed" error="Post \"http://k8s-ragplatf-ciliumga-56da93c17a-2adc9d09e1c34b13.elb.eu-central-1.amazonaws.com/api/v1/query\": EOF"
time="2026-09-05T16:01:51+02:00" level=warning msg="Request Failed" error="Post \"http://k8s-ragplatf-ciliumga-56da93c17a-2adc9d09e1c34b13.elb.eu-central-1.amazonaws.com/api/v1/query\": EOF"
time="2026-09-05T16:01:51+02:00" level=warning msg="Request Failed" error="Post \"http://k8s-ragplatf-ciliumga-56da93c17a-2adc9d09e1c34b13.elb.eu-central-1.amazonaws.com/api/v1/query\": EOF"
time="2026-09-05T16:01:51+02:00" level=warning msg="Request Failed" error="Post \"http://k8s-ragplatf-ciliumga-56da93c17a-2adc9d09e1c34b13.elb.eu-central-1.amazonaws.com/api/v1/query\": EOF"
time="2026-09-05T16:01:51+02:00" level=warning msg="Request Failed" error="Post \"http://k8s-ragplatf-ciliumga-56da93c17a-2adc9d09e1c34b13.elb.eu-central-1.amazonaws.com/api/v1/query\": EOF"
time="2026-09-05T16:01:51+02:00" level=warning msg="Request Failed" error="Post \"http://k8s-ragplatf-ciliumga-56da93c17a-2adc9d09e1c34b13.elb.eu-central-1.amazonaws.com/api/v1/query\": EOF"
time="2026-09-05T16:01:51+02:00" level=warning msg="Request Failed" error="Post \"http://k8s-ragplatf-ciliumga-56da93c17a-2adc9d09e1c34b13.elb.eu-central-1.amazonaws.com/api/v1/query\": EOF"
time="2026-09-05T16:01:51+02:00" level=warning msg="Request Failed" error="Post \"http://k8s-ragplatf-ciliumga-56da93c17a-2adc9d09e1c34b13.elb.eu-central-1.amazonaws.com/api/v1/query\": EOF"
time="2026-09-05T16:01:51+02:00" level=warning msg="Request Failed" error="Post \"http://k8s-ragplatf-ciliumga-56da93c17a-2adc9d09e1c34b13.elb.eu-central-1.amazonaws.com/api/v1/query\": EOF"
time="2026-09-05T16:01:51+02:00" level=warning msg="Request Failed" error="Post \"http://k8s-ragplatf-ciliumga-56da93c17a-2adc9d09e1c34b13.elb.eu-central-1.amazonaws.com/api/v1/query\": EOF"
time="2026-09-05T16:01:51+02:00" level=warning msg="Request Failed" error="Post \"http://k8s-ragplatf-ciliumga-56da93c17a-2adc9d09e1c34b13.elb.eu-central-1.amazonaws.com/api/v1/query\": EOF"
time="2026-09-05T16:01:51+02:00" level=warning msg="Request Failed" error="Post \"http://k8s-ragplatf-ciliumga-56da93c17a-2adc9d09e1c34b13.elb.eu-central-1.amazonaws.com/api/v1/query\": EOF"
time="2026-09-05T16:01:51+02:00" level=warning msg="Request Failed" error="Post \"http://k8s-ragplatf-ciliumga-56da93c17a-2adc9d09e1c34b13.elb.eu-central-1.amazonaws.com/api/v1/query\": EOF"
time="2026-09-05T16:01:51+02:00" level=warning msg="Request Failed" error="Post \"http://k8s-ragplatf-ciliumga-56da93c17a-2adc9d09e1c34b13.elb.eu-central-1.amazonaws.com/api/v1/query\": EOF"
time="2026-09-05T16:01:51+02:00" level=warning msg="Request Failed" error="Post \"http://k8s-ragplatf-ciliumga-56da93c17a-2adc9d09e1c34b13.elb.eu-central-1.amazonaws.com/api/v1/query\": EOF"
time="2026-09-05T16:01:51+02:00" level=warning msg="Request Failed" error="Post \"http://k8s-ragplatf-ciliumga-56da93c17a-2adc9d09e1c34b13.elb.eu-central-1.amazonaws.com/api/v1/query\": EOF"
time="2026-09-05T16:01:51+02:00" level=warning msg="Request Failed" error="Post \"http://k8s-ragplatf-ciliumga-56da93c17a-2adc9d09e1c34b13.elb.eu-central-1.amazonaws.com/api/v1/query\": EOF"
time="2026-09-05T16:01:51+02:00" level=warning msg="Request Failed" error="Post \"http://k8s-ragplatf-ciliumga-56da93c17a-2adc9d09e1c34b13.elb.eu-central-1.amazonaws.com/api/v1/query\": EOF"
time="2026-09-05T16:01:51+02:00" level=warning msg="Request Failed" error="Post \"http://k8s-ragplatf-ciliumga-56da93c17a-2adc9d09e1c34b13.elb.eu-central-1.amazonaws.com/api/v1/query\": EOF"
time="2026-09-05T16:01:51+02:00" level=warning msg="Request Failed" error="Post \"http://k8s-ragplatf-ciliumga-56da93c17a-2adc9d09e1c34b13.elb.eu-central-1.amazonaws.com/api/v1/query\": EOF"
time="2026-09-05T16:01:51+02:00" level=warning msg="Request Failed" error="Post \"http://k8s-ragplatf-ciliumga-56da93c17a-2adc9d09e1c34b13.elb.eu-central-1.amazonaws.com/api/v1/query\": EOF"
time="2026-09-05T16:01:51+02:00" level=warning msg="Request Failed" error="Post \"http://k8s-ragplatf-ciliumga-56da93c17a-2adc9d09e1c34b13.elb.eu-central-1.amazonaws.com/api/v1/query\": EOF"
time="2026-09-05T16:01:51+02:00" level=warning msg="Request Failed" error="Post \"http://k8s-ragplatf-ciliumga-56da93c17a-2adc9d09e1c34b13.elb.eu-central-1.amazonaws.com/api/v1/query\": EOF"
time="2026-09-05T16:01:51+02:00" level=warning msg="Request Failed" error="Post \"http://k8s-ragplatf-ciliumga-56da93c17a-2adc9d09e1c34b13.elb.eu-central-1.amazonaws.com/api/v1/query\": EOF"
time="2026-09-05T16:01:51+02:00" level=warning msg="Request Failed" error="Post \"http://k8s-ragplatf-ciliumga-56da93c17a-2adc9d09e1c34b13.elb.eu-central-1.amazonaws.com/api/v1/query\": EOF"
time="2026-09-05T16:01:51+02:00" level=warning msg="Request Failed" error="Post \"http://k8s-ragplatf-ciliumga-56da93c17a-2adc9d09e1c34b13.elb.eu-central-1.amazonaws.com/api/v1/query\": EOF"
time="2026-09-05T16:01:51+02:00" level=warning msg="Request Failed" error="Post \"http://k8s-ragplatf-ciliumga-56da93c17a-2adc9d09e1c34b13.elb.eu-central-1.amazonaws.com/api/v1/query\": EOF"
time="2026-09-05T16:01:51+02:00" level=warning msg="Request Failed" error="Post \"http://k8s-ragplatf-ciliumga-56da93c17a-2adc9d09e1c34b13.elb.eu-central-1.amazonaws.com/api/v1/query\": EOF"
time="2026-09-05T16:01:51+02:00" level=warning msg="Request Failed" error="Post \"http://k8s-ragplatf-ciliumga-56da93c17a-2adc9d09e1c34b13.elb.eu-central-1.amazonaws.com/api/v1/query\": EOF"
time="2026-09-05T16:01:51+02:00" level=warning msg="Request Failed" error="Post \"http://k8s-ragplatf-ciliumga-56da93c17a-2adc9d09e1c34b13.elb.eu-central-1.amazonaws.com/api/v1/query\": EOF"
time="2026-09-05T16:01:51+02:00" level=warning msg="Request Failed" error="Post \"http://k8s-ragplatf-ciliumga-56da93c17a-2adc9d09e1c34b13.elb.eu-central-1.amazonaws.com/api/v1/query\": EOF"
time="2026-09-05T16:01:51+02:00" level=warning msg="Request Failed" error="Post \"http://k8s-ragplatf-ciliumga-56da93c17a-2adc9d09e1c34b13.elb.eu-central-1.amazonaws.com/api/v1/query\": EOF"
time="2026-09-05T16:01:51+02:00" level=warning msg="Request Failed" error="Post \"http://k8s-ragplatf-ciliumga-56da93c17a-2adc9d09e1c34b13.elb.eu-central-1.amazonaws.com/api/v1/query\": EOF"
time="2026-09-05T16:01:51+02:00" level=warning msg="Request Failed" error="Post \"http://k8s-ragplatf-ciliumga-56da93c17a-2adc9d09e1c34b13.elb.eu-central-1.amazonaws.com/api/v1/query\": EOF"
time="2026-09-05T16:01:51+02:00" level=warning msg="Request Failed" error="Post \"http://k8s-ragplatf-ciliumga-56da93c17a-2adc9d09e1c34b13.elb.eu-central-1.amazonaws.com/api/v1/query\": EOF"
time="2026-09-05T16:01:51+02:00" level=warning msg="Request Failed" error="Post \"http://k8s-ragplatf-ciliumga-56da93c17a-2adc9d09e1c34b13.elb.eu-central-1.amazonaws.com/api/v1/query\": EOF"
time="2026-09-05T16:01:51+02:00" level=warning msg="Request Failed" error="Post \"http://k8s-ragplatf-ciliumga-56da93c17a-2adc9d09e1c34b13.elb.eu-central-1.amazonaws.com/api/v1/query\": EOF"
time="2026-09-05T16:01:51+02:00" level=warning msg="Request Failed" error="Post \"http://k8s-ragplatf-ciliumga-56da93c17a-2adc9d09e1c34b13.elb.eu-central-1.amazonaws.com/api/v1/query\": EOF"
time="2026-09-05T16:01:51+02:00" level=warning msg="Request Failed" error="Post \"http://k8s-ragplatf-ciliumga-56da93c17a-2adc9d09e1c34b13.elb.eu-central-1.amazonaws.com/api/v1/query\": EOF"
time="2026-09-05T16:01:51+02:00" level=warning msg="Request Failed" error="Post \"http://k8s-ragplatf-ciliumga-56da93c17a-2adc9d09e1c34b13.elb.eu-central-1.amazonaws.com/api/v1/query\": EOF"
time="2026-09-05T16:01:51+02:00" level=warning msg="Request Failed" error="Post \"http://k8s-ragplatf-ciliumga-56da93c17a-2adc9d09e1c34b13.elb.eu-central-1.amazonaws.com/api/v1/query\": EOF"
time="2026-09-05T16:01:51+02:00" level=warning msg="Request Failed" error="Post \"http://k8s-ragplatf-ciliumga-56da93c17a-2adc9d09e1c34b13.elb.eu-central-1.amazonaws.com/api/v1/query\": EOF"
time="2026-09-05T16:01:51+02:00" level=warning msg="Request Failed" error="Post \"http://k8s-ragplatf-ciliumga-56da93c17a-2adc9d09e1c34b13.elb.eu-central-1.amazonaws.com/api/v1/query\": EOF"
time="2026-09-05T16:01:51+02:00" level=warning msg="Request Failed" error="Post \"http://k8s-ragplatf-ciliumga-56da93c17a-2adc9d09e1c34b13.elb.eu-central-1.amazonaws.com/api/v1/query\": EOF"
time="2026-09-05T16:01:51+02:00" level=warning msg="Request Failed" error="Post \"http://k8s-ragplatf-ciliumga-56da93c17a-2adc9d09e1c34b13.elb.eu-central-1.amazonaws.com/api/v1/query\": EOF"
time="2026-09-05T16:01:51+02:00" level=warning msg="Request Failed" error="Post \"http://k8s-ragplatf-ciliumga-56da93c17a-2adc9d09e1c34b13.elb.eu-central-1.amazonaws.com/api/v1/query\": EOF"
time="2026-09-05T16:01:51+02:00" level=warning msg="Request Failed" error="Post \"http://k8s-ragplatf-ciliumga-56da93c17a-2adc9d09e1c34b13.elb.eu-central-1.amazonaws.com/api/v1/query\": EOF"
time="2026-09-05T16:01:51+02:00" level=warning msg="Request Failed" error="Post \"http://k8s-ragplatf-ciliumga-56da93c17a-2adc9d09e1c34b13.elb.eu-central-1.amazonaws.com/api/v1/query\": EOF"
time="2026-09-05T16:01:51+02:00" level=warning msg="Request Failed" error="Post \"http://k8s-ragplatf-ciliumga-56da93c17a-2adc9d09e1c34b13.elb.eu-central-1.amazonaws.com/api/v1/query\": EOF"
time="2026-09-05T16:01:51+02:00" level=warning msg="Request Failed" error="Post \"http://k8s-ragplatf-ciliumga-56da93c17a-2adc9d09e1c34b13.elb.eu-central-1.amazonaws.com/api/v1/query\": EOF"
time="2026-09-05T16:01:51+02:00" level=warning msg="Request Failed" error="Post \"http://k8s-ragplatf-ciliumga-56da93c17a-2adc9d09e1c34b13.elb.eu-central-1.amazonaws.com/api/v1/query\": EOF"

running (08m15.9s), 0721/2500 VUs, 215184 complete and 0 interrupted iterations
constant_load   [  83% ] 0721/2500 VUs  08m15.9s/10m0s  500.00 iters/s

running (08m16.9s), 0907/2500 VUs, 215498 complete and 0 interrupted iterations
constant_load   [  83% ] 0907/2500 VUs  08m16.9s/10m0s  500.00 iters/s

running (08m17.9s), 1052/2500 VUs, 215852 complete and 0 interrupted iterations
constant_load   [  83% ] 1052/2500 VUs  08m17.9s/10m0s  500.00 iters/s

running (08m18.9s), 1060/2500 VUs, 216345 complete and 0 interrupted iterations
constant_load   [  83% ] 1060/2500 VUs  08m18.9s/10m0s  500.00 iters/s

running (08m19.9s), 1095/2500 VUs, 216810 complete and 0 interrupted iterations
constant_load   [  83% ] 1095/2500 VUs  08m19.9s/10m0s  500.00 iters/s

running (08m20.9s), 1184/2500 VUs, 217221 complete and 0 interrupted iterations
constant_load   [  83% ] 1184/2500 VUs  08m20.9s/10m0s  500.00 iters/s

running (08m21.9s), 1212/2500 VUs, 217692 complete and 0 interrupted iterations
constant_load   [  84% ] 1212/2500 VUs  08m21.9s/10m0s  500.00 iters/s

running (08m22.9s), 1253/2500 VUs, 218151 complete and 0 interrupted iterations
constant_load   [  84% ] 1254/2500 VUs  08m22.9s/10m0s  500.00 iters/s
time="2026-09-05T16:01:59+02:00" level=warning msg="Request Failed" error="Post \"http://k8s-ragplatf-ciliumga-56da93c17a-2adc9d09e1c34b13.elb.eu-central-1.amazonaws.com/api/v1/query\": dial: i/o timeout"
time="2026-09-05T16:01:59+02:00" level=warning msg="Request Failed" error="Post \"http://k8s-ragplatf-ciliumga-56da93c17a-2adc9d09e1c34b13.elb.eu-central-1.amazonaws.com/api/v1/query\": dial: i/o timeout"
time="2026-09-05T16:01:59+02:00" level=warning msg="Request Failed" error="Post \"http://k8s-ragplatf-ciliumga-56da93c17a-2adc9d09e1c34b13.elb.eu-central-1.amazonaws.com/api/v1/query\": dial: i/o timeout"
time="2026-09-05T16:01:59+02:00" level=warning msg="Request Failed" error="Post \"http://k8s-ragplatf-ciliumga-56da93c17a-2adc9d09e1c34b13.elb.eu-central-1.amazonaws.com/api/v1/query\": dial: i/o timeout"
time="2026-09-05T16:01:59+02:00" level=warning msg="Request Failed" error="Post \"http://k8s-ragplatf-ciliumga-56da93c17a-2adc9d09e1c34b13.elb.eu-central-1.amazonaws.com/api/v1/query\": dial: i/o timeout"
time="2026-09-05T16:01:59+02:00" level=warning msg="Request Failed" error="Post \"http://k8s-ragplatf-ciliumga-56da93c17a-2adc9d09e1c34b13.elb.eu-central-1.amazonaws.com/api/v1/query\": dial: i/o timeout"
time="2026-09-05T16:01:59+02:00" level=warning msg="Request Failed" error="Post \"http://k8s-ragplatf-ciliumga-56da93c17a-2adc9d09e1c34b13.elb.eu-central-1.amazonaws.com/api/v1/query\": dial: i/o timeout"
time="2026-09-05T16:01:59+02:00" level=warning msg="Request Failed" error="Post \"http://k8s-ragplatf-ciliumga-56da93c17a-2adc9d09e1c34b13.elb.eu-central-1.amazonaws.com/api/v1/query\": dial: i/o timeout"

running (08m23.9s), 1209/2500 VUs, 218696 complete and 0 interrupted iterations
constant_load   [  84% ] 1209/2500 VUs  08m23.9s/10m0s  500.00 iters/s
time="2026-09-05T16:02:00+02:00" level=warning msg="Request Failed" error="Post \"http://k8s-ragplatf-ciliumga-56da93c17a-2adc9d09e1c34b13.elb.eu-central-1.amazonaws.com/api/v1/query\": dial: i/o timeout"
time="2026-09-05T16:02:00+02:00" level=warning msg="Request Failed" error="Post \"http://k8s-ragplatf-ciliumga-56da93c17a-2adc9d09e1c34b13.elb.eu-central-1.amazonaws.com/api/v1/query\": dial: i/o timeout"
time="2026-09-05T16:02:00+02:00" level=warning msg="Request Failed" error="Post \"http://k8s-ragplatf-ciliumga-56da93c17a-2adc9d09e1c34b13.elb.eu-central-1.amazonaws.com/api/v1/query\": dial: i/o timeout"
time="2026-09-05T16:02:00+02:00" level=warning msg="Request Failed" error="Post \"http://k8s-ragplatf-ciliumga-56da93c17a-2adc9d09e1c34b13.elb.eu-central-1.amazonaws.com/api/v1/query\": dial: i/o timeout"
time="2026-09-05T16:02:00+02:00" level=warning msg="Request Failed" error="Post \"http://k8s-ragplatf-ciliumga-56da93c17a-2adc9d09e1c34b13.elb.eu-central-1.amazonaws.com/api/v1/query\": dial: i/o timeout"
time="2026-09-05T16:02:00+02:00" level=warning msg="Request Failed" error="Post \"http://k8s-ragplatf-ciliumga-56da93c17a-2adc9d09e1c34b13.elb.eu-central-1.amazonaws.com/api/v1/query\": dial: i/o timeout"
time="2026-09-05T16:02:00+02:00" level=warning msg="Request Failed" error="Post \"http://k8s-ragplatf-ciliumga-56da93c17a-2adc9d09e1c34b13.elb.eu-central-1.amazonaws.com/api/v1/query\": dial: i/o timeout"
time="2026-09-05T16:02:00+02:00" level=warning msg="Request Failed" error="Post \"http://k8s-ragplatf-ciliumga-56da93c17a-2adc9d09e1c34b13.elb.eu-central-1.amazonaws.com/api/v1/query\": dial: i/o timeout"
time="2026-09-05T16:02:00+02:00" level=warning msg="Request Failed" error="Post \"http://k8s-ragplatf-ciliumga-56da93c17a-2adc9d09e1c34b13.elb.eu-central-1.amazonaws.com/api/v1/query\": dial: i/o timeout"
time="2026-09-05T16:02:00+02:00" level=warning msg="Request Failed" error="Post \"http://k8s-ragplatf-ciliumga-56da93c17a-2adc9d09e1c34b13.elb.eu-central-1.amazonaws.com/api/v1/query\": dial: i/o timeout"
time="2026-09-05T16:02:00+02:00" level=warning msg="Request Failed" error="Post \"http://k8s-ragplatf-ciliumga-56da93c17a-2adc9d09e1c34b13.elb.eu-central-1.amazonaws.com/api/v1/query\": dial: i/o timeout"
time="2026-09-05T16:02:00+02:00" level=warning msg="Request Failed" error="Post \"http://k8s-ragplatf-ciliumga-56da93c17a-2adc9d09e1c34b13.elb.eu-central-1.amazonaws.com/api/v1/query\": dial: i/o timeout"
time="2026-09-05T16:02:01+02:00" level=warning msg="Request Failed" error="Post \"http://k8s-ragplatf-ciliumga-56da93c17a-2adc9d09e1c34b13.elb.eu-central-1.amazonaws.com/api/v1/query\": dial: i/o timeout"
time="2026-09-05T16:02:01+02:00" level=warning msg="Request Failed" error="Post \"http://k8s-ragplatf-ciliumga-56da93c17a-2adc9d09e1c34b13.elb.eu-central-1.amazonaws.com/api/v1/query\": dial: i/o timeout"
time="2026-09-05T16:02:01+02:00" level=warning msg="Request Failed" error="Post \"http://k8s-ragplatf-ciliumga-56da93c17a-2adc9d09e1c34b13.elb.eu-central-1.amazonaws.com/api/v1/query\": dial: i/o timeout"

running (08m24.9s), 1243/2500 VUs, 219162 complete and 0 interrupted iterations
constant_load   [  84% ] 1243/2500 VUs  08m24.9s/10m0s  500.00 iters/s
time="2026-09-05T16:02:01+02:00" level=warning msg="Request Failed" error="Post \"http://k8s-ragplatf-ciliumga-56da93c17a-2adc9d09e1c34b13.elb.eu-central-1.amazonaws.com/api/v1/query\": dial: i/o timeout"
time="2026-09-05T16:02:01+02:00" level=warning msg="Request Failed" error="Post \"http://k8s-ragplatf-ciliumga-56da93c17a-2adc9d09e1c34b13.elb.eu-central-1.amazonaws.com/api/v1/query\": dial: i/o timeout"
time="2026-09-05T16:02:01+02:00" level=warning msg="Request Failed" error="Post \"http://k8s-ragplatf-ciliumga-56da93c17a-2adc9d09e1c34b13.elb.eu-central-1.amazonaws.com/api/v1/query\": dial: i/o timeout"
time="2026-09-05T16:02:01+02:00" level=warning msg="Request Failed" error="Post \"http://k8s-ragplatf-ciliumga-56da93c17a-2adc9d09e1c34b13.elb.eu-central-1.amazonaws.com/api/v1/query\": dial: i/o timeout"
time="2026-09-05T16:02:01+02:00" level=warning msg="Request Failed" error="Post \"http://k8s-ragplatf-ciliumga-56da93c17a-2adc9d09e1c34b13.elb.eu-central-1.amazonaws.com/api/v1/query\": dial: i/o timeout"
time="2026-09-05T16:02:01+02:00" level=warning msg="Request Failed" error="Post \"http://k8s-ragplatf-ciliumga-56da93c17a-2adc9d09e1c34b13.elb.eu-central-1.amazonaws.com/api/v1/query\": dial: i/o timeout"
time="2026-09-05T16:02:01+02:00" level=warning msg="Request Failed" error="Post \"http://k8s-ragplatf-ciliumga-56da93c17a-2adc9d09e1c34b13.elb.eu-central-1.amazonaws.com/api/v1/query\": dial: i/o timeout"
time="2026-09-05T16:02:01+02:00" level=warning msg="Request Failed" error="Post \"http://k8s-ragplatf-ciliumga-56da93c17a-2adc9d09e1c34b13.elb.eu-central-1.amazonaws.com/api/v1/query\": dial: i/o timeout"
time="2026-09-05T16:02:01+02:00" level=warning msg="Request Failed" error="Post \"http://k8s-ragplatf-ciliumga-56da93c17a-2adc9d09e1c34b13.elb.eu-central-1.amazonaws.com/api/v1/query\": dial: i/o timeout"
time="2026-09-05T16:02:01+02:00" level=warning msg="Request Failed" error="Post \"http://k8s-ragplatf-ciliumga-56da93c17a-2adc9d09e1c34b13.elb.eu-central-1.amazonaws.com/api/v1/query\": dial: i/o timeout"
time="2026-09-05T16:02:01+02:00" level=warning msg="Request Failed" error="Post \"http://k8s-ragplatf-ciliumga-56da93c17a-2adc9d09e1c34b13.elb.eu-central-1.amazonaws.com/api/v1/query\": dial: i/o timeout"
time="2026-09-05T16:02:02+02:00" level=warning msg="Request Failed" error="Post \"http://k8s-ragplatf-ciliumga-56da93c17a-2adc9d09e1c34b13.elb.eu-central-1.amazonaws.com/api/v1/query\": dial: i/o timeout"

running (08m25.9s), 1191/2500 VUs, 219713 complete and 0 interrupted iterations
constant_load   [  84% ] 1191/2500 VUs  08m25.9s/10m0s  500.00 iters/s
time="2026-09-05T16:02:02+02:00" level=warning msg="Request Failed" error="Post \"http://k8s-ragplatf-ciliumga-56da93c17a-2adc9d09e1c34b13.elb.eu-central-1.amazonaws.com/api/v1/query\": dial: i/o timeout"
time="2026-09-05T16:02:02+02:00" level=warning msg="Request Failed" error="Post \"http://k8s-ragplatf-ciliumga-56da93c17a-2adc9d09e1c34b13.elb.eu-central-1.amazonaws.com/api/v1/query\": dial: i/o timeout"
time="2026-09-05T16:02:02+02:00" level=warning msg="Request Failed" error="Post \"http://k8s-ragplatf-ciliumga-56da93c17a-2adc9d09e1c34b13.elb.eu-central-1.amazonaws.com/api/v1/query\": dial: i/o timeout"
time="2026-09-05T16:02:02+02:00" level=warning msg="Request Failed" error="Post \"http://k8s-ragplatf-ciliumga-56da93c17a-2adc9d09e1c34b13.elb.eu-central-1.amazonaws.com/api/v1/query\": dial: i/o timeout"
time="2026-09-05T16:02:02+02:00" level=warning msg="Request Failed" error="Post \"http://k8s-ragplatf-ciliumga-56da93c17a-2adc9d09e1c34b13.elb.eu-central-1.amazonaws.com/api/v1/query\": dial: i/o timeout"
time="2026-09-05T16:02:02+02:00" level=warning msg="Request Failed" error="Post \"http://k8s-ragplatf-ciliumga-56da93c17a-2adc9d09e1c34b13.elb.eu-central-1.amazonaws.com/api/v1/query\": dial: i/o timeout"
time="2026-09-05T16:02:02+02:00" level=warning msg="Request Failed" error="Post \"http://k8s-ragplatf-ciliumga-56da93c17a-2adc9d09e1c34b13.elb.eu-central-1.amazonaws.com/api/v1/query\": dial: i/o timeout"
time="2026-09-05T16:02:02+02:00" level=warning msg="Request Failed" error="Post \"http://k8s-ragplatf-ciliumga-56da93c17a-2adc9d09e1c34b13.elb.eu-central-1.amazonaws.com/api/v1/query\": dial: i/o timeout"
time="2026-09-05T16:02:02+02:00" level=warning msg="Request Failed" error="Post \"http://k8s-ragplatf-ciliumga-56da93c17a-2adc9d09e1c34b13.elb.eu-central-1.amazonaws.com/api/v1/query\": dial: i/o timeout"
time="2026-09-05T16:02:02+02:00" level=warning msg="Request Failed" error="Post \"http://k8s-ragplatf-ciliumga-56da93c17a-2adc9d09e1c34b13.elb.eu-central-1.amazonaws.com/api/v1/query\": dial: i/o timeout"
time="2026-09-05T16:02:02+02:00" level=warning msg="Request Failed" error="Post \"http://k8s-ragplatf-ciliumga-56da93c17a-2adc9d09e1c34b13.elb.eu-central-1.amazonaws.com/api/v1/query\": dial: i/o timeout"
time="2026-09-05T16:02:02+02:00" level=warning msg="Request Failed" error="Post \"http://k8s-ragplatf-ciliumga-56da93c17a-2adc9d09e1c34b13.elb.eu-central-1.amazonaws.com/api/v1/query\": dial: i/o timeout"
time="2026-09-05T16:02:02+02:00" level=warning msg="Request Failed" error="Post \"http://k8s-ragplatf-ciliumga-56da93c17a-2adc9d09e1c34b13.elb.eu-central-1.amazonaws.com/api/v1/query\": dial: i/o timeout"
time="2026-09-05T16:02:02+02:00" level=warning msg="Request Failed" error="Post \"http://k8s-ragplatf-ciliumga-56da93c17a-2adc9d09e1c34b13.elb.eu-central-1.amazonaws.com/api/v1/query\": dial: i/o timeout"
time="2026-09-05T16:02:02+02:00" level=warning msg="Request Failed" error="Post \"http://k8s-ragplatf-ciliumga-56da93c17a-2adc9d09e1c34b13.elb.eu-central-1.amazonaws.com/api/v1/query\": dial: i/o timeout"
time="2026-09-05T16:02:02+02:00" level=warning msg="Request Failed" error="Post \"http://k8s-ragplatf-ciliumga-56da93c17a-2adc9d09e1c34b13.elb.eu-central-1.amazonaws.com/api/v1/query\": dial: i/o timeout"
time="2026-09-05T16:02:02+02:00" level=warning msg="Request Failed" error="Post \"http://k8s-ragplatf-ciliumga-56da93c17a-2adc9d09e1c34b13.elb.eu-central-1.amazonaws.com/api/v1/query\": dial: i/o timeout"
time="2026-09-05T16:02:02+02:00" level=warning msg="Request Failed" error="Post \"http://k8s-ragplatf-ciliumga-56da93c17a-2adc9d09e1c34b13.elb.eu-central-1.amazonaws.com/api/v1/query\": dial: i/o timeout"
time="2026-09-05T16:02:02+02:00" level=warning msg="Request Failed" error="Post \"http://k8s-ragplatf-ciliumga-56da93c17a-2adc9d09e1c34b13.elb.eu-central-1.amazonaws.com/api/v1/query\": dial: i/o timeout"
time="2026-09-05T16:02:02+02:00" level=warning msg="Request Failed" error="Post \"http://k8s-ragplatf-ciliumga-56da93c17a-2adc9d09e1c34b13.elb.eu-central-1.amazonaws.com/api/v1/query\": dial: i/o timeout"
time="2026-09-05T16:02:02+02:00" level=warning msg="Request Failed" error="Post \"http://k8s-ragplatf-ciliumga-56da93c17a-2adc9d09e1c34b13.elb.eu-central-1.amazonaws.com/api/v1/query\": dial: i/o timeout"
time="2026-09-05T16:02:02+02:00" level=warning msg="Request Failed" error="Post \"http://k8s-ragplatf-ciliumga-56da93c17a-2adc9d09e1c34b13.elb.eu-central-1.amazonaws.com/api/v1/query\": dial: i/o timeout"
time="2026-09-05T16:02:02+02:00" level=warning msg="Request Failed" error="Post \"http://k8s-ragplatf-ciliumga-56da93c17a-2adc9d09e1c34b13.elb.eu-central-1.amazonaws.com/api/v1/query\": dial: i/o timeout"
time="2026-09-05T16:02:02+02:00" level=warning msg="Request Failed" error="Post \"http://k8s-ragplatf-ciliumga-56da93c17a-2adc9d09e1c34b13.elb.eu-central-1.amazonaws.com/api/v1/query\": dial: i/o timeout"
time="2026-09-05T16:02:02+02:00" level=warning msg="Request Failed" error="Post \"http://k8s-ragplatf-ciliumga-56da93c17a-2adc9d09e1c34b13.elb.eu-central-1.amazonaws.com/api/v1/query\": dial: i/o timeout"
time="2026-09-05T16:02:02+02:00" level=warning msg="Request Failed" error="Post \"http://k8s-ragplatf-ciliumga-56da93c17a-2adc9d09e1c34b13.elb.eu-central-1.amazonaws.com/api/v1/query\": dial: i/o timeout"
time="2026-09-05T16:02:02+02:00" level=warning msg="Request Failed" error="Post \"http://k8s-ragplatf-ciliumga-56da93c17a-2adc9d09e1c34b13.elb.eu-central-1.amazonaws.com/api/v1/query\": dial: i/o timeout"
time="2026-09-05T16:02:02+02:00" level=warning msg="Request Failed" error="Post \"http://k8s-ragplatf-ciliumga-56da93c17a-2adc9d09e1c34b13.elb.eu-central-1.amazonaws.com/api/v1/query\": dial: i/o timeout"
time="2026-09-05T16:02:02+02:00" level=warning msg="Request Failed" error="Post \"http://k8s-ragplatf-ciliumga-56da93c17a-2adc9d09e1c34b13.elb.eu-central-1.amazonaws.com/api/v1/query\": dial: i/o timeout"
time="2026-09-05T16:02:03+02:00" level=warning msg="Request Failed" error="Post \"http://k8s-ragplatf-ciliumga-56da93c17a-2adc9d09e1c34b13.elb.eu-central-1.amazonaws.com/api/v1/query\": dial: i/o timeout"
time="2026-09-05T16:02:03+02:00" level=warning msg="Request Failed" error="Post \"http://k8s-ragplatf-ciliumga-56da93c17a-2adc9d09e1c34b13.elb.eu-central-1.amazonaws.com/api/v1/query\": dial: i/o timeout"
time="2026-09-05T16:02:03+02:00" level=warning msg="Request Failed" error="Post \"http://k8s-ragplatf-ciliumga-56da93c17a-2adc9d09e1c34b13.elb.eu-central-1.amazonaws.com/api/v1/query\": dial: i/o timeout"
time="2026-09-05T16:02:03+02:00" level=warning msg="Request Failed" error="Post \"http://k8s-ragplatf-ciliumga-56da93c17a-2adc9d09e1c34b13.elb.eu-central-1.amazonaws.com/api/v1/query\": dial: i/o timeout"
time="2026-09-05T16:02:03+02:00" level=warning msg="Request Failed" error="Post \"http://k8s-ragplatf-ciliumga-56da93c17a-2adc9d09e1c34b13.elb.eu-central-1.amazonaws.com/api/v1/query\": dial: i/o timeout"

running (08m26.9s), 1155/2500 VUs, 220250 complete and 0 interrupted iterations
constant_load   [  84% ] 1155/2500 VUs  08m26.9s/10m0s  500.00 iters/s
time="2026-09-05T16:02:03+02:00" level=warning msg="Request Failed" error="Post \"http://k8s-ragplatf-ciliumga-56da93c17a-2adc9d09e1c34b13.elb.eu-central-1.amazonaws.com/api/v1/query\": dial: i/o timeout"
time="2026-09-05T16:02:03+02:00" level=warning msg="Request Failed" error="Post \"http://k8s-ragplatf-ciliumga-56da93c17a-2adc9d09e1c34b13.elb.eu-central-1.amazonaws.com/api/v1/query\": dial: i/o timeout"
time="2026-09-05T16:02:03+02:00" level=warning msg="Request Failed" error="Post \"http://k8s-ragplatf-ciliumga-56da93c17a-2adc9d09e1c34b13.elb.eu-central-1.amazonaws.com/api/v1/query\": dial: i/o timeout"
time="2026-09-05T16:02:03+02:00" level=warning msg="Request Failed" error="Post \"http://k8s-ragplatf-ciliumga-56da93c17a-2adc9d09e1c34b13.elb.eu-central-1.amazonaws.com/api/v1/query\": dial: i/o timeout"
time="2026-09-05T16:02:03+02:00" level=warning msg="Request Failed" error="Post \"http://k8s-ragplatf-ciliumga-56da93c17a-2adc9d09e1c34b13.elb.eu-central-1.amazonaws.com/api/v1/query\": dial: i/o timeout"
time="2026-09-05T16:02:03+02:00" level=warning msg="Request Failed" error="Post \"http://k8s-ragplatf-ciliumga-56da93c17a-2adc9d09e1c34b13.elb.eu-central-1.amazonaws.com/api/v1/query\": dial: i/o timeout"

running (08m27.9s), 1156/2500 VUs, 220748 complete and 0 interrupted iterations
constant_load   [  85% ] 1156/2500 VUs  08m27.9s/10m0s  500.00 iters/s

running (08m28.9s), 1145/2500 VUs, 221259 complete and 0 interrupted iterations
constant_load   [  85% ] 1145/2500 VUs  08m28.9s/10m0s  500.00 iters/s
time="2026-09-05T16:02:05+02:00" level=warning msg="Request Failed" error="Post \"http://k8s-ragplatf-ciliumga-56da93c17a-2adc9d09e1c34b13.elb.eu-central-1.amazonaws.com/api/v1/query\": dial: i/o timeout"

running (08m29.9s), 1169/2500 VUs, 221736 complete and 0 interrupted iterations
constant_load   [  85% ] 1169/2500 VUs  08m29.9s/10m0s  500.00 iters/s

running (08m30.9s), 1149/2500 VUs, 222256 complete and 0 interrupted iterations
constant_load   [  85% ] 1149/2500 VUs  08m30.9s/10m0s  500.00 iters/s

running (08m31.9s), 1150/2500 VUs, 222755 complete and 0 interrupted iterations
constant_load   [  85% ] 1150/2500 VUs  08m31.9s/10m0s  500.00 iters/s

running (08m32.9s), 1145/2500 VUs, 223260 complete and 0 interrupted iterations
constant_load   [  85% ] 1145/2500 VUs  08m32.9s/10m0s  500.00 iters/s

running (08m33.9s), 1174/2500 VUs, 223730 complete and 0 interrupted iterations
constant_load   [  86% ] 1174/2500 VUs  08m33.9s/10m0s  500.00 iters/s

running (08m34.9s), 1150/2500 VUs, 224255 complete and 0 interrupted iterations
constant_load   [  86% ] 1150/2500 VUs  08m34.9s/10m0s  500.00 iters/s

running (08m35.9s), 1145/2500 VUs, 224761 complete and 0 interrupted iterations
constant_load   [  86% ] 1145/2500 VUs  08m35.9s/10m0s  500.00 iters/s

running (08m36.9s), 1161/2500 VUs, 225244 complete and 0 interrupted iterations
constant_load   [  86% ] 1161/2500 VUs  08m36.9s/10m0s  500.00 iters/s

running (08m37.9s), 1138/2500 VUs, 225767 complete and 0 interrupted iterations
constant_load   [  86% ] 1138/2500 VUs  08m37.9s/10m0s  500.00 iters/s
time="2026-09-05T16:02:14+02:00" level=warning msg="Request Failed" error="Post \"http://k8s-ragplatf-ciliumga-56da93c17a-2adc9d09e1c34b13.elb.eu-central-1.amazonaws.com/api/v1/query\": dial: i/o timeout"
time="2026-09-05T16:02:14+02:00" level=warning msg="Request Failed" error="Post \"http://k8s-ragplatf-ciliumga-56da93c17a-2adc9d09e1c34b13.elb.eu-central-1.amazonaws.com/api/v1/query\": dial: i/o timeout"
time="2026-09-05T16:02:14+02:00" level=warning msg="Request Failed" error="Post \"http://k8s-ragplatf-ciliumga-56da93c17a-2adc9d09e1c34b13.elb.eu-central-1.amazonaws.com/api/v1/query\": dial: i/o timeout"
time="2026-09-05T16:02:14+02:00" level=warning msg="Request Failed" error="Post \"http://k8s-ragplatf-ciliumga-56da93c17a-2adc9d09e1c34b13.elb.eu-central-1.amazonaws.com/api/v1/query\": dial: i/o timeout"
time="2026-09-05T16:02:14+02:00" level=warning msg="Request Failed" error="Post \"http://k8s-ragplatf-ciliumga-56da93c17a-2adc9d09e1c34b13.elb.eu-central-1.amazonaws.com/api/v1/query\": dial: i/o timeout"
time="2026-09-05T16:02:14+02:00" level=warning msg="Request Failed" error="Post \"http://k8s-ragplatf-ciliumga-56da93c17a-2adc9d09e1c34b13.elb.eu-central-1.amazonaws.com/api/v1/query\": dial: i/o timeout"
time="2026-09-05T16:02:15+02:00" level=warning msg="Request Failed" error="Post \"http://k8s-ragplatf-ciliumga-56da93c17a-2adc9d09e1c34b13.elb.eu-central-1.amazonaws.com/api/v1/query\": dial: i/o timeout"
time="2026-09-05T16:02:15+02:00" level=warning msg="Request Failed" error="Post \"http://k8s-ragplatf-ciliumga-56da93c17a-2adc9d09e1c34b13.elb.eu-central-1.amazonaws.com/api/v1/query\": dial: i/o timeout"
time="2026-09-05T16:02:15+02:00" level=warning msg="Request Failed" error="Post \"http://k8s-ragplatf-ciliumga-56da93c17a-2adc9d09e1c34b13.elb.eu-central-1.amazonaws.com/api/v1/query\": dial: i/o timeout"
time="2026-09-05T16:02:15+02:00" level=warning msg="Request Failed" error="Post \"http://k8s-ragplatf-ciliumga-56da93c17a-2adc9d09e1c34b13.elb.eu-central-1.amazonaws.com/api/v1/query\": dial: i/o timeout"

running (08m38.9s), 1143/2500 VUs, 226262 complete and 0 interrupted iterations
constant_load   [  86% ] 1143/2500 VUs  08m38.9s/10m0s  500.00 iters/s
time="2026-09-05T16:02:15+02:00" level=warning msg="Request Failed" error="Post \"http://k8s-ragplatf-ciliumga-56da93c17a-2adc9d09e1c34b13.elb.eu-central-1.amazonaws.com/api/v1/query\": dial: i/o timeout"
time="2026-09-05T16:02:15+02:00" level=warning msg="Request Failed" error="Post \"http://k8s-ragplatf-ciliumga-56da93c17a-2adc9d09e1c34b13.elb.eu-central-1.amazonaws.com/api/v1/query\": dial: i/o timeout"
time="2026-09-05T16:02:15+02:00" level=warning msg="Request Failed" error="Post \"http://k8s-ragplatf-ciliumga-56da93c17a-2adc9d09e1c34b13.elb.eu-central-1.amazonaws.com/api/v1/query\": dial: i/o timeout"
time="2026-09-05T16:02:15+02:00" level=warning msg="Request Failed" error="Post \"http://k8s-ragplatf-ciliumga-56da93c17a-2adc9d09e1c34b13.elb.eu-central-1.amazonaws.com/api/v1/query\": dial: i/o timeout"
time="2026-09-05T16:02:15+02:00" level=warning msg="Request Failed" error="Post \"http://k8s-ragplatf-ciliumga-56da93c17a-2adc9d09e1c34b13.elb.eu-central-1.amazonaws.com/api/v1/query\": dial: i/o timeout"
time="2026-09-05T16:02:15+02:00" level=warning msg="Request Failed" error="Post \"http://k8s-ragplatf-ciliumga-56da93c17a-2adc9d09e1c34b13.elb.eu-central-1.amazonaws.com/api/v1/query\": dial: i/o timeout"
time="2026-09-05T16:02:15+02:00" level=warning msg="Request Failed" error="Post \"http://k8s-ragplatf-ciliumga-56da93c17a-2adc9d09e1c34b13.elb.eu-central-1.amazonaws.com/api/v1/query\": dial: i/o timeout"
time="2026-09-05T16:02:15+02:00" level=warning msg="Request Failed" error="Post \"http://k8s-ragplatf-ciliumga-56da93c17a-2adc9d09e1c34b13.elb.eu-central-1.amazonaws.com/api/v1/query\": dial: i/o timeout"
time="2026-09-05T16:02:15+02:00" level=warning msg="Request Failed" error="Post \"http://k8s-ragplatf-ciliumga-56da93c17a-2adc9d09e1c34b13.elb.eu-central-1.amazonaws.com/api/v1/query\": dial: i/o timeout"
time="2026-09-05T16:02:16+02:00" level=warning msg="Request Failed" error="Post \"http://k8s-ragplatf-ciliumga-56da93c17a-2adc9d09e1c34b13.elb.eu-central-1.amazonaws.com/api/v1/query\": dial: i/o timeout"

running (08m39.9s), 1128/2500 VUs, 226777 complete and 0 interrupted iterations
constant_load   [  87% ] 1128/2500 VUs  08m39.9s/10m0s  500.00 iters/s
time="2026-09-05T16:02:16+02:00" level=warning msg="Request Failed" error="Post \"http://k8s-ragplatf-ciliumga-56da93c17a-2adc9d09e1c34b13.elb.eu-central-1.amazonaws.com/api/v1/query\": dial: i/o timeout"
time="2026-09-05T16:02:16+02:00" level=warning msg="Request Failed" error="Post \"http://k8s-ragplatf-ciliumga-56da93c17a-2adc9d09e1c34b13.elb.eu-central-1.amazonaws.com/api/v1/query\": dial: i/o timeout"
time="2026-09-05T16:02:16+02:00" level=warning msg="Request Failed" error="Post \"http://k8s-ragplatf-ciliumga-56da93c17a-2adc9d09e1c34b13.elb.eu-central-1.amazonaws.com/api/v1/query\": dial: i/o timeout"
time="2026-09-05T16:02:16+02:00" level=warning msg="Request Failed" error="Post \"http://k8s-ragplatf-ciliumga-56da93c17a-2adc9d09e1c34b13.elb.eu-central-1.amazonaws.com/api/v1/query\": dial: i/o timeout"
time="2026-09-05T16:02:16+02:00" level=warning msg="Request Failed" error="Post \"http://k8s-ragplatf-ciliumga-56da93c17a-2adc9d09e1c34b13.elb.eu-central-1.amazonaws.com/api/v1/query\": dial: i/o timeout"
time="2026-09-05T16:02:16+02:00" level=warning msg="Request Failed" error="Post \"http://k8s-ragplatf-ciliumga-56da93c17a-2adc9d09e1c34b13.elb.eu-central-1.amazonaws.com/api/v1/query\": dial: i/o timeout"
time="2026-09-05T16:02:16+02:00" level=warning msg="Request Failed" error="Post \"http://k8s-ragplatf-ciliumga-56da93c17a-2adc9d09e1c34b13.elb.eu-central-1.amazonaws.com/api/v1/query\": dial: i/o timeout"
time="2026-09-05T16:02:16+02:00" level=warning msg="Request Failed" error="Post \"http://k8s-ragplatf-ciliumga-56da93c17a-2adc9d09e1c34b13.elb.eu-central-1.amazonaws.com/api/v1/query\": dial: i/o timeout"
time="2026-09-05T16:02:16+02:00" level=warning msg="Request Failed" error="Post \"http://k8s-ragplatf-ciliumga-56da93c17a-2adc9d09e1c34b13.elb.eu-central-1.amazonaws.com/api/v1/query\": dial: i/o timeout"
time="2026-09-05T16:02:16+02:00" level=warning msg="Request Failed" error="Post \"http://k8s-ragplatf-ciliumga-56da93c17a-2adc9d09e1c34b13.elb.eu-central-1.amazonaws.com/api/v1/query\": dial: i/o timeout"
time="2026-09-05T16:02:16+02:00" level=warning msg="Request Failed" error="Post \"http://k8s-ragplatf-ciliumga-56da93c17a-2adc9d09e1c34b13.elb.eu-central-1.amazonaws.com/api/v1/query\": dial: i/o timeout"
time="2026-09-05T16:02:16+02:00" level=warning msg="Request Failed" error="Post \"http://k8s-ragplatf-ciliumga-56da93c17a-2adc9d09e1c34b13.elb.eu-central-1.amazonaws.com/api/v1/query\": dial: i/o timeout"
time="2026-09-05T16:02:16+02:00" level=warning msg="Request Failed" error="Post \"http://k8s-ragplatf-ciliumga-56da93c17a-2adc9d09e1c34b13.elb.eu-central-1.amazonaws.com/api/v1/query\": dial: i/o timeout"
time="2026-09-05T16:02:16+02:00" level=warning msg="Request Failed" error="Post \"http://k8s-ragplatf-ciliumga-56da93c17a-2adc9d09e1c34b13.elb.eu-central-1.amazonaws.com/api/v1/query\": dial: i/o timeout"
time="2026-09-05T16:02:16+02:00" level=warning msg="Request Failed" error="Post \"http://k8s-ragplatf-ciliumga-56da93c17a-2adc9d09e1c34b13.elb.eu-central-1.amazonaws.com/api/v1/query\": dial: i/o timeout"
time="2026-09-05T16:02:16+02:00" level=warning msg="Request Failed" error="Post \"http://k8s-ragplatf-ciliumga-56da93c17a-2adc9d09e1c34b13.elb.eu-central-1.amazonaws.com/api/v1/query\": dial: i/o timeout"
time="2026-09-05T16:02:16+02:00" level=warning msg="Request Failed" error="Post \"http://k8s-ragplatf-ciliumga-56da93c17a-2adc9d09e1c34b13.elb.eu-central-1.amazonaws.com/api/v1/query\": dial: i/o timeout"
time="2026-09-05T16:02:16+02:00" level=warning msg="Request Failed" error="Post \"http://k8s-ragplatf-ciliumga-56da93c17a-2adc9d09e1c34b13.elb.eu-central-1.amazonaws.com/api/v1/query\": dial: i/o timeout"
time="2026-09-05T16:02:16+02:00" level=warning msg="Request Failed" error="Post \"http://k8s-ragplatf-ciliumga-56da93c17a-2adc9d09e1c34b13.elb.eu-central-1.amazonaws.com/api/v1/query\": dial: i/o timeout"
time="2026-09-05T16:02:16+02:00" level=warning msg="Request Failed" error="Post \"http://k8s-ragplatf-ciliumga-56da93c17a-2adc9d09e1c34b13.elb.eu-central-1.amazonaws.com/api/v1/query\": dial: i/o timeout"
time="2026-09-05T16:02:17+02:00" level=warning msg="Request Failed" error="Post \"http://k8s-ragplatf-ciliumga-56da93c17a-2adc9d09e1c34b13.elb.eu-central-1.amazonaws.com/api/v1/query\": dial: i/o timeout"
time="2026-09-05T16:02:17+02:00" level=warning msg="Request Failed" error="Post \"http://k8s-ragplatf-ciliumga-56da93c17a-2adc9d09e1c34b13.elb.eu-central-1.amazonaws.com/api/v1/query\": dial: i/o timeout"
time="2026-09-05T16:02:17+02:00" level=warning msg="Request Failed" error="Post \"http://k8s-ragplatf-ciliumga-56da93c17a-2adc9d09e1c34b13.elb.eu-central-1.amazonaws.com/api/v1/query\": dial: i/o timeout"
time="2026-09-05T16:02:17+02:00" level=warning msg="Request Failed" error="Post \"http://k8s-ragplatf-ciliumga-56da93c17a-2adc9d09e1c34b13.elb.eu-central-1.amazonaws.com/api/v1/query\": dial: i/o timeout"
time="2026-09-05T16:02:17+02:00" level=warning msg="Request Failed" error="Post \"http://k8s-ragplatf-ciliumga-56da93c17a-2adc9d09e1c34b13.elb.eu-central-1.amazonaws.com/api/v1/query\": dial: i/o timeout"

running (08m40.9s), 1100/2500 VUs, 227304 complete and 0 interrupted iterations
constant_load   [  87% ] 1100/2500 VUs  08m40.9s/10m0s  500.00 iters/s
time="2026-09-05T16:02:17+02:00" level=warning msg="Request Failed" error="Post \"http://k8s-ragplatf-ciliumga-56da93c17a-2adc9d09e1c34b13.elb.eu-central-1.amazonaws.com/api/v1/query\": dial: i/o timeout"
time="2026-09-05T16:02:17+02:00" level=warning msg="Request Failed" error="Post \"http://k8s-ragplatf-ciliumga-56da93c17a-2adc9d09e1c34b13.elb.eu-central-1.amazonaws.com/api/v1/query\": dial: i/o timeout"
time="2026-09-05T16:02:17+02:00" level=warning msg="Request Failed" error="Post \"http://k8s-ragplatf-ciliumga-56da93c17a-2adc9d09e1c34b13.elb.eu-central-1.amazonaws.com/api/v1/query\": dial: i/o timeout"
time="2026-09-05T16:02:17+02:00" level=warning msg="Request Failed" error="Post \"http://k8s-ragplatf-ciliumga-56da93c17a-2adc9d09e1c34b13.elb.eu-central-1.amazonaws.com/api/v1/query\": dial: i/o timeout"
time="2026-09-05T16:02:17+02:00" level=warning msg="Request Failed" error="Post \"http://k8s-ragplatf-ciliumga-56da93c17a-2adc9d09e1c34b13.elb.eu-central-1.amazonaws.com/api/v1/query\": dial: i/o timeout"
time="2026-09-05T16:02:17+02:00" level=warning msg="Request Failed" error="Post \"http://k8s-ragplatf-ciliumga-56da93c17a-2adc9d09e1c34b13.elb.eu-central-1.amazonaws.com/api/v1/query\": dial: i/o timeout"
time="2026-09-05T16:02:17+02:00" level=warning msg="Request Failed" error="Post \"http://k8s-ragplatf-ciliumga-56da93c17a-2adc9d09e1c34b13.elb.eu-central-1.amazonaws.com/api/v1/query\": dial: i/o timeout"
time="2026-09-05T16:02:17+02:00" level=warning msg="Request Failed" error="Post \"http://k8s-ragplatf-ciliumga-56da93c17a-2adc9d09e1c34b13.elb.eu-central-1.amazonaws.com/api/v1/query\": dial: i/o timeout"
time="2026-09-05T16:02:17+02:00" level=warning msg="Request Failed" error="Post \"http://k8s-ragplatf-ciliumga-56da93c17a-2adc9d09e1c34b13.elb.eu-central-1.amazonaws.com/api/v1/query\": dial: i/o timeout"
time="2026-09-05T16:02:17+02:00" level=warning msg="Request Failed" error="Post \"http://k8s-ragplatf-ciliumga-56da93c17a-2adc9d09e1c34b13.elb.eu-central-1.amazonaws.com/api/v1/query\": dial: i/o timeout"
time="2026-09-05T16:02:17+02:00" level=warning msg="Request Failed" error="Post \"http://k8s-ragplatf-ciliumga-56da93c17a-2adc9d09e1c34b13.elb.eu-central-1.amazonaws.com/api/v1/query\": dial: i/o timeout"
time="2026-09-05T16:02:17+02:00" level=warning msg="Request Failed" error="Post \"http://k8s-ragplatf-ciliumga-56da93c17a-2adc9d09e1c34b13.elb.eu-central-1.amazonaws.com/api/v1/query\": dial: i/o timeout"
time="2026-09-05T16:02:17+02:00" level=warning msg="Request Failed" error="Post \"http://k8s-ragplatf-ciliumga-56da93c17a-2adc9d09e1c34b13.elb.eu-central-1.amazonaws.com/api/v1/query\": dial: i/o timeout"
time="2026-09-05T16:02:17+02:00" level=warning msg="Request Failed" error="Post \"http://k8s-ragplatf-ciliumga-56da93c17a-2adc9d09e1c34b13.elb.eu-central-1.amazonaws.com/api/v1/query\": dial: i/o timeout"
time="2026-09-05T16:02:17+02:00" level=warning msg="Request Failed" error="Post \"http://k8s-ragplatf-ciliumga-56da93c17a-2adc9d09e1c34b13.elb.eu-central-1.amazonaws.com/api/v1/query\": dial: i/o timeout"
time="2026-09-05T16:02:17+02:00" level=warning msg="Request Failed" error="Post \"http://k8s-ragplatf-ciliumga-56da93c17a-2adc9d09e1c34b13.elb.eu-central-1.amazonaws.com/api/v1/query\": dial: i/o timeout"
time="2026-09-05T16:02:17+02:00" level=warning msg="Request Failed" error="Post \"http://k8s-ragplatf-ciliumga-56da93c17a-2adc9d09e1c34b13.elb.eu-central-1.amazonaws.com/api/v1/query\": dial: i/o timeout"

running (08m41.9s), 1080/2500 VUs, 227825 complete and 0 interrupted iterations
constant_load   [  87% ] 1080/2500 VUs  08m41.9s/10m0s  500.00 iters/s

running (08m42.9s), 1114/2500 VUs, 228290 complete and 0 interrupted iterations
constant_load   [  87% ] 1115/2500 VUs  08m42.9s/10m0s  500.00 iters/s
time="2026-09-05T16:02:19+02:00" level=warning msg="Request Failed" error="Post \"http://k8s-ragplatf-ciliumga-56da93c17a-2adc9d09e1c34b13.elb.eu-central-1.amazonaws.com/api/v1/query\": EOF"
time="2026-09-05T16:02:19+02:00" level=warning msg="Request Failed" error="Post \"http://k8s-ragplatf-ciliumga-56da93c17a-2adc9d09e1c34b13.elb.eu-central-1.amazonaws.com/api/v1/query\": EOF"
time="2026-09-05T16:02:19+02:00" level=warning msg="Request Failed" error="Post \"http://k8s-ragplatf-ciliumga-56da93c17a-2adc9d09e1c34b13.elb.eu-central-1.amazonaws.com/api/v1/query\": EOF"
time="2026-09-05T16:02:19+02:00" level=warning msg="Request Failed" error="Post \"http://k8s-ragplatf-ciliumga-56da93c17a-2adc9d09e1c34b13.elb.eu-central-1.amazonaws.com/api/v1/query\": EOF"
time="2026-09-05T16:02:19+02:00" level=warning msg="Request Failed" error="Post \"http://k8s-ragplatf-ciliumga-56da93c17a-2adc9d09e1c34b13.elb.eu-central-1.amazonaws.com/api/v1/query\": EOF"
time="2026-09-05T16:02:19+02:00" level=warning msg="Request Failed" error="Post \"http://k8s-ragplatf-ciliumga-56da93c17a-2adc9d09e1c34b13.elb.eu-central-1.amazonaws.com/api/v1/query\": EOF"
time="2026-09-05T16:02:19+02:00" level=warning msg="Request Failed" error="Post \"http://k8s-ragplatf-ciliumga-56da93c17a-2adc9d09e1c34b13.elb.eu-central-1.amazonaws.com/api/v1/query\": EOF"
time="2026-09-05T16:02:19+02:00" level=warning msg="Request Failed" error="Post \"http://k8s-ragplatf-ciliumga-56da93c17a-2adc9d09e1c34b13.elb.eu-central-1.amazonaws.com/api/v1/query\": EOF"
time="2026-09-05T16:02:19+02:00" level=warning msg="Request Failed" error="Post \"http://k8s-ragplatf-ciliumga-56da93c17a-2adc9d09e1c34b13.elb.eu-central-1.amazonaws.com/api/v1/query\": EOF"
time="2026-09-05T16:02:19+02:00" level=warning msg="Request Failed" error="Post \"http://k8s-ragplatf-ciliumga-56da93c17a-2adc9d09e1c34b13.elb.eu-central-1.amazonaws.com/api/v1/query\": EOF"
time="2026-09-05T16:02:19+02:00" level=warning msg="Request Failed" error="Post \"http://k8s-ragplatf-ciliumga-56da93c17a-2adc9d09e1c34b13.elb.eu-central-1.amazonaws.com/api/v1/query\": EOF"
time="2026-09-05T16:02:19+02:00" level=warning msg="Request Failed" error="Post \"http://k8s-ragplatf-ciliumga-56da93c17a-2adc9d09e1c34b13.elb.eu-central-1.amazonaws.com/api/v1/query\": EOF"
time="2026-09-05T16:02:19+02:00" level=warning msg="Request Failed" error="Post \"http://k8s-ragplatf-ciliumga-56da93c17a-2adc9d09e1c34b13.elb.eu-central-1.amazonaws.com/api/v1/query\": EOF"
time="2026-09-05T16:02:19+02:00" level=warning msg="Request Failed" error="Post \"http://k8s-ragplatf-ciliumga-56da93c17a-2adc9d09e1c34b13.elb.eu-central-1.amazonaws.com/api/v1/query\": EOF"
time="2026-09-05T16:02:19+02:00" level=warning msg="Request Failed" error="Post \"http://k8s-ragplatf-ciliumga-56da93c17a-2adc9d09e1c34b13.elb.eu-central-1.amazonaws.com/api/v1/query\": EOF"
time="2026-09-05T16:02:19+02:00" level=warning msg="Request Failed" error="Post \"http://k8s-ragplatf-ciliumga-56da93c17a-2adc9d09e1c34b13.elb.eu-central-1.amazonaws.com/api/v1/query\": EOF"
time="2026-09-05T16:02:19+02:00" level=warning msg="Request Failed" error="Post \"http://k8s-ragplatf-ciliumga-56da93c17a-2adc9d09e1c34b13.elb.eu-central-1.amazonaws.com/api/v1/query\": EOF"
time="2026-09-05T16:02:19+02:00" level=warning msg="Request Failed" error="Post \"http://k8s-ragplatf-ciliumga-56da93c17a-2adc9d09e1c34b13.elb.eu-central-1.amazonaws.com/api/v1/query\": EOF"
time="2026-09-05T16:02:19+02:00" level=warning msg="Request Failed" error="Post \"http://k8s-ragplatf-ciliumga-56da93c17a-2adc9d09e1c34b13.elb.eu-central-1.amazonaws.com/api/v1/query\": EOF"
time="2026-09-05T16:02:19+02:00" level=warning msg="Request Failed" error="Post \"http://k8s-ragplatf-ciliumga-56da93c17a-2adc9d09e1c34b13.elb.eu-central-1.amazonaws.com/api/v1/query\": EOF"
time="2026-09-05T16:02:19+02:00" level=warning msg="Request Failed" error="Post \"http://k8s-ragplatf-ciliumga-56da93c17a-2adc9d09e1c34b13.elb.eu-central-1.amazonaws.com/api/v1/query\": EOF"
time="2026-09-05T16:02:19+02:00" level=warning msg="Request Failed" error="Post \"http://k8s-ragplatf-ciliumga-56da93c17a-2adc9d09e1c34b13.elb.eu-central-1.amazonaws.com/api/v1/query\": EOF"
time="2026-09-05T16:02:19+02:00" level=warning msg="Request Failed" error="Post \"http://k8s-ragplatf-ciliumga-56da93c17a-2adc9d09e1c34b13.elb.eu-central-1.amazonaws.com/api/v1/query\": EOF"
time="2026-09-05T16:02:19+02:00" level=warning msg="Request Failed" error="Post \"http://k8s-ragplatf-ciliumga-56da93c17a-2adc9d09e1c34b13.elb.eu-central-1.amazonaws.com/api/v1/query\": EOF"
time="2026-09-05T16:02:19+02:00" level=warning msg="Request Failed" error="Post \"http://k8s-ragplatf-ciliumga-56da93c17a-2adc9d09e1c34b13.elb.eu-central-1.amazonaws.com/api/v1/query\": EOF"
time="2026-09-05T16:02:19+02:00" level=warning msg="Request Failed" error="Post \"http://k8s-ragplatf-ciliumga-56da93c17a-2adc9d09e1c34b13.elb.eu-central-1.amazonaws.com/api/v1/query\": EOF"
time="2026-09-05T16:02:19+02:00" level=warning msg="Request Failed" error="Post \"http://k8s-ragplatf-ciliumga-56da93c17a-2adc9d09e1c34b13.elb.eu-central-1.amazonaws.com/api/v1/query\": EOF"
time="2026-09-05T16:02:19+02:00" level=warning msg="Request Failed" error="Post \"http://k8s-ragplatf-ciliumga-56da93c17a-2adc9d09e1c34b13.elb.eu-central-1.amazonaws.com/api/v1/query\": EOF"
time="2026-09-05T16:02:19+02:00" level=warning msg="Request Failed" error="Post \"http://k8s-ragplatf-ciliumga-56da93c17a-2adc9d09e1c34b13.elb.eu-central-1.amazonaws.com/api/v1/query\": EOF"
time="2026-09-05T16:02:19+02:00" level=warning msg="Request Failed" error="Post \"http://k8s-ragplatf-ciliumga-56da93c17a-2adc9d09e1c34b13.elb.eu-central-1.amazonaws.com/api/v1/query\": EOF"
time="2026-09-05T16:02:19+02:00" level=warning msg="Request Failed" error="Post \"http://k8s-ragplatf-ciliumga-56da93c17a-2adc9d09e1c34b13.elb.eu-central-1.amazonaws.com/api/v1/query\": EOF"
time="2026-09-05T16:02:19+02:00" level=warning msg="Request Failed" error="Post \"http://k8s-ragplatf-ciliumga-56da93c17a-2adc9d09e1c34b13.elb.eu-central-1.amazonaws.com/api/v1/query\": EOF"
time="2026-09-05T16:02:19+02:00" level=warning msg="Request Failed" error="Post \"http://k8s-ragplatf-ciliumga-56da93c17a-2adc9d09e1c34b13.elb.eu-central-1.amazonaws.com/api/v1/query\": EOF"
time="2026-09-05T16:02:19+02:00" level=warning msg="Request Failed" error="Post \"http://k8s-ragplatf-ciliumga-56da93c17a-2adc9d09e1c34b13.elb.eu-central-1.amazonaws.com/api/v1/query\": EOF"
time="2026-09-05T16:02:19+02:00" level=warning msg="Request Failed" error="Post \"http://k8s-ragplatf-ciliumga-56da93c17a-2adc9d09e1c34b13.elb.eu-central-1.amazonaws.com/api/v1/query\": EOF"
time="2026-09-05T16:02:19+02:00" level=warning msg="Request Failed" error="Post \"http://k8s-ragplatf-ciliumga-56da93c17a-2adc9d09e1c34b13.elb.eu-central-1.amazonaws.com/api/v1/query\": EOF"
time="2026-09-05T16:02:19+02:00" level=warning msg="Request Failed" error="Post \"http://k8s-ragplatf-ciliumga-56da93c17a-2adc9d09e1c34b13.elb.eu-central-1.amazonaws.com/api/v1/query\": EOF"
time="2026-09-05T16:02:19+02:00" level=warning msg="Request Failed" error="Post \"http://k8s-ragplatf-ciliumga-56da93c17a-2adc9d09e1c34b13.elb.eu-central-1.amazonaws.com/api/v1/query\": EOF"
time="2026-09-05T16:02:19+02:00" level=warning msg="Request Failed" error="Post \"http://k8s-ragplatf-ciliumga-56da93c17a-2adc9d09e1c34b13.elb.eu-central-1.amazonaws.com/api/v1/query\": EOF"
time="2026-09-05T16:02:19+02:00" level=warning msg="Request Failed" error="Post \"http://k8s-ragplatf-ciliumga-56da93c17a-2adc9d09e1c34b13.elb.eu-central-1.amazonaws.com/api/v1/query\": EOF"
time="2026-09-05T16:02:19+02:00" level=warning msg="Request Failed" error="Post \"http://k8s-ragplatf-ciliumga-56da93c17a-2adc9d09e1c34b13.elb.eu-central-1.amazonaws.com/api/v1/query\": EOF"
time="2026-09-05T16:02:19+02:00" level=warning msg="Request Failed" error="Post \"http://k8s-ragplatf-ciliumga-56da93c17a-2adc9d09e1c34b13.elb.eu-central-1.amazonaws.com/api/v1/query\": EOF"
time="2026-09-05T16:02:19+02:00" level=warning msg="Request Failed" error="Post \"http://k8s-ragplatf-ciliumga-56da93c17a-2adc9d09e1c34b13.elb.eu-central-1.amazonaws.com/api/v1/query\": EOF"
time="2026-09-05T16:02:19+02:00" level=warning msg="Request Failed" error="Post \"http://k8s-ragplatf-ciliumga-56da93c17a-2adc9d09e1c34b13.elb.eu-central-1.amazonaws.com/api/v1/query\": EOF"
time="2026-09-05T16:02:19+02:00" level=warning msg="Request Failed" error="Post \"http://k8s-ragplatf-ciliumga-56da93c17a-2adc9d09e1c34b13.elb.eu-central-1.amazonaws.com/api/v1/query\": EOF"
time="2026-09-05T16:02:19+02:00" level=warning msg="Request Failed" error="Post \"http://k8s-ragplatf-ciliumga-56da93c17a-2adc9d09e1c34b13.elb.eu-central-1.amazonaws.com/api/v1/query\": EOF"
time="2026-09-05T16:02:19+02:00" level=warning msg="Request Failed" error="Post \"http://k8s-ragplatf-ciliumga-56da93c17a-2adc9d09e1c34b13.elb.eu-central-1.amazonaws.com/api/v1/query\": EOF"
time="2026-09-05T16:02:19+02:00" level=warning msg="Request Failed" error="Post \"http://k8s-ragplatf-ciliumga-56da93c17a-2adc9d09e1c34b13.elb.eu-central-1.amazonaws.com/api/v1/query\": EOF"
time="2026-09-05T16:02:19+02:00" level=warning msg="Request Failed" error="Post \"http://k8s-ragplatf-ciliumga-56da93c17a-2adc9d09e1c34b13.elb.eu-central-1.amazonaws.com/api/v1/query\": EOF"
time="2026-09-05T16:02:19+02:00" level=warning msg="Request Failed" error="Post \"http://k8s-ragplatf-ciliumga-56da93c17a-2adc9d09e1c34b13.elb.eu-central-1.amazonaws.com/api/v1/query\": EOF"
time="2026-09-05T16:02:19+02:00" level=warning msg="Request Failed" error="Post \"http://k8s-ragplatf-ciliumga-56da93c17a-2adc9d09e1c34b13.elb.eu-central-1.amazonaws.com/api/v1/query\": EOF"
time="2026-09-05T16:02:19+02:00" level=warning msg="Request Failed" error="Post \"http://k8s-ragplatf-ciliumga-56da93c17a-2adc9d09e1c34b13.elb.eu-central-1.amazonaws.com/api/v1/query\": EOF"
time="2026-09-05T16:02:19+02:00" level=warning msg="Request Failed" error="Post \"http://k8s-ragplatf-ciliumga-56da93c17a-2adc9d09e1c34b13.elb.eu-central-1.amazonaws.com/api/v1/query\": EOF"
time="2026-09-05T16:02:19+02:00" level=warning msg="Request Failed" error="Post \"http://k8s-ragplatf-ciliumga-56da93c17a-2adc9d09e1c34b13.elb.eu-central-1.amazonaws.com/api/v1/query\": EOF"
time="2026-09-05T16:02:19+02:00" level=warning msg="Request Failed" error="Post \"http://k8s-ragplatf-ciliumga-56da93c17a-2adc9d09e1c34b13.elb.eu-central-1.amazonaws.com/api/v1/query\": EOF"
time="2026-09-05T16:02:19+02:00" level=warning msg="Request Failed" error="Post \"http://k8s-ragplatf-ciliumga-56da93c17a-2adc9d09e1c34b13.elb.eu-central-1.amazonaws.com/api/v1/query\": EOF"
time="2026-09-05T16:02:19+02:00" level=warning msg="Request Failed" error="Post \"http://k8s-ragplatf-ciliumga-56da93c17a-2adc9d09e1c34b13.elb.eu-central-1.amazonaws.com/api/v1/query\": EOF"
time="2026-09-05T16:02:19+02:00" level=warning msg="Request Failed" error="Post \"http://k8s-ragplatf-ciliumga-56da93c17a-2adc9d09e1c34b13.elb.eu-central-1.amazonaws.com/api/v1/query\": EOF"
time="2026-09-05T16:02:19+02:00" level=warning msg="Request Failed" error="Post \"http://k8s-ragplatf-ciliumga-56da93c17a-2adc9d09e1c34b13.elb.eu-central-1.amazonaws.com/api/v1/query\": EOF"
time="2026-09-05T16:02:19+02:00" level=warning msg="Request Failed" error="Post \"http://k8s-ragplatf-ciliumga-56da93c17a-2adc9d09e1c34b13.elb.eu-central-1.amazonaws.com/api/v1/query\": EOF"
time="2026-09-05T16:02:19+02:00" level=warning msg="Request Failed" error="Post \"http://k8s-ragplatf-ciliumga-56da93c17a-2adc9d09e1c34b13.elb.eu-central-1.amazonaws.com/api/v1/query\": EOF"
time="2026-09-05T16:02:19+02:00" level=warning msg="Request Failed" error="Post \"http://k8s-ragplatf-ciliumga-56da93c17a-2adc9d09e1c34b13.elb.eu-central-1.amazonaws.com/api/v1/query\": EOF"
time="2026-09-05T16:02:19+02:00" level=warning msg="Request Failed" error="Post \"http://k8s-ragplatf-ciliumga-56da93c17a-2adc9d09e1c34b13.elb.eu-central-1.amazonaws.com/api/v1/query\": EOF"
time="2026-09-05T16:02:19+02:00" level=warning msg="Request Failed" error="Post \"http://k8s-ragplatf-ciliumga-56da93c17a-2adc9d09e1c34b13.elb.eu-central-1.amazonaws.com/api/v1/query\": EOF"
time="2026-09-05T16:02:19+02:00" level=warning msg="Request Failed" error="Post \"http://k8s-ragplatf-ciliumga-56da93c17a-2adc9d09e1c34b13.elb.eu-central-1.amazonaws.com/api/v1/query\": EOF"
time="2026-09-05T16:02:19+02:00" level=warning msg="Request Failed" error="Post \"http://k8s-ragplatf-ciliumga-56da93c17a-2adc9d09e1c34b13.elb.eu-central-1.amazonaws.com/api/v1/query\": EOF"
time="2026-09-05T16:02:19+02:00" level=warning msg="Request Failed" error="Post \"http://k8s-ragplatf-ciliumga-56da93c17a-2adc9d09e1c34b13.elb.eu-central-1.amazonaws.com/api/v1/query\": EOF"
time="2026-09-05T16:02:19+02:00" level=warning msg="Request Failed" error="Post \"http://k8s-ragplatf-ciliumga-56da93c17a-2adc9d09e1c34b13.elb.eu-central-1.amazonaws.com/api/v1/query\": EOF"
time="2026-09-05T16:02:19+02:00" level=warning msg="Request Failed" error="Post \"http://k8s-ragplatf-ciliumga-56da93c17a-2adc9d09e1c34b13.elb.eu-central-1.amazonaws.com/api/v1/query\": EOF"
time="2026-09-05T16:02:19+02:00" level=warning msg="Request Failed" error="Post \"http://k8s-ragplatf-ciliumga-56da93c17a-2adc9d09e1c34b13.elb.eu-central-1.amazonaws.com/api/v1/query\": EOF"
time="2026-09-05T16:02:19+02:00" level=warning msg="Request Failed" error="Post \"http://k8s-ragplatf-ciliumga-56da93c17a-2adc9d09e1c34b13.elb.eu-central-1.amazonaws.com/api/v1/query\": EOF"
time="2026-09-05T16:02:19+02:00" level=warning msg="Request Failed" error="Post \"http://k8s-ragplatf-ciliumga-56da93c17a-2adc9d09e1c34b13.elb.eu-central-1.amazonaws.com/api/v1/query\": EOF"
time="2026-09-05T16:02:19+02:00" level=warning msg="Request Failed" error="Post \"http://k8s-ragplatf-ciliumga-56da93c17a-2adc9d09e1c34b13.elb.eu-central-1.amazonaws.com/api/v1/query\": EOF"
time="2026-09-05T16:02:19+02:00" level=warning msg="Request Failed" error="Post \"http://k8s-ragplatf-ciliumga-56da93c17a-2adc9d09e1c34b13.elb.eu-central-1.amazonaws.com/api/v1/query\": EOF"
time="2026-09-05T16:02:19+02:00" level=warning msg="Request Failed" error="Post \"http://k8s-ragplatf-ciliumga-56da93c17a-2adc9d09e1c34b13.elb.eu-central-1.amazonaws.com/api/v1/query\": EOF"
time="2026-09-05T16:02:19+02:00" level=warning msg="Request Failed" error="Post \"http://k8s-ragplatf-ciliumga-56da93c17a-2adc9d09e1c34b13.elb.eu-central-1.amazonaws.com/api/v1/query\": EOF"
time="2026-09-05T16:02:19+02:00" level=warning msg="Request Failed" error="Post \"http://k8s-ragplatf-ciliumga-56da93c17a-2adc9d09e1c34b13.elb.eu-central-1.amazonaws.com/api/v1/query\": EOF"
time="2026-09-05T16:02:19+02:00" level=warning msg="Request Failed" error="Post \"http://k8s-ragplatf-ciliumga-56da93c17a-2adc9d09e1c34b13.elb.eu-central-1.amazonaws.com/api/v1/query\": EOF"
time="2026-09-05T16:02:19+02:00" level=warning msg="Request Failed" error="Post \"http://k8s-ragplatf-ciliumga-56da93c17a-2adc9d09e1c34b13.elb.eu-central-1.amazonaws.com/api/v1/query\": EOF"
time="2026-09-05T16:02:19+02:00" level=warning msg="Request Failed" error="Post \"http://k8s-ragplatf-ciliumga-56da93c17a-2adc9d09e1c34b13.elb.eu-central-1.amazonaws.com/api/v1/query\": EOF"
time="2026-09-05T16:02:19+02:00" level=warning msg="Request Failed" error="Post \"http://k8s-ragplatf-ciliumga-56da93c17a-2adc9d09e1c34b13.elb.eu-central-1.amazonaws.com/api/v1/query\": EOF"
time="2026-09-05T16:02:19+02:00" level=warning msg="Request Failed" error="Post \"http://k8s-ragplatf-ciliumga-56da93c17a-2adc9d09e1c34b13.elb.eu-central-1.amazonaws.com/api/v1/query\": EOF"
time="2026-09-05T16:02:19+02:00" level=warning msg="Request Failed" error="Post \"http://k8s-ragplatf-ciliumga-56da93c17a-2adc9d09e1c34b13.elb.eu-central-1.amazonaws.com/api/v1/query\": EOF"
time="2026-09-05T16:02:19+02:00" level=warning msg="Request Failed" error="Post \"http://k8s-ragplatf-ciliumga-56da93c17a-2adc9d09e1c34b13.elb.eu-central-1.amazonaws.com/api/v1/query\": EOF"
time="2026-09-05T16:02:19+02:00" level=warning msg="Request Failed" error="Post \"http://k8s-ragplatf-ciliumga-56da93c17a-2adc9d09e1c34b13.elb.eu-central-1.amazonaws.com/api/v1/query\": EOF"
time="2026-09-05T16:02:19+02:00" level=warning msg="Request Failed" error="Post \"http://k8s-ragplatf-ciliumga-56da93c17a-2adc9d09e1c34b13.elb.eu-central-1.amazonaws.com/api/v1/query\": EOF"
time="2026-09-05T16:02:19+02:00" level=warning msg="Request Failed" error="Post \"http://k8s-ragplatf-ciliumga-56da93c17a-2adc9d09e1c34b13.elb.eu-central-1.amazonaws.com/api/v1/query\": EOF"
time="2026-09-05T16:02:19+02:00" level=warning msg="Request Failed" error="Post \"http://k8s-ragplatf-ciliumga-56da93c17a-2adc9d09e1c34b13.elb.eu-central-1.amazonaws.com/api/v1/query\": EOF"
time="2026-09-05T16:02:19+02:00" level=warning msg="Request Failed" error="Post \"http://k8s-ragplatf-ciliumga-56da93c17a-2adc9d09e1c34b13.elb.eu-central-1.amazonaws.com/api/v1/query\": EOF"
time="2026-09-05T16:02:19+02:00" level=warning msg="Request Failed" error="Post \"http://k8s-ragplatf-ciliumga-56da93c17a-2adc9d09e1c34b13.elb.eu-central-1.amazonaws.com/api/v1/query\": EOF"
time="2026-09-05T16:02:19+02:00" level=warning msg="Request Failed" error="Post \"http://k8s-ragplatf-ciliumga-56da93c17a-2adc9d09e1c34b13.elb.eu-central-1.amazonaws.com/api/v1/query\": EOF"
time="2026-09-05T16:02:19+02:00" level=warning msg="Request Failed" error="Post \"http://k8s-ragplatf-ciliumga-56da93c17a-2adc9d09e1c34b13.elb.eu-central-1.amazonaws.com/api/v1/query\": EOF"
time="2026-09-05T16:02:19+02:00" level=warning msg="Request Failed" error="Post \"http://k8s-ragplatf-ciliumga-56da93c17a-2adc9d09e1c34b13.elb.eu-central-1.amazonaws.com/api/v1/query\": EOF"
time="2026-09-05T16:02:19+02:00" level=warning msg="Request Failed" error="Post \"http://k8s-ragplatf-ciliumga-56da93c17a-2adc9d09e1c34b13.elb.eu-central-1.amazonaws.com/api/v1/query\": EOF"
time="2026-09-05T16:02:19+02:00" level=warning msg="Request Failed" error="Post \"http://k8s-ragplatf-ciliumga-56da93c17a-2adc9d09e1c34b13.elb.eu-central-1.amazonaws.com/api/v1/query\": EOF"
time="2026-09-05T16:02:19+02:00" level=warning msg="Request Failed" error="Post \"http://k8s-ragplatf-ciliumga-56da93c17a-2adc9d09e1c34b13.elb.eu-central-1.amazonaws.com/api/v1/query\": EOF"
time="2026-09-05T16:02:19+02:00" level=warning msg="Request Failed" error="Post \"http://k8s-ragplatf-ciliumga-56da93c17a-2adc9d09e1c34b13.elb.eu-central-1.amazonaws.com/api/v1/query\": EOF"
time="2026-09-05T16:02:19+02:00" level=warning msg="Request Failed" error="Post \"http://k8s-ragplatf-ciliumga-56da93c17a-2adc9d09e1c34b13.elb.eu-central-1.amazonaws.com/api/v1/query\": EOF"
time="2026-09-05T16:02:19+02:00" level=warning msg="Request Failed" error="Post \"http://k8s-ragplatf-ciliumga-56da93c17a-2adc9d09e1c34b13.elb.eu-central-1.amazonaws.com/api/v1/query\": EOF"
time="2026-09-05T16:02:19+02:00" level=warning msg="Request Failed" error="Post \"http://k8s-ragplatf-ciliumga-56da93c17a-2adc9d09e1c34b13.elb.eu-central-1.amazonaws.com/api/v1/query\": EOF"
time="2026-09-05T16:02:19+02:00" level=warning msg="Request Failed" error="Post \"http://k8s-ragplatf-ciliumga-56da93c17a-2adc9d09e1c34b13.elb.eu-central-1.amazonaws.com/api/v1/query\": EOF"
time="2026-09-05T16:02:19+02:00" level=warning msg="Request Failed" error="Post \"http://k8s-ragplatf-ciliumga-56da93c17a-2adc9d09e1c34b13.elb.eu-central-1.amazonaws.com/api/v1/query\": EOF"
time="2026-09-05T16:02:19+02:00" level=warning msg="Request Failed" error="Post \"http://k8s-ragplatf-ciliumga-56da93c17a-2adc9d09e1c34b13.elb.eu-central-1.amazonaws.com/api/v1/query\": EOF"
time="2026-09-05T16:02:19+02:00" level=warning msg="Request Failed" error="Post \"http://k8s-ragplatf-ciliumga-56da93c17a-2adc9d09e1c34b13.elb.eu-central-1.amazonaws.com/api/v1/query\": EOF"
time="2026-09-05T16:02:19+02:00" level=warning msg="Request Failed" error="Post \"http://k8s-ragplatf-ciliumga-56da93c17a-2adc9d09e1c34b13.elb.eu-central-1.amazonaws.com/api/v1/query\": EOF"
time="2026-09-05T16:02:19+02:00" level=warning msg="Request Failed" error="Post \"http://k8s-ragplatf-ciliumga-56da93c17a-2adc9d09e1c34b13.elb.eu-central-1.amazonaws.com/api/v1/query\": EOF"
time="2026-09-05T16:02:19+02:00" level=warning msg="Request Failed" error="Post \"http://k8s-ragplatf-ciliumga-56da93c17a-2adc9d09e1c34b13.elb.eu-central-1.amazonaws.com/api/v1/query\": EOF"
time="2026-09-05T16:02:19+02:00" level=warning msg="Request Failed" error="Post \"http://k8s-ragplatf-ciliumga-56da93c17a-2adc9d09e1c34b13.elb.eu-central-1.amazonaws.com/api/v1/query\": EOF"
time="2026-09-05T16:02:19+02:00" level=warning msg="Request Failed" error="Post \"http://k8s-ragplatf-ciliumga-56da93c17a-2adc9d09e1c34b13.elb.eu-central-1.amazonaws.com/api/v1/query\": EOF"
time="2026-09-05T16:02:19+02:00" level=warning msg="Request Failed" error="Post \"http://k8s-ragplatf-ciliumga-56da93c17a-2adc9d09e1c34b13.elb.eu-central-1.amazonaws.com/api/v1/query\": EOF"
time="2026-09-05T16:02:19+02:00" level=warning msg="Request Failed" error="Post \"http://k8s-ragplatf-ciliumga-56da93c17a-2adc9d09e1c34b13.elb.eu-central-1.amazonaws.com/api/v1/query\": EOF"
time="2026-09-05T16:02:19+02:00" level=warning msg="Request Failed" error="Post \"http://k8s-ragplatf-ciliumga-56da93c17a-2adc9d09e1c34b13.elb.eu-central-1.amazonaws.com/api/v1/query\": EOF"
time="2026-09-05T16:02:19+02:00" level=warning msg="Request Failed" error="Post \"http://k8s-ragplatf-ciliumga-56da93c17a-2adc9d09e1c34b13.elb.eu-central-1.amazonaws.com/api/v1/query\": EOF"
time="2026-09-05T16:02:19+02:00" level=warning msg="Request Failed" error="Post \"http://k8s-ragplatf-ciliumga-56da93c17a-2adc9d09e1c34b13.elb.eu-central-1.amazonaws.com/api/v1/query\": EOF"
time="2026-09-05T16:02:19+02:00" level=warning msg="Request Failed" error="Post \"http://k8s-ragplatf-ciliumga-56da93c17a-2adc9d09e1c34b13.elb.eu-central-1.amazonaws.com/api/v1/query\": EOF"
time="2026-09-05T16:02:19+02:00" level=warning msg="Request Failed" error="Post \"http://k8s-ragplatf-ciliumga-56da93c17a-2adc9d09e1c34b13.elb.eu-central-1.amazonaws.com/api/v1/query\": EOF"
time="2026-09-05T16:02:19+02:00" level=warning msg="Request Failed" error="Post \"http://k8s-ragplatf-ciliumga-56da93c17a-2adc9d09e1c34b13.elb.eu-central-1.amazonaws.com/api/v1/query\": EOF"
time="2026-09-05T16:02:19+02:00" level=warning msg="Request Failed" error="Post \"http://k8s-ragplatf-ciliumga-56da93c17a-2adc9d09e1c34b13.elb.eu-central-1.amazonaws.com/api/v1/query\": EOF"
time="2026-09-05T16:02:19+02:00" level=warning msg="Request Failed" error="Post \"http://k8s-ragplatf-ciliumga-56da93c17a-2adc9d09e1c34b13.elb.eu-central-1.amazonaws.com/api/v1/query\": EOF"
time="2026-09-05T16:02:19+02:00" level=warning msg="Request Failed" error="Post \"http://k8s-ragplatf-ciliumga-56da93c17a-2adc9d09e1c34b13.elb.eu-central-1.amazonaws.com/api/v1/query\": EOF"
time="2026-09-05T16:02:19+02:00" level=warning msg="Request Failed" error="Post \"http://k8s-ragplatf-ciliumga-56da93c17a-2adc9d09e1c34b13.elb.eu-central-1.amazonaws.com/api/v1/query\": EOF"
time="2026-09-05T16:02:19+02:00" level=warning msg="Request Failed" error="Post \"http://k8s-ragplatf-ciliumga-56da93c17a-2adc9d09e1c34b13.elb.eu-central-1.amazonaws.com/api/v1/query\": EOF"
time="2026-09-05T16:02:19+02:00" level=warning msg="Request Failed" error="Post \"http://k8s-ragplatf-ciliumga-56da93c17a-2adc9d09e1c34b13.elb.eu-central-1.amazonaws.com/api/v1/query\": EOF"
time="2026-09-05T16:02:19+02:00" level=warning msg="Request Failed" error="Post \"http://k8s-ragplatf-ciliumga-56da93c17a-2adc9d09e1c34b13.elb.eu-central-1.amazonaws.com/api/v1/query\": EOF"
time="2026-09-05T16:02:19+02:00" level=warning msg="Request Failed" error="Post \"http://k8s-ragplatf-ciliumga-56da93c17a-2adc9d09e1c34b13.elb.eu-central-1.amazonaws.com/api/v1/query\": EOF"
time="2026-09-05T16:02:19+02:00" level=warning msg="Request Failed" error="Post \"http://k8s-ragplatf-ciliumga-56da93c17a-2adc9d09e1c34b13.elb.eu-central-1.amazonaws.com/api/v1/query\": EOF"
time="2026-09-05T16:02:19+02:00" level=warning msg="Request Failed" error="Post \"http://k8s-ragplatf-ciliumga-56da93c17a-2adc9d09e1c34b13.elb.eu-central-1.amazonaws.com/api/v1/query\": EOF"
time="2026-09-05T16:02:19+02:00" level=warning msg="Request Failed" error="Post \"http://k8s-ragplatf-ciliumga-56da93c17a-2adc9d09e1c34b13.elb.eu-central-1.amazonaws.com/api/v1/query\": EOF"
time="2026-09-05T16:02:19+02:00" level=warning msg="Request Failed" error="Post \"http://k8s-ragplatf-ciliumga-56da93c17a-2adc9d09e1c34b13.elb.eu-central-1.amazonaws.com/api/v1/query\": EOF"
time="2026-09-05T16:02:19+02:00" level=warning msg="Request Failed" error="Post \"http://k8s-ragplatf-ciliumga-56da93c17a-2adc9d09e1c34b13.elb.eu-central-1.amazonaws.com/api/v1/query\": EOF"
time="2026-09-05T16:02:19+02:00" level=warning msg="Request Failed" error="Post \"http://k8s-ragplatf-ciliumga-56da93c17a-2adc9d09e1c34b13.elb.eu-central-1.amazonaws.com/api/v1/query\": EOF"
time="2026-09-05T16:02:19+02:00" level=warning msg="Request Failed" error="Post \"http://k8s-ragplatf-ciliumga-56da93c17a-2adc9d09e1c34b13.elb.eu-central-1.amazonaws.com/api/v1/query\": EOF"
time="2026-09-05T16:02:19+02:00" level=warning msg="Request Failed" error="Post \"http://k8s-ragplatf-ciliumga-56da93c17a-2adc9d09e1c34b13.elb.eu-central-1.amazonaws.com/api/v1/query\": EOF"
time="2026-09-05T16:02:19+02:00" level=warning msg="Request Failed" error="Post \"http://k8s-ragplatf-ciliumga-56da93c17a-2adc9d09e1c34b13.elb.eu-central-1.amazonaws.com/api/v1/query\": EOF"
time="2026-09-05T16:02:19+02:00" level=warning msg="Request Failed" error="Post \"http://k8s-ragplatf-ciliumga-56da93c17a-2adc9d09e1c34b13.elb.eu-central-1.amazonaws.com/api/v1/query\": EOF"
time="2026-09-05T16:02:19+02:00" level=warning msg="Request Failed" error="Post \"http://k8s-ragplatf-ciliumga-56da93c17a-2adc9d09e1c34b13.elb.eu-central-1.amazonaws.com/api/v1/query\": EOF"
time="2026-09-05T16:02:19+02:00" level=warning msg="Request Failed" error="Post \"http://k8s-ragplatf-ciliumga-56da93c17a-2adc9d09e1c34b13.elb.eu-central-1.amazonaws.com/api/v1/query\": EOF"
time="2026-09-05T16:02:19+02:00" level=warning msg="Request Failed" error="Post \"http://k8s-ragplatf-ciliumga-56da93c17a-2adc9d09e1c34b13.elb.eu-central-1.amazonaws.com/api/v1/query\": EOF"
time="2026-09-05T16:02:19+02:00" level=warning msg="Request Failed" error="Post \"http://k8s-ragplatf-ciliumga-56da93c17a-2adc9d09e1c34b13.elb.eu-central-1.amazonaws.com/api/v1/query\": EOF"
time="2026-09-05T16:02:19+02:00" level=warning msg="Request Failed" error="Post \"http://k8s-ragplatf-ciliumga-56da93c17a-2adc9d09e1c34b13.elb.eu-central-1.amazonaws.com/api/v1/query\": EOF"
time="2026-09-05T16:02:19+02:00" level=warning msg="Request Failed" error="Post \"http://k8s-ragplatf-ciliumga-56da93c17a-2adc9d09e1c34b13.elb.eu-central-1.amazonaws.com/api/v1/query\": EOF"
time="2026-09-05T16:02:19+02:00" level=warning msg="Request Failed" error="Post \"http://k8s-ragplatf-ciliumga-56da93c17a-2adc9d09e1c34b13.elb.eu-central-1.amazonaws.com/api/v1/query\": EOF"
time="2026-09-05T16:02:19+02:00" level=warning msg="Request Failed" error="Post \"http://k8s-ragplatf-ciliumga-56da93c17a-2adc9d09e1c34b13.elb.eu-central-1.amazonaws.com/api/v1/query\": EOF"
time="2026-09-05T16:02:19+02:00" level=warning msg="Request Failed" error="Post \"http://k8s-ragplatf-ciliumga-56da93c17a-2adc9d09e1c34b13.elb.eu-central-1.amazonaws.com/api/v1/query\": EOF"
time="2026-09-05T16:02:19+02:00" level=warning msg="Request Failed" error="Post \"http://k8s-ragplatf-ciliumga-56da93c17a-2adc9d09e1c34b13.elb.eu-central-1.amazonaws.com/api/v1/query\": EOF"
time="2026-09-05T16:02:19+02:00" level=warning msg="Request Failed" error="Post \"http://k8s-ragplatf-ciliumga-56da93c17a-2adc9d09e1c34b13.elb.eu-central-1.amazonaws.com/api/v1/query\": EOF"
time="2026-09-05T16:02:19+02:00" level=warning msg="Request Failed" error="Post \"http://k8s-ragplatf-ciliumga-56da93c17a-2adc9d09e1c34b13.elb.eu-central-1.amazonaws.com/api/v1/query\": EOF"
time="2026-09-05T16:02:19+02:00" level=warning msg="Request Failed" error="Post \"http://k8s-ragplatf-ciliumga-56da93c17a-2adc9d09e1c34b13.elb.eu-central-1.amazonaws.com/api/v1/query\": EOF"
time="2026-09-05T16:02:19+02:00" level=warning msg="Request Failed" error="Post \"http://k8s-ragplatf-ciliumga-56da93c17a-2adc9d09e1c34b13.elb.eu-central-1.amazonaws.com/api/v1/query\": EOF"
time="2026-09-05T16:02:19+02:00" level=warning msg="Request Failed" error="Post \"http://k8s-ragplatf-ciliumga-56da93c17a-2adc9d09e1c34b13.elb.eu-central-1.amazonaws.com/api/v1/query\": EOF"
time="2026-09-05T16:02:19+02:00" level=warning msg="Request Failed" error="Post \"http://k8s-ragplatf-ciliumga-56da93c17a-2adc9d09e1c34b13.elb.eu-central-1.amazonaws.com/api/v1/query\": EOF"
time="2026-09-05T16:02:19+02:00" level=warning msg="Request Failed" error="Post \"http://k8s-ragplatf-ciliumga-56da93c17a-2adc9d09e1c34b13.elb.eu-central-1.amazonaws.com/api/v1/query\": EOF"
time="2026-09-05T16:02:19+02:00" level=warning msg="Request Failed" error="Post \"http://k8s-ragplatf-ciliumga-56da93c17a-2adc9d09e1c34b13.elb.eu-central-1.amazonaws.com/api/v1/query\": EOF"
time="2026-09-05T16:02:19+02:00" level=warning msg="Request Failed" error="Post \"http://k8s-ragplatf-ciliumga-56da93c17a-2adc9d09e1c34b13.elb.eu-central-1.amazonaws.com/api/v1/query\": EOF"
time="2026-09-05T16:02:19+02:00" level=warning msg="Request Failed" error="Post \"http://k8s-ragplatf-ciliumga-56da93c17a-2adc9d09e1c34b13.elb.eu-central-1.amazonaws.com/api/v1/query\": EOF"
time="2026-09-05T16:02:19+02:00" level=warning msg="Request Failed" error="Post \"http://k8s-ragplatf-ciliumga-56da93c17a-2adc9d09e1c34b13.elb.eu-central-1.amazonaws.com/api/v1/query\": EOF"
time="2026-09-05T16:02:19+02:00" level=warning msg="Request Failed" error="Post \"http://k8s-ragplatf-ciliumga-56da93c17a-2adc9d09e1c34b13.elb.eu-central-1.amazonaws.com/api/v1/query\": EOF"
time="2026-09-05T16:02:19+02:00" level=warning msg="Request Failed" error="Post \"http://k8s-ragplatf-ciliumga-56da93c17a-2adc9d09e1c34b13.elb.eu-central-1.amazonaws.com/api/v1/query\": EOF"
time="2026-09-05T16:02:19+02:00" level=warning msg="Request Failed" error="Post \"http://k8s-ragplatf-ciliumga-56da93c17a-2adc9d09e1c34b13.elb.eu-central-1.amazonaws.com/api/v1/query\": EOF"
time="2026-09-05T16:02:19+02:00" level=warning msg="Request Failed" error="Post \"http://k8s-ragplatf-ciliumga-56da93c17a-2adc9d09e1c34b13.elb.eu-central-1.amazonaws.com/api/v1/query\": EOF"
time="2026-09-05T16:02:19+02:00" level=warning msg="Request Failed" error="Post \"http://k8s-ragplatf-ciliumga-56da93c17a-2adc9d09e1c34b13.elb.eu-central-1.amazonaws.com/api/v1/query\": EOF"
time="2026-09-05T16:02:19+02:00" level=warning msg="Request Failed" error="Post \"http://k8s-ragplatf-ciliumga-56da93c17a-2adc9d09e1c34b13.elb.eu-central-1.amazonaws.com/api/v1/query\": EOF"
time="2026-09-05T16:02:19+02:00" level=warning msg="Request Failed" error="Post \"http://k8s-ragplatf-ciliumga-56da93c17a-2adc9d09e1c34b13.elb.eu-central-1.amazonaws.com/api/v1/query\": EOF"
time="2026-09-05T16:02:19+02:00" level=warning msg="Request Failed" error="Post \"http://k8s-ragplatf-ciliumga-56da93c17a-2adc9d09e1c34b13.elb.eu-central-1.amazonaws.com/api/v1/query\": EOF"
time="2026-09-05T16:02:19+02:00" level=warning msg="Request Failed" error="Post \"http://k8s-ragplatf-ciliumga-56da93c17a-2adc9d09e1c34b13.elb.eu-central-1.amazonaws.com/api/v1/query\": EOF"
time="2026-09-05T16:02:19+02:00" level=warning msg="Request Failed" error="Post \"http://k8s-ragplatf-ciliumga-56da93c17a-2adc9d09e1c34b13.elb.eu-central-1.amazonaws.com/api/v1/query\": EOF"
time="2026-09-05T16:02:19+02:00" level=warning msg="Request Failed" error="Post \"http://k8s-ragplatf-ciliumga-56da93c17a-2adc9d09e1c34b13.elb.eu-central-1.amazonaws.com/api/v1/query\": EOF"
time="2026-09-05T16:02:19+02:00" level=warning msg="Request Failed" error="Post \"http://k8s-ragplatf-ciliumga-56da93c17a-2adc9d09e1c34b13.elb.eu-central-1.amazonaws.com/api/v1/query\": EOF"
time="2026-09-05T16:02:19+02:00" level=warning msg="Request Failed" error="Post \"http://k8s-ragplatf-ciliumga-56da93c17a-2adc9d09e1c34b13.elb.eu-central-1.amazonaws.com/api/v1/query\": EOF"
time="2026-09-05T16:02:19+02:00" level=warning msg="Request Failed" error="Post \"http://k8s-ragplatf-ciliumga-56da93c17a-2adc9d09e1c34b13.elb.eu-central-1.amazonaws.com/api/v1/query\": EOF"
time="2026-09-05T16:02:19+02:00" level=warning msg="Request Failed" error="Post \"http://k8s-ragplatf-ciliumga-56da93c17a-2adc9d09e1c34b13.elb.eu-central-1.amazonaws.com/api/v1/query\": EOF"
time="2026-09-05T16:02:19+02:00" level=warning msg="Request Failed" error="Post \"http://k8s-ragplatf-ciliumga-56da93c17a-2adc9d09e1c34b13.elb.eu-central-1.amazonaws.com/api/v1/query\": EOF"
time="2026-09-05T16:02:19+02:00" level=warning msg="Request Failed" error="Post \"http://k8s-ragplatf-ciliumga-56da93c17a-2adc9d09e1c34b13.elb.eu-central-1.amazonaws.com/api/v1/query\": EOF"
time="2026-09-05T16:02:19+02:00" level=warning msg="Request Failed" error="Post \"http://k8s-ragplatf-ciliumga-56da93c17a-2adc9d09e1c34b13.elb.eu-central-1.amazonaws.com/api/v1/query\": EOF"
time="2026-09-05T16:02:19+02:00" level=warning msg="Request Failed" error="Post \"http://k8s-ragplatf-ciliumga-56da93c17a-2adc9d09e1c34b13.elb.eu-central-1.amazonaws.com/api/v1/query\": EOF"
time="2026-09-05T16:02:19+02:00" level=warning msg="Request Failed" error="Post \"http://k8s-ragplatf-ciliumga-56da93c17a-2adc9d09e1c34b13.elb.eu-central-1.amazonaws.com/api/v1/query\": EOF"
time="2026-09-05T16:02:19+02:00" level=warning msg="Request Failed" error="Post \"http://k8s-ragplatf-ciliumga-56da93c17a-2adc9d09e1c34b13.elb.eu-central-1.amazonaws.com/api/v1/query\": EOF"
time="2026-09-05T16:02:19+02:00" level=warning msg="Request Failed" error="Post \"http://k8s-ragplatf-ciliumga-56da93c17a-2adc9d09e1c34b13.elb.eu-central-1.amazonaws.com/api/v1/query\": EOF"
time="2026-09-05T16:02:19+02:00" level=warning msg="Request Failed" error="Post \"http://k8s-ragplatf-ciliumga-56da93c17a-2adc9d09e1c34b13.elb.eu-central-1.amazonaws.com/api/v1/query\": EOF"
time="2026-09-05T16:02:19+02:00" level=warning msg="Request Failed" error="Post \"http://k8s-ragplatf-ciliumga-56da93c17a-2adc9d09e1c34b13.elb.eu-central-1.amazonaws.com/api/v1/query\": EOF"
time="2026-09-05T16:02:19+02:00" level=warning msg="Request Failed" error="Post \"http://k8s-ragplatf-ciliumga-56da93c17a-2adc9d09e1c34b13.elb.eu-central-1.amazonaws.com/api/v1/query\": EOF"
time="2026-09-05T16:02:19+02:00" level=warning msg="Request Failed" error="Post \"http://k8s-ragplatf-ciliumga-56da93c17a-2adc9d09e1c34b13.elb.eu-central-1.amazonaws.com/api/v1/query\": EOF"
time="2026-09-05T16:02:19+02:00" level=warning msg="Request Failed" error="Post \"http://k8s-ragplatf-ciliumga-56da93c17a-2adc9d09e1c34b13.elb.eu-central-1.amazonaws.com/api/v1/query\": EOF"
time="2026-09-05T16:02:19+02:00" level=warning msg="Request Failed" error="Post \"http://k8s-ragplatf-ciliumga-56da93c17a-2adc9d09e1c34b13.elb.eu-central-1.amazonaws.com/api/v1/query\": EOF"
time="2026-09-05T16:02:19+02:00" level=warning msg="Request Failed" error="Post \"http://k8s-ragplatf-ciliumga-56da93c17a-2adc9d09e1c34b13.elb.eu-central-1.amazonaws.com/api/v1/query\": EOF"
time="2026-09-05T16:02:19+02:00" level=warning msg="Request Failed" error="Post \"http://k8s-ragplatf-ciliumga-56da93c17a-2adc9d09e1c34b13.elb.eu-central-1.amazonaws.com/api/v1/query\": EOF"
time="2026-09-05T16:02:19+02:00" level=warning msg="Request Failed" error="Post \"http://k8s-ragplatf-ciliumga-56da93c17a-2adc9d09e1c34b13.elb.eu-central-1.amazonaws.com/api/v1/query\": EOF"
time="2026-09-05T16:02:19+02:00" level=warning msg="Request Failed" error="Post \"http://k8s-ragplatf-ciliumga-56da93c17a-2adc9d09e1c34b13.elb.eu-central-1.amazonaws.com/api/v1/query\": EOF"
time="2026-09-05T16:02:19+02:00" level=warning msg="Request Failed" error="Post \"http://k8s-ragplatf-ciliumga-56da93c17a-2adc9d09e1c34b13.elb.eu-central-1.amazonaws.com/api/v1/query\": EOF"
time="2026-09-05T16:02:19+02:00" level=warning msg="Request Failed" error="Post \"http://k8s-ragplatf-ciliumga-56da93c17a-2adc9d09e1c34b13.elb.eu-central-1.amazonaws.com/api/v1/query\": EOF"
time="2026-09-05T16:02:19+02:00" level=warning msg="Request Failed" error="Post \"http://k8s-ragplatf-ciliumga-56da93c17a-2adc9d09e1c34b13.elb.eu-central-1.amazonaws.com/api/v1/query\": EOF"
time="2026-09-05T16:02:19+02:00" level=warning msg="Request Failed" error="Post \"http://k8s-ragplatf-ciliumga-56da93c17a-2adc9d09e1c34b13.elb.eu-central-1.amazonaws.com/api/v1/query\": EOF"
time="2026-09-05T16:02:19+02:00" level=warning msg="Request Failed" error="Post \"http://k8s-ragplatf-ciliumga-56da93c17a-2adc9d09e1c34b13.elb.eu-central-1.amazonaws.com/api/v1/query\": EOF"
time="2026-09-05T16:02:19+02:00" level=warning msg="Request Failed" error="Post \"http://k8s-ragplatf-ciliumga-56da93c17a-2adc9d09e1c34b13.elb.eu-central-1.amazonaws.com/api/v1/query\": EOF"
time="2026-09-05T16:02:19+02:00" level=warning msg="Request Failed" error="Post \"http://k8s-ragplatf-ciliumga-56da93c17a-2adc9d09e1c34b13.elb.eu-central-1.amazonaws.com/api/v1/query\": EOF"
time="2026-09-05T16:02:19+02:00" level=warning msg="Request Failed" error="Post \"http://k8s-ragplatf-ciliumga-56da93c17a-2adc9d09e1c34b13.elb.eu-central-1.amazonaws.com/api/v1/query\": EOF"
time="2026-09-05T16:02:19+02:00" level=warning msg="Request Failed" error="Post \"http://k8s-ragplatf-ciliumga-56da93c17a-2adc9d09e1c34b13.elb.eu-central-1.amazonaws.com/api/v1/query\": EOF"
time="2026-09-05T16:02:19+02:00" level=warning msg="Request Failed" error="Post \"http://k8s-ragplatf-ciliumga-56da93c17a-2adc9d09e1c34b13.elb.eu-central-1.amazonaws.com/api/v1/query\": EOF"
time="2026-09-05T16:02:19+02:00" level=warning msg="Request Failed" error="Post \"http://k8s-ragplatf-ciliumga-56da93c17a-2adc9d09e1c34b13.elb.eu-central-1.amazonaws.com/api/v1/query\": EOF"
time="2026-09-05T16:02:19+02:00" level=warning msg="Request Failed" error="Post \"http://k8s-ragplatf-ciliumga-56da93c17a-2adc9d09e1c34b13.elb.eu-central-1.amazonaws.com/api/v1/query\": EOF"
time="2026-09-05T16:02:19+02:00" level=warning msg="Request Failed" error="Post \"http://k8s-ragplatf-ciliumga-56da93c17a-2adc9d09e1c34b13.elb.eu-central-1.amazonaws.com/api/v1/query\": EOF"
time="2026-09-05T16:02:19+02:00" level=warning msg="Request Failed" error="Post \"http://k8s-ragplatf-ciliumga-56da93c17a-2adc9d09e1c34b13.elb.eu-central-1.amazonaws.com/api/v1/query\": EOF"
time="2026-09-05T16:02:19+02:00" level=warning msg="Request Failed" error="Post \"http://k8s-ragplatf-ciliumga-56da93c17a-2adc9d09e1c34b13.elb.eu-central-1.amazonaws.com/api/v1/query\": EOF"
time="2026-09-05T16:02:19+02:00" level=warning msg="Request Failed" error="Post \"http://k8s-ragplatf-ciliumga-56da93c17a-2adc9d09e1c34b13.elb.eu-central-1.amazonaws.com/api/v1/query\": EOF"
time="2026-09-05T16:02:19+02:00" level=warning msg="Request Failed" error="Post \"http://k8s-ragplatf-ciliumga-56da93c17a-2adc9d09e1c34b13.elb.eu-central-1.amazonaws.com/api/v1/query\": EOF"
time="2026-09-05T16:02:19+02:00" level=warning msg="Request Failed" error="Post \"http://k8s-ragplatf-ciliumga-56da93c17a-2adc9d09e1c34b13.elb.eu-central-1.amazonaws.com/api/v1/query\": EOF"
time="2026-09-05T16:02:19+02:00" level=warning msg="Request Failed" error="Post \"http://k8s-ragplatf-ciliumga-56da93c17a-2adc9d09e1c34b13.elb.eu-central-1.amazonaws.com/api/v1/query\": EOF"
time="2026-09-05T16:02:19+02:00" level=warning msg="Request Failed" error="Post \"http://k8s-ragplatf-ciliumga-56da93c17a-2adc9d09e1c34b13.elb.eu-central-1.amazonaws.com/api/v1/query\": EOF"
time="2026-09-05T16:02:19+02:00" level=warning msg="Request Failed" error="Post \"http://k8s-ragplatf-ciliumga-56da93c17a-2adc9d09e1c34b13.elb.eu-central-1.amazonaws.com/api/v1/query\": EOF"
time="2026-09-05T16:02:19+02:00" level=warning msg="Request Failed" error="Post \"http://k8s-ragplatf-ciliumga-56da93c17a-2adc9d09e1c34b13.elb.eu-central-1.amazonaws.com/api/v1/query\": EOF"
time="2026-09-05T16:02:19+02:00" level=warning msg="Request Failed" error="Post \"http://k8s-ragplatf-ciliumga-56da93c17a-2adc9d09e1c34b13.elb.eu-central-1.amazonaws.com/api/v1/query\": EOF"
time="2026-09-05T16:02:19+02:00" level=warning msg="Request Failed" error="Post \"http://k8s-ragplatf-ciliumga-56da93c17a-2adc9d09e1c34b13.elb.eu-central-1.amazonaws.com/api/v1/query\": EOF"
time="2026-09-05T16:02:19+02:00" level=warning msg="Request Failed" error="Post \"http://k8s-ragplatf-ciliumga-56da93c17a-2adc9d09e1c34b13.elb.eu-central-1.amazonaws.com/api/v1/query\": EOF"
time="2026-09-05T16:02:19+02:00" level=warning msg="Request Failed" error="Post \"http://k8s-ragplatf-ciliumga-56da93c17a-2adc9d09e1c34b13.elb.eu-central-1.amazonaws.com/api/v1/query\": EOF"
time="2026-09-05T16:02:19+02:00" level=warning msg="Request Failed" error="Post \"http://k8s-ragplatf-ciliumga-56da93c17a-2adc9d09e1c34b13.elb.eu-central-1.amazonaws.com/api/v1/query\": EOF"
time="2026-09-05T16:02:19+02:00" level=warning msg="Request Failed" error="Post \"http://k8s-ragplatf-ciliumga-56da93c17a-2adc9d09e1c34b13.elb.eu-central-1.amazonaws.com/api/v1/query\": EOF"
time="2026-09-05T16:02:19+02:00" level=warning msg="Request Failed" error="Post \"http://k8s-ragplatf-ciliumga-56da93c17a-2adc9d09e1c34b13.elb.eu-central-1.amazonaws.com/api/v1/query\": EOF"

running (08m43.9s), 0903/2500 VUs, 229002 complete and 0 interrupted iterations
constant_load   [  87% ] 0903/2500 VUs  08m43.9s/10m0s  500.00 iters/s

running (08m44.9s), 0988/2500 VUs, 229417 complete and 0 interrupted iterations
constant_load   [  87% ] 0988/2500 VUs  08m44.9s/10m0s  500.00 iters/s

running (08m45.9s), 1118/2500 VUs, 229787 complete and 0 interrupted iterations
constant_load   [  88% ] 1118/2500 VUs  08m45.9s/10m0s  500.00 iters/s

running (08m46.9s), 1113/2500 VUs, 230292 complete and 0 interrupted iterations
constant_load   [  88% ] 1113/2500 VUs  08m46.9s/10m0s  500.00 iters/s

running (08m47.9s), 1165/2500 VUs, 230740 complete and 0 interrupted iterations
constant_load   [  88% ] 1165/2500 VUs  08m47.9s/10m0s  500.00 iters/s

running (08m48.9s), 1125/2500 VUs, 231279 complete and 0 interrupted iterations
constant_load   [  88% ] 1125/2500 VUs  08m48.9s/10m0s  500.00 iters/s

running (08m49.9s), 1151/2500 VUs, 231754 complete and 0 interrupted iterations
constant_load   [  88% ] 1151/2500 VUs  08m49.9s/10m0s  500.00 iters/s

running (08m50.9s), 1133/2500 VUs, 232272 complete and 0 interrupted iterations
constant_load   [  88% ] 1133/2500 VUs  08m50.9s/10m0s  500.00 iters/s
time="2026-09-05T16:02:27+02:00" level=warning msg="Request Failed" error="Post \"http://k8s-ragplatf-ciliumga-56da93c17a-2adc9d09e1c34b13.elb.eu-central-1.amazonaws.com/api/v1/query\": dial: i/o timeout"
time="2026-09-05T16:02:27+02:00" level=warning msg="Request Failed" error="Post \"http://k8s-ragplatf-ciliumga-56da93c17a-2adc9d09e1c34b13.elb.eu-central-1.amazonaws.com/api/v1/query\": dial: i/o timeout"
time="2026-09-05T16:02:27+02:00" level=warning msg="Request Failed" error="Post \"http://k8s-ragplatf-ciliumga-56da93c17a-2adc9d09e1c34b13.elb.eu-central-1.amazonaws.com/api/v1/query\": dial: i/o timeout"
time="2026-09-05T16:02:27+02:00" level=warning msg="Request Failed" error="Post \"http://k8s-ragplatf-ciliumga-56da93c17a-2adc9d09e1c34b13.elb.eu-central-1.amazonaws.com/api/v1/query\": dial: i/o timeout"

running (08m51.9s), 1131/2500 VUs, 232774 complete and 0 interrupted iterations
constant_load   [  89% ] 1131/2500 VUs  08m51.9s/10m0s  500.00 iters/s

running (08m52.9s), 0910/2500 VUs, 233495 complete and 0 interrupted iterations
constant_load   [  89% ] 0910/2500 VUs  08m52.9s/10m0s  500.00 iters/s

running (08m53.9s), 1068/2500 VUs, 233836 complete and 0 interrupted iterations
constant_load   [  89% ] 1068/2500 VUs  08m53.9s/10m0s  500.00 iters/s

running (08m54.9s), 1151/2500 VUs, 234254 complete and 0 interrupted iterations
constant_load   [  89% ] 1151/2500 VUs  08m54.9s/10m0s  500.00 iters/s

running (08m55.9s), 1181/2500 VUs, 234724 complete and 0 interrupted iterations
constant_load   [  89% ] 1181/2500 VUs  08m55.9s/10m0s  500.00 iters/s

running (08m56.9s), 1141/2500 VUs, 235264 complete and 0 interrupted iterations
constant_load   [  89% ] 1141/2500 VUs  08m56.9s/10m0s  500.00 iters/s

running (08m57.9s), 1148/2500 VUs, 235756 complete and 0 interrupted iterations
constant_load   [  90% ] 1149/2500 VUs  08m57.9s/10m0s  500.00 iters/s

running (08m58.9s), 1158/2500 VUs, 236246 complete and 0 interrupted iterations
constant_load   [  90% ] 1158/2500 VUs  08m58.9s/10m0s  500.00 iters/s

running (08m59.9s), 1118/2500 VUs, 236786 complete and 0 interrupted iterations
constant_load   [  90% ] 1118/2500 VUs  08m59.9s/10m0s  500.00 iters/s
time="2026-09-05T16:02:36+02:00" level=warning msg="Request Failed" error="Post \"http://k8s-ragplatf-ciliumga-56da93c17a-2adc9d09e1c34b13.elb.eu-central-1.amazonaws.com/api/v1/query\": EOF"
time="2026-09-05T16:02:36+02:00" level=warning msg="Request Failed" error="Post \"http://k8s-ragplatf-ciliumga-56da93c17a-2adc9d09e1c34b13.elb.eu-central-1.amazonaws.com/api/v1/query\": EOF"
time="2026-09-05T16:02:36+02:00" level=warning msg="Request Failed" error="Post \"http://k8s-ragplatf-ciliumga-56da93c17a-2adc9d09e1c34b13.elb.eu-central-1.amazonaws.com/api/v1/query\": EOF"
time="2026-09-05T16:02:36+02:00" level=warning msg="Request Failed" error="Post \"http://k8s-ragplatf-ciliumga-56da93c17a-2adc9d09e1c34b13.elb.eu-central-1.amazonaws.com/api/v1/query\": EOF"
time="2026-09-05T16:02:36+02:00" level=warning msg="Request Failed" error="Post \"http://k8s-ragplatf-ciliumga-56da93c17a-2adc9d09e1c34b13.elb.eu-central-1.amazonaws.com/api/v1/query\": EOF"
time="2026-09-05T16:02:36+02:00" level=warning msg="Request Failed" error="Post \"http://k8s-ragplatf-ciliumga-56da93c17a-2adc9d09e1c34b13.elb.eu-central-1.amazonaws.com/api/v1/query\": EOF"
time="2026-09-05T16:02:36+02:00" level=warning msg="Request Failed" error="Post \"http://k8s-ragplatf-ciliumga-56da93c17a-2adc9d09e1c34b13.elb.eu-central-1.amazonaws.com/api/v1/query\": EOF"
time="2026-09-05T16:02:36+02:00" level=warning msg="Request Failed" error="Post \"http://k8s-ragplatf-ciliumga-56da93c17a-2adc9d09e1c34b13.elb.eu-central-1.amazonaws.com/api/v1/query\": EOF"
time="2026-09-05T16:02:36+02:00" level=warning msg="Request Failed" error="Post \"http://k8s-ragplatf-ciliumga-56da93c17a-2adc9d09e1c34b13.elb.eu-central-1.amazonaws.com/api/v1/query\": EOF"
time="2026-09-05T16:02:36+02:00" level=warning msg="Request Failed" error="Post \"http://k8s-ragplatf-ciliumga-56da93c17a-2adc9d09e1c34b13.elb.eu-central-1.amazonaws.com/api/v1/query\": EOF"
time="2026-09-05T16:02:36+02:00" level=warning msg="Request Failed" error="Post \"http://k8s-ragplatf-ciliumga-56da93c17a-2adc9d09e1c34b13.elb.eu-central-1.amazonaws.com/api/v1/query\": EOF"
time="2026-09-05T16:02:36+02:00" level=warning msg="Request Failed" error="Post \"http://k8s-ragplatf-ciliumga-56da93c17a-2adc9d09e1c34b13.elb.eu-central-1.amazonaws.com/api/v1/query\": EOF"
time="2026-09-05T16:02:36+02:00" level=warning msg="Request Failed" error="Post \"http://k8s-ragplatf-ciliumga-56da93c17a-2adc9d09e1c34b13.elb.eu-central-1.amazonaws.com/api/v1/query\": EOF"
time="2026-09-05T16:02:36+02:00" level=warning msg="Request Failed" error="Post \"http://k8s-ragplatf-ciliumga-56da93c17a-2adc9d09e1c34b13.elb.eu-central-1.amazonaws.com/api/v1/query\": EOF"
time="2026-09-05T16:02:36+02:00" level=warning msg="Request Failed" error="Post \"http://k8s-ragplatf-ciliumga-56da93c17a-2adc9d09e1c34b13.elb.eu-central-1.amazonaws.com/api/v1/query\": EOF"
time="2026-09-05T16:02:36+02:00" level=warning msg="Request Failed" error="Post \"http://k8s-ragplatf-ciliumga-56da93c17a-2adc9d09e1c34b13.elb.eu-central-1.amazonaws.com/api/v1/query\": EOF"
time="2026-09-05T16:02:36+02:00" level=warning msg="Request Failed" error="Post \"http://k8s-ragplatf-ciliumga-56da93c17a-2adc9d09e1c34b13.elb.eu-central-1.amazonaws.com/api/v1/query\": EOF"
time="2026-09-05T16:02:36+02:00" level=warning msg="Request Failed" error="Post \"http://k8s-ragplatf-ciliumga-56da93c17a-2adc9d09e1c34b13.elb.eu-central-1.amazonaws.com/api/v1/query\": EOF"
time="2026-09-05T16:02:36+02:00" level=warning msg="Request Failed" error="Post \"http://k8s-ragplatf-ciliumga-56da93c17a-2adc9d09e1c34b13.elb.eu-central-1.amazonaws.com/api/v1/query\": EOF"
time="2026-09-05T16:02:36+02:00" level=warning msg="Request Failed" error="Post \"http://k8s-ragplatf-ciliumga-56da93c17a-2adc9d09e1c34b13.elb.eu-central-1.amazonaws.com/api/v1/query\": EOF"
time="2026-09-05T16:02:36+02:00" level=warning msg="Request Failed" error="Post \"http://k8s-ragplatf-ciliumga-56da93c17a-2adc9d09e1c34b13.elb.eu-central-1.amazonaws.com/api/v1/query\": EOF"
time="2026-09-05T16:02:36+02:00" level=warning msg="Request Failed" error="Post \"http://k8s-ragplatf-ciliumga-56da93c17a-2adc9d09e1c34b13.elb.eu-central-1.amazonaws.com/api/v1/query\": EOF"
time="2026-09-05T16:02:36+02:00" level=warning msg="Request Failed" error="Post \"http://k8s-ragplatf-ciliumga-56da93c17a-2adc9d09e1c34b13.elb.eu-central-1.amazonaws.com/api/v1/query\": EOF"
time="2026-09-05T16:02:36+02:00" level=warning msg="Request Failed" error="Post \"http://k8s-ragplatf-ciliumga-56da93c17a-2adc9d09e1c34b13.elb.eu-central-1.amazonaws.com/api/v1/query\": EOF"
time="2026-09-05T16:02:36+02:00" level=warning msg="Request Failed" error="Post \"http://k8s-ragplatf-ciliumga-56da93c17a-2adc9d09e1c34b13.elb.eu-central-1.amazonaws.com/api/v1/query\": EOF"
time="2026-09-05T16:02:36+02:00" level=warning msg="Request Failed" error="Post \"http://k8s-ragplatf-ciliumga-56da93c17a-2adc9d09e1c34b13.elb.eu-central-1.amazonaws.com/api/v1/query\": EOF"
time="2026-09-05T16:02:36+02:00" level=warning msg="Request Failed" error="Post \"http://k8s-ragplatf-ciliumga-56da93c17a-2adc9d09e1c34b13.elb.eu-central-1.amazonaws.com/api/v1/query\": EOF"
time="2026-09-05T16:02:36+02:00" level=warning msg="Request Failed" error="Post \"http://k8s-ragplatf-ciliumga-56da93c17a-2adc9d09e1c34b13.elb.eu-central-1.amazonaws.com/api/v1/query\": EOF"
time="2026-09-05T16:02:36+02:00" level=warning msg="Request Failed" error="Post \"http://k8s-ragplatf-ciliumga-56da93c17a-2adc9d09e1c34b13.elb.eu-central-1.amazonaws.com/api/v1/query\": EOF"
time="2026-09-05T16:02:36+02:00" level=warning msg="Request Failed" error="Post \"http://k8s-ragplatf-ciliumga-56da93c17a-2adc9d09e1c34b13.elb.eu-central-1.amazonaws.com/api/v1/query\": EOF"
time="2026-09-05T16:02:36+02:00" level=warning msg="Request Failed" error="Post \"http://k8s-ragplatf-ciliumga-56da93c17a-2adc9d09e1c34b13.elb.eu-central-1.amazonaws.com/api/v1/query\": EOF"
time="2026-09-05T16:02:36+02:00" level=warning msg="Request Failed" error="Post \"http://k8s-ragplatf-ciliumga-56da93c17a-2adc9d09e1c34b13.elb.eu-central-1.amazonaws.com/api/v1/query\": EOF"
time="2026-09-05T16:02:36+02:00" level=warning msg="Request Failed" error="Post \"http://k8s-ragplatf-ciliumga-56da93c17a-2adc9d09e1c34b13.elb.eu-central-1.amazonaws.com/api/v1/query\": EOF"
time="2026-09-05T16:02:36+02:00" level=warning msg="Request Failed" error="Post \"http://k8s-ragplatf-ciliumga-56da93c17a-2adc9d09e1c34b13.elb.eu-central-1.amazonaws.com/api/v1/query\": EOF"
time="2026-09-05T16:02:36+02:00" level=warning msg="Request Failed" error="Post \"http://k8s-ragplatf-ciliumga-56da93c17a-2adc9d09e1c34b13.elb.eu-central-1.amazonaws.com/api/v1/query\": EOF"
time="2026-09-05T16:02:36+02:00" level=warning msg="Request Failed" error="Post \"http://k8s-ragplatf-ciliumga-56da93c17a-2adc9d09e1c34b13.elb.eu-central-1.amazonaws.com/api/v1/query\": EOF"
time="2026-09-05T16:02:36+02:00" level=warning msg="Request Failed" error="Post \"http://k8s-ragplatf-ciliumga-56da93c17a-2adc9d09e1c34b13.elb.eu-central-1.amazonaws.com/api/v1/query\": EOF"
time="2026-09-05T16:02:36+02:00" level=warning msg="Request Failed" error="Post \"http://k8s-ragplatf-ciliumga-56da93c17a-2adc9d09e1c34b13.elb.eu-central-1.amazonaws.com/api/v1/query\": EOF"
time="2026-09-05T16:02:36+02:00" level=warning msg="Request Failed" error="Post \"http://k8s-ragplatf-ciliumga-56da93c17a-2adc9d09e1c34b13.elb.eu-central-1.amazonaws.com/api/v1/query\": EOF"
time="2026-09-05T16:02:36+02:00" level=warning msg="Request Failed" error="Post \"http://k8s-ragplatf-ciliumga-56da93c17a-2adc9d09e1c34b13.elb.eu-central-1.amazonaws.com/api/v1/query\": EOF"
time="2026-09-05T16:02:36+02:00" level=warning msg="Request Failed" error="Post \"http://k8s-ragplatf-ciliumga-56da93c17a-2adc9d09e1c34b13.elb.eu-central-1.amazonaws.com/api/v1/query\": EOF"
time="2026-09-05T16:02:36+02:00" level=warning msg="Request Failed" error="Post \"http://k8s-ragplatf-ciliumga-56da93c17a-2adc9d09e1c34b13.elb.eu-central-1.amazonaws.com/api/v1/query\": EOF"
time="2026-09-05T16:02:36+02:00" level=warning msg="Request Failed" error="Post \"http://k8s-ragplatf-ciliumga-56da93c17a-2adc9d09e1c34b13.elb.eu-central-1.amazonaws.com/api/v1/query\": EOF"
time="2026-09-05T16:02:36+02:00" level=warning msg="Request Failed" error="Post \"http://k8s-ragplatf-ciliumga-56da93c17a-2adc9d09e1c34b13.elb.eu-central-1.amazonaws.com/api/v1/query\": EOF"
time="2026-09-05T16:02:36+02:00" level=warning msg="Request Failed" error="Post \"http://k8s-ragplatf-ciliumga-56da93c17a-2adc9d09e1c34b13.elb.eu-central-1.amazonaws.com/api/v1/query\": EOF"
time="2026-09-05T16:02:36+02:00" level=warning msg="Request Failed" error="Post \"http://k8s-ragplatf-ciliumga-56da93c17a-2adc9d09e1c34b13.elb.eu-central-1.amazonaws.com/api/v1/query\": EOF"
time="2026-09-05T16:02:36+02:00" level=warning msg="Request Failed" error="Post \"http://k8s-ragplatf-ciliumga-56da93c17a-2adc9d09e1c34b13.elb.eu-central-1.amazonaws.com/api/v1/query\": EOF"
time="2026-09-05T16:02:36+02:00" level=warning msg="Request Failed" error="Post \"http://k8s-ragplatf-ciliumga-56da93c17a-2adc9d09e1c34b13.elb.eu-central-1.amazonaws.com/api/v1/query\": EOF"
time="2026-09-05T16:02:36+02:00" level=warning msg="Request Failed" error="Post \"http://k8s-ragplatf-ciliumga-56da93c17a-2adc9d09e1c34b13.elb.eu-central-1.amazonaws.com/api/v1/query\": EOF"
time="2026-09-05T16:02:36+02:00" level=warning msg="Request Failed" error="Post \"http://k8s-ragplatf-ciliumga-56da93c17a-2adc9d09e1c34b13.elb.eu-central-1.amazonaws.com/api/v1/query\": EOF"
time="2026-09-05T16:02:36+02:00" level=warning msg="Request Failed" error="Post \"http://k8s-ragplatf-ciliumga-56da93c17a-2adc9d09e1c34b13.elb.eu-central-1.amazonaws.com/api/v1/query\": EOF"
time="2026-09-05T16:02:36+02:00" level=warning msg="Request Failed" error="Post \"http://k8s-ragplatf-ciliumga-56da93c17a-2adc9d09e1c34b13.elb.eu-central-1.amazonaws.com/api/v1/query\": EOF"
time="2026-09-05T16:02:36+02:00" level=warning msg="Request Failed" error="Post \"http://k8s-ragplatf-ciliumga-56da93c17a-2adc9d09e1c34b13.elb.eu-central-1.amazonaws.com/api/v1/query\": EOF"
time="2026-09-05T16:02:36+02:00" level=warning msg="Request Failed" error="Post \"http://k8s-ragplatf-ciliumga-56da93c17a-2adc9d09e1c34b13.elb.eu-central-1.amazonaws.com/api/v1/query\": EOF"
time="2026-09-05T16:02:36+02:00" level=warning msg="Request Failed" error="Post \"http://k8s-ragplatf-ciliumga-56da93c17a-2adc9d09e1c34b13.elb.eu-central-1.amazonaws.com/api/v1/query\": EOF"
time="2026-09-05T16:02:36+02:00" level=warning msg="Request Failed" error="Post \"http://k8s-ragplatf-ciliumga-56da93c17a-2adc9d09e1c34b13.elb.eu-central-1.amazonaws.com/api/v1/query\": EOF"
time="2026-09-05T16:02:36+02:00" level=warning msg="Request Failed" error="Post \"http://k8s-ragplatf-ciliumga-56da93c17a-2adc9d09e1c34b13.elb.eu-central-1.amazonaws.com/api/v1/query\": EOF"
time="2026-09-05T16:02:36+02:00" level=warning msg="Request Failed" error="Post \"http://k8s-ragplatf-ciliumga-56da93c17a-2adc9d09e1c34b13.elb.eu-central-1.amazonaws.com/api/v1/query\": EOF"
time="2026-09-05T16:02:36+02:00" level=warning msg="Request Failed" error="Post \"http://k8s-ragplatf-ciliumga-56da93c17a-2adc9d09e1c34b13.elb.eu-central-1.amazonaws.com/api/v1/query\": EOF"
time="2026-09-05T16:02:36+02:00" level=warning msg="Request Failed" error="Post \"http://k8s-ragplatf-ciliumga-56da93c17a-2adc9d09e1c34b13.elb.eu-central-1.amazonaws.com/api/v1/query\": EOF"
time="2026-09-05T16:02:36+02:00" level=warning msg="Request Failed" error="Post \"http://k8s-ragplatf-ciliumga-56da93c17a-2adc9d09e1c34b13.elb.eu-central-1.amazonaws.com/api/v1/query\": EOF"
time="2026-09-05T16:02:36+02:00" level=warning msg="Request Failed" error="Post \"http://k8s-ragplatf-ciliumga-56da93c17a-2adc9d09e1c34b13.elb.eu-central-1.amazonaws.com/api/v1/query\": EOF"
time="2026-09-05T16:02:36+02:00" level=warning msg="Request Failed" error="Post \"http://k8s-ragplatf-ciliumga-56da93c17a-2adc9d09e1c34b13.elb.eu-central-1.amazonaws.com/api/v1/query\": EOF"
time="2026-09-05T16:02:36+02:00" level=warning msg="Request Failed" error="Post \"http://k8s-ragplatf-ciliumga-56da93c17a-2adc9d09e1c34b13.elb.eu-central-1.amazonaws.com/api/v1/query\": EOF"
time="2026-09-05T16:02:36+02:00" level=warning msg="Request Failed" error="Post \"http://k8s-ragplatf-ciliumga-56da93c17a-2adc9d09e1c34b13.elb.eu-central-1.amazonaws.com/api/v1/query\": EOF"
time="2026-09-05T16:02:36+02:00" level=warning msg="Request Failed" error="Post \"http://k8s-ragplatf-ciliumga-56da93c17a-2adc9d09e1c34b13.elb.eu-central-1.amazonaws.com/api/v1/query\": EOF"
time="2026-09-05T16:02:36+02:00" level=warning msg="Request Failed" error="Post \"http://k8s-ragplatf-ciliumga-56da93c17a-2adc9d09e1c34b13.elb.eu-central-1.amazonaws.com/api/v1/query\": EOF"
time="2026-09-05T16:02:36+02:00" level=warning msg="Request Failed" error="Post \"http://k8s-ragplatf-ciliumga-56da93c17a-2adc9d09e1c34b13.elb.eu-central-1.amazonaws.com/api/v1/query\": EOF"
time="2026-09-05T16:02:36+02:00" level=warning msg="Request Failed" error="Post \"http://k8s-ragplatf-ciliumga-56da93c17a-2adc9d09e1c34b13.elb.eu-central-1.amazonaws.com/api/v1/query\": EOF"
time="2026-09-05T16:02:36+02:00" level=warning msg="Request Failed" error="Post \"http://k8s-ragplatf-ciliumga-56da93c17a-2adc9d09e1c34b13.elb.eu-central-1.amazonaws.com/api/v1/query\": EOF"
time="2026-09-05T16:02:36+02:00" level=warning msg="Request Failed" error="Post \"http://k8s-ragplatf-ciliumga-56da93c17a-2adc9d09e1c34b13.elb.eu-central-1.amazonaws.com/api/v1/query\": EOF"
time="2026-09-05T16:02:36+02:00" level=warning msg="Request Failed" error="Post \"http://k8s-ragplatf-ciliumga-56da93c17a-2adc9d09e1c34b13.elb.eu-central-1.amazonaws.com/api/v1/query\": EOF"
time="2026-09-05T16:02:36+02:00" level=warning msg="Request Failed" error="Post \"http://k8s-ragplatf-ciliumga-56da93c17a-2adc9d09e1c34b13.elb.eu-central-1.amazonaws.com/api/v1/query\": EOF"
time="2026-09-05T16:02:36+02:00" level=warning msg="Request Failed" error="Post \"http://k8s-ragplatf-ciliumga-56da93c17a-2adc9d09e1c34b13.elb.eu-central-1.amazonaws.com/api/v1/query\": EOF"
time="2026-09-05T16:02:36+02:00" level=warning msg="Request Failed" error="Post \"http://k8s-ragplatf-ciliumga-56da93c17a-2adc9d09e1c34b13.elb.eu-central-1.amazonaws.com/api/v1/query\": EOF"
time="2026-09-05T16:02:36+02:00" level=warning msg="Request Failed" error="Post \"http://k8s-ragplatf-ciliumga-56da93c17a-2adc9d09e1c34b13.elb.eu-central-1.amazonaws.com/api/v1/query\": EOF"
time="2026-09-05T16:02:36+02:00" level=warning msg="Request Failed" error="Post \"http://k8s-ragplatf-ciliumga-56da93c17a-2adc9d09e1c34b13.elb.eu-central-1.amazonaws.com/api/v1/query\": EOF"
time="2026-09-05T16:02:36+02:00" level=warning msg="Request Failed" error="Post \"http://k8s-ragplatf-ciliumga-56da93c17a-2adc9d09e1c34b13.elb.eu-central-1.amazonaws.com/api/v1/query\": EOF"
time="2026-09-05T16:02:36+02:00" level=warning msg="Request Failed" error="Post \"http://k8s-ragplatf-ciliumga-56da93c17a-2adc9d09e1c34b13.elb.eu-central-1.amazonaws.com/api/v1/query\": EOF"
time="2026-09-05T16:02:36+02:00" level=warning msg="Request Failed" error="Post \"http://k8s-ragplatf-ciliumga-56da93c17a-2adc9d09e1c34b13.elb.eu-central-1.amazonaws.com/api/v1/query\": EOF"
time="2026-09-05T16:02:36+02:00" level=warning msg="Request Failed" error="Post \"http://k8s-ragplatf-ciliumga-56da93c17a-2adc9d09e1c34b13.elb.eu-central-1.amazonaws.com/api/v1/query\": EOF"
time="2026-09-05T16:02:36+02:00" level=warning msg="Request Failed" error="Post \"http://k8s-ragplatf-ciliumga-56da93c17a-2adc9d09e1c34b13.elb.eu-central-1.amazonaws.com/api/v1/query\": EOF"
time="2026-09-05T16:02:36+02:00" level=warning msg="Request Failed" error="Post \"http://k8s-ragplatf-ciliumga-56da93c17a-2adc9d09e1c34b13.elb.eu-central-1.amazonaws.com/api/v1/query\": EOF"
time="2026-09-05T16:02:36+02:00" level=warning msg="Request Failed" error="Post \"http://k8s-ragplatf-ciliumga-56da93c17a-2adc9d09e1c34b13.elb.eu-central-1.amazonaws.com/api/v1/query\": EOF"
time="2026-09-05T16:02:36+02:00" level=warning msg="Request Failed" error="Post \"http://k8s-ragplatf-ciliumga-56da93c17a-2adc9d09e1c34b13.elb.eu-central-1.amazonaws.com/api/v1/query\": EOF"
time="2026-09-05T16:02:36+02:00" level=warning msg="Request Failed" error="Post \"http://k8s-ragplatf-ciliumga-56da93c17a-2adc9d09e1c34b13.elb.eu-central-1.amazonaws.com/api/v1/query\": EOF"
time="2026-09-05T16:02:36+02:00" level=warning msg="Request Failed" error="Post \"http://k8s-ragplatf-ciliumga-56da93c17a-2adc9d09e1c34b13.elb.eu-central-1.amazonaws.com/api/v1/query\": EOF"
time="2026-09-05T16:02:36+02:00" level=warning msg="Request Failed" error="Post \"http://k8s-ragplatf-ciliumga-56da93c17a-2adc9d09e1c34b13.elb.eu-central-1.amazonaws.com/api/v1/query\": EOF"
time="2026-09-05T16:02:36+02:00" level=warning msg="Request Failed" error="Post \"http://k8s-ragplatf-ciliumga-56da93c17a-2adc9d09e1c34b13.elb.eu-central-1.amazonaws.com/api/v1/query\": EOF"
time="2026-09-05T16:02:36+02:00" level=warning msg="Request Failed" error="Post \"http://k8s-ragplatf-ciliumga-56da93c17a-2adc9d09e1c34b13.elb.eu-central-1.amazonaws.com/api/v1/query\": EOF"
time="2026-09-05T16:02:36+02:00" level=warning msg="Request Failed" error="Post \"http://k8s-ragplatf-ciliumga-56da93c17a-2adc9d09e1c34b13.elb.eu-central-1.amazonaws.com/api/v1/query\": EOF"
time="2026-09-05T16:02:36+02:00" level=warning msg="Request Failed" error="Post \"http://k8s-ragplatf-ciliumga-56da93c17a-2adc9d09e1c34b13.elb.eu-central-1.amazonaws.com/api/v1/query\": EOF"
time="2026-09-05T16:02:36+02:00" level=warning msg="Request Failed" error="Post \"http://k8s-ragplatf-ciliumga-56da93c17a-2adc9d09e1c34b13.elb.eu-central-1.amazonaws.com/api/v1/query\": read tcp 192.168.50.205:63595->18.157.216.153:80: read: connection reset by peer"
time="2026-09-05T16:02:36+02:00" level=warning msg="Request Failed" error="Post \"http://k8s-ragplatf-ciliumga-56da93c17a-2adc9d09e1c34b13.elb.eu-central-1.amazonaws.com/api/v1/query\": EOF"
time="2026-09-05T16:02:36+02:00" level=warning msg="Request Failed" error="Post \"http://k8s-ragplatf-ciliumga-56da93c17a-2adc9d09e1c34b13.elb.eu-central-1.amazonaws.com/api/v1/query\": EOF"
time="2026-09-05T16:02:36+02:00" level=warning msg="Request Failed" error="Post \"http://k8s-ragplatf-ciliumga-56da93c17a-2adc9d09e1c34b13.elb.eu-central-1.amazonaws.com/api/v1/query\": EOF"
time="2026-09-05T16:02:36+02:00" level=warning msg="Request Failed" error="Post \"http://k8s-ragplatf-ciliumga-56da93c17a-2adc9d09e1c34b13.elb.eu-central-1.amazonaws.com/api/v1/query\": EOF"
time="2026-09-05T16:02:36+02:00" level=warning msg="Request Failed" error="Post \"http://k8s-ragplatf-ciliumga-56da93c17a-2adc9d09e1c34b13.elb.eu-central-1.amazonaws.com/api/v1/query\": EOF"
time="2026-09-05T16:02:36+02:00" level=warning msg="Request Failed" error="Post \"http://k8s-ragplatf-ciliumga-56da93c17a-2adc9d09e1c34b13.elb.eu-central-1.amazonaws.com/api/v1/query\": EOF"
time="2026-09-05T16:02:36+02:00" level=warning msg="Request Failed" error="Post \"http://k8s-ragplatf-ciliumga-56da93c17a-2adc9d09e1c34b13.elb.eu-central-1.amazonaws.com/api/v1/query\": EOF"
time="2026-09-05T16:02:36+02:00" level=warning msg="Request Failed" error="Post \"http://k8s-ragplatf-ciliumga-56da93c17a-2adc9d09e1c34b13.elb.eu-central-1.amazonaws.com/api/v1/query\": EOF"
time="2026-09-05T16:02:36+02:00" level=warning msg="Request Failed" error="Post \"http://k8s-ragplatf-ciliumga-56da93c17a-2adc9d09e1c34b13.elb.eu-central-1.amazonaws.com/api/v1/query\": EOF"
time="2026-09-05T16:02:36+02:00" level=warning msg="Request Failed" error="Post \"http://k8s-ragplatf-ciliumga-56da93c17a-2adc9d09e1c34b13.elb.eu-central-1.amazonaws.com/api/v1/query\": EOF"
time="2026-09-05T16:02:36+02:00" level=warning msg="Request Failed" error="Post \"http://k8s-ragplatf-ciliumga-56da93c17a-2adc9d09e1c34b13.elb.eu-central-1.amazonaws.com/api/v1/query\": EOF"
time="2026-09-05T16:02:36+02:00" level=warning msg="Request Failed" error="Post \"http://k8s-ragplatf-ciliumga-56da93c17a-2adc9d09e1c34b13.elb.eu-central-1.amazonaws.com/api/v1/query\": EOF"
time="2026-09-05T16:02:36+02:00" level=warning msg="Request Failed" error="Post \"http://k8s-ragplatf-ciliumga-56da93c17a-2adc9d09e1c34b13.elb.eu-central-1.amazonaws.com/api/v1/query\": EOF"
time="2026-09-05T16:02:36+02:00" level=warning msg="Request Failed" error="Post \"http://k8s-ragplatf-ciliumga-56da93c17a-2adc9d09e1c34b13.elb.eu-central-1.amazonaws.com/api/v1/query\": EOF"
time="2026-09-05T16:02:36+02:00" level=warning msg="Request Failed" error="Post \"http://k8s-ragplatf-ciliumga-56da93c17a-2adc9d09e1c34b13.elb.eu-central-1.amazonaws.com/api/v1/query\": EOF"
time="2026-09-05T16:02:36+02:00" level=warning msg="Request Failed" error="Post \"http://k8s-ragplatf-ciliumga-56da93c17a-2adc9d09e1c34b13.elb.eu-central-1.amazonaws.com/api/v1/query\": EOF"
time="2026-09-05T16:02:36+02:00" level=warning msg="Request Failed" error="Post \"http://k8s-ragplatf-ciliumga-56da93c17a-2adc9d09e1c34b13.elb.eu-central-1.amazonaws.com/api/v1/query\": EOF"
time="2026-09-05T16:02:36+02:00" level=warning msg="Request Failed" error="Post \"http://k8s-ragplatf-ciliumga-56da93c17a-2adc9d09e1c34b13.elb.eu-central-1.amazonaws.com/api/v1/query\": EOF"
time="2026-09-05T16:02:36+02:00" level=warning msg="Request Failed" error="Post \"http://k8s-ragplatf-ciliumga-56da93c17a-2adc9d09e1c34b13.elb.eu-central-1.amazonaws.com/api/v1/query\": EOF"
time="2026-09-05T16:02:36+02:00" level=warning msg="Request Failed" error="Post \"http://k8s-ragplatf-ciliumga-56da93c17a-2adc9d09e1c34b13.elb.eu-central-1.amazonaws.com/api/v1/query\": EOF"
time="2026-09-05T16:02:36+02:00" level=warning msg="Request Failed" error="Post \"http://k8s-ragplatf-ciliumga-56da93c17a-2adc9d09e1c34b13.elb.eu-central-1.amazonaws.com/api/v1/query\": EOF"
time="2026-09-05T16:02:36+02:00" level=warning msg="Request Failed" error="Post \"http://k8s-ragplatf-ciliumga-56da93c17a-2adc9d09e1c34b13.elb.eu-central-1.amazonaws.com/api/v1/query\": EOF"
time="2026-09-05T16:02:36+02:00" level=warning msg="Request Failed" error="Post \"http://k8s-ragplatf-ciliumga-56da93c17a-2adc9d09e1c34b13.elb.eu-central-1.amazonaws.com/api/v1/query\": EOF"
time="2026-09-05T16:02:36+02:00" level=warning msg="Request Failed" error="Post \"http://k8s-ragplatf-ciliumga-56da93c17a-2adc9d09e1c34b13.elb.eu-central-1.amazonaws.com/api/v1/query\": EOF"
time="2026-09-05T16:02:36+02:00" level=warning msg="Request Failed" error="Post \"http://k8s-ragplatf-ciliumga-56da93c17a-2adc9d09e1c34b13.elb.eu-central-1.amazonaws.com/api/v1/query\": EOF"
time="2026-09-05T16:02:36+02:00" level=warning msg="Request Failed" error="Post \"http://k8s-ragplatf-ciliumga-56da93c17a-2adc9d09e1c34b13.elb.eu-central-1.amazonaws.com/api/v1/query\": read tcp 192.168.50.205:63766->18.157.216.153:80: read: connection reset by peer"
time="2026-09-05T16:02:36+02:00" level=warning msg="Request Failed" error="Post \"http://k8s-ragplatf-ciliumga-56da93c17a-2adc9d09e1c34b13.elb.eu-central-1.amazonaws.com/api/v1/query\": EOF"
time="2026-09-05T16:02:36+02:00" level=warning msg="Request Failed" error="Post \"http://k8s-ragplatf-ciliumga-56da93c17a-2adc9d09e1c34b13.elb.eu-central-1.amazonaws.com/api/v1/query\": EOF"
time="2026-09-05T16:02:36+02:00" level=warning msg="Request Failed" error="Post \"http://k8s-ragplatf-ciliumga-56da93c17a-2adc9d09e1c34b13.elb.eu-central-1.amazonaws.com/api/v1/query\": EOF"
time="2026-09-05T16:02:36+02:00" level=warning msg="Request Failed" error="Post \"http://k8s-ragplatf-ciliumga-56da93c17a-2adc9d09e1c34b13.elb.eu-central-1.amazonaws.com/api/v1/query\": EOF"
time="2026-09-05T16:02:36+02:00" level=warning msg="Request Failed" error="Post \"http://k8s-ragplatf-ciliumga-56da93c17a-2adc9d09e1c34b13.elb.eu-central-1.amazonaws.com/api/v1/query\": EOF"
time="2026-09-05T16:02:36+02:00" level=warning msg="Request Failed" error="Post \"http://k8s-ragplatf-ciliumga-56da93c17a-2adc9d09e1c34b13.elb.eu-central-1.amazonaws.com/api/v1/query\": EOF"
time="2026-09-05T16:02:36+02:00" level=warning msg="Request Failed" error="Post \"http://k8s-ragplatf-ciliumga-56da93c17a-2adc9d09e1c34b13.elb.eu-central-1.amazonaws.com/api/v1/query\": EOF"
time="2026-09-05T16:02:36+02:00" level=warning msg="Request Failed" error="Post \"http://k8s-ragplatf-ciliumga-56da93c17a-2adc9d09e1c34b13.elb.eu-central-1.amazonaws.com/api/v1/query\": EOF"
time="2026-09-05T16:02:36+02:00" level=warning msg="Request Failed" error="Post \"http://k8s-ragplatf-ciliumga-56da93c17a-2adc9d09e1c34b13.elb.eu-central-1.amazonaws.com/api/v1/query\": EOF"
time="2026-09-05T16:02:36+02:00" level=warning msg="Request Failed" error="Post \"http://k8s-ragplatf-ciliumga-56da93c17a-2adc9d09e1c34b13.elb.eu-central-1.amazonaws.com/api/v1/query\": EOF"
time="2026-09-05T16:02:36+02:00" level=warning msg="Request Failed" error="Post \"http://k8s-ragplatf-ciliumga-56da93c17a-2adc9d09e1c34b13.elb.eu-central-1.amazonaws.com/api/v1/query\": EOF"
time="2026-09-05T16:02:36+02:00" level=warning msg="Request Failed" error="Post \"http://k8s-ragplatf-ciliumga-56da93c17a-2adc9d09e1c34b13.elb.eu-central-1.amazonaws.com/api/v1/query\": EOF"
time="2026-09-05T16:02:36+02:00" level=warning msg="Request Failed" error="Post \"http://k8s-ragplatf-ciliumga-56da93c17a-2adc9d09e1c34b13.elb.eu-central-1.amazonaws.com/api/v1/query\": EOF"
time="2026-09-05T16:02:36+02:00" level=warning msg="Request Failed" error="Post \"http://k8s-ragplatf-ciliumga-56da93c17a-2adc9d09e1c34b13.elb.eu-central-1.amazonaws.com/api/v1/query\": EOF"
time="2026-09-05T16:02:36+02:00" level=warning msg="Request Failed" error="Post \"http://k8s-ragplatf-ciliumga-56da93c17a-2adc9d09e1c34b13.elb.eu-central-1.amazonaws.com/api/v1/query\": EOF"
time="2026-09-05T16:02:36+02:00" level=warning msg="Request Failed" error="Post \"http://k8s-ragplatf-ciliumga-56da93c17a-2adc9d09e1c34b13.elb.eu-central-1.amazonaws.com/api/v1/query\": EOF"
time="2026-09-05T16:02:36+02:00" level=warning msg="Request Failed" error="Post \"http://k8s-ragplatf-ciliumga-56da93c17a-2adc9d09e1c34b13.elb.eu-central-1.amazonaws.com/api/v1/query\": EOF"
time="2026-09-05T16:02:36+02:00" level=warning msg="Request Failed" error="Post \"http://k8s-ragplatf-ciliumga-56da93c17a-2adc9d09e1c34b13.elb.eu-central-1.amazonaws.com/api/v1/query\": EOF"
time="2026-09-05T16:02:36+02:00" level=warning msg="Request Failed" error="Post \"http://k8s-ragplatf-ciliumga-56da93c17a-2adc9d09e1c34b13.elb.eu-central-1.amazonaws.com/api/v1/query\": EOF"
time="2026-09-05T16:02:36+02:00" level=warning msg="Request Failed" error="Post \"http://k8s-ragplatf-ciliumga-56da93c17a-2adc9d09e1c34b13.elb.eu-central-1.amazonaws.com/api/v1/query\": EOF"
time="2026-09-05T16:02:36+02:00" level=warning msg="Request Failed" error="Post \"http://k8s-ragplatf-ciliumga-56da93c17a-2adc9d09e1c34b13.elb.eu-central-1.amazonaws.com/api/v1/query\": EOF"
time="2026-09-05T16:02:36+02:00" level=warning msg="Request Failed" error="Post \"http://k8s-ragplatf-ciliumga-56da93c17a-2adc9d09e1c34b13.elb.eu-central-1.amazonaws.com/api/v1/query\": EOF"
time="2026-09-05T16:02:36+02:00" level=warning msg="Request Failed" error="Post \"http://k8s-ragplatf-ciliumga-56da93c17a-2adc9d09e1c34b13.elb.eu-central-1.amazonaws.com/api/v1/query\": EOF"
time="2026-09-05T16:02:36+02:00" level=warning msg="Request Failed" error="Post \"http://k8s-ragplatf-ciliumga-56da93c17a-2adc9d09e1c34b13.elb.eu-central-1.amazonaws.com/api/v1/query\": EOF"
time="2026-09-05T16:02:36+02:00" level=warning msg="Request Failed" error="Post \"http://k8s-ragplatf-ciliumga-56da93c17a-2adc9d09e1c34b13.elb.eu-central-1.amazonaws.com/api/v1/query\": EOF"
time="2026-09-05T16:02:36+02:00" level=warning msg="Request Failed" error="Post \"http://k8s-ragplatf-ciliumga-56da93c17a-2adc9d09e1c34b13.elb.eu-central-1.amazonaws.com/api/v1/query\": EOF"
time="2026-09-05T16:02:36+02:00" level=warning msg="Request Failed" error="Post \"http://k8s-ragplatf-ciliumga-56da93c17a-2adc9d09e1c34b13.elb.eu-central-1.amazonaws.com/api/v1/query\": EOF"
time="2026-09-05T16:02:36+02:00" level=warning msg="Request Failed" error="Post \"http://k8s-ragplatf-ciliumga-56da93c17a-2adc9d09e1c34b13.elb.eu-central-1.amazonaws.com/api/v1/query\": EOF"
time="2026-09-05T16:02:36+02:00" level=warning msg="Request Failed" error="Post \"http://k8s-ragplatf-ciliumga-56da93c17a-2adc9d09e1c34b13.elb.eu-central-1.amazonaws.com/api/v1/query\": EOF"
time="2026-09-05T16:02:36+02:00" level=warning msg="Request Failed" error="Post \"http://k8s-ragplatf-ciliumga-56da93c17a-2adc9d09e1c34b13.elb.eu-central-1.amazonaws.com/api/v1/query\": EOF"
time="2026-09-05T16:02:36+02:00" level=warning msg="Request Failed" error="Post \"http://k8s-ragplatf-ciliumga-56da93c17a-2adc9d09e1c34b13.elb.eu-central-1.amazonaws.com/api/v1/query\": EOF"
time="2026-09-05T16:02:36+02:00" level=warning msg="Request Failed" error="Post \"http://k8s-ragplatf-ciliumga-56da93c17a-2adc9d09e1c34b13.elb.eu-central-1.amazonaws.com/api/v1/query\": EOF"
time="2026-09-05T16:02:36+02:00" level=warning msg="Request Failed" error="Post \"http://k8s-ragplatf-ciliumga-56da93c17a-2adc9d09e1c34b13.elb.eu-central-1.amazonaws.com/api/v1/query\": EOF"
time="2026-09-05T16:02:36+02:00" level=warning msg="Request Failed" error="Post \"http://k8s-ragplatf-ciliumga-56da93c17a-2adc9d09e1c34b13.elb.eu-central-1.amazonaws.com/api/v1/query\": EOF"
time="2026-09-05T16:02:36+02:00" level=warning msg="Request Failed" error="Post \"http://k8s-ragplatf-ciliumga-56da93c17a-2adc9d09e1c34b13.elb.eu-central-1.amazonaws.com/api/v1/query\": EOF"
time="2026-09-05T16:02:36+02:00" level=warning msg="Request Failed" error="Post \"http://k8s-ragplatf-ciliumga-56da93c17a-2adc9d09e1c34b13.elb.eu-central-1.amazonaws.com/api/v1/query\": EOF"
time="2026-09-05T16:02:36+02:00" level=warning msg="Request Failed" error="Post \"http://k8s-ragplatf-ciliumga-56da93c17a-2adc9d09e1c34b13.elb.eu-central-1.amazonaws.com/api/v1/query\": EOF"
time="2026-09-05T16:02:36+02:00" level=warning msg="Request Failed" error="Post \"http://k8s-ragplatf-ciliumga-56da93c17a-2adc9d09e1c34b13.elb.eu-central-1.amazonaws.com/api/v1/query\": EOF"
time="2026-09-05T16:02:36+02:00" level=warning msg="Request Failed" error="Post \"http://k8s-ragplatf-ciliumga-56da93c17a-2adc9d09e1c34b13.elb.eu-central-1.amazonaws.com/api/v1/query\": EOF"
time="2026-09-05T16:02:36+02:00" level=warning msg="Request Failed" error="Post \"http://k8s-ragplatf-ciliumga-56da93c17a-2adc9d09e1c34b13.elb.eu-central-1.amazonaws.com/api/v1/query\": EOF"
time="2026-09-05T16:02:36+02:00" level=warning msg="Request Failed" error="Post \"http://k8s-ragplatf-ciliumga-56da93c17a-2adc9d09e1c34b13.elb.eu-central-1.amazonaws.com/api/v1/query\": EOF"
time="2026-09-05T16:02:36+02:00" level=warning msg="Request Failed" error="Post \"http://k8s-ragplatf-ciliumga-56da93c17a-2adc9d09e1c34b13.elb.eu-central-1.amazonaws.com/api/v1/query\": EOF"
time="2026-09-05T16:02:36+02:00" level=warning msg="Request Failed" error="Post \"http://k8s-ragplatf-ciliumga-56da93c17a-2adc9d09e1c34b13.elb.eu-central-1.amazonaws.com/api/v1/query\": EOF"
time="2026-09-05T16:02:36+02:00" level=warning msg="Request Failed" error="Post \"http://k8s-ragplatf-ciliumga-56da93c17a-2adc9d09e1c34b13.elb.eu-central-1.amazonaws.com/api/v1/query\": EOF"
time="2026-09-05T16:02:36+02:00" level=warning msg="Request Failed" error="Post \"http://k8s-ragplatf-ciliumga-56da93c17a-2adc9d09e1c34b13.elb.eu-central-1.amazonaws.com/api/v1/query\": EOF"
time="2026-09-05T16:02:36+02:00" level=warning msg="Request Failed" error="Post \"http://k8s-ragplatf-ciliumga-56da93c17a-2adc9d09e1c34b13.elb.eu-central-1.amazonaws.com/api/v1/query\": EOF"
time="2026-09-05T16:02:36+02:00" level=warning msg="Request Failed" error="Post \"http://k8s-ragplatf-ciliumga-56da93c17a-2adc9d09e1c34b13.elb.eu-central-1.amazonaws.com/api/v1/query\": EOF"
time="2026-09-05T16:02:36+02:00" level=warning msg="Request Failed" error="Post \"http://k8s-ragplatf-ciliumga-56da93c17a-2adc9d09e1c34b13.elb.eu-central-1.amazonaws.com/api/v1/query\": EOF"
time="2026-09-05T16:02:36+02:00" level=warning msg="Request Failed" error="Post \"http://k8s-ragplatf-ciliumga-56da93c17a-2adc9d09e1c34b13.elb.eu-central-1.amazonaws.com/api/v1/query\": EOF"
time="2026-09-05T16:02:36+02:00" level=warning msg="Request Failed" error="Post \"http://k8s-ragplatf-ciliumga-56da93c17a-2adc9d09e1c34b13.elb.eu-central-1.amazonaws.com/api/v1/query\": EOF"
time="2026-09-05T16:02:36+02:00" level=warning msg="Request Failed" error="Post \"http://k8s-ragplatf-ciliumga-56da93c17a-2adc9d09e1c34b13.elb.eu-central-1.amazonaws.com/api/v1/query\": EOF"
time="2026-09-05T16:02:36+02:00" level=warning msg="Request Failed" error="Post \"http://k8s-ragplatf-ciliumga-56da93c17a-2adc9d09e1c34b13.elb.eu-central-1.amazonaws.com/api/v1/query\": EOF"
time="2026-09-05T16:02:36+02:00" level=warning msg="Request Failed" error="Post \"http://k8s-ragplatf-ciliumga-56da93c17a-2adc9d09e1c34b13.elb.eu-central-1.amazonaws.com/api/v1/query\": EOF"
time="2026-09-05T16:02:36+02:00" level=warning msg="Request Failed" error="Post \"http://k8s-ragplatf-ciliumga-56da93c17a-2adc9d09e1c34b13.elb.eu-central-1.amazonaws.com/api/v1/query\": EOF"
time="2026-09-05T16:02:36+02:00" level=warning msg="Request Failed" error="Post \"http://k8s-ragplatf-ciliumga-56da93c17a-2adc9d09e1c34b13.elb.eu-central-1.amazonaws.com/api/v1/query\": EOF"
time="2026-09-05T16:02:36+02:00" level=warning msg="Request Failed" error="Post \"http://k8s-ragplatf-ciliumga-56da93c17a-2adc9d09e1c34b13.elb.eu-central-1.amazonaws.com/api/v1/query\": EOF"
time="2026-09-05T16:02:36+02:00" level=warning msg="Request Failed" error="Post \"http://k8s-ragplatf-ciliumga-56da93c17a-2adc9d09e1c34b13.elb.eu-central-1.amazonaws.com/api/v1/query\": EOF"
time="2026-09-05T16:02:36+02:00" level=warning msg="Request Failed" error="Post \"http://k8s-ragplatf-ciliumga-56da93c17a-2adc9d09e1c34b13.elb.eu-central-1.amazonaws.com/api/v1/query\": EOF"
time="2026-09-05T16:02:36+02:00" level=warning msg="Request Failed" error="Post \"http://k8s-ragplatf-ciliumga-56da93c17a-2adc9d09e1c34b13.elb.eu-central-1.amazonaws.com/api/v1/query\": EOF"
time="2026-09-05T16:02:36+02:00" level=warning msg="Request Failed" error="Post \"http://k8s-ragplatf-ciliumga-56da93c17a-2adc9d09e1c34b13.elb.eu-central-1.amazonaws.com/api/v1/query\": EOF"
time="2026-09-05T16:02:36+02:00" level=warning msg="Request Failed" error="Post \"http://k8s-ragplatf-ciliumga-56da93c17a-2adc9d09e1c34b13.elb.eu-central-1.amazonaws.com/api/v1/query\": EOF"
time="2026-09-05T16:02:36+02:00" level=warning msg="Request Failed" error="Post \"http://k8s-ragplatf-ciliumga-56da93c17a-2adc9d09e1c34b13.elb.eu-central-1.amazonaws.com/api/v1/query\": EOF"
time="2026-09-05T16:02:36+02:00" level=warning msg="Request Failed" error="Post \"http://k8s-ragplatf-ciliumga-56da93c17a-2adc9d09e1c34b13.elb.eu-central-1.amazonaws.com/api/v1/query\": EOF"
time="2026-09-05T16:02:36+02:00" level=warning msg="Request Failed" error="Post \"http://k8s-ragplatf-ciliumga-56da93c17a-2adc9d09e1c34b13.elb.eu-central-1.amazonaws.com/api/v1/query\": EOF"
time="2026-09-05T16:02:36+02:00" level=warning msg="Request Failed" error="Post \"http://k8s-ragplatf-ciliumga-56da93c17a-2adc9d09e1c34b13.elb.eu-central-1.amazonaws.com/api/v1/query\": EOF"
time="2026-09-05T16:02:36+02:00" level=warning msg="Request Failed" error="Post \"http://k8s-ragplatf-ciliumga-56da93c17a-2adc9d09e1c34b13.elb.eu-central-1.amazonaws.com/api/v1/query\": EOF"
time="2026-09-05T16:02:36+02:00" level=warning msg="Request Failed" error="Post \"http://k8s-ragplatf-ciliumga-56da93c17a-2adc9d09e1c34b13.elb.eu-central-1.amazonaws.com/api/v1/query\": EOF"
time="2026-09-05T16:02:36+02:00" level=warning msg="Request Failed" error="Post \"http://k8s-ragplatf-ciliumga-56da93c17a-2adc9d09e1c34b13.elb.eu-central-1.amazonaws.com/api/v1/query\": EOF"
time="2026-09-05T16:02:36+02:00" level=warning msg="Request Failed" error="Post \"http://k8s-ragplatf-ciliumga-56da93c17a-2adc9d09e1c34b13.elb.eu-central-1.amazonaws.com/api/v1/query\": EOF"
time="2026-09-05T16:02:36+02:00" level=warning msg="Request Failed" error="Post \"http://k8s-ragplatf-ciliumga-56da93c17a-2adc9d09e1c34b13.elb.eu-central-1.amazonaws.com/api/v1/query\": EOF"
time="2026-09-05T16:02:36+02:00" level=warning msg="Request Failed" error="Post \"http://k8s-ragplatf-ciliumga-56da93c17a-2adc9d09e1c34b13.elb.eu-central-1.amazonaws.com/api/v1/query\": EOF"
time="2026-09-05T16:02:36+02:00" level=warning msg="Request Failed" error="Post \"http://k8s-ragplatf-ciliumga-56da93c17a-2adc9d09e1c34b13.elb.eu-central-1.amazonaws.com/api/v1/query\": EOF"
time="2026-09-05T16:02:36+02:00" level=warning msg="Request Failed" error="Post \"http://k8s-ragplatf-ciliumga-56da93c17a-2adc9d09e1c34b13.elb.eu-central-1.amazonaws.com/api/v1/query\": EOF"
time="2026-09-05T16:02:36+02:00" level=warning msg="Request Failed" error="Post \"http://k8s-ragplatf-ciliumga-56da93c17a-2adc9d09e1c34b13.elb.eu-central-1.amazonaws.com/api/v1/query\": EOF"
time="2026-09-05T16:02:36+02:00" level=warning msg="Request Failed" error="Post \"http://k8s-ragplatf-ciliumga-56da93c17a-2adc9d09e1c34b13.elb.eu-central-1.amazonaws.com/api/v1/query\": EOF"
time="2026-09-05T16:02:36+02:00" level=warning msg="Request Failed" error="Post \"http://k8s-ragplatf-ciliumga-56da93c17a-2adc9d09e1c34b13.elb.eu-central-1.amazonaws.com/api/v1/query\": EOF"
time="2026-09-05T16:02:36+02:00" level=warning msg="Request Failed" error="Post \"http://k8s-ragplatf-ciliumga-56da93c17a-2adc9d09e1c34b13.elb.eu-central-1.amazonaws.com/api/v1/query\": EOF"
time="2026-09-05T16:02:36+02:00" level=warning msg="Request Failed" error="Post \"http://k8s-ragplatf-ciliumga-56da93c17a-2adc9d09e1c34b13.elb.eu-central-1.amazonaws.com/api/v1/query\": EOF"
time="2026-09-05T16:02:36+02:00" level=warning msg="Request Failed" error="Post \"http://k8s-ragplatf-ciliumga-56da93c17a-2adc9d09e1c34b13.elb.eu-central-1.amazonaws.com/api/v1/query\": EOF"
time="2026-09-05T16:02:36+02:00" level=warning msg="Request Failed" error="Post \"http://k8s-ragplatf-ciliumga-56da93c17a-2adc9d09e1c34b13.elb.eu-central-1.amazonaws.com/api/v1/query\": EOF"
time="2026-09-05T16:02:36+02:00" level=warning msg="Request Failed" error="Post \"http://k8s-ragplatf-ciliumga-56da93c17a-2adc9d09e1c34b13.elb.eu-central-1.amazonaws.com/api/v1/query\": EOF"
time="2026-09-05T16:02:36+02:00" level=warning msg="Request Failed" error="Post \"http://k8s-ragplatf-ciliumga-56da93c17a-2adc9d09e1c34b13.elb.eu-central-1.amazonaws.com/api/v1/query\": EOF"
time="2026-09-05T16:02:36+02:00" level=warning msg="Request Failed" error="Post \"http://k8s-ragplatf-ciliumga-56da93c17a-2adc9d09e1c34b13.elb.eu-central-1.amazonaws.com/api/v1/query\": EOF"
time="2026-09-05T16:02:36+02:00" level=warning msg="Request Failed" error="Post \"http://k8s-ragplatf-ciliumga-56da93c17a-2adc9d09e1c34b13.elb.eu-central-1.amazonaws.com/api/v1/query\": EOF"
time="2026-09-05T16:02:36+02:00" level=warning msg="Request Failed" error="Post \"http://k8s-ragplatf-ciliumga-56da93c17a-2adc9d09e1c34b13.elb.eu-central-1.amazonaws.com/api/v1/query\": EOF"
time="2026-09-05T16:02:36+02:00" level=warning msg="Request Failed" error="Post \"http://k8s-ragplatf-ciliumga-56da93c17a-2adc9d09e1c34b13.elb.eu-central-1.amazonaws.com/api/v1/query\": EOF"
time="2026-09-05T16:02:36+02:00" level=warning msg="Request Failed" error="Post \"http://k8s-ragplatf-ciliumga-56da93c17a-2adc9d09e1c34b13.elb.eu-central-1.amazonaws.com/api/v1/query\": EOF"
time="2026-09-05T16:02:36+02:00" level=warning msg="Request Failed" error="Post \"http://k8s-ragplatf-ciliumga-56da93c17a-2adc9d09e1c34b13.elb.eu-central-1.amazonaws.com/api/v1/query\": EOF"
time="2026-09-05T16:02:36+02:00" level=warning msg="Request Failed" error="Post \"http://k8s-ragplatf-ciliumga-56da93c17a-2adc9d09e1c34b13.elb.eu-central-1.amazonaws.com/api/v1/query\": EOF"
time="2026-09-05T16:02:36+02:00" level=warning msg="Request Failed" error="Post \"http://k8s-ragplatf-ciliumga-56da93c17a-2adc9d09e1c34b13.elb.eu-central-1.amazonaws.com/api/v1/query\": EOF"
time="2026-09-05T16:02:36+02:00" level=warning msg="Request Failed" error="Post \"http://k8s-ragplatf-ciliumga-56da93c17a-2adc9d09e1c34b13.elb.eu-central-1.amazonaws.com/api/v1/query\": EOF"
time="2026-09-05T16:02:36+02:00" level=warning msg="Request Failed" error="Post \"http://k8s-ragplatf-ciliumga-56da93c17a-2adc9d09e1c34b13.elb.eu-central-1.amazonaws.com/api/v1/query\": EOF"
time="2026-09-05T16:02:36+02:00" level=warning msg="Request Failed" error="Post \"http://k8s-ragplatf-ciliumga-56da93c17a-2adc9d09e1c34b13.elb.eu-central-1.amazonaws.com/api/v1/query\": read tcp 192.168.50.205:61138->18.157.216.153:80: read: connection reset by peer"
time="2026-09-05T16:02:36+02:00" level=warning msg="Request Failed" error="Post \"http://k8s-ragplatf-ciliumga-56da93c17a-2adc9d09e1c34b13.elb.eu-central-1.amazonaws.com/api/v1/query\": EOF"
time="2026-09-05T16:02:36+02:00" level=warning msg="Request Failed" error="Post \"http://k8s-ragplatf-ciliumga-56da93c17a-2adc9d09e1c34b13.elb.eu-central-1.amazonaws.com/api/v1/query\": EOF"
time="2026-09-05T16:02:36+02:00" level=warning msg="Request Failed" error="Post \"http://k8s-ragplatf-ciliumga-56da93c17a-2adc9d09e1c34b13.elb.eu-central-1.amazonaws.com/api/v1/query\": EOF"
time="2026-09-05T16:02:36+02:00" level=warning msg="Request Failed" error="Post \"http://k8s-ragplatf-ciliumga-56da93c17a-2adc9d09e1c34b13.elb.eu-central-1.amazonaws.com/api/v1/query\": EOF"
time="2026-09-05T16:02:36+02:00" level=warning msg="Request Failed" error="Post \"http://k8s-ragplatf-ciliumga-56da93c17a-2adc9d09e1c34b13.elb.eu-central-1.amazonaws.com/api/v1/query\": EOF"
time="2026-09-05T16:02:36+02:00" level=warning msg="Request Failed" error="Post \"http://k8s-ragplatf-ciliumga-56da93c17a-2adc9d09e1c34b13.elb.eu-central-1.amazonaws.com/api/v1/query\": EOF"
time="2026-09-05T16:02:36+02:00" level=warning msg="Request Failed" error="Post \"http://k8s-ragplatf-ciliumga-56da93c17a-2adc9d09e1c34b13.elb.eu-central-1.amazonaws.com/api/v1/query\": EOF"
time="2026-09-05T16:02:36+02:00" level=warning msg="Request Failed" error="Post \"http://k8s-ragplatf-ciliumga-56da93c17a-2adc9d09e1c34b13.elb.eu-central-1.amazonaws.com/api/v1/query\": EOF"
time="2026-09-05T16:02:36+02:00" level=warning msg="Request Failed" error="Post \"http://k8s-ragplatf-ciliumga-56da93c17a-2adc9d09e1c34b13.elb.eu-central-1.amazonaws.com/api/v1/query\": EOF"

running (09m00.9s), 0983/2500 VUs, 237422 complete and 0 interrupted iterations
constant_load   [  90% ] 0983/2500 VUs  09m00.9s/10m0s  500.00 iters/s

running (09m01.9s), 1059/2500 VUs, 237846 complete and 0 interrupted iterations
constant_load   [  90% ] 1059/2500 VUs  09m01.9s/10m0s  500.00 iters/s

running (09m02.9s), 1143/2500 VUs, 238262 complete and 0 interrupted iterations
constant_load   [  90% ] 1143/2500 VUs  09m02.9s/10m0s  500.00 iters/s
time="2026-09-05T16:02:39+02:00" level=warning msg="Request Failed" error="Post \"http://k8s-ragplatf-ciliumga-56da93c17a-2adc9d09e1c34b13.elb.eu-central-1.amazonaws.com/api/v1/query\": dial: i/o timeout"

running (09m03.9s), 1161/2500 VUs, 238744 complete and 0 interrupted iterations
constant_load   [  91% ] 1161/2500 VUs  09m03.9s/10m0s  500.00 iters/s
time="2026-09-05T16:02:40+02:00" level=warning msg="Request Failed" error="Post \"http://k8s-ragplatf-ciliumga-56da93c17a-2adc9d09e1c34b13.elb.eu-central-1.amazonaws.com/api/v1/query\": dial: i/o timeout"

running (09m04.9s), 1177/2500 VUs, 239227 complete and 0 interrupted iterations
constant_load   [  91% ] 1177/2500 VUs  09m04.9s/10m0s  500.00 iters/s

running (09m05.9s), 1234/2500 VUs, 239671 complete and 0 interrupted iterations
constant_load   [  91% ] 1234/2500 VUs  09m05.9s/10m0s  500.00 iters/s

running (09m06.9s), 1178/2500 VUs, 240227 complete and 0 interrupted iterations
constant_load   [  91% ] 1178/2500 VUs  09m06.9s/10m0s  500.00 iters/s

running (09m07.9s), 1227/2500 VUs, 240678 complete and 0 interrupted iterations
constant_load   [  91% ] 1227/2500 VUs  09m07.9s/10m0s  500.00 iters/s
time="2026-09-05T16:02:44+02:00" level=warning msg="Request Failed" error="Post \"http://k8s-ragplatf-ciliumga-56da93c17a-2adc9d09e1c34b13.elb.eu-central-1.amazonaws.com/api/v1/query\": dial: i/o timeout"
time="2026-09-05T16:02:44+02:00" level=warning msg="Request Failed" error="Post \"http://k8s-ragplatf-ciliumga-56da93c17a-2adc9d09e1c34b13.elb.eu-central-1.amazonaws.com/api/v1/query\": dial: i/o timeout"
time="2026-09-05T16:02:44+02:00" level=warning msg="Request Failed" error="Post \"http://k8s-ragplatf-ciliumga-56da93c17a-2adc9d09e1c34b13.elb.eu-central-1.amazonaws.com/api/v1/query\": dial: i/o timeout"
time="2026-09-05T16:02:44+02:00" level=warning msg="Request Failed" error="Post \"http://k8s-ragplatf-ciliumga-56da93c17a-2adc9d09e1c34b13.elb.eu-central-1.amazonaws.com/api/v1/query\": dial: i/o timeout"
time="2026-09-05T16:02:44+02:00" level=warning msg="Request Failed" error="Post \"http://k8s-ragplatf-ciliumga-56da93c17a-2adc9d09e1c34b13.elb.eu-central-1.amazonaws.com/api/v1/query\": dial: i/o timeout"

running (09m08.9s), 1171/2500 VUs, 241234 complete and 0 interrupted iterations
constant_load   [  91% ] 1171/2500 VUs  09m08.9s/10m0s  500.00 iters/s

running (09m09.9s), 1207/2500 VUs, 241698 complete and 0 interrupted iterations
constant_load   [  92% ] 1207/2500 VUs  09m09.9s/10m0s  500.00 iters/s
time="2026-09-05T16:02:46+02:00" level=warning msg="Request Failed" error="Post \"http://k8s-ragplatf-ciliumga-56da93c17a-2adc9d09e1c34b13.elb.eu-central-1.amazonaws.com/api/v1/query\": dial: i/o timeout"
time="2026-09-05T16:02:46+02:00" level=warning msg="Request Failed" error="Post \"http://k8s-ragplatf-ciliumga-56da93c17a-2adc9d09e1c34b13.elb.eu-central-1.amazonaws.com/api/v1/query\": dial: i/o timeout"
time="2026-09-05T16:02:46+02:00" level=warning msg="Request Failed" error="Post \"http://k8s-ragplatf-ciliumga-56da93c17a-2adc9d09e1c34b13.elb.eu-central-1.amazonaws.com/api/v1/query\": dial: i/o timeout"

running (09m10.9s), 1170/2500 VUs, 242235 complete and 0 interrupted iterations
constant_load   [  92% ] 1170/2500 VUs  09m10.9s/10m0s  500.00 iters/s
time="2026-09-05T16:02:47+02:00" level=warning msg="Request Failed" error="Post \"http://k8s-ragplatf-ciliumga-56da93c17a-2adc9d09e1c34b13.elb.eu-central-1.amazonaws.com/api/v1/query\": dial: i/o timeout"
time="2026-09-05T16:02:47+02:00" level=warning msg="Request Failed" error="Post \"http://k8s-ragplatf-ciliumga-56da93c17a-2adc9d09e1c34b13.elb.eu-central-1.amazonaws.com/api/v1/query\": dial: i/o timeout"
time="2026-09-05T16:02:47+02:00" level=warning msg="Request Failed" error="Post \"http://k8s-ragplatf-ciliumga-56da93c17a-2adc9d09e1c34b13.elb.eu-central-1.amazonaws.com/api/v1/query\": dial: i/o timeout"
time="2026-09-05T16:02:47+02:00" level=warning msg="Request Failed" error="Post \"http://k8s-ragplatf-ciliumga-56da93c17a-2adc9d09e1c34b13.elb.eu-central-1.amazonaws.com/api/v1/query\": dial: i/o timeout"
time="2026-09-05T16:02:47+02:00" level=warning msg="Request Failed" error="Post \"http://k8s-ragplatf-ciliumga-56da93c17a-2adc9d09e1c34b13.elb.eu-central-1.amazonaws.com/api/v1/query\": dial: i/o timeout"
time="2026-09-05T16:02:47+02:00" level=warning msg="Request Failed" error="Post \"http://k8s-ragplatf-ciliumga-56da93c17a-2adc9d09e1c34b13.elb.eu-central-1.amazonaws.com/api/v1/query\": dial: i/o timeout"
time="2026-09-05T16:02:47+02:00" level=warning msg="Request Failed" error="Post \"http://k8s-ragplatf-ciliumga-56da93c17a-2adc9d09e1c34b13.elb.eu-central-1.amazonaws.com/api/v1/query\": dial: i/o timeout"
time="2026-09-05T16:02:47+02:00" level=warning msg="Request Failed" error="Post \"http://k8s-ragplatf-ciliumga-56da93c17a-2adc9d09e1c34b13.elb.eu-central-1.amazonaws.com/api/v1/query\": dial: i/o timeout"
time="2026-09-05T16:02:47+02:00" level=warning msg="Request Failed" error="Post \"http://k8s-ragplatf-ciliumga-56da93c17a-2adc9d09e1c34b13.elb.eu-central-1.amazonaws.com/api/v1/query\": dial: i/o timeout"
time="2026-09-05T16:02:47+02:00" level=warning msg="Request Failed" error="Post \"http://k8s-ragplatf-ciliumga-56da93c17a-2adc9d09e1c34b13.elb.eu-central-1.amazonaws.com/api/v1/query\": dial: i/o timeout"
time="2026-09-05T16:02:48+02:00" level=warning msg="Request Failed" error="Post \"http://k8s-ragplatf-ciliumga-56da93c17a-2adc9d09e1c34b13.elb.eu-central-1.amazonaws.com/api/v1/query\": dial: i/o timeout"
time="2026-09-05T16:02:48+02:00" level=warning msg="Request Failed" error="Post \"http://k8s-ragplatf-ciliumga-56da93c17a-2adc9d09e1c34b13.elb.eu-central-1.amazonaws.com/api/v1/query\": dial: i/o timeout"

running (09m11.9s), 1155/2500 VUs, 242750 complete and 0 interrupted iterations
constant_load   [  92% ] 1155/2500 VUs  09m11.9s/10m0s  500.00 iters/s
time="2026-09-05T16:02:48+02:00" level=warning msg="Request Failed" error="Post \"http://k8s-ragplatf-ciliumga-56da93c17a-2adc9d09e1c34b13.elb.eu-central-1.amazonaws.com/api/v1/query\": dial: i/o timeout"
time="2026-09-05T16:02:48+02:00" level=warning msg="Request Failed" error="Post \"http://k8s-ragplatf-ciliumga-56da93c17a-2adc9d09e1c34b13.elb.eu-central-1.amazonaws.com/api/v1/query\": dial: i/o timeout"
time="2026-09-05T16:02:48+02:00" level=warning msg="Request Failed" error="Post \"http://k8s-ragplatf-ciliumga-56da93c17a-2adc9d09e1c34b13.elb.eu-central-1.amazonaws.com/api/v1/query\": dial: i/o timeout"
time="2026-09-05T16:02:48+02:00" level=warning msg="Request Failed" error="Post \"http://k8s-ragplatf-ciliumga-56da93c17a-2adc9d09e1c34b13.elb.eu-central-1.amazonaws.com/api/v1/query\": dial: i/o timeout"
time="2026-09-05T16:02:48+02:00" level=warning msg="Request Failed" error="Post \"http://k8s-ragplatf-ciliumga-56da93c17a-2adc9d09e1c34b13.elb.eu-central-1.amazonaws.com/api/v1/query\": dial: i/o timeout"
time="2026-09-05T16:02:48+02:00" level=warning msg="Request Failed" error="Post \"http://k8s-ragplatf-ciliumga-56da93c17a-2adc9d09e1c34b13.elb.eu-central-1.amazonaws.com/api/v1/query\": dial: i/o timeout"
time="2026-09-05T16:02:48+02:00" level=warning msg="Request Failed" error="Post \"http://k8s-ragplatf-ciliumga-56da93c17a-2adc9d09e1c34b13.elb.eu-central-1.amazonaws.com/api/v1/query\": dial: i/o timeout"
time="2026-09-05T16:02:49+02:00" level=warning msg="Request Failed" error="Post \"http://k8s-ragplatf-ciliumga-56da93c17a-2adc9d09e1c34b13.elb.eu-central-1.amazonaws.com/api/v1/query\": dial: i/o timeout"
time="2026-09-05T16:02:49+02:00" level=warning msg="Request Failed" error="Post \"http://k8s-ragplatf-ciliumga-56da93c17a-2adc9d09e1c34b13.elb.eu-central-1.amazonaws.com/api/v1/query\": dial: i/o timeout"
time="2026-09-05T16:02:49+02:00" level=warning msg="Request Failed" error="Post \"http://k8s-ragplatf-ciliumga-56da93c17a-2adc9d09e1c34b13.elb.eu-central-1.amazonaws.com/api/v1/query\": dial: i/o timeout"
time="2026-09-05T16:02:49+02:00" level=warning msg="Request Failed" error="Post \"http://k8s-ragplatf-ciliumga-56da93c17a-2adc9d09e1c34b13.elb.eu-central-1.amazonaws.com/api/v1/query\": dial: i/o timeout"
time="2026-09-05T16:02:49+02:00" level=warning msg="Request Failed" error="Post \"http://k8s-ragplatf-ciliumga-56da93c17a-2adc9d09e1c34b13.elb.eu-central-1.amazonaws.com/api/v1/query\": dial: i/o timeout"

running (09m12.9s), 1146/2500 VUs, 243259 complete and 0 interrupted iterations
constant_load   [  92% ] 1146/2500 VUs  09m12.9s/10m0s  500.00 iters/s
time="2026-09-05T16:02:49+02:00" level=warning msg="Request Failed" error="Post \"http://k8s-ragplatf-ciliumga-56da93c17a-2adc9d09e1c34b13.elb.eu-central-1.amazonaws.com/api/v1/query\": dial: i/o timeout"
time="2026-09-05T16:02:49+02:00" level=warning msg="Request Failed" error="Post \"http://k8s-ragplatf-ciliumga-56da93c17a-2adc9d09e1c34b13.elb.eu-central-1.amazonaws.com/api/v1/query\": dial: i/o timeout"
time="2026-09-05T16:02:49+02:00" level=warning msg="Request Failed" error="Post \"http://k8s-ragplatf-ciliumga-56da93c17a-2adc9d09e1c34b13.elb.eu-central-1.amazonaws.com/api/v1/query\": dial: i/o timeout"

running (09m13.9s), 1138/2500 VUs, 243767 complete and 0 interrupted iterations
constant_load   [  92% ] 1138/2500 VUs  09m13.9s/10m0s  500.00 iters/s
time="2026-09-05T16:02:50+02:00" level=warning msg="Request Failed" error="Post \"http://k8s-ragplatf-ciliumga-56da93c17a-2adc9d09e1c34b13.elb.eu-central-1.amazonaws.com/api/v1/query\": dial: i/o timeout"

running (09m14.9s), 1136/2500 VUs, 244268 complete and 0 interrupted iterations
constant_load   [  92% ] 1137/2500 VUs  09m14.9s/10m0s  500.00 iters/s

running (09m15.9s), 1155/2500 VUs, 244750 complete and 0 interrupted iterations
constant_load   [  93% ] 1155/2500 VUs  09m15.9s/10m0s  500.00 iters/s

running (09m16.9s), 1143/2500 VUs, 245261 complete and 0 interrupted iterations
constant_load   [  93% ] 1143/2500 VUs  09m16.9s/10m0s  500.00 iters/s
time="2026-09-05T16:02:53+02:00" level=warning msg="Request Failed" error="Post \"http://k8s-ragplatf-ciliumga-56da93c17a-2adc9d09e1c34b13.elb.eu-central-1.amazonaws.com/api/v1/query\": request timeout"
time="2026-09-05T16:02:53+02:00" level=warning msg="Request Failed" error="Post \"http://k8s-ragplatf-ciliumga-56da93c17a-2adc9d09e1c34b13.elb.eu-central-1.amazonaws.com/api/v1/query\": request timeout"
time="2026-09-05T16:02:54+02:00" level=warning msg="Request Failed" error="Post \"http://k8s-ragplatf-ciliumga-56da93c17a-2adc9d09e1c34b13.elb.eu-central-1.amazonaws.com/api/v1/query\": request timeout"
time="2026-09-05T16:02:54+02:00" level=warning msg="Request Failed" error="Post \"http://k8s-ragplatf-ciliumga-56da93c17a-2adc9d09e1c34b13.elb.eu-central-1.amazonaws.com/api/v1/query\": request timeout"
time="2026-09-05T16:02:54+02:00" level=warning msg="Request Failed" error="Post \"http://k8s-ragplatf-ciliumga-56da93c17a-2adc9d09e1c34b13.elb.eu-central-1.amazonaws.com/api/v1/query\": request timeout"
time="2026-09-05T16:02:54+02:00" level=warning msg="Request Failed" error="Post \"http://k8s-ragplatf-ciliumga-56da93c17a-2adc9d09e1c34b13.elb.eu-central-1.amazonaws.com/api/v1/query\": request timeout"
time="2026-09-05T16:02:54+02:00" level=warning msg="Request Failed" error="Post \"http://k8s-ragplatf-ciliumga-56da93c17a-2adc9d09e1c34b13.elb.eu-central-1.amazonaws.com/api/v1/query\": request timeout"
time="2026-09-05T16:02:54+02:00" level=warning msg="Request Failed" error="Post \"http://k8s-ragplatf-ciliumga-56da93c17a-2adc9d09e1c34b13.elb.eu-central-1.amazonaws.com/api/v1/query\": request timeout"

running (09m17.9s), 1167/2500 VUs, 245738 complete and 0 interrupted iterations
constant_load   [  93% ] 1167/2500 VUs  09m17.9s/10m0s  500.00 iters/s
time="2026-09-05T16:02:54+02:00" level=warning msg="Request Failed" error="Post \"http://k8s-ragplatf-ciliumga-56da93c17a-2adc9d09e1c34b13.elb.eu-central-1.amazonaws.com/api/v1/query\": request timeout"
time="2026-09-05T16:02:54+02:00" level=warning msg="Request Failed" error="Post \"http://k8s-ragplatf-ciliumga-56da93c17a-2adc9d09e1c34b13.elb.eu-central-1.amazonaws.com/api/v1/query\": request timeout"
time="2026-09-05T16:02:54+02:00" level=warning msg="Request Failed" error="Post \"http://k8s-ragplatf-ciliumga-56da93c17a-2adc9d09e1c34b13.elb.eu-central-1.amazonaws.com/api/v1/query\": request timeout"
time="2026-09-05T16:02:54+02:00" level=warning msg="Request Failed" error="Post \"http://k8s-ragplatf-ciliumga-56da93c17a-2adc9d09e1c34b13.elb.eu-central-1.amazonaws.com/api/v1/query\": request timeout"
time="2026-09-05T16:02:54+02:00" level=warning msg="Request Failed" error="Post \"http://k8s-ragplatf-ciliumga-56da93c17a-2adc9d09e1c34b13.elb.eu-central-1.amazonaws.com/api/v1/query\": request timeout"
time="2026-09-05T16:02:54+02:00" level=warning msg="Request Failed" error="Post \"http://k8s-ragplatf-ciliumga-56da93c17a-2adc9d09e1c34b13.elb.eu-central-1.amazonaws.com/api/v1/query\": request timeout"
time="2026-09-05T16:02:54+02:00" level=warning msg="Request Failed" error="Post \"http://k8s-ragplatf-ciliumga-56da93c17a-2adc9d09e1c34b13.elb.eu-central-1.amazonaws.com/api/v1/query\": request timeout"
time="2026-09-05T16:02:54+02:00" level=warning msg="Request Failed" error="Post \"http://k8s-ragplatf-ciliumga-56da93c17a-2adc9d09e1c34b13.elb.eu-central-1.amazonaws.com/api/v1/query\": request timeout"
time="2026-09-05T16:02:54+02:00" level=warning msg="Request Failed" error="Post \"http://k8s-ragplatf-ciliumga-56da93c17a-2adc9d09e1c34b13.elb.eu-central-1.amazonaws.com/api/v1/query\": request timeout"
time="2026-09-05T16:02:54+02:00" level=warning msg="Request Failed" error="Post \"http://k8s-ragplatf-ciliumga-56da93c17a-2adc9d09e1c34b13.elb.eu-central-1.amazonaws.com/api/v1/query\": request timeout"
time="2026-09-05T16:02:54+02:00" level=warning msg="Request Failed" error="Post \"http://k8s-ragplatf-ciliumga-56da93c17a-2adc9d09e1c34b13.elb.eu-central-1.amazonaws.com/api/v1/query\": request timeout"
time="2026-09-05T16:02:54+02:00" level=warning msg="Request Failed" error="Post \"http://k8s-ragplatf-ciliumga-56da93c17a-2adc9d09e1c34b13.elb.eu-central-1.amazonaws.com/api/v1/query\": request timeout"
time="2026-09-05T16:02:54+02:00" level=warning msg="Request Failed" error="Post \"http://k8s-ragplatf-ciliumga-56da93c17a-2adc9d09e1c34b13.elb.eu-central-1.amazonaws.com/api/v1/query\": request timeout"
time="2026-09-05T16:02:54+02:00" level=warning msg="Request Failed" error="Post \"http://k8s-ragplatf-ciliumga-56da93c17a-2adc9d09e1c34b13.elb.eu-central-1.amazonaws.com/api/v1/query\": request timeout"
time="2026-09-05T16:02:54+02:00" level=warning msg="Request Failed" error="Post \"http://k8s-ragplatf-ciliumga-56da93c17a-2adc9d09e1c34b13.elb.eu-central-1.amazonaws.com/api/v1/query\": request timeout"
time="2026-09-05T16:02:54+02:00" level=warning msg="Request Failed" error="Post \"http://k8s-ragplatf-ciliumga-56da93c17a-2adc9d09e1c34b13.elb.eu-central-1.amazonaws.com/api/v1/query\": request timeout"
time="2026-09-05T16:02:54+02:00" level=warning msg="Request Failed" error="Post \"http://k8s-ragplatf-ciliumga-56da93c17a-2adc9d09e1c34b13.elb.eu-central-1.amazonaws.com/api/v1/query\": request timeout"
time="2026-09-05T16:02:54+02:00" level=warning msg="Request Failed" error="Post \"http://k8s-ragplatf-ciliumga-56da93c17a-2adc9d09e1c34b13.elb.eu-central-1.amazonaws.com/api/v1/query\": request timeout"
time="2026-09-05T16:02:54+02:00" level=warning msg="Request Failed" error="Post \"http://k8s-ragplatf-ciliumga-56da93c17a-2adc9d09e1c34b13.elb.eu-central-1.amazonaws.com/api/v1/query\": request timeout"
time="2026-09-05T16:02:54+02:00" level=warning msg="Request Failed" error="Post \"http://k8s-ragplatf-ciliumga-56da93c17a-2adc9d09e1c34b13.elb.eu-central-1.amazonaws.com/api/v1/query\": request timeout"
time="2026-09-05T16:02:54+02:00" level=warning msg="Request Failed" error="Post \"http://k8s-ragplatf-ciliumga-56da93c17a-2adc9d09e1c34b13.elb.eu-central-1.amazonaws.com/api/v1/query\": request timeout"
time="2026-09-05T16:02:54+02:00" level=warning msg="Request Failed" error="Post \"http://k8s-ragplatf-ciliumga-56da93c17a-2adc9d09e1c34b13.elb.eu-central-1.amazonaws.com/api/v1/query\": request timeout"
time="2026-09-05T16:02:54+02:00" level=warning msg="Request Failed" error="Post \"http://k8s-ragplatf-ciliumga-56da93c17a-2adc9d09e1c34b13.elb.eu-central-1.amazonaws.com/api/v1/query\": request timeout"
time="2026-09-05T16:02:54+02:00" level=warning msg="Request Failed" error="Post \"http://k8s-ragplatf-ciliumga-56da93c17a-2adc9d09e1c34b13.elb.eu-central-1.amazonaws.com/api/v1/query\": request timeout"
time="2026-09-05T16:02:54+02:00" level=warning msg="Request Failed" error="Post \"http://k8s-ragplatf-ciliumga-56da93c17a-2adc9d09e1c34b13.elb.eu-central-1.amazonaws.com/api/v1/query\": request timeout"
time="2026-09-05T16:02:54+02:00" level=warning msg="Request Failed" error="Post \"http://k8s-ragplatf-ciliumga-56da93c17a-2adc9d09e1c34b13.elb.eu-central-1.amazonaws.com/api/v1/query\": request timeout"
time="2026-09-05T16:02:54+02:00" level=warning msg="Request Failed" error="Post \"http://k8s-ragplatf-ciliumga-56da93c17a-2adc9d09e1c34b13.elb.eu-central-1.amazonaws.com/api/v1/query\": request timeout"
time="2026-09-05T16:02:54+02:00" level=warning msg="Request Failed" error="Post \"http://k8s-ragplatf-ciliumga-56da93c17a-2adc9d09e1c34b13.elb.eu-central-1.amazonaws.com/api/v1/query\": request timeout"
time="2026-09-05T16:02:55+02:00" level=warning msg="Request Failed" error="Post \"http://k8s-ragplatf-ciliumga-56da93c17a-2adc9d09e1c34b13.elb.eu-central-1.amazonaws.com/api/v1/query\": request timeout"
time="2026-09-05T16:02:55+02:00" level=warning msg="Request Failed" error="Post \"http://k8s-ragplatf-ciliumga-56da93c17a-2adc9d09e1c34b13.elb.eu-central-1.amazonaws.com/api/v1/query\": request timeout"
time="2026-09-05T16:02:55+02:00" level=warning msg="Request Failed" error="Post \"http://k8s-ragplatf-ciliumga-56da93c17a-2adc9d09e1c34b13.elb.eu-central-1.amazonaws.com/api/v1/query\": request timeout"
time="2026-09-05T16:02:55+02:00" level=warning msg="Request Failed" error="Post \"http://k8s-ragplatf-ciliumga-56da93c17a-2adc9d09e1c34b13.elb.eu-central-1.amazonaws.com/api/v1/query\": request timeout"
time="2026-09-05T16:02:55+02:00" level=warning msg="Request Failed" error="Post \"http://k8s-ragplatf-ciliumga-56da93c17a-2adc9d09e1c34b13.elb.eu-central-1.amazonaws.com/api/v1/query\": request timeout"
time="2026-09-05T16:02:55+02:00" level=warning msg="Request Failed" error="Post \"http://k8s-ragplatf-ciliumga-56da93c17a-2adc9d09e1c34b13.elb.eu-central-1.amazonaws.com/api/v1/query\": request timeout"
time="2026-09-05T16:02:55+02:00" level=warning msg="Request Failed" error="Post \"http://k8s-ragplatf-ciliumga-56da93c17a-2adc9d09e1c34b13.elb.eu-central-1.amazonaws.com/api/v1/query\": request timeout"
time="2026-09-05T16:02:55+02:00" level=warning msg="Request Failed" error="Post \"http://k8s-ragplatf-ciliumga-56da93c17a-2adc9d09e1c34b13.elb.eu-central-1.amazonaws.com/api/v1/query\": request timeout"
time="2026-09-05T16:02:55+02:00" level=warning msg="Request Failed" error="Post \"http://k8s-ragplatf-ciliumga-56da93c17a-2adc9d09e1c34b13.elb.eu-central-1.amazonaws.com/api/v1/query\": request timeout"
time="2026-09-05T16:02:55+02:00" level=warning msg="Request Failed" error="Post \"http://k8s-ragplatf-ciliumga-56da93c17a-2adc9d09e1c34b13.elb.eu-central-1.amazonaws.com/api/v1/query\": request timeout"
time="2026-09-05T16:02:55+02:00" level=warning msg="Request Failed" error="Post \"http://k8s-ragplatf-ciliumga-56da93c17a-2adc9d09e1c34b13.elb.eu-central-1.amazonaws.com/api/v1/query\": request timeout"

running (09m18.9s), 1103/2500 VUs, 246302 complete and 0 interrupted iterations
constant_load   [  93% ] 1103/2500 VUs  09m18.9s/10m0s  500.00 iters/s
time="2026-09-05T16:02:55+02:00" level=warning msg="Request Failed" error="Post \"http://k8s-ragplatf-ciliumga-56da93c17a-2adc9d09e1c34b13.elb.eu-central-1.amazonaws.com/api/v1/query\": request timeout"
time="2026-09-05T16:02:55+02:00" level=warning msg="Request Failed" error="Post \"http://k8s-ragplatf-ciliumga-56da93c17a-2adc9d09e1c34b13.elb.eu-central-1.amazonaws.com/api/v1/query\": request timeout"
time="2026-09-05T16:02:55+02:00" level=warning msg="Request Failed" error="Post \"http://k8s-ragplatf-ciliumga-56da93c17a-2adc9d09e1c34b13.elb.eu-central-1.amazonaws.com/api/v1/query\": request timeout"
time="2026-09-05T16:02:55+02:00" level=warning msg="Request Failed" error="Post \"http://k8s-ragplatf-ciliumga-56da93c17a-2adc9d09e1c34b13.elb.eu-central-1.amazonaws.com/api/v1/query\": request timeout"
time="2026-09-05T16:02:55+02:00" level=warning msg="Request Failed" error="Post \"http://k8s-ragplatf-ciliumga-56da93c17a-2adc9d09e1c34b13.elb.eu-central-1.amazonaws.com/api/v1/query\": request timeout"
time="2026-09-05T16:02:55+02:00" level=warning msg="Request Failed" error="Post \"http://k8s-ragplatf-ciliumga-56da93c17a-2adc9d09e1c34b13.elb.eu-central-1.amazonaws.com/api/v1/query\": request timeout"
time="2026-09-05T16:02:55+02:00" level=warning msg="Request Failed" error="Post \"http://k8s-ragplatf-ciliumga-56da93c17a-2adc9d09e1c34b13.elb.eu-central-1.amazonaws.com/api/v1/query\": request timeout"
time="2026-09-05T16:02:55+02:00" level=warning msg="Request Failed" error="Post \"http://k8s-ragplatf-ciliumga-56da93c17a-2adc9d09e1c34b13.elb.eu-central-1.amazonaws.com/api/v1/query\": request timeout"
time="2026-09-05T16:02:55+02:00" level=warning msg="Request Failed" error="Post \"http://k8s-ragplatf-ciliumga-56da93c17a-2adc9d09e1c34b13.elb.eu-central-1.amazonaws.com/api/v1/query\": request timeout"
time="2026-09-05T16:02:55+02:00" level=warning msg="Request Failed" error="Post \"http://k8s-ragplatf-ciliumga-56da93c17a-2adc9d09e1c34b13.elb.eu-central-1.amazonaws.com/api/v1/query\": request timeout"
time="2026-09-05T16:02:55+02:00" level=warning msg="Request Failed" error="Post \"http://k8s-ragplatf-ciliumga-56da93c17a-2adc9d09e1c34b13.elb.eu-central-1.amazonaws.com/api/v1/query\": request timeout"
time="2026-09-05T16:02:55+02:00" level=warning msg="Request Failed" error="Post \"http://k8s-ragplatf-ciliumga-56da93c17a-2adc9d09e1c34b13.elb.eu-central-1.amazonaws.com/api/v1/query\": request timeout"
time="2026-09-05T16:02:55+02:00" level=warning msg="Request Failed" error="Post \"http://k8s-ragplatf-ciliumga-56da93c17a-2adc9d09e1c34b13.elb.eu-central-1.amazonaws.com/api/v1/query\": request timeout"
time="2026-09-05T16:02:55+02:00" level=warning msg="Request Failed" error="Post \"http://k8s-ragplatf-ciliumga-56da93c17a-2adc9d09e1c34b13.elb.eu-central-1.amazonaws.com/api/v1/query\": request timeout"
time="2026-09-05T16:02:55+02:00" level=warning msg="Request Failed" error="Post \"http://k8s-ragplatf-ciliumga-56da93c17a-2adc9d09e1c34b13.elb.eu-central-1.amazonaws.com/api/v1/query\": request timeout"

running (09m19.9s), 1077/2500 VUs, 246828 complete and 0 interrupted iterations
constant_load   [  93% ] 1077/2500 VUs  09m19.9s/10m0s  500.00 iters/s

running (09m20.9s), 1077/2500 VUs, 247328 complete and 0 interrupted iterations
constant_load   [  93% ] 1077/2500 VUs  09m20.9s/10m0s  500.00 iters/s

running (09m21.9s), 1091/2500 VUs, 247814 complete and 0 interrupted iterations
constant_load   [  94% ] 1091/2500 VUs  09m21.9s/10m0s  500.00 iters/s
time="2026-09-05T16:02:58+02:00" level=warning msg="Request Failed" error="Post \"http://k8s-ragplatf-ciliumga-56da93c17a-2adc9d09e1c34b13.elb.eu-central-1.amazonaws.com/api/v1/query\": dial: i/o timeout"
time="2026-09-05T16:02:58+02:00" level=warning msg="Request Failed" error="Post \"http://k8s-ragplatf-ciliumga-56da93c17a-2adc9d09e1c34b13.elb.eu-central-1.amazonaws.com/api/v1/query\": dial: i/o timeout"
time="2026-09-05T16:02:58+02:00" level=warning msg="Request Failed" error="Post \"http://k8s-ragplatf-ciliumga-56da93c17a-2adc9d09e1c34b13.elb.eu-central-1.amazonaws.com/api/v1/query\": dial: i/o timeout"
time="2026-09-05T16:02:58+02:00" level=warning msg="Request Failed" error="Post \"http://k8s-ragplatf-ciliumga-56da93c17a-2adc9d09e1c34b13.elb.eu-central-1.amazonaws.com/api/v1/query\": dial: i/o timeout"
time="2026-09-05T16:02:58+02:00" level=warning msg="Request Failed" error="Post \"http://k8s-ragplatf-ciliumga-56da93c17a-2adc9d09e1c34b13.elb.eu-central-1.amazonaws.com/api/v1/query\": dial: i/o timeout"

running (09m22.9s), 1071/2500 VUs, 248333 complete and 0 interrupted iterations
constant_load   [  94% ] 1072/2500 VUs  09m22.9s/10m0s  500.00 iters/s
time="2026-09-05T16:02:59+02:00" level=warning msg="Request Failed" error="Post \"http://k8s-ragplatf-ciliumga-56da93c17a-2adc9d09e1c34b13.elb.eu-central-1.amazonaws.com/api/v1/query\": dial: i/o timeout"
time="2026-09-05T16:02:59+02:00" level=warning msg="Request Failed" error="Post \"http://k8s-ragplatf-ciliumga-56da93c17a-2adc9d09e1c34b13.elb.eu-central-1.amazonaws.com/api/v1/query\": dial: i/o timeout"
time="2026-09-05T16:02:59+02:00" level=warning msg="Request Failed" error="Post \"http://k8s-ragplatf-ciliumga-56da93c17a-2adc9d09e1c34b13.elb.eu-central-1.amazonaws.com/api/v1/query\": dial: i/o timeout"
time="2026-09-05T16:02:59+02:00" level=warning msg="Request Failed" error="Post \"http://k8s-ragplatf-ciliumga-56da93c17a-2adc9d09e1c34b13.elb.eu-central-1.amazonaws.com/api/v1/query\": dial: i/o timeout"
time="2026-09-05T16:03:00+02:00" level=warning msg="Request Failed" error="Post \"http://k8s-ragplatf-ciliumga-56da93c17a-2adc9d09e1c34b13.elb.eu-central-1.amazonaws.com/api/v1/query\": dial: i/o timeout"

running (09m23.9s), 1069/2500 VUs, 248836 complete and 0 interrupted iterations
constant_load   [  94% ] 1069/2500 VUs  09m23.9s/10m0s  500.00 iters/s
time="2026-09-05T16:03:00+02:00" level=warning msg="Request Failed" error="Post \"http://k8s-ragplatf-ciliumga-56da93c17a-2adc9d09e1c34b13.elb.eu-central-1.amazonaws.com/api/v1/query\": dial: i/o timeout"
time="2026-09-05T16:03:00+02:00" level=warning msg="Request Failed" error="Post \"http://k8s-ragplatf-ciliumga-56da93c17a-2adc9d09e1c34b13.elb.eu-central-1.amazonaws.com/api/v1/query\": dial: i/o timeout"
time="2026-09-05T16:03:00+02:00" level=warning msg="Request Failed" error="Post \"http://k8s-ragplatf-ciliumga-56da93c17a-2adc9d09e1c34b13.elb.eu-central-1.amazonaws.com/api/v1/query\": dial: i/o timeout"
time="2026-09-05T16:03:00+02:00" level=warning msg="Request Failed" error="Post \"http://k8s-ragplatf-ciliumga-56da93c17a-2adc9d09e1c34b13.elb.eu-central-1.amazonaws.com/api/v1/query\": dial: i/o timeout"
time="2026-09-05T16:03:00+02:00" level=warning msg="Request Failed" error="Post \"http://k8s-ragplatf-ciliumga-56da93c17a-2adc9d09e1c34b13.elb.eu-central-1.amazonaws.com/api/v1/query\": dial: i/o timeout"
time="2026-09-05T16:03:00+02:00" level=warning msg="Request Failed" error="Post \"http://k8s-ragplatf-ciliumga-56da93c17a-2adc9d09e1c34b13.elb.eu-central-1.amazonaws.com/api/v1/query\": dial: i/o timeout"
time="2026-09-05T16:03:00+02:00" level=warning msg="Request Failed" error="Post \"http://k8s-ragplatf-ciliumga-56da93c17a-2adc9d09e1c34b13.elb.eu-central-1.amazonaws.com/api/v1/query\": dial: i/o timeout"
time="2026-09-05T16:03:00+02:00" level=warning msg="Request Failed" error="Post \"http://k8s-ragplatf-ciliumga-56da93c17a-2adc9d09e1c34b13.elb.eu-central-1.amazonaws.com/api/v1/query\": dial: i/o timeout"
time="2026-09-05T16:03:00+02:00" level=warning msg="Request Failed" error="Post \"http://k8s-ragplatf-ciliumga-56da93c17a-2adc9d09e1c34b13.elb.eu-central-1.amazonaws.com/api/v1/query\": dial: i/o timeout"
time="2026-09-05T16:03:00+02:00" level=warning msg="Request Failed" error="Post \"http://k8s-ragplatf-ciliumga-56da93c17a-2adc9d09e1c34b13.elb.eu-central-1.amazonaws.com/api/v1/query\": dial: i/o timeout"
time="2026-09-05T16:03:01+02:00" level=warning msg="Request Failed" error="Post \"http://k8s-ragplatf-ciliumga-56da93c17a-2adc9d09e1c34b13.elb.eu-central-1.amazonaws.com/api/v1/query\": dial: i/o timeout"
time="2026-09-05T16:03:01+02:00" level=warning msg="Request Failed" error="Post \"http://k8s-ragplatf-ciliumga-56da93c17a-2adc9d09e1c34b13.elb.eu-central-1.amazonaws.com/api/v1/query\": dial: i/o timeout"

running (09m24.9s), 1053/2500 VUs, 249352 complete and 0 interrupted iterations
constant_load   [  94% ] 1053/2500 VUs  09m24.9s/10m0s  500.00 iters/s

running (09m25.9s), 1053/2500 VUs, 249852 complete and 0 interrupted iterations
constant_load   [  94% ] 1053/2500 VUs  09m25.9s/10m0s  500.00 iters/s

running (09m26.9s), 1058/2500 VUs, 250347 complete and 0 interrupted iterations
constant_load   [  94% ] 1058/2500 VUs  09m26.9s/10m0s  500.00 iters/s

running (09m27.9s), 1071/2500 VUs, 250834 complete and 0 interrupted iterations
constant_load   [  95% ] 1071/2500 VUs  09m27.9s/10m0s  500.00 iters/s

running (09m28.9s), 1064/2500 VUs, 251341 complete and 0 interrupted iterations
constant_load   [  95% ] 1064/2500 VUs  09m28.9s/10m0s  500.00 iters/s

running (09m29.9s), 1055/2500 VUs, 251850 complete and 0 interrupted iterations
constant_load   [  95% ] 1055/2500 VUs  09m29.9s/10m0s  500.00 iters/s

running (09m30.9s), 1055/2500 VUs, 252350 complete and 0 interrupted iterations
constant_load   [  95% ] 1055/2500 VUs  09m30.9s/10m0s  500.00 iters/s

running (09m31.9s), 1065/2500 VUs, 252840 complete and 0 interrupted iterations
constant_load   [  95% ] 1065/2500 VUs  09m31.9s/10m0s  500.00 iters/s

running (09m32.9s), 1058/2500 VUs, 253347 complete and 0 interrupted iterations
constant_load   [  95% ] 1058/2500 VUs  09m32.9s/10m0s  500.00 iters/s

running (09m33.9s), 1048/2500 VUs, 253857 complete and 0 interrupted iterations
constant_load   [  96% ] 1048/2500 VUs  09m33.9s/10m0s  500.00 iters/s

running (09m34.9s), 1093/2500 VUs, 254312 complete and 0 interrupted iterations
constant_load   [  96% ] 1093/2500 VUs  09m34.9s/10m0s  500.00 iters/s

running (09m35.9s), 1050/2500 VUs, 254855 complete and 0 interrupted iterations
constant_load   [  96% ] 1050/2500 VUs  09m35.9s/10m0s  500.00 iters/s

running (09m36.9s), 1070/2500 VUs, 255335 complete and 0 interrupted iterations
constant_load   [  96% ] 1070/2500 VUs  09m36.9s/10m0s  500.00 iters/s

running (09m37.9s), 1057/2500 VUs, 255848 complete and 0 interrupted iterations
constant_load   [  96% ] 1057/2500 VUs  09m37.9s/10m0s  500.00 iters/s

running (09m38.9s), 1056/2500 VUs, 256349 complete and 0 interrupted iterations
constant_load   [  96% ] 1056/2500 VUs  09m38.9s/10m0s  500.00 iters/s

running (09m39.9s), 1079/2500 VUs, 256826 complete and 0 interrupted iterations
constant_load   [  97% ] 1079/2500 VUs  09m39.9s/10m0s  500.00 iters/s

running (09m40.9s), 1084/2500 VUs, 257321 complete and 0 interrupted iterations
constant_load   [  97% ] 1084/2500 VUs  09m40.9s/10m0s  500.00 iters/s

running (09m41.9s), 1083/2500 VUs, 257822 complete and 0 interrupted iterations
constant_load   [  97% ] 1083/2500 VUs  09m41.9s/10m0s  500.00 iters/s

running (09m42.9s), 1062/2500 VUs, 258343 complete and 0 interrupted iterations
constant_load   [  97% ] 1062/2500 VUs  09m42.9s/10m0s  500.00 iters/s

running (09m43.9s), 1063/2500 VUs, 258841 complete and 0 interrupted iterations
constant_load   [  97% ] 1063/2500 VUs  09m43.9s/10m0s  500.00 iters/s

running (09m44.9s), 1056/2500 VUs, 259349 complete and 0 interrupted iterations
constant_load   [  97% ] 1056/2500 VUs  09m44.9s/10m0s  500.00 iters/s

running (09m45.9s), 1053/2500 VUs, 259852 complete and 0 interrupted iterations
constant_load   [  98% ] 1053/2500 VUs  09m45.9s/10m0s  500.00 iters/s

running (09m46.9s), 1075/2500 VUs, 260330 complete and 0 interrupted iterations
constant_load   [  98% ] 1075/2500 VUs  09m46.9s/10m0s  500.00 iters/s

running (09m47.9s), 1058/2500 VUs, 260846 complete and 0 interrupted iterations
constant_load   [  98% ] 1058/2500 VUs  09m47.9s/10m0s  500.00 iters/s

running (09m48.9s), 1082/2500 VUs, 261323 complete and 0 interrupted iterations
constant_load   [  98% ] 1082/2500 VUs  09m48.9s/10m0s  500.00 iters/s

running (09m49.9s), 1051/2500 VUs, 261854 complete and 0 interrupted iterations
constant_load   [  98% ] 1051/2500 VUs  09m49.9s/10m0s  500.00 iters/s

running (09m50.9s), 1071/2500 VUs, 262334 complete and 0 interrupted iterations
constant_load   [  98% ] 1071/2500 VUs  09m50.9s/10m0s  500.00 iters/s

running (09m51.9s), 1058/2500 VUs, 262846 complete and 0 interrupted iterations
constant_load   [  99% ] 1058/2500 VUs  09m51.9s/10m0s  500.00 iters/s

running (09m52.9s), 1082/2500 VUs, 263323 complete and 0 interrupted iterations
constant_load   [  99% ] 1082/2500 VUs  09m52.9s/10m0s  500.00 iters/s

running (09m53.9s), 1069/2500 VUs, 263836 complete and 0 interrupted iterations
constant_load   [  99% ] 1069/2500 VUs  09m53.9s/10m0s  500.00 iters/s

running (09m54.9s), 1091/2500 VUs, 264313 complete and 0 interrupted iterations
constant_load   [  99% ] 1091/2500 VUs  09m54.9s/10m0s  500.00 iters/s

running (09m55.9s), 1060/2500 VUs, 264845 complete and 0 interrupted iterations
constant_load   [  99% ] 1060/2500 VUs  09m55.9s/10m0s  500.00 iters/s

running (09m56.9s), 1093/2500 VUs, 265312 complete and 0 interrupted iterations
constant_load   [  99% ] 1093/2500 VUs  09m56.9s/10m0s  500.00 iters/s

running (09m57.9s), 1064/2500 VUs, 265841 complete and 0 interrupted iterations
constant_load   [ 100% ] 1064/2500 VUs  09m57.9s/10m0s  500.00 iters/s

running (09m58.9s), 1059/2500 VUs, 266346 complete and 0 interrupted iterations
constant_load   [ 100% ] 1059/2500 VUs  09m58.9s/10m0s  500.00 iters/s
time="2026-09-05T16:03:36+02:00" level=warning msg="Request Failed" error="Post \"http://k8s-ragplatf-ciliumga-56da93c17a-2adc9d09e1c34b13.elb.eu-central-1.amazonaws.com/api/v1/query\": request timeout"
time="2026-09-05T16:03:36+02:00" level=warning msg="Request Failed" error="Post \"http://k8s-ragplatf-ciliumga-56da93c17a-2adc9d09e1c34b13.elb.eu-central-1.amazonaws.com/api/v1/query\": request timeout"
time="2026-09-05T16:03:36+02:00" level=warning msg="Request Failed" error="Post \"http://k8s-ragplatf-ciliumga-56da93c17a-2adc9d09e1c34b13.elb.eu-central-1.amazonaws.com/api/v1/query\": request timeout"

running (09m59.9s), 1050/2500 VUs, 266855 complete and 0 interrupted iterations
constant_load   [ 100% ] 1050/2500 VUs  09m59.9s/10m0s  500.00 iters/s
time="2026-09-05T16:03:36+02:00" level=warning msg="Request Failed" error="Post \"http://k8s-ragplatf-ciliumga-56da93c17a-2adc9d09e1c34b13.elb.eu-central-1.amazonaws.com/api/v1/query\": request timeout"
time="2026-09-05T16:03:36+02:00" level=warning msg="Request Failed" error="Post \"http://k8s-ragplatf-ciliumga-56da93c17a-2adc9d09e1c34b13.elb.eu-central-1.amazonaws.com/api/v1/query\": request timeout"
time="2026-09-05T16:03:36+02:00" level=warning msg="Request Failed" error="Post \"http://k8s-ragplatf-ciliumga-56da93c17a-2adc9d09e1c34b13.elb.eu-central-1.amazonaws.com/api/v1/query\": request timeout"
time="2026-09-05T16:03:36+02:00" level=warning msg="Request Failed" error="Post \"http://k8s-ragplatf-ciliumga-56da93c17a-2adc9d09e1c34b13.elb.eu-central-1.amazonaws.com/api/v1/query\": request timeout"
time="2026-09-05T16:03:36+02:00" level=warning msg="Request Failed" error="Post \"http://k8s-ragplatf-ciliumga-56da93c17a-2adc9d09e1c34b13.elb.eu-central-1.amazonaws.com/api/v1/query\": request timeout"
time="2026-09-05T16:03:36+02:00" level=warning msg="Request Failed" error="Post \"http://k8s-ragplatf-ciliumga-56da93c17a-2adc9d09e1c34b13.elb.eu-central-1.amazonaws.com/api/v1/query\": request timeout"
time="2026-09-05T16:03:36+02:00" level=warning msg="Request Failed" error="Post \"http://k8s-ragplatf-ciliumga-56da93c17a-2adc9d09e1c34b13.elb.eu-central-1.amazonaws.com/api/v1/query\": request timeout"
time="2026-09-05T16:03:36+02:00" level=warning msg="Request Failed" error="Post \"http://k8s-ragplatf-ciliumga-56da93c17a-2adc9d09e1c34b13.elb.eu-central-1.amazonaws.com/api/v1/query\": request timeout"
time="2026-09-05T16:03:36+02:00" level=warning msg="Request Failed" error="Post \"http://k8s-ragplatf-ciliumga-56da93c17a-2adc9d09e1c34b13.elb.eu-central-1.amazonaws.com/api/v1/query\": request timeout"
time="2026-09-05T16:03:36+02:00" level=warning msg="Request Failed" error="Post \"http://k8s-ragplatf-ciliumga-56da93c17a-2adc9d09e1c34b13.elb.eu-central-1.amazonaws.com/api/v1/query\": request timeout"
time="2026-09-05T16:03:36+02:00" level=warning msg="Request Failed" error="Post \"http://k8s-ragplatf-ciliumga-56da93c17a-2adc9d09e1c34b13.elb.eu-central-1.amazonaws.com/api/v1/query\": request timeout"
time="2026-09-05T16:03:36+02:00" level=warning msg="Request Failed" error="Post \"http://k8s-ragplatf-ciliumga-56da93c17a-2adc9d09e1c34b13.elb.eu-central-1.amazonaws.com/api/v1/query\": request timeout"
time="2026-09-05T16:03:36+02:00" level=warning msg="Request Failed" error="Post \"http://k8s-ragplatf-ciliumga-56da93c17a-2adc9d09e1c34b13.elb.eu-central-1.amazonaws.com/api/v1/query\": request timeout"
time="2026-09-05T16:03:37+02:00" level=warning msg="Request Failed" error="Post \"http://k8s-ragplatf-ciliumga-56da93c17a-2adc9d09e1c34b13.elb.eu-central-1.amazonaws.com/api/v1/query\": request timeout"
time="2026-09-05T16:03:37+02:00" level=warning msg="Request Failed" error="Post \"http://k8s-ragplatf-ciliumga-56da93c17a-2adc9d09e1c34b13.elb.eu-central-1.amazonaws.com/api/v1/query\": request timeout"

running (10m00.9s), 0605/2500 VUs, 267351 complete and 0 interrupted iterations
constant_load ↓ [ 100% ] 1053/2500 VUs  10m0s  500.00 iters/s
time="2026-09-05T16:03:37+02:00" level=warning msg="Request Failed" error="Post \"http://k8s-ragplatf-ciliumga-56da93c17a-2adc9d09e1c34b13.elb.eu-central-1.amazonaws.com/api/v1/query\": request timeout"
time="2026-09-05T16:03:37+02:00" level=warning msg="Request Failed" error="Post \"http://k8s-ragplatf-ciliumga-56da93c17a-2adc9d09e1c34b13.elb.eu-central-1.amazonaws.com/api/v1/query\": request timeout"
time="2026-09-05T16:03:37+02:00" level=warning msg="Request Failed" error="Post \"http://k8s-ragplatf-ciliumga-56da93c17a-2adc9d09e1c34b13.elb.eu-central-1.amazonaws.com/api/v1/query\": request timeout"
time="2026-09-05T16:03:37+02:00" level=warning msg="Request Failed" error="Post \"http://k8s-ragplatf-ciliumga-56da93c17a-2adc9d09e1c34b13.elb.eu-central-1.amazonaws.com/api/v1/query\": request timeout"
time="2026-09-05T16:03:37+02:00" level=warning msg="Request Failed" error="Post \"http://k8s-ragplatf-ciliumga-56da93c17a-2adc9d09e1c34b13.elb.eu-central-1.amazonaws.com/api/v1/query\": request timeout"
time="2026-09-05T16:03:37+02:00" level=warning msg="Request Failed" error="Post \"http://k8s-ragplatf-ciliumga-56da93c17a-2adc9d09e1c34b13.elb.eu-central-1.amazonaws.com/api/v1/query\": request timeout"
time="2026-09-05T16:03:37+02:00" level=warning msg="Request Failed" error="Post \"http://k8s-ragplatf-ciliumga-56da93c17a-2adc9d09e1c34b13.elb.eu-central-1.amazonaws.com/api/v1/query\": request timeout"

running (10m01.9s), 0083/2500 VUs, 267873 complete and 0 interrupted iterations
constant_load ↓ [ 100% ] 1053/2500 VUs  10m0s  500.00 iters/s
time="2026-09-05T16:03:39+02:00" level=warning msg="Request Failed" error="Post \"http://k8s-ragplatf-ciliumga-56da93c17a-2adc9d09e1c34b13.elb.eu-central-1.amazonaws.com/api/v1/query\": request timeout"

running (10m02.9s), 0003/2500 VUs, 267953 complete and 0 interrupted iterations
constant_load ↓ [ 100% ] 1053/2500 VUs  10m0s  500.00 iters/s
time="2026-09-05T16:03:39+02:00" level=warning msg="Request Failed" error="Post \"http://k8s-ragplatf-ciliumga-56da93c17a-2adc9d09e1c34b13.elb.eu-central-1.amazonaws.com/api/v1/query\": request timeout"
time="2026-09-05T16:03:39+02:00" level=warning msg="Request Failed" error="Post \"http://k8s-ragplatf-ciliumga-56da93c17a-2adc9d09e1c34b13.elb.eu-central-1.amazonaws.com/api/v1/query\": request timeout"
time="2026-09-05T16:03:39+02:00" level=warning msg="Request Failed" error="Post \"http://k8s-ragplatf-ciliumga-56da93c17a-2adc9d09e1c34b13.elb.eu-central-1.amazonaws.com/api/v1/query\": request timeout"


  █ TOTAL RESULTS 

    checks_total.......: 267956 443.92257/s
    checks_succeeded...: 97.31% 260769 out of 267956
    checks_failed......: 2.68%  7187 out of 267956

    ✗ status is 200
      ↳  97% — ✓ 260769 / ✗ 7187

    HTTP
    http_req_duration..............: avg=3.46s min=0s       med=2.12s max=1m0s   p(90)=7.26s p(95)=10.65s
      { expected_response:true }...: avg=3.43s min=2.03s    med=2.12s max=27.15s p(90)=7.32s p(95)=10.63s
    http_req_failed................: 2.68%  7187 out of 267956
    http_reqs......................: 267956 443.92257/s

    EXECUTION
    dropped_iterations.............: 32045  53.088935/s
    iteration_duration.............: avg=3.5s  min=409.87µs med=2.12s max=1m0s   p(90)=7.37s p(95)=10.81s
    iterations.....................: 267956 443.92257/s
    vus............................: 3      min=3              max=2500
    vus_max........................: 2500   min=1250           max=2500

    NETWORK
    data_received..................: 1.8 GB 3.1 MB/s
    data_sent......................: 80 MB  133 kB/s




running (10m03.6s), 0000/2500 VUs, 267956 complete and 0 interrupted iterations
constant_load ✓ [ 100% ] 0000/2500 VUs  10m0s  500.00 iters/s
