
         /\      Grafana   /‾‾/  
    /\  /  \     |\  __   /  /   
   /  \/    \    | |/ /  /   ‾‾\ 
  /          \   |   (  |  (‾)  |
 / __________ \  |_|\_\  \_____/ 


     execution: local
        script: ./load.js
        output: -

     scenarios: (100.00%) 1 scenario, 1000 max VUs, 10m30s max duration (incl. graceful stop):
              * constant_load: 200.00 iterations/s for 10m0s (maxVUs: 500-1000, gracefulStop: 30s)


running (00m00.9s), 0189/0500 VUs, 0 complete and 0 interrupted iterations
constant_load   [   0% ] 0189/0500 VUs  00m00.9s/10m0s  200.00 iters/s

running (00m01.9s), 0389/0500 VUs, 0 complete and 0 interrupted iterations
constant_load   [   0% ] 0389/0500 VUs  00m01.9s/10m0s  200.00 iters/s

running (00m02.9s), 0423/0500 VUs, 166 complete and 0 interrupted iterations
constant_load   [   0% ] 0423/0500 VUs  00m02.9s/10m0s  200.00 iters/s

running (00m03.9s), 0420/0500 VUs, 369 complete and 0 interrupted iterations
constant_load   [   1% ] 0420/0500 VUs  00m03.9s/10m0s  200.00 iters/s

running (00m04.9s), 0424/0500 VUs, 565 complete and 0 interrupted iterations
constant_load   [   1% ] 0424/0500 VUs  00m04.9s/10m0s  200.00 iters/s

running (00m05.9s), 0412/0500 VUs, 777 complete and 0 interrupted iterations
constant_load   [   1% ] 0412/0500 VUs  00m05.9s/10m0s  200.00 iters/s

running (00m06.9s), 0418/0500 VUs, 971 complete and 0 interrupted iterations
constant_load   [   1% ] 0418/0500 VUs  00m06.9s/10m0s  200.00 iters/s

running (00m07.9s), 0411/0500 VUs, 1178 complete and 0 interrupted iterations
constant_load   [   1% ] 0411/0500 VUs  00m07.9s/10m0s  200.00 iters/s

running (00m08.9s), 0418/0500 VUs, 1371 complete and 0 interrupted iterations
constant_load   [   1% ] 0418/0500 VUs  00m08.9s/10m0s  200.00 iters/s

running (00m09.9s), 0439/0500 VUs, 1550 complete and 0 interrupted iterations
constant_load   [   2% ] 0439/0500 VUs  00m09.9s/10m0s  200.00 iters/s

running (00m10.9s), 0425/0500 VUs, 1764 complete and 0 interrupted iterations
constant_load   [   2% ] 0425/0500 VUs  00m10.9s/10m0s  200.00 iters/s

running (00m11.9s), 0423/0500 VUs, 1966 complete and 0 interrupted iterations
constant_load   [   2% ] 0423/0500 VUs  00m11.9s/10m0s  200.00 iters/s

running (00m12.9s), 0432/0500 VUs, 2157 complete and 0 interrupted iterations
constant_load   [   2% ] 0432/0500 VUs  00m12.9s/10m0s  200.00 iters/s

running (00m13.9s), 0414/0500 VUs, 2375 complete and 0 interrupted iterations
constant_load   [   2% ] 0414/0500 VUs  00m13.9s/10m0s  200.00 iters/s

running (00m14.9s), 0422/0500 VUs, 2567 complete and 0 interrupted iterations
constant_load   [   2% ] 0422/0500 VUs  00m14.9s/10m0s  200.00 iters/s

running (00m15.9s), 0416/0500 VUs, 2773 complete and 0 interrupted iterations
constant_load   [   3% ] 0416/0500 VUs  00m15.9s/10m0s  200.00 iters/s

running (00m16.9s), 0410/0500 VUs, 2979 complete and 0 interrupted iterations
constant_load   [   3% ] 0410/0500 VUs  00m16.9s/10m0s  200.00 iters/s

running (00m17.9s), 0432/0500 VUs, 3158 complete and 0 interrupted iterations
constant_load   [   3% ] 0432/0500 VUs  00m17.9s/10m0s  200.00 iters/s

running (00m18.9s), 0418/0500 VUs, 3371 complete and 0 interrupted iterations
constant_load   [   3% ] 0418/0500 VUs  00m18.9s/10m0s  200.00 iters/s

running (00m19.9s), 0434/0500 VUs, 3555 complete and 0 interrupted iterations
constant_load   [   3% ] 0434/0500 VUs  00m19.9s/10m0s  200.00 iters/s

running (00m20.9s), 0422/0500 VUs, 3767 complete and 0 interrupted iterations
constant_load   [   3% ] 0422/0500 VUs  00m20.9s/10m0s  200.00 iters/s

running (00m21.9s), 0412/0500 VUs, 3977 complete and 0 interrupted iterations
constant_load   [   4% ] 0412/0500 VUs  00m21.9s/10m0s  200.00 iters/s

running (00m22.9s), 0417/0500 VUs, 4172 complete and 0 interrupted iterations
constant_load   [   4% ] 0417/0500 VUs  00m22.9s/10m0s  200.00 iters/s

running (00m23.9s), 0416/0500 VUs, 4373 complete and 0 interrupted iterations
constant_load   [   4% ] 0416/0500 VUs  00m23.9s/10m0s  200.00 iters/s

running (00m24.9s), 0414/0500 VUs, 4575 complete and 0 interrupted iterations
constant_load   [   4% ] 0414/0500 VUs  00m24.9s/10m0s  200.00 iters/s

running (00m25.9s), 0428/0500 VUs, 4761 complete and 0 interrupted iterations
constant_load   [   4% ] 0428/0500 VUs  00m25.9s/10m0s  200.00 iters/s

running (00m26.9s), 0412/0500 VUs, 4977 complete and 0 interrupted iterations
constant_load   [   4% ] 0412/0500 VUs  00m26.9s/10m0s  200.00 iters/s

running (00m27.9s), 0418/0500 VUs, 5171 complete and 0 interrupted iterations
constant_load   [   5% ] 0418/0500 VUs  00m27.9s/10m0s  200.00 iters/s

running (00m28.9s), 0421/0500 VUs, 5368 complete and 0 interrupted iterations
constant_load   [   5% ] 0421/0500 VUs  00m28.9s/10m0s  200.00 iters/s

running (00m29.9s), 0422/0500 VUs, 5567 complete and 0 interrupted iterations
constant_load   [   5% ] 0422/0500 VUs  00m29.9s/10m0s  200.00 iters/s

running (00m30.9s), 0417/0500 VUs, 5772 complete and 0 interrupted iterations
constant_load   [   5% ] 0417/0500 VUs  00m30.9s/10m0s  200.00 iters/s

running (00m31.9s), 0421/0500 VUs, 5968 complete and 0 interrupted iterations
constant_load   [   5% ] 0421/0500 VUs  00m31.9s/10m0s  200.00 iters/s

running (00m32.9s), 0410/0500 VUs, 6179 complete and 0 interrupted iterations
constant_load   [   5% ] 0410/0500 VUs  00m32.9s/10m0s  200.00 iters/s

running (00m33.9s), 0413/0500 VUs, 6376 complete and 0 interrupted iterations
constant_load   [   6% ] 0413/0500 VUs  00m33.9s/10m0s  200.00 iters/s

running (00m34.9s), 0419/0500 VUs, 6570 complete and 0 interrupted iterations
constant_load   [   6% ] 0419/0500 VUs  00m34.9s/10m0s  200.00 iters/s

running (00m35.9s), 0412/0500 VUs, 6777 complete and 0 interrupted iterations
constant_load   [   6% ] 0412/0500 VUs  00m35.9s/10m0s  200.00 iters/s

running (00m36.9s), 0411/0500 VUs, 6978 complete and 0 interrupted iterations
constant_load   [   6% ] 0411/0500 VUs  00m36.9s/10m0s  200.00 iters/s

running (00m37.9s), 0414/0500 VUs, 7175 complete and 0 interrupted iterations
constant_load   [   6% ] 0414/0500 VUs  00m37.9s/10m0s  200.00 iters/s

running (00m38.9s), 0423/0500 VUs, 7366 complete and 0 interrupted iterations
constant_load   [   6% ] 0423/0500 VUs  00m38.9s/10m0s  200.00 iters/s

running (00m39.9s), 0422/0500 VUs, 7567 complete and 0 interrupted iterations
constant_load   [   7% ] 0421/0500 VUs  00m39.9s/10m0s  200.00 iters/s

running (00m40.9s), 0438/0500 VUs, 7751 complete and 0 interrupted iterations
constant_load   [   7% ] 0438/0500 VUs  00m40.9s/10m0s  200.00 iters/s

running (00m41.9s), 0430/0500 VUs, 7959 complete and 0 interrupted iterations
constant_load   [   7% ] 0430/0500 VUs  00m41.9s/10m0s  200.00 iters/s

running (00m42.9s), 0425/0500 VUs, 8164 complete and 0 interrupted iterations
constant_load   [   7% ] 0425/0500 VUs  00m42.9s/10m0s  200.00 iters/s

running (00m43.9s), 0423/0500 VUs, 8366 complete and 0 interrupted iterations
constant_load   [   7% ] 0423/0500 VUs  00m43.9s/10m0s  200.00 iters/s

running (00m44.9s), 0425/0500 VUs, 8564 complete and 0 interrupted iterations
constant_load   [   7% ] 0425/0500 VUs  00m44.9s/10m0s  200.00 iters/s

running (00m45.9s), 0420/0500 VUs, 8769 complete and 0 interrupted iterations
constant_load   [   8% ] 0420/0500 VUs  00m45.9s/10m0s  200.00 iters/s

running (00m46.9s), 0419/0500 VUs, 8970 complete and 0 interrupted iterations
constant_load   [   8% ] 0419/0500 VUs  00m46.9s/10m0s  200.00 iters/s

running (00m47.9s), 0427/0500 VUs, 9162 complete and 0 interrupted iterations
constant_load   [   8% ] 0427/0500 VUs  00m47.9s/10m0s  200.00 iters/s

running (00m48.9s), 0425/0500 VUs, 9364 complete and 0 interrupted iterations
constant_load   [   8% ] 0425/0500 VUs  00m48.9s/10m0s  200.00 iters/s

running (00m49.9s), 0421/0500 VUs, 9568 complete and 0 interrupted iterations
constant_load   [   8% ] 0421/0500 VUs  00m49.9s/10m0s  200.00 iters/s

running (00m50.9s), 0414/0500 VUs, 9775 complete and 0 interrupted iterations
constant_load   [   8% ] 0414/0500 VUs  00m50.9s/10m0s  200.00 iters/s

running (00m51.9s), 0413/0500 VUs, 9976 complete and 0 interrupted iterations
constant_load   [   9% ] 0413/0500 VUs  00m51.9s/10m0s  200.00 iters/s

running (00m52.9s), 0415/0500 VUs, 10174 complete and 0 interrupted iterations
constant_load   [   9% ] 0414/0500 VUs  00m52.9s/10m0s  200.00 iters/s

running (00m53.9s), 0415/0500 VUs, 10374 complete and 0 interrupted iterations
constant_load   [   9% ] 0415/0500 VUs  00m53.9s/10m0s  200.00 iters/s

running (00m54.9s), 0422/0500 VUs, 10567 complete and 0 interrupted iterations
constant_load   [   9% ] 0422/0500 VUs  00m54.9s/10m0s  200.00 iters/s

running (00m55.9s), 0421/0500 VUs, 10768 complete and 0 interrupted iterations
constant_load   [   9% ] 0421/0500 VUs  00m55.9s/10m0s  200.00 iters/s

running (00m56.9s), 0420/0500 VUs, 10969 complete and 0 interrupted iterations
constant_load   [   9% ] 0420/0500 VUs  00m56.9s/10m0s  200.00 iters/s

running (00m57.9s), 0417/0500 VUs, 11172 complete and 0 interrupted iterations
constant_load   [  10% ] 0417/0500 VUs  00m57.9s/10m0s  200.00 iters/s

running (00m58.9s), 0427/0500 VUs, 11362 complete and 0 interrupted iterations
constant_load   [  10% ] 0427/0500 VUs  00m58.9s/10m0s  200.00 iters/s

running (00m59.9s), 0415/0500 VUs, 11574 complete and 0 interrupted iterations
constant_load   [  10% ] 0415/0500 VUs  00m59.9s/10m0s  200.00 iters/s

running (01m00.9s), 0421/0500 VUs, 11768 complete and 0 interrupted iterations
constant_load   [  10% ] 0421/0500 VUs  01m00.9s/10m0s  200.00 iters/s

running (01m01.9s), 0444/0500 VUs, 11945 complete and 0 interrupted iterations
constant_load   [  10% ] 0444/0500 VUs  01m01.9s/10m0s  200.00 iters/s

running (01m02.9s), 0433/0500 VUs, 12156 complete and 0 interrupted iterations
constant_load   [  10% ] 0433/0500 VUs  01m02.9s/10m0s  200.00 iters/s

running (01m03.9s), 0440/0500 VUs, 12349 complete and 0 interrupted iterations
constant_load   [  11% ] 0440/0500 VUs  01m03.9s/10m0s  200.00 iters/s

running (01m04.9s), 0423/0500 VUs, 12566 complete and 0 interrupted iterations
constant_load   [  11% ] 0423/0500 VUs  01m04.9s/10m0s  200.00 iters/s

running (01m05.9s), 0411/0500 VUs, 12778 complete and 0 interrupted iterations
constant_load   [  11% ] 0411/0500 VUs  01m05.9s/10m0s  200.00 iters/s

running (01m06.9s), 0419/0500 VUs, 12970 complete and 0 interrupted iterations
constant_load   [  11% ] 0419/0500 VUs  01m06.9s/10m0s  200.00 iters/s

running (01m07.9s), 0413/0500 VUs, 13176 complete and 0 interrupted iterations
constant_load   [  11% ] 0413/0500 VUs  01m07.9s/10m0s  200.00 iters/s

running (01m08.9s), 0419/0500 VUs, 13370 complete and 0 interrupted iterations
constant_load   [  11% ] 0419/0500 VUs  01m08.9s/10m0s  200.00 iters/s

running (01m09.9s), 0415/0500 VUs, 13574 complete and 0 interrupted iterations
constant_load   [  12% ] 0415/0500 VUs  01m09.9s/10m0s  200.00 iters/s

running (01m10.9s), 0435/0500 VUs, 13754 complete and 0 interrupted iterations
constant_load   [  12% ] 0435/0500 VUs  01m10.9s/10m0s  200.00 iters/s

running (01m11.9s), 0415/0500 VUs, 13974 complete and 0 interrupted iterations
constant_load   [  12% ] 0415/0500 VUs  01m11.9s/10m0s  200.00 iters/s

running (01m12.9s), 0454/0500 VUs, 14135 complete and 0 interrupted iterations
constant_load   [  12% ] 0454/0500 VUs  01m12.9s/10m0s  200.00 iters/s

running (01m13.9s), 0429/0500 VUs, 14360 complete and 0 interrupted iterations
constant_load   [  12% ] 0429/0500 VUs  01m13.9s/10m0s  200.00 iters/s

running (01m14.9s), 0427/0500 VUs, 14562 complete and 0 interrupted iterations
constant_load   [  12% ] 0427/0500 VUs  01m14.9s/10m0s  200.00 iters/s

running (01m15.9s), 0463/0500 VUs, 14726 complete and 0 interrupted iterations
constant_load   [  13% ] 0463/0500 VUs  01m15.9s/10m0s  200.00 iters/s

running (01m16.9s), 0440/0500 VUs, 14949 complete and 0 interrupted iterations
constant_load   [  13% ] 0440/0500 VUs  01m16.9s/10m0s  200.00 iters/s

running (01m17.9s), 0444/0500 VUs, 15145 complete and 0 interrupted iterations
constant_load   [  13% ] 0444/0500 VUs  01m17.9s/10m0s  200.00 iters/s

running (01m18.9s), 0425/0500 VUs, 15364 complete and 0 interrupted iterations
constant_load   [  13% ] 0425/0500 VUs  01m18.9s/10m0s  200.00 iters/s

running (01m19.9s), 0429/0500 VUs, 15560 complete and 0 interrupted iterations
constant_load   [  13% ] 0429/0500 VUs  01m19.9s/10m0s  200.00 iters/s

running (01m20.9s), 0441/0500 VUs, 15748 complete and 0 interrupted iterations
constant_load   [  13% ] 0441/0500 VUs  01m20.9s/10m0s  200.00 iters/s

running (01m21.9s), 0431/0500 VUs, 15958 complete and 0 interrupted iterations
constant_load   [  14% ] 0431/0500 VUs  01m21.9s/10m0s  200.00 iters/s

running (01m22.9s), 0423/0500 VUs, 16166 complete and 0 interrupted iterations
constant_load   [  14% ] 0423/0500 VUs  01m22.9s/10m0s  200.00 iters/s

running (01m23.9s), 0446/0500 VUs, 16343 complete and 0 interrupted iterations
constant_load   [  14% ] 0446/0500 VUs  01m23.9s/10m0s  200.00 iters/s

running (01m24.9s), 0445/0500 VUs, 16544 complete and 0 interrupted iterations
constant_load   [  14% ] 0445/0500 VUs  01m24.9s/10m0s  200.00 iters/s

running (01m25.9s), 0430/0500 VUs, 16759 complete and 0 interrupted iterations
constant_load   [  14% ] 0430/0500 VUs  01m25.9s/10m0s  200.00 iters/s

running (01m26.9s), 0457/0500 VUs, 16932 complete and 0 interrupted iterations
constant_load   [  14% ] 0457/0500 VUs  01m26.9s/10m0s  200.00 iters/s

running (01m27.9s), 0423/0500 VUs, 17165 complete and 0 interrupted iterations
constant_load   [  15% ] 0423/0500 VUs  01m27.9s/10m0s  200.00 iters/s

running (01m28.9s), 0424/0500 VUs, 17365 complete and 0 interrupted iterations
constant_load   [  15% ] 0424/0500 VUs  01m28.9s/10m0s  200.00 iters/s

running (01m29.9s), 0423/0500 VUs, 17566 complete and 0 interrupted iterations
constant_load   [  15% ] 0423/0500 VUs  01m29.9s/10m0s  200.00 iters/s

running (01m30.9s), 0425/0500 VUs, 17764 complete and 0 interrupted iterations
constant_load   [  15% ] 0425/0500 VUs  01m30.9s/10m0s  200.00 iters/s

running (01m31.9s), 0431/0500 VUs, 17958 complete and 0 interrupted iterations
constant_load   [  15% ] 0431/0500 VUs  01m31.9s/10m0s  200.00 iters/s

running (01m32.9s), 0422/0500 VUs, 18167 complete and 0 interrupted iterations
constant_load   [  15% ] 0422/0500 VUs  01m32.9s/10m0s  200.00 iters/s

running (01m33.9s), 0436/0500 VUs, 18353 complete and 0 interrupted iterations
constant_load   [  16% ] 0436/0500 VUs  01m33.9s/10m0s  200.00 iters/s

running (01m34.9s), 0431/0500 VUs, 18558 complete and 0 interrupted iterations
constant_load   [  16% ] 0431/0500 VUs  01m34.9s/10m0s  200.00 iters/s

running (01m35.9s), 0427/0500 VUs, 18762 complete and 0 interrupted iterations
constant_load   [  16% ] 0427/0500 VUs  01m35.9s/10m0s  200.00 iters/s

running (01m36.9s), 0424/0500 VUs, 18965 complete and 0 interrupted iterations
constant_load   [  16% ] 0424/0500 VUs  01m36.9s/10m0s  200.00 iters/s

running (01m37.9s), 0443/0500 VUs, 19146 complete and 0 interrupted iterations
constant_load   [  16% ] 0443/0500 VUs  01m37.9s/10m0s  200.00 iters/s

running (01m38.9s), 0427/0500 VUs, 19362 complete and 0 interrupted iterations
constant_load   [  16% ] 0427/0500 VUs  01m38.9s/10m0s  200.00 iters/s

running (01m39.9s), 0439/0500 VUs, 19550 complete and 0 interrupted iterations
constant_load   [  17% ] 0439/0500 VUs  01m39.9s/10m0s  200.00 iters/s

running (01m40.9s), 0423/0500 VUs, 19766 complete and 0 interrupted iterations
constant_load   [  17% ] 0423/0500 VUs  01m40.9s/10m0s  200.00 iters/s

running (01m41.9s), 0423/0500 VUs, 19966 complete and 0 interrupted iterations
constant_load   [  17% ] 0423/0500 VUs  01m41.9s/10m0s  200.00 iters/s

running (01m42.9s), 0432/0500 VUs, 20157 complete and 0 interrupted iterations
constant_load   [  17% ] 0429/0500 VUs  01m42.9s/10m0s  200.00 iters/s

running (01m43.9s), 0419/0500 VUs, 20370 complete and 0 interrupted iterations
constant_load   [  17% ] 0419/0500 VUs  01m43.9s/10m0s  200.00 iters/s

running (01m44.9s), 0427/0500 VUs, 20562 complete and 0 interrupted iterations
constant_load   [  17% ] 0427/0500 VUs  01m44.9s/10m0s  200.00 iters/s

running (01m45.9s), 0420/0500 VUs, 20769 complete and 0 interrupted iterations
constant_load   [  18% ] 0420/0500 VUs  01m45.9s/10m0s  200.00 iters/s

running (01m46.9s), 0426/0500 VUs, 20963 complete and 0 interrupted iterations
constant_load   [  18% ] 0426/0500 VUs  01m46.9s/10m0s  200.00 iters/s

running (01m47.9s), 0418/0500 VUs, 21171 complete and 0 interrupted iterations
constant_load   [  18% ] 0418/0500 VUs  01m47.9s/10m0s  200.00 iters/s

running (01m48.9s), 0433/0500 VUs, 21356 complete and 0 interrupted iterations
constant_load   [  18% ] 0433/0500 VUs  01m48.9s/10m0s  200.00 iters/s

running (01m49.9s), 0427/0500 VUs, 21562 complete and 0 interrupted iterations
constant_load   [  18% ] 0427/0500 VUs  01m49.9s/10m0s  200.00 iters/s

running (01m50.9s), 0431/0500 VUs, 21758 complete and 0 interrupted iterations
constant_load   [  18% ] 0431/0500 VUs  01m50.9s/10m0s  200.00 iters/s

running (01m51.9s), 0429/0500 VUs, 21960 complete and 0 interrupted iterations
constant_load   [  19% ] 0429/0500 VUs  01m51.9s/10m0s  200.00 iters/s

running (01m52.9s), 0426/0500 VUs, 22163 complete and 0 interrupted iterations
constant_load   [  19% ] 0426/0500 VUs  01m52.9s/10m0s  200.00 iters/s

running (01m53.9s), 0434/0500 VUs, 22355 complete and 0 interrupted iterations
constant_load   [  19% ] 0434/0500 VUs  01m53.9s/10m0s  200.00 iters/s

running (01m54.9s), 0428/0500 VUs, 22561 complete and 0 interrupted iterations
constant_load   [  19% ] 0428/0500 VUs  01m54.9s/10m0s  200.00 iters/s

running (01m55.9s), 0450/0500 VUs, 22739 complete and 0 interrupted iterations
constant_load   [  19% ] 0450/0500 VUs  01m55.9s/10m0s  200.00 iters/s

running (01m56.9s), 0440/0500 VUs, 22949 complete and 0 interrupted iterations
constant_load   [  19% ] 0440/0500 VUs  01m56.9s/10m0s  200.00 iters/s

running (01m57.9s), 0425/0500 VUs, 23164 complete and 0 interrupted iterations
constant_load   [  20% ] 0425/0500 VUs  01m57.9s/10m0s  200.00 iters/s

running (01m58.9s), 0461/0500 VUs, 23328 complete and 0 interrupted iterations
constant_load   [  20% ] 0461/0500 VUs  01m58.9s/10m0s  200.00 iters/s

running (01m59.9s), 0426/0500 VUs, 23563 complete and 0 interrupted iterations
constant_load   [  20% ] 0426/0500 VUs  01m59.9s/10m0s  200.00 iters/s

running (02m00.9s), 0489/0500 VUs, 23700 complete and 0 interrupted iterations
constant_load   [  20% ] 0489/0500 VUs  02m00.9s/10m0s  200.00 iters/s

running (02m01.9s), 0430/0500 VUs, 23959 complete and 0 interrupted iterations
constant_load   [  20% ] 0430/0500 VUs  02m01.9s/10m0s  200.00 iters/s

running (02m02.9s), 0428/0500 VUs, 24161 complete and 0 interrupted iterations
constant_load   [  20% ] 0428/0500 VUs  02m02.9s/10m0s  200.00 iters/s

running (02m03.9s), 0431/0500 VUs, 24358 complete and 0 interrupted iterations
constant_load   [  21% ] 0431/0500 VUs  02m03.9s/10m0s  200.00 iters/s

running (02m04.9s), 0438/0500 VUs, 24551 complete and 0 interrupted iterations
constant_load   [  21% ] 0438/0500 VUs  02m04.9s/10m0s  200.00 iters/s

running (02m05.9s), 0429/0500 VUs, 24760 complete and 0 interrupted iterations
constant_load   [  21% ] 0429/0500 VUs  02m05.9s/10m0s  200.00 iters/s

running (02m06.9s), 0436/0500 VUs, 24953 complete and 0 interrupted iterations
constant_load   [  21% ] 0436/0500 VUs  02m06.9s/10m0s  200.00 iters/s

running (02m07.9s), 0429/0500 VUs, 25160 complete and 0 interrupted iterations
constant_load   [  21% ] 0429/0500 VUs  02m07.9s/10m0s  200.00 iters/s

running (02m08.9s), 0439/0500 VUs, 25350 complete and 0 interrupted iterations
constant_load   [  21% ] 0439/0500 VUs  02m08.9s/10m0s  200.00 iters/s
time="2026-09-05T15:24:07+02:00" level=warning msg="Request Failed" error="Post \"http://k8s-ragplatf-ciliumga-56da93c17a-2adc9d09e1c34b13.elb.eu-central-1.amazonaws.com/api/v1/query\": request timeout"

running (02m09.9s), 0423/0500 VUs, 25567 complete and 0 interrupted iterations
constant_load   [  22% ] 0423/0500 VUs  02m09.9s/10m0s  200.00 iters/s
time="2026-09-05T15:24:08+02:00" level=warning msg="Request Failed" error="Post \"http://k8s-ragplatf-ciliumga-56da93c17a-2adc9d09e1c34b13.elb.eu-central-1.amazonaws.com/api/v1/query\": request timeout"
time="2026-09-05T15:24:08+02:00" level=warning msg="Request Failed" error="Post \"http://k8s-ragplatf-ciliumga-56da93c17a-2adc9d09e1c34b13.elb.eu-central-1.amazonaws.com/api/v1/query\": request timeout"
time="2026-09-05T15:24:08+02:00" level=warning msg="Request Failed" error="Post \"http://k8s-ragplatf-ciliumga-56da93c17a-2adc9d09e1c34b13.elb.eu-central-1.amazonaws.com/api/v1/query\": request timeout"
time="2026-09-05T15:24:08+02:00" level=warning msg="Request Failed" error="Post \"http://k8s-ragplatf-ciliumga-56da93c17a-2adc9d09e1c34b13.elb.eu-central-1.amazonaws.com/api/v1/query\": request timeout"
time="2026-09-05T15:24:08+02:00" level=warning msg="Request Failed" error="Post \"http://k8s-ragplatf-ciliumga-56da93c17a-2adc9d09e1c34b13.elb.eu-central-1.amazonaws.com/api/v1/query\": request timeout"
time="2026-09-05T15:24:09+02:00" level=warning msg="Request Failed" error="Post \"http://k8s-ragplatf-ciliumga-56da93c17a-2adc9d09e1c34b13.elb.eu-central-1.amazonaws.com/api/v1/query\": request timeout"
time="2026-09-05T15:24:09+02:00" level=warning msg="Request Failed" error="Post \"http://k8s-ragplatf-ciliumga-56da93c17a-2adc9d09e1c34b13.elb.eu-central-1.amazonaws.com/api/v1/query\": request timeout"

running (02m10.9s), 0432/0500 VUs, 25757 complete and 0 interrupted iterations
constant_load   [  22% ] 0432/0500 VUs  02m10.9s/10m0s  200.00 iters/s
time="2026-09-05T15:24:09+02:00" level=warning msg="Request Failed" error="Post \"http://k8s-ragplatf-ciliumga-56da93c17a-2adc9d09e1c34b13.elb.eu-central-1.amazonaws.com/api/v1/query\": request timeout"

running (02m11.9s), 0427/0500 VUs, 25962 complete and 0 interrupted iterations
constant_load   [  22% ] 0427/0500 VUs  02m11.9s/10m0s  200.00 iters/s

running (02m12.9s), 0433/0500 VUs, 26156 complete and 0 interrupted iterations
constant_load   [  22% ] 0433/0500 VUs  02m12.9s/10m0s  200.00 iters/s

running (02m13.9s), 0416/0500 VUs, 26373 complete and 0 interrupted iterations
constant_load   [  22% ] 0416/0500 VUs  02m13.9s/10m0s  200.00 iters/s

running (02m14.9s), 0429/0500 VUs, 26560 complete and 0 interrupted iterations
constant_load   [  22% ] 0429/0500 VUs  02m14.9s/10m0s  200.00 iters/s

running (02m15.9s), 0427/0500 VUs, 26762 complete and 0 interrupted iterations
constant_load   [  23% ] 0427/0500 VUs  02m15.9s/10m0s  200.00 iters/s

running (02m16.9s), 0431/0500 VUs, 26958 complete and 0 interrupted iterations
constant_load   [  23% ] 0431/0500 VUs  02m16.9s/10m0s  200.00 iters/s

running (02m17.9s), 0428/0500 VUs, 27161 complete and 0 interrupted iterations
constant_load   [  23% ] 0428/0500 VUs  02m17.9s/10m0s  200.00 iters/s

running (02m18.9s), 0424/0500 VUs, 27365 complete and 0 interrupted iterations
constant_load   [  23% ] 0424/0500 VUs  02m18.9s/10m0s  200.00 iters/s

running (02m19.9s), 0417/0500 VUs, 27572 complete and 0 interrupted iterations
constant_load   [  23% ] 0417/0500 VUs  02m19.9s/10m0s  200.00 iters/s

running (02m20.9s), 0422/0500 VUs, 27767 complete and 0 interrupted iterations
constant_load   [  23% ] 0422/0500 VUs  02m20.9s/10m0s  200.00 iters/s

running (02m21.9s), 0415/0500 VUs, 27974 complete and 0 interrupted iterations
constant_load   [  24% ] 0415/0500 VUs  02m21.9s/10m0s  200.00 iters/s

running (02m22.9s), 0426/0500 VUs, 28163 complete and 0 interrupted iterations
constant_load   [  24% ] 0426/0500 VUs  02m22.9s/10m0s  200.00 iters/s

running (02m23.9s), 0419/0500 VUs, 28370 complete and 0 interrupted iterations
constant_load   [  24% ] 0419/0500 VUs  02m23.9s/10m0s  200.00 iters/s

running (02m24.9s), 0415/0500 VUs, 28574 complete and 0 interrupted iterations
constant_load   [  24% ] 0415/0500 VUs  02m24.9s/10m0s  200.00 iters/s

running (02m25.9s), 0417/0500 VUs, 28772 complete and 0 interrupted iterations
constant_load   [  24% ] 0417/0500 VUs  02m25.9s/10m0s  200.00 iters/s

running (02m26.9s), 0415/0500 VUs, 28974 complete and 0 interrupted iterations
constant_load   [  24% ] 0415/0500 VUs  02m26.9s/10m0s  200.00 iters/s

running (02m27.9s), 0415/0500 VUs, 29174 complete and 0 interrupted iterations
constant_load   [  25% ] 0415/0500 VUs  02m27.9s/10m0s  200.00 iters/s

running (02m28.9s), 0425/0500 VUs, 29364 complete and 0 interrupted iterations
constant_load   [  25% ] 0425/0500 VUs  02m28.9s/10m0s  200.00 iters/s

running (02m29.9s), 0439/0500 VUs, 29550 complete and 0 interrupted iterations
constant_load   [  25% ] 0439/0500 VUs  02m29.9s/10m0s  200.00 iters/s

running (02m30.9s), 0416/0500 VUs, 29773 complete and 0 interrupted iterations
constant_load   [  25% ] 0416/0500 VUs  02m30.9s/10m0s  200.00 iters/s

running (02m31.9s), 0435/0500 VUs, 29954 complete and 0 interrupted iterations
constant_load   [  25% ] 0435/0500 VUs  02m31.9s/10m0s  200.00 iters/s

running (02m32.9s), 0420/0500 VUs, 30169 complete and 0 interrupted iterations
constant_load   [  25% ] 0420/0500 VUs  02m32.9s/10m0s  200.00 iters/s

running (02m33.9s), 0420/0500 VUs, 30369 complete and 0 interrupted iterations
constant_load   [  26% ] 0420/0500 VUs  02m33.9s/10m0s  200.00 iters/s

running (02m34.9s), 0428/0500 VUs, 30561 complete and 0 interrupted iterations
constant_load   [  26% ] 0428/0500 VUs  02m34.9s/10m0s  200.00 iters/s

running (02m35.9s), 0435/0500 VUs, 30754 complete and 0 interrupted iterations
constant_load   [  26% ] 0435/0500 VUs  02m35.9s/10m0s  200.00 iters/s

running (02m36.9s), 0419/0500 VUs, 30970 complete and 0 interrupted iterations
constant_load   [  26% ] 0419/0500 VUs  02m36.9s/10m0s  200.00 iters/s

running (02m37.9s), 0430/0500 VUs, 31159 complete and 0 interrupted iterations
constant_load   [  26% ] 0430/0500 VUs  02m37.9s/10m0s  200.00 iters/s

running (02m38.9s), 0421/0500 VUs, 31368 complete and 0 interrupted iterations
constant_load   [  26% ] 0421/0500 VUs  02m38.9s/10m0s  200.00 iters/s

running (02m39.9s), 0439/0500 VUs, 31550 complete and 0 interrupted iterations
constant_load   [  27% ] 0439/0500 VUs  02m39.9s/10m0s  200.00 iters/s

running (02m40.9s), 0439/0500 VUs, 31750 complete and 0 interrupted iterations
constant_load   [  27% ] 0439/0500 VUs  02m40.9s/10m0s  200.00 iters/s

running (02m41.9s), 0424/0500 VUs, 31965 complete and 0 interrupted iterations
constant_load   [  27% ] 0424/0500 VUs  02m41.9s/10m0s  200.00 iters/s

running (02m42.9s), 0435/0500 VUs, 32154 complete and 0 interrupted iterations
constant_load   [  27% ] 0435/0500 VUs  02m42.9s/10m0s  200.00 iters/s

running (02m43.9s), 0419/0500 VUs, 32370 complete and 0 interrupted iterations
constant_load   [  27% ] 0419/0500 VUs  02m43.9s/10m0s  200.00 iters/s

running (02m44.9s), 0425/0500 VUs, 32564 complete and 0 interrupted iterations
constant_load   [  27% ] 0425/0500 VUs  02m44.9s/10m0s  200.00 iters/s

running (02m45.9s), 0424/0500 VUs, 32765 complete and 0 interrupted iterations
constant_load   [  28% ] 0424/0500 VUs  02m45.9s/10m0s  200.00 iters/s
time="2026-09-05T15:24:44+02:00" level=warning msg="Request Failed" error="Post \"http://k8s-ragplatf-ciliumga-56da93c17a-2adc9d09e1c34b13.elb.eu-central-1.amazonaws.com/api/v1/query\": request timeout"
time="2026-09-05T15:24:44+02:00" level=warning msg="Request Failed" error="Post \"http://k8s-ragplatf-ciliumga-56da93c17a-2adc9d09e1c34b13.elb.eu-central-1.amazonaws.com/api/v1/query\": request timeout"
time="2026-09-05T15:24:44+02:00" level=warning msg="Request Failed" error="Post \"http://k8s-ragplatf-ciliumga-56da93c17a-2adc9d09e1c34b13.elb.eu-central-1.amazonaws.com/api/v1/query\": request timeout"
time="2026-09-05T15:24:44+02:00" level=warning msg="Request Failed" error="Post \"http://k8s-ragplatf-ciliumga-56da93c17a-2adc9d09e1c34b13.elb.eu-central-1.amazonaws.com/api/v1/query\": request timeout"

running (02m46.9s), 0418/0500 VUs, 32971 complete and 0 interrupted iterations
constant_load   [  28% ] 0418/0500 VUs  02m46.9s/10m0s  200.00 iters/s
time="2026-09-05T15:24:45+02:00" level=warning msg="Request Failed" error="Post \"http://k8s-ragplatf-ciliumga-56da93c17a-2adc9d09e1c34b13.elb.eu-central-1.amazonaws.com/api/v1/query\": request timeout"
time="2026-09-05T15:24:46+02:00" level=warning msg="Request Failed" error="Post \"http://k8s-ragplatf-ciliumga-56da93c17a-2adc9d09e1c34b13.elb.eu-central-1.amazonaws.com/api/v1/query\": request timeout"

running (02m47.9s), 0429/0500 VUs, 33160 complete and 0 interrupted iterations
constant_load   [  28% ] 0429/0500 VUs  02m47.9s/10m0s  200.00 iters/s

running (02m48.9s), 0423/0500 VUs, 33366 complete and 0 interrupted iterations
constant_load   [  28% ] 0423/0500 VUs  02m48.9s/10m0s  200.00 iters/s

running (02m49.9s), 0421/0500 VUs, 33568 complete and 0 interrupted iterations
constant_load   [  28% ] 0421/0500 VUs  02m49.9s/10m0s  200.00 iters/s

running (02m50.9s), 0420/0500 VUs, 33769 complete and 0 interrupted iterations
constant_load   [  28% ] 0420/0500 VUs  02m50.9s/10m0s  200.00 iters/s

running (02m51.9s), 0420/0500 VUs, 33969 complete and 0 interrupted iterations
constant_load   [  29% ] 0420/0500 VUs  02m51.9s/10m0s  200.00 iters/s

running (02m52.9s), 0439/0500 VUs, 34150 complete and 0 interrupted iterations
constant_load   [  29% ] 0439/0500 VUs  02m52.9s/10m0s  200.00 iters/s

running (02m53.9s), 0412/0500 VUs, 34377 complete and 0 interrupted iterations
constant_load   [  29% ] 0412/0500 VUs  02m53.9s/10m0s  200.00 iters/s

running (02m54.9s), 0421/0500 VUs, 34568 complete and 0 interrupted iterations
constant_load   [  29% ] 0421/0500 VUs  02m54.9s/10m0s  200.00 iters/s

running (02m55.9s), 0415/0500 VUs, 34774 complete and 0 interrupted iterations
constant_load   [  29% ] 0415/0500 VUs  02m55.9s/10m0s  200.00 iters/s

running (02m56.9s), 0422/0500 VUs, 34967 complete and 0 interrupted iterations
constant_load   [  29% ] 0422/0500 VUs  02m56.9s/10m0s  200.00 iters/s

running (02m57.9s), 0419/0500 VUs, 35170 complete and 0 interrupted iterations
constant_load   [  30% ] 0419/0500 VUs  02m57.9s/10m0s  200.00 iters/s

running (02m58.9s), 0420/0500 VUs, 35369 complete and 0 interrupted iterations
constant_load   [  30% ] 0420/0500 VUs  02m58.9s/10m0s  200.00 iters/s

running (02m59.9s), 0417/0500 VUs, 35572 complete and 0 interrupted iterations
constant_load   [  30% ] 0417/0500 VUs  02m59.9s/10m0s  200.00 iters/s

running (03m00.9s), 0268/0500 VUs, 35921 complete and 0 interrupted iterations
constant_load   [  30% ] 0268/0500 VUs  03m00.9s/10m0s  200.00 iters/s

running (03m01.9s), 0368/0500 VUs, 36021 complete and 0 interrupted iterations
constant_load   [  30% ] 0368/0500 VUs  03m01.9s/10m0s  200.00 iters/s

running (03m02.9s), 0453/0500 VUs, 36136 complete and 0 interrupted iterations
constant_load   [  30% ] 0453/0500 VUs  03m02.9s/10m0s  200.00 iters/s

running (03m03.9s), 0471/0500 VUs, 36318 complete and 0 interrupted iterations
constant_load   [  31% ] 0471/0500 VUs  03m03.9s/10m0s  200.00 iters/s

running (03m04.9s), 0457/0500 VUs, 36532 complete and 0 interrupted iterations
constant_load   [  31% ] 0457/0500 VUs  03m04.9s/10m0s  200.00 iters/s

running (03m05.9s), 0414/0500 VUs, 36775 complete and 0 interrupted iterations
constant_load   [  31% ] 0414/0500 VUs  03m05.9s/10m0s  200.00 iters/s

running (03m06.9s), 0414/0500 VUs, 36975 complete and 0 interrupted iterations
constant_load   [  31% ] 0414/0500 VUs  03m06.9s/10m0s  200.00 iters/s

running (03m07.9s), 0419/0500 VUs, 37170 complete and 0 interrupted iterations
constant_load   [  31% ] 0419/0500 VUs  03m07.9s/10m0s  200.00 iters/s
time="2026-09-05T15:25:06+02:00" level=warning msg="Request Failed" error="Post \"http://k8s-ragplatf-ciliumga-56da93c17a-2adc9d09e1c34b13.elb.eu-central-1.amazonaws.com/api/v1/query\": EOF"
time="2026-09-05T15:25:06+02:00" level=warning msg="Request Failed" error="Post \"http://k8s-ragplatf-ciliumga-56da93c17a-2adc9d09e1c34b13.elb.eu-central-1.amazonaws.com/api/v1/query\": EOF"
time="2026-09-05T15:25:06+02:00" level=warning msg="Request Failed" error="Post \"http://k8s-ragplatf-ciliumga-56da93c17a-2adc9d09e1c34b13.elb.eu-central-1.amazonaws.com/api/v1/query\": EOF"
time="2026-09-05T15:25:06+02:00" level=warning msg="Request Failed" error="Post \"http://k8s-ragplatf-ciliumga-56da93c17a-2adc9d09e1c34b13.elb.eu-central-1.amazonaws.com/api/v1/query\": EOF"
time="2026-09-05T15:25:06+02:00" level=warning msg="Request Failed" error="Post \"http://k8s-ragplatf-ciliumga-56da93c17a-2adc9d09e1c34b13.elb.eu-central-1.amazonaws.com/api/v1/query\": EOF"
time="2026-09-05T15:25:06+02:00" level=warning msg="Request Failed" error="Post \"http://k8s-ragplatf-ciliumga-56da93c17a-2adc9d09e1c34b13.elb.eu-central-1.amazonaws.com/api/v1/query\": EOF"
time="2026-09-05T15:25:06+02:00" level=warning msg="Request Failed" error="Post \"http://k8s-ragplatf-ciliumga-56da93c17a-2adc9d09e1c34b13.elb.eu-central-1.amazonaws.com/api/v1/query\": EOF"
time="2026-09-05T15:25:06+02:00" level=warning msg="Request Failed" error="Post \"http://k8s-ragplatf-ciliumga-56da93c17a-2adc9d09e1c34b13.elb.eu-central-1.amazonaws.com/api/v1/query\": EOF"
time="2026-09-05T15:25:06+02:00" level=warning msg="Request Failed" error="Post \"http://k8s-ragplatf-ciliumga-56da93c17a-2adc9d09e1c34b13.elb.eu-central-1.amazonaws.com/api/v1/query\": EOF"
time="2026-09-05T15:25:06+02:00" level=warning msg="Request Failed" error="Post \"http://k8s-ragplatf-ciliumga-56da93c17a-2adc9d09e1c34b13.elb.eu-central-1.amazonaws.com/api/v1/query\": EOF"
time="2026-09-05T15:25:06+02:00" level=warning msg="Request Failed" error="Post \"http://k8s-ragplatf-ciliumga-56da93c17a-2adc9d09e1c34b13.elb.eu-central-1.amazonaws.com/api/v1/query\": EOF"
time="2026-09-05T15:25:06+02:00" level=warning msg="Request Failed" error="Post \"http://k8s-ragplatf-ciliumga-56da93c17a-2adc9d09e1c34b13.elb.eu-central-1.amazonaws.com/api/v1/query\": EOF"
time="2026-09-05T15:25:06+02:00" level=warning msg="Request Failed" error="Post \"http://k8s-ragplatf-ciliumga-56da93c17a-2adc9d09e1c34b13.elb.eu-central-1.amazonaws.com/api/v1/query\": EOF"
time="2026-09-05T15:25:06+02:00" level=warning msg="Request Failed" error="Post \"http://k8s-ragplatf-ciliumga-56da93c17a-2adc9d09e1c34b13.elb.eu-central-1.amazonaws.com/api/v1/query\": EOF"
time="2026-09-05T15:25:06+02:00" level=warning msg="Request Failed" error="Post \"http://k8s-ragplatf-ciliumga-56da93c17a-2adc9d09e1c34b13.elb.eu-central-1.amazonaws.com/api/v1/query\": EOF"
time="2026-09-05T15:25:06+02:00" level=warning msg="Request Failed" error="Post \"http://k8s-ragplatf-ciliumga-56da93c17a-2adc9d09e1c34b13.elb.eu-central-1.amazonaws.com/api/v1/query\": EOF"
time="2026-09-05T15:25:06+02:00" level=warning msg="Request Failed" error="Post \"http://k8s-ragplatf-ciliumga-56da93c17a-2adc9d09e1c34b13.elb.eu-central-1.amazonaws.com/api/v1/query\": EOF"
time="2026-09-05T15:25:06+02:00" level=warning msg="Request Failed" error="Post \"http://k8s-ragplatf-ciliumga-56da93c17a-2adc9d09e1c34b13.elb.eu-central-1.amazonaws.com/api/v1/query\": EOF"
time="2026-09-05T15:25:06+02:00" level=warning msg="Request Failed" error="Post \"http://k8s-ragplatf-ciliumga-56da93c17a-2adc9d09e1c34b13.elb.eu-central-1.amazonaws.com/api/v1/query\": EOF"
time="2026-09-05T15:25:06+02:00" level=warning msg="Request Failed" error="Post \"http://k8s-ragplatf-ciliumga-56da93c17a-2adc9d09e1c34b13.elb.eu-central-1.amazonaws.com/api/v1/query\": EOF"
time="2026-09-05T15:25:06+02:00" level=warning msg="Request Failed" error="Post \"http://k8s-ragplatf-ciliumga-56da93c17a-2adc9d09e1c34b13.elb.eu-central-1.amazonaws.com/api/v1/query\": EOF"
time="2026-09-05T15:25:06+02:00" level=warning msg="Request Failed" error="Post \"http://k8s-ragplatf-ciliumga-56da93c17a-2adc9d09e1c34b13.elb.eu-central-1.amazonaws.com/api/v1/query\": EOF"
time="2026-09-05T15:25:06+02:00" level=warning msg="Request Failed" error="Post \"http://k8s-ragplatf-ciliumga-56da93c17a-2adc9d09e1c34b13.elb.eu-central-1.amazonaws.com/api/v1/query\": EOF"
time="2026-09-05T15:25:06+02:00" level=warning msg="Request Failed" error="Post \"http://k8s-ragplatf-ciliumga-56da93c17a-2adc9d09e1c34b13.elb.eu-central-1.amazonaws.com/api/v1/query\": EOF"
time="2026-09-05T15:25:06+02:00" level=warning msg="Request Failed" error="Post \"http://k8s-ragplatf-ciliumga-56da93c17a-2adc9d09e1c34b13.elb.eu-central-1.amazonaws.com/api/v1/query\": EOF"
time="2026-09-05T15:25:06+02:00" level=warning msg="Request Failed" error="Post \"http://k8s-ragplatf-ciliumga-56da93c17a-2adc9d09e1c34b13.elb.eu-central-1.amazonaws.com/api/v1/query\": EOF"
time="2026-09-05T15:25:06+02:00" level=warning msg="Request Failed" error="Post \"http://k8s-ragplatf-ciliumga-56da93c17a-2adc9d09e1c34b13.elb.eu-central-1.amazonaws.com/api/v1/query\": EOF"
time="2026-09-05T15:25:06+02:00" level=warning msg="Request Failed" error="Post \"http://k8s-ragplatf-ciliumga-56da93c17a-2adc9d09e1c34b13.elb.eu-central-1.amazonaws.com/api/v1/query\": EOF"
time="2026-09-05T15:25:06+02:00" level=warning msg="Request Failed" error="Post \"http://k8s-ragplatf-ciliumga-56da93c17a-2adc9d09e1c34b13.elb.eu-central-1.amazonaws.com/api/v1/query\": EOF"
time="2026-09-05T15:25:06+02:00" level=warning msg="Request Failed" error="Post \"http://k8s-ragplatf-ciliumga-56da93c17a-2adc9d09e1c34b13.elb.eu-central-1.amazonaws.com/api/v1/query\": EOF"
time="2026-09-05T15:25:06+02:00" level=warning msg="Request Failed" error="Post \"http://k8s-ragplatf-ciliumga-56da93c17a-2adc9d09e1c34b13.elb.eu-central-1.amazonaws.com/api/v1/query\": EOF"
time="2026-09-05T15:25:06+02:00" level=warning msg="Request Failed" error="Post \"http://k8s-ragplatf-ciliumga-56da93c17a-2adc9d09e1c34b13.elb.eu-central-1.amazonaws.com/api/v1/query\": EOF"
time="2026-09-05T15:25:06+02:00" level=warning msg="Request Failed" error="Post \"http://k8s-ragplatf-ciliumga-56da93c17a-2adc9d09e1c34b13.elb.eu-central-1.amazonaws.com/api/v1/query\": EOF"
time="2026-09-05T15:25:06+02:00" level=warning msg="Request Failed" error="Post \"http://k8s-ragplatf-ciliumga-56da93c17a-2adc9d09e1c34b13.elb.eu-central-1.amazonaws.com/api/v1/query\": EOF"
time="2026-09-05T15:25:06+02:00" level=warning msg="Request Failed" error="Post \"http://k8s-ragplatf-ciliumga-56da93c17a-2adc9d09e1c34b13.elb.eu-central-1.amazonaws.com/api/v1/query\": EOF"
time="2026-09-05T15:25:06+02:00" level=warning msg="Request Failed" error="Post \"http://k8s-ragplatf-ciliumga-56da93c17a-2adc9d09e1c34b13.elb.eu-central-1.amazonaws.com/api/v1/query\": EOF"
time="2026-09-05T15:25:06+02:00" level=warning msg="Request Failed" error="Post \"http://k8s-ragplatf-ciliumga-56da93c17a-2adc9d09e1c34b13.elb.eu-central-1.amazonaws.com/api/v1/query\": EOF"
time="2026-09-05T15:25:06+02:00" level=warning msg="Request Failed" error="Post \"http://k8s-ragplatf-ciliumga-56da93c17a-2adc9d09e1c34b13.elb.eu-central-1.amazonaws.com/api/v1/query\": EOF"
time="2026-09-05T15:25:06+02:00" level=warning msg="Request Failed" error="Post \"http://k8s-ragplatf-ciliumga-56da93c17a-2adc9d09e1c34b13.elb.eu-central-1.amazonaws.com/api/v1/query\": EOF"
time="2026-09-05T15:25:06+02:00" level=warning msg="Request Failed" error="Post \"http://k8s-ragplatf-ciliumga-56da93c17a-2adc9d09e1c34b13.elb.eu-central-1.amazonaws.com/api/v1/query\": EOF"
time="2026-09-05T15:25:06+02:00" level=warning msg="Request Failed" error="Post \"http://k8s-ragplatf-ciliumga-56da93c17a-2adc9d09e1c34b13.elb.eu-central-1.amazonaws.com/api/v1/query\": EOF"
time="2026-09-05T15:25:06+02:00" level=warning msg="Request Failed" error="Post \"http://k8s-ragplatf-ciliumga-56da93c17a-2adc9d09e1c34b13.elb.eu-central-1.amazonaws.com/api/v1/query\": EOF"
time="2026-09-05T15:25:06+02:00" level=warning msg="Request Failed" error="Post \"http://k8s-ragplatf-ciliumga-56da93c17a-2adc9d09e1c34b13.elb.eu-central-1.amazonaws.com/api/v1/query\": EOF"
time="2026-09-05T15:25:06+02:00" level=warning msg="Request Failed" error="Post \"http://k8s-ragplatf-ciliumga-56da93c17a-2adc9d09e1c34b13.elb.eu-central-1.amazonaws.com/api/v1/query\": EOF"
time="2026-09-05T15:25:06+02:00" level=warning msg="Request Failed" error="Post \"http://k8s-ragplatf-ciliumga-56da93c17a-2adc9d09e1c34b13.elb.eu-central-1.amazonaws.com/api/v1/query\": EOF"
time="2026-09-05T15:25:06+02:00" level=warning msg="Request Failed" error="Post \"http://k8s-ragplatf-ciliumga-56da93c17a-2adc9d09e1c34b13.elb.eu-central-1.amazonaws.com/api/v1/query\": EOF"
time="2026-09-05T15:25:06+02:00" level=warning msg="Request Failed" error="Post \"http://k8s-ragplatf-ciliumga-56da93c17a-2adc9d09e1c34b13.elb.eu-central-1.amazonaws.com/api/v1/query\": EOF"
time="2026-09-05T15:25:06+02:00" level=warning msg="Request Failed" error="Post \"http://k8s-ragplatf-ciliumga-56da93c17a-2adc9d09e1c34b13.elb.eu-central-1.amazonaws.com/api/v1/query\": EOF"
time="2026-09-05T15:25:06+02:00" level=warning msg="Request Failed" error="Post \"http://k8s-ragplatf-ciliumga-56da93c17a-2adc9d09e1c34b13.elb.eu-central-1.amazonaws.com/api/v1/query\": EOF"
time="2026-09-05T15:25:06+02:00" level=warning msg="Request Failed" error="Post \"http://k8s-ragplatf-ciliumga-56da93c17a-2adc9d09e1c34b13.elb.eu-central-1.amazonaws.com/api/v1/query\": EOF"
time="2026-09-05T15:25:06+02:00" level=warning msg="Request Failed" error="Post \"http://k8s-ragplatf-ciliumga-56da93c17a-2adc9d09e1c34b13.elb.eu-central-1.amazonaws.com/api/v1/query\": EOF"
time="2026-09-05T15:25:06+02:00" level=warning msg="Request Failed" error="Post \"http://k8s-ragplatf-ciliumga-56da93c17a-2adc9d09e1c34b13.elb.eu-central-1.amazonaws.com/api/v1/query\": EOF"
time="2026-09-05T15:25:06+02:00" level=warning msg="Request Failed" error="Post \"http://k8s-ragplatf-ciliumga-56da93c17a-2adc9d09e1c34b13.elb.eu-central-1.amazonaws.com/api/v1/query\": EOF"
time="2026-09-05T15:25:06+02:00" level=warning msg="Request Failed" error="Post \"http://k8s-ragplatf-ciliumga-56da93c17a-2adc9d09e1c34b13.elb.eu-central-1.amazonaws.com/api/v1/query\": EOF"
time="2026-09-05T15:25:06+02:00" level=warning msg="Request Failed" error="Post \"http://k8s-ragplatf-ciliumga-56da93c17a-2adc9d09e1c34b13.elb.eu-central-1.amazonaws.com/api/v1/query\": EOF"
time="2026-09-05T15:25:06+02:00" level=warning msg="Request Failed" error="Post \"http://k8s-ragplatf-ciliumga-56da93c17a-2adc9d09e1c34b13.elb.eu-central-1.amazonaws.com/api/v1/query\": EOF"
time="2026-09-05T15:25:06+02:00" level=warning msg="Request Failed" error="Post \"http://k8s-ragplatf-ciliumga-56da93c17a-2adc9d09e1c34b13.elb.eu-central-1.amazonaws.com/api/v1/query\": EOF"
time="2026-09-05T15:25:06+02:00" level=warning msg="Request Failed" error="Post \"http://k8s-ragplatf-ciliumga-56da93c17a-2adc9d09e1c34b13.elb.eu-central-1.amazonaws.com/api/v1/query\": EOF"
time="2026-09-05T15:25:06+02:00" level=warning msg="Request Failed" error="Post \"http://k8s-ragplatf-ciliumga-56da93c17a-2adc9d09e1c34b13.elb.eu-central-1.amazonaws.com/api/v1/query\": EOF"
time="2026-09-05T15:25:06+02:00" level=warning msg="Request Failed" error="Post \"http://k8s-ragplatf-ciliumga-56da93c17a-2adc9d09e1c34b13.elb.eu-central-1.amazonaws.com/api/v1/query\": EOF"
time="2026-09-05T15:25:06+02:00" level=warning msg="Request Failed" error="Post \"http://k8s-ragplatf-ciliumga-56da93c17a-2adc9d09e1c34b13.elb.eu-central-1.amazonaws.com/api/v1/query\": EOF"
time="2026-09-05T15:25:06+02:00" level=warning msg="Request Failed" error="Post \"http://k8s-ragplatf-ciliumga-56da93c17a-2adc9d09e1c34b13.elb.eu-central-1.amazonaws.com/api/v1/query\": EOF"
time="2026-09-05T15:25:06+02:00" level=warning msg="Request Failed" error="Post \"http://k8s-ragplatf-ciliumga-56da93c17a-2adc9d09e1c34b13.elb.eu-central-1.amazonaws.com/api/v1/query\": EOF"
time="2026-09-05T15:25:06+02:00" level=warning msg="Request Failed" error="Post \"http://k8s-ragplatf-ciliumga-56da93c17a-2adc9d09e1c34b13.elb.eu-central-1.amazonaws.com/api/v1/query\": EOF"
time="2026-09-05T15:25:06+02:00" level=warning msg="Request Failed" error="Post \"http://k8s-ragplatf-ciliumga-56da93c17a-2adc9d09e1c34b13.elb.eu-central-1.amazonaws.com/api/v1/query\": EOF"
time="2026-09-05T15:25:06+02:00" level=warning msg="Request Failed" error="Post \"http://k8s-ragplatf-ciliumga-56da93c17a-2adc9d09e1c34b13.elb.eu-central-1.amazonaws.com/api/v1/query\": EOF"
time="2026-09-05T15:25:06+02:00" level=warning msg="Request Failed" error="Post \"http://k8s-ragplatf-ciliumga-56da93c17a-2adc9d09e1c34b13.elb.eu-central-1.amazonaws.com/api/v1/query\": EOF"
time="2026-09-05T15:25:06+02:00" level=warning msg="Request Failed" error="Post \"http://k8s-ragplatf-ciliumga-56da93c17a-2adc9d09e1c34b13.elb.eu-central-1.amazonaws.com/api/v1/query\": EOF"
time="2026-09-05T15:25:06+02:00" level=warning msg="Request Failed" error="Post \"http://k8s-ragplatf-ciliumga-56da93c17a-2adc9d09e1c34b13.elb.eu-central-1.amazonaws.com/api/v1/query\": EOF"
time="2026-09-05T15:25:06+02:00" level=warning msg="Request Failed" error="Post \"http://k8s-ragplatf-ciliumga-56da93c17a-2adc9d09e1c34b13.elb.eu-central-1.amazonaws.com/api/v1/query\": EOF"
time="2026-09-05T15:25:06+02:00" level=warning msg="Request Failed" error="Post \"http://k8s-ragplatf-ciliumga-56da93c17a-2adc9d09e1c34b13.elb.eu-central-1.amazonaws.com/api/v1/query\": EOF"
time="2026-09-05T15:25:06+02:00" level=warning msg="Request Failed" error="Post \"http://k8s-ragplatf-ciliumga-56da93c17a-2adc9d09e1c34b13.elb.eu-central-1.amazonaws.com/api/v1/query\": EOF"
time="2026-09-05T15:25:06+02:00" level=warning msg="Request Failed" error="Post \"http://k8s-ragplatf-ciliumga-56da93c17a-2adc9d09e1c34b13.elb.eu-central-1.amazonaws.com/api/v1/query\": EOF"
time="2026-09-05T15:25:06+02:00" level=warning msg="Request Failed" error="Post \"http://k8s-ragplatf-ciliumga-56da93c17a-2adc9d09e1c34b13.elb.eu-central-1.amazonaws.com/api/v1/query\": EOF"
time="2026-09-05T15:25:06+02:00" level=warning msg="Request Failed" error="Post \"http://k8s-ragplatf-ciliumga-56da93c17a-2adc9d09e1c34b13.elb.eu-central-1.amazonaws.com/api/v1/query\": EOF"
time="2026-09-05T15:25:06+02:00" level=warning msg="Request Failed" error="Post \"http://k8s-ragplatf-ciliumga-56da93c17a-2adc9d09e1c34b13.elb.eu-central-1.amazonaws.com/api/v1/query\": EOF"
time="2026-09-05T15:25:06+02:00" level=warning msg="Request Failed" error="Post \"http://k8s-ragplatf-ciliumga-56da93c17a-2adc9d09e1c34b13.elb.eu-central-1.amazonaws.com/api/v1/query\": EOF"
time="2026-09-05T15:25:06+02:00" level=warning msg="Request Failed" error="Post \"http://k8s-ragplatf-ciliumga-56da93c17a-2adc9d09e1c34b13.elb.eu-central-1.amazonaws.com/api/v1/query\": EOF"
time="2026-09-05T15:25:06+02:00" level=warning msg="Request Failed" error="Post \"http://k8s-ragplatf-ciliumga-56da93c17a-2adc9d09e1c34b13.elb.eu-central-1.amazonaws.com/api/v1/query\": EOF"
time="2026-09-05T15:25:06+02:00" level=warning msg="Request Failed" error="Post \"http://k8s-ragplatf-ciliumga-56da93c17a-2adc9d09e1c34b13.elb.eu-central-1.amazonaws.com/api/v1/query\": EOF"
time="2026-09-05T15:25:06+02:00" level=warning msg="Request Failed" error="Post \"http://k8s-ragplatf-ciliumga-56da93c17a-2adc9d09e1c34b13.elb.eu-central-1.amazonaws.com/api/v1/query\": EOF"
time="2026-09-05T15:25:06+02:00" level=warning msg="Request Failed" error="Post \"http://k8s-ragplatf-ciliumga-56da93c17a-2adc9d09e1c34b13.elb.eu-central-1.amazonaws.com/api/v1/query\": EOF"
time="2026-09-05T15:25:06+02:00" level=warning msg="Request Failed" error="Post \"http://k8s-ragplatf-ciliumga-56da93c17a-2adc9d09e1c34b13.elb.eu-central-1.amazonaws.com/api/v1/query\": EOF"
time="2026-09-05T15:25:06+02:00" level=warning msg="Request Failed" error="Post \"http://k8s-ragplatf-ciliumga-56da93c17a-2adc9d09e1c34b13.elb.eu-central-1.amazonaws.com/api/v1/query\": EOF"
time="2026-09-05T15:25:06+02:00" level=warning msg="Request Failed" error="Post \"http://k8s-ragplatf-ciliumga-56da93c17a-2adc9d09e1c34b13.elb.eu-central-1.amazonaws.com/api/v1/query\": EOF"
time="2026-09-05T15:25:06+02:00" level=warning msg="Request Failed" error="Post \"http://k8s-ragplatf-ciliumga-56da93c17a-2adc9d09e1c34b13.elb.eu-central-1.amazonaws.com/api/v1/query\": EOF"
time="2026-09-05T15:25:06+02:00" level=warning msg="Request Failed" error="Post \"http://k8s-ragplatf-ciliumga-56da93c17a-2adc9d09e1c34b13.elb.eu-central-1.amazonaws.com/api/v1/query\": EOF"
time="2026-09-05T15:25:06+02:00" level=warning msg="Request Failed" error="Post \"http://k8s-ragplatf-ciliumga-56da93c17a-2adc9d09e1c34b13.elb.eu-central-1.amazonaws.com/api/v1/query\": EOF"
time="2026-09-05T15:25:06+02:00" level=warning msg="Request Failed" error="Post \"http://k8s-ragplatf-ciliumga-56da93c17a-2adc9d09e1c34b13.elb.eu-central-1.amazonaws.com/api/v1/query\": EOF"
time="2026-09-05T15:25:06+02:00" level=warning msg="Request Failed" error="Post \"http://k8s-ragplatf-ciliumga-56da93c17a-2adc9d09e1c34b13.elb.eu-central-1.amazonaws.com/api/v1/query\": EOF"
time="2026-09-05T15:25:06+02:00" level=warning msg="Request Failed" error="Post \"http://k8s-ragplatf-ciliumga-56da93c17a-2adc9d09e1c34b13.elb.eu-central-1.amazonaws.com/api/v1/query\": EOF"
time="2026-09-05T15:25:06+02:00" level=warning msg="Request Failed" error="Post \"http://k8s-ragplatf-ciliumga-56da93c17a-2adc9d09e1c34b13.elb.eu-central-1.amazonaws.com/api/v1/query\": EOF"
time="2026-09-05T15:25:06+02:00" level=warning msg="Request Failed" error="Post \"http://k8s-ragplatf-ciliumga-56da93c17a-2adc9d09e1c34b13.elb.eu-central-1.amazonaws.com/api/v1/query\": EOF"
time="2026-09-05T15:25:06+02:00" level=warning msg="Request Failed" error="Post \"http://k8s-ragplatf-ciliumga-56da93c17a-2adc9d09e1c34b13.elb.eu-central-1.amazonaws.com/api/v1/query\": EOF"
time="2026-09-05T15:25:06+02:00" level=warning msg="Request Failed" error="Post \"http://k8s-ragplatf-ciliumga-56da93c17a-2adc9d09e1c34b13.elb.eu-central-1.amazonaws.com/api/v1/query\": EOF"
time="2026-09-05T15:25:06+02:00" level=warning msg="Request Failed" error="Post \"http://k8s-ragplatf-ciliumga-56da93c17a-2adc9d09e1c34b13.elb.eu-central-1.amazonaws.com/api/v1/query\": EOF"
time="2026-09-05T15:25:06+02:00" level=warning msg="Request Failed" error="Post \"http://k8s-ragplatf-ciliumga-56da93c17a-2adc9d09e1c34b13.elb.eu-central-1.amazonaws.com/api/v1/query\": EOF"
time="2026-09-05T15:25:06+02:00" level=warning msg="Request Failed" error="Post \"http://k8s-ragplatf-ciliumga-56da93c17a-2adc9d09e1c34b13.elb.eu-central-1.amazonaws.com/api/v1/query\": EOF"
time="2026-09-05T15:25:06+02:00" level=warning msg="Request Failed" error="Post \"http://k8s-ragplatf-ciliumga-56da93c17a-2adc9d09e1c34b13.elb.eu-central-1.amazonaws.com/api/v1/query\": EOF"
time="2026-09-05T15:25:06+02:00" level=warning msg="Request Failed" error="Post \"http://k8s-ragplatf-ciliumga-56da93c17a-2adc9d09e1c34b13.elb.eu-central-1.amazonaws.com/api/v1/query\": EOF"
time="2026-09-05T15:25:06+02:00" level=warning msg="Request Failed" error="Post \"http://k8s-ragplatf-ciliumga-56da93c17a-2adc9d09e1c34b13.elb.eu-central-1.amazonaws.com/api/v1/query\": EOF"
time="2026-09-05T15:25:06+02:00" level=warning msg="Request Failed" error="Post \"http://k8s-ragplatf-ciliumga-56da93c17a-2adc9d09e1c34b13.elb.eu-central-1.amazonaws.com/api/v1/query\": EOF"
time="2026-09-05T15:25:06+02:00" level=warning msg="Request Failed" error="Post \"http://k8s-ragplatf-ciliumga-56da93c17a-2adc9d09e1c34b13.elb.eu-central-1.amazonaws.com/api/v1/query\": EOF"
time="2026-09-05T15:25:06+02:00" level=warning msg="Request Failed" error="Post \"http://k8s-ragplatf-ciliumga-56da93c17a-2adc9d09e1c34b13.elb.eu-central-1.amazonaws.com/api/v1/query\": EOF"
time="2026-09-05T15:25:06+02:00" level=warning msg="Request Failed" error="Post \"http://k8s-ragplatf-ciliumga-56da93c17a-2adc9d09e1c34b13.elb.eu-central-1.amazonaws.com/api/v1/query\": EOF"
time="2026-09-05T15:25:06+02:00" level=warning msg="Request Failed" error="Post \"http://k8s-ragplatf-ciliumga-56da93c17a-2adc9d09e1c34b13.elb.eu-central-1.amazonaws.com/api/v1/query\": EOF"
time="2026-09-05T15:25:06+02:00" level=warning msg="Request Failed" error="Post \"http://k8s-ragplatf-ciliumga-56da93c17a-2adc9d09e1c34b13.elb.eu-central-1.amazonaws.com/api/v1/query\": EOF"
time="2026-09-05T15:25:06+02:00" level=warning msg="Request Failed" error="Post \"http://k8s-ragplatf-ciliumga-56da93c17a-2adc9d09e1c34b13.elb.eu-central-1.amazonaws.com/api/v1/query\": EOF"
time="2026-09-05T15:25:06+02:00" level=warning msg="Request Failed" error="Post \"http://k8s-ragplatf-ciliumga-56da93c17a-2adc9d09e1c34b13.elb.eu-central-1.amazonaws.com/api/v1/query\": EOF"
time="2026-09-05T15:25:06+02:00" level=warning msg="Request Failed" error="Post \"http://k8s-ragplatf-ciliumga-56da93c17a-2adc9d09e1c34b13.elb.eu-central-1.amazonaws.com/api/v1/query\": EOF"
time="2026-09-05T15:25:06+02:00" level=warning msg="Request Failed" error="Post \"http://k8s-ragplatf-ciliumga-56da93c17a-2adc9d09e1c34b13.elb.eu-central-1.amazonaws.com/api/v1/query\": EOF"
time="2026-09-05T15:25:06+02:00" level=warning msg="Request Failed" error="Post \"http://k8s-ragplatf-ciliumga-56da93c17a-2adc9d09e1c34b13.elb.eu-central-1.amazonaws.com/api/v1/query\": EOF"
time="2026-09-05T15:25:06+02:00" level=warning msg="Request Failed" error="Post \"http://k8s-ragplatf-ciliumga-56da93c17a-2adc9d09e1c34b13.elb.eu-central-1.amazonaws.com/api/v1/query\": EOF"
time="2026-09-05T15:25:06+02:00" level=warning msg="Request Failed" error="Post \"http://k8s-ragplatf-ciliumga-56da93c17a-2adc9d09e1c34b13.elb.eu-central-1.amazonaws.com/api/v1/query\": EOF"
time="2026-09-05T15:25:06+02:00" level=warning msg="Request Failed" error="Post \"http://k8s-ragplatf-ciliumga-56da93c17a-2adc9d09e1c34b13.elb.eu-central-1.amazonaws.com/api/v1/query\": EOF"
time="2026-09-05T15:25:06+02:00" level=warning msg="Request Failed" error="Post \"http://k8s-ragplatf-ciliumga-56da93c17a-2adc9d09e1c34b13.elb.eu-central-1.amazonaws.com/api/v1/query\": EOF"
time="2026-09-05T15:25:06+02:00" level=warning msg="Request Failed" error="Post \"http://k8s-ragplatf-ciliumga-56da93c17a-2adc9d09e1c34b13.elb.eu-central-1.amazonaws.com/api/v1/query\": EOF"
time="2026-09-05T15:25:06+02:00" level=warning msg="Request Failed" error="Post \"http://k8s-ragplatf-ciliumga-56da93c17a-2adc9d09e1c34b13.elb.eu-central-1.amazonaws.com/api/v1/query\": EOF"
time="2026-09-05T15:25:06+02:00" level=warning msg="Request Failed" error="Post \"http://k8s-ragplatf-ciliumga-56da93c17a-2adc9d09e1c34b13.elb.eu-central-1.amazonaws.com/api/v1/query\": EOF"
time="2026-09-05T15:25:06+02:00" level=warning msg="Request Failed" error="Post \"http://k8s-ragplatf-ciliumga-56da93c17a-2adc9d09e1c34b13.elb.eu-central-1.amazonaws.com/api/v1/query\": EOF"
time="2026-09-05T15:25:06+02:00" level=warning msg="Request Failed" error="Post \"http://k8s-ragplatf-ciliumga-56da93c17a-2adc9d09e1c34b13.elb.eu-central-1.amazonaws.com/api/v1/query\": EOF"
time="2026-09-05T15:25:06+02:00" level=warning msg="Request Failed" error="Post \"http://k8s-ragplatf-ciliumga-56da93c17a-2adc9d09e1c34b13.elb.eu-central-1.amazonaws.com/api/v1/query\": EOF"
time="2026-09-05T15:25:06+02:00" level=warning msg="Request Failed" error="Post \"http://k8s-ragplatf-ciliumga-56da93c17a-2adc9d09e1c34b13.elb.eu-central-1.amazonaws.com/api/v1/query\": EOF"
time="2026-09-05T15:25:06+02:00" level=warning msg="Request Failed" error="Post \"http://k8s-ragplatf-ciliumga-56da93c17a-2adc9d09e1c34b13.elb.eu-central-1.amazonaws.com/api/v1/query\": EOF"
time="2026-09-05T15:25:06+02:00" level=warning msg="Request Failed" error="Post \"http://k8s-ragplatf-ciliumga-56da93c17a-2adc9d09e1c34b13.elb.eu-central-1.amazonaws.com/api/v1/query\": EOF"
time="2026-09-05T15:25:06+02:00" level=warning msg="Request Failed" error="Post \"http://k8s-ragplatf-ciliumga-56da93c17a-2adc9d09e1c34b13.elb.eu-central-1.amazonaws.com/api/v1/query\": EOF"
time="2026-09-05T15:25:06+02:00" level=warning msg="Request Failed" error="Post \"http://k8s-ragplatf-ciliumga-56da93c17a-2adc9d09e1c34b13.elb.eu-central-1.amazonaws.com/api/v1/query\": EOF"
time="2026-09-05T15:25:06+02:00" level=warning msg="Request Failed" error="Post \"http://k8s-ragplatf-ciliumga-56da93c17a-2adc9d09e1c34b13.elb.eu-central-1.amazonaws.com/api/v1/query\": EOF"
time="2026-09-05T15:25:06+02:00" level=warning msg="Request Failed" error="Post \"http://k8s-ragplatf-ciliumga-56da93c17a-2adc9d09e1c34b13.elb.eu-central-1.amazonaws.com/api/v1/query\": EOF"
time="2026-09-05T15:25:06+02:00" level=warning msg="Request Failed" error="Post \"http://k8s-ragplatf-ciliumga-56da93c17a-2adc9d09e1c34b13.elb.eu-central-1.amazonaws.com/api/v1/query\": EOF"
time="2026-09-05T15:25:06+02:00" level=warning msg="Request Failed" error="Post \"http://k8s-ragplatf-ciliumga-56da93c17a-2adc9d09e1c34b13.elb.eu-central-1.amazonaws.com/api/v1/query\": EOF"
time="2026-09-05T15:25:06+02:00" level=warning msg="Request Failed" error="Post \"http://k8s-ragplatf-ciliumga-56da93c17a-2adc9d09e1c34b13.elb.eu-central-1.amazonaws.com/api/v1/query\": EOF"
time="2026-09-05T15:25:06+02:00" level=warning msg="Request Failed" error="Post \"http://k8s-ragplatf-ciliumga-56da93c17a-2adc9d09e1c34b13.elb.eu-central-1.amazonaws.com/api/v1/query\": EOF"
time="2026-09-05T15:25:06+02:00" level=warning msg="Request Failed" error="Post \"http://k8s-ragplatf-ciliumga-56da93c17a-2adc9d09e1c34b13.elb.eu-central-1.amazonaws.com/api/v1/query\": EOF"
time="2026-09-05T15:25:06+02:00" level=warning msg="Request Failed" error="Post \"http://k8s-ragplatf-ciliumga-56da93c17a-2adc9d09e1c34b13.elb.eu-central-1.amazonaws.com/api/v1/query\": EOF"
time="2026-09-05T15:25:06+02:00" level=warning msg="Request Failed" error="Post \"http://k8s-ragplatf-ciliumga-56da93c17a-2adc9d09e1c34b13.elb.eu-central-1.amazonaws.com/api/v1/query\": EOF"
time="2026-09-05T15:25:06+02:00" level=warning msg="Request Failed" error="Post \"http://k8s-ragplatf-ciliumga-56da93c17a-2adc9d09e1c34b13.elb.eu-central-1.amazonaws.com/api/v1/query\": EOF"
time="2026-09-05T15:25:06+02:00" level=warning msg="Request Failed" error="Post \"http://k8s-ragplatf-ciliumga-56da93c17a-2adc9d09e1c34b13.elb.eu-central-1.amazonaws.com/api/v1/query\": EOF"
time="2026-09-05T15:25:06+02:00" level=warning msg="Request Failed" error="Post \"http://k8s-ragplatf-ciliumga-56da93c17a-2adc9d09e1c34b13.elb.eu-central-1.amazonaws.com/api/v1/query\": EOF"
time="2026-09-05T15:25:06+02:00" level=warning msg="Request Failed" error="Post \"http://k8s-ragplatf-ciliumga-56da93c17a-2adc9d09e1c34b13.elb.eu-central-1.amazonaws.com/api/v1/query\": EOF"
time="2026-09-05T15:25:06+02:00" level=warning msg="Request Failed" error="Post \"http://k8s-ragplatf-ciliumga-56da93c17a-2adc9d09e1c34b13.elb.eu-central-1.amazonaws.com/api/v1/query\": EOF"
time="2026-09-05T15:25:06+02:00" level=warning msg="Request Failed" error="Post \"http://k8s-ragplatf-ciliumga-56da93c17a-2adc9d09e1c34b13.elb.eu-central-1.amazonaws.com/api/v1/query\": EOF"
time="2026-09-05T15:25:06+02:00" level=warning msg="Request Failed" error="Post \"http://k8s-ragplatf-ciliumga-56da93c17a-2adc9d09e1c34b13.elb.eu-central-1.amazonaws.com/api/v1/query\": EOF"
time="2026-09-05T15:25:06+02:00" level=warning msg="Request Failed" error="Post \"http://k8s-ragplatf-ciliumga-56da93c17a-2adc9d09e1c34b13.elb.eu-central-1.amazonaws.com/api/v1/query\": EOF"
time="2026-09-05T15:25:06+02:00" level=warning msg="Request Failed" error="Post \"http://k8s-ragplatf-ciliumga-56da93c17a-2adc9d09e1c34b13.elb.eu-central-1.amazonaws.com/api/v1/query\": EOF"
time="2026-09-05T15:25:06+02:00" level=warning msg="Request Failed" error="Post \"http://k8s-ragplatf-ciliumga-56da93c17a-2adc9d09e1c34b13.elb.eu-central-1.amazonaws.com/api/v1/query\": EOF"
time="2026-09-05T15:25:06+02:00" level=warning msg="Request Failed" error="Post \"http://k8s-ragplatf-ciliumga-56da93c17a-2adc9d09e1c34b13.elb.eu-central-1.amazonaws.com/api/v1/query\": EOF"
time="2026-09-05T15:25:06+02:00" level=warning msg="Request Failed" error="Post \"http://k8s-ragplatf-ciliumga-56da93c17a-2adc9d09e1c34b13.elb.eu-central-1.amazonaws.com/api/v1/query\": EOF"
time="2026-09-05T15:25:06+02:00" level=warning msg="Request Failed" error="Post \"http://k8s-ragplatf-ciliumga-56da93c17a-2adc9d09e1c34b13.elb.eu-central-1.amazonaws.com/api/v1/query\": EOF"
time="2026-09-05T15:25:06+02:00" level=warning msg="Request Failed" error="Post \"http://k8s-ragplatf-ciliumga-56da93c17a-2adc9d09e1c34b13.elb.eu-central-1.amazonaws.com/api/v1/query\": EOF"
time="2026-09-05T15:25:06+02:00" level=warning msg="Request Failed" error="Post \"http://k8s-ragplatf-ciliumga-56da93c17a-2adc9d09e1c34b13.elb.eu-central-1.amazonaws.com/api/v1/query\": EOF"
time="2026-09-05T15:25:06+02:00" level=warning msg="Request Failed" error="Post \"http://k8s-ragplatf-ciliumga-56da93c17a-2adc9d09e1c34b13.elb.eu-central-1.amazonaws.com/api/v1/query\": EOF"
time="2026-09-05T15:25:06+02:00" level=warning msg="Request Failed" error="Post \"http://k8s-ragplatf-ciliumga-56da93c17a-2adc9d09e1c34b13.elb.eu-central-1.amazonaws.com/api/v1/query\": EOF"
time="2026-09-05T15:25:06+02:00" level=warning msg="Request Failed" error="Post \"http://k8s-ragplatf-ciliumga-56da93c17a-2adc9d09e1c34b13.elb.eu-central-1.amazonaws.com/api/v1/query\": EOF"
time="2026-09-05T15:25:06+02:00" level=warning msg="Request Failed" error="Post \"http://k8s-ragplatf-ciliumga-56da93c17a-2adc9d09e1c34b13.elb.eu-central-1.amazonaws.com/api/v1/query\": EOF"
time="2026-09-05T15:25:06+02:00" level=warning msg="Request Failed" error="Post \"http://k8s-ragplatf-ciliumga-56da93c17a-2adc9d09e1c34b13.elb.eu-central-1.amazonaws.com/api/v1/query\": EOF"
time="2026-09-05T15:25:06+02:00" level=warning msg="Request Failed" error="Post \"http://k8s-ragplatf-ciliumga-56da93c17a-2adc9d09e1c34b13.elb.eu-central-1.amazonaws.com/api/v1/query\": EOF"
time="2026-09-05T15:25:06+02:00" level=warning msg="Request Failed" error="Post \"http://k8s-ragplatf-ciliumga-56da93c17a-2adc9d09e1c34b13.elb.eu-central-1.amazonaws.com/api/v1/query\": EOF"
time="2026-09-05T15:25:06+02:00" level=warning msg="Request Failed" error="Post \"http://k8s-ragplatf-ciliumga-56da93c17a-2adc9d09e1c34b13.elb.eu-central-1.amazonaws.com/api/v1/query\": EOF"
time="2026-09-05T15:25:06+02:00" level=warning msg="Request Failed" error="Post \"http://k8s-ragplatf-ciliumga-56da93c17a-2adc9d09e1c34b13.elb.eu-central-1.amazonaws.com/api/v1/query\": EOF"
time="2026-09-05T15:25:06+02:00" level=warning msg="Request Failed" error="Post \"http://k8s-ragplatf-ciliumga-56da93c17a-2adc9d09e1c34b13.elb.eu-central-1.amazonaws.com/api/v1/query\": EOF"
time="2026-09-05T15:25:06+02:00" level=warning msg="Request Failed" error="Post \"http://k8s-ragplatf-ciliumga-56da93c17a-2adc9d09e1c34b13.elb.eu-central-1.amazonaws.com/api/v1/query\": EOF"
time="2026-09-05T15:25:06+02:00" level=warning msg="Request Failed" error="Post \"http://k8s-ragplatf-ciliumga-56da93c17a-2adc9d09e1c34b13.elb.eu-central-1.amazonaws.com/api/v1/query\": EOF"
time="2026-09-05T15:25:06+02:00" level=warning msg="Request Failed" error="Post \"http://k8s-ragplatf-ciliumga-56da93c17a-2adc9d09e1c34b13.elb.eu-central-1.amazonaws.com/api/v1/query\": EOF"
time="2026-09-05T15:25:06+02:00" level=warning msg="Request Failed" error="Post \"http://k8s-ragplatf-ciliumga-56da93c17a-2adc9d09e1c34b13.elb.eu-central-1.amazonaws.com/api/v1/query\": EOF"
time="2026-09-05T15:25:06+02:00" level=warning msg="Request Failed" error="Post \"http://k8s-ragplatf-ciliumga-56da93c17a-2adc9d09e1c34b13.elb.eu-central-1.amazonaws.com/api/v1/query\": EOF"
time="2026-09-05T15:25:06+02:00" level=warning msg="Request Failed" error="Post \"http://k8s-ragplatf-ciliumga-56da93c17a-2adc9d09e1c34b13.elb.eu-central-1.amazonaws.com/api/v1/query\": EOF"
time="2026-09-05T15:25:06+02:00" level=warning msg="Request Failed" error="Post \"http://k8s-ragplatf-ciliumga-56da93c17a-2adc9d09e1c34b13.elb.eu-central-1.amazonaws.com/api/v1/query\": EOF"
time="2026-09-05T15:25:06+02:00" level=warning msg="Request Failed" error="Post \"http://k8s-ragplatf-ciliumga-56da93c17a-2adc9d09e1c34b13.elb.eu-central-1.amazonaws.com/api/v1/query\": EOF"
time="2026-09-05T15:25:06+02:00" level=warning msg="Request Failed" error="Post \"http://k8s-ragplatf-ciliumga-56da93c17a-2adc9d09e1c34b13.elb.eu-central-1.amazonaws.com/api/v1/query\": EOF"
time="2026-09-05T15:25:06+02:00" level=warning msg="Request Failed" error="Post \"http://k8s-ragplatf-ciliumga-56da93c17a-2adc9d09e1c34b13.elb.eu-central-1.amazonaws.com/api/v1/query\": EOF"
time="2026-09-05T15:25:06+02:00" level=warning msg="Request Failed" error="Post \"http://k8s-ragplatf-ciliumga-56da93c17a-2adc9d09e1c34b13.elb.eu-central-1.amazonaws.com/api/v1/query\": EOF"
time="2026-09-05T15:25:06+02:00" level=warning msg="Request Failed" error="Post \"http://k8s-ragplatf-ciliumga-56da93c17a-2adc9d09e1c34b13.elb.eu-central-1.amazonaws.com/api/v1/query\": EOF"
time="2026-09-05T15:25:06+02:00" level=warning msg="Request Failed" error="Post \"http://k8s-ragplatf-ciliumga-56da93c17a-2adc9d09e1c34b13.elb.eu-central-1.amazonaws.com/api/v1/query\": EOF"
time="2026-09-05T15:25:06+02:00" level=warning msg="Request Failed" error="Post \"http://k8s-ragplatf-ciliumga-56da93c17a-2adc9d09e1c34b13.elb.eu-central-1.amazonaws.com/api/v1/query\": EOF"
time="2026-09-05T15:25:06+02:00" level=warning msg="Request Failed" error="Post \"http://k8s-ragplatf-ciliumga-56da93c17a-2adc9d09e1c34b13.elb.eu-central-1.amazonaws.com/api/v1/query\": EOF"
time="2026-09-05T15:25:06+02:00" level=warning msg="Request Failed" error="Post \"http://k8s-ragplatf-ciliumga-56da93c17a-2adc9d09e1c34b13.elb.eu-central-1.amazonaws.com/api/v1/query\": EOF"
time="2026-09-05T15:25:06+02:00" level=warning msg="Request Failed" error="Post \"http://k8s-ragplatf-ciliumga-56da93c17a-2adc9d09e1c34b13.elb.eu-central-1.amazonaws.com/api/v1/query\": EOF"
time="2026-09-05T15:25:06+02:00" level=warning msg="Request Failed" error="Post \"http://k8s-ragplatf-ciliumga-56da93c17a-2adc9d09e1c34b13.elb.eu-central-1.amazonaws.com/api/v1/query\": EOF"
time="2026-09-05T15:25:06+02:00" level=warning msg="Request Failed" error="Post \"http://k8s-ragplatf-ciliumga-56da93c17a-2adc9d09e1c34b13.elb.eu-central-1.amazonaws.com/api/v1/query\": EOF"
time="2026-09-05T15:25:06+02:00" level=warning msg="Request Failed" error="Post \"http://k8s-ragplatf-ciliumga-56da93c17a-2adc9d09e1c34b13.elb.eu-central-1.amazonaws.com/api/v1/query\": EOF"
time="2026-09-05T15:25:06+02:00" level=warning msg="Request Failed" error="Post \"http://k8s-ragplatf-ciliumga-56da93c17a-2adc9d09e1c34b13.elb.eu-central-1.amazonaws.com/api/v1/query\": EOF"
time="2026-09-05T15:25:06+02:00" level=warning msg="Request Failed" error="Post \"http://k8s-ragplatf-ciliumga-56da93c17a-2adc9d09e1c34b13.elb.eu-central-1.amazonaws.com/api/v1/query\": EOF"
time="2026-09-05T15:25:06+02:00" level=warning msg="Request Failed" error="Post \"http://k8s-ragplatf-ciliumga-56da93c17a-2adc9d09e1c34b13.elb.eu-central-1.amazonaws.com/api/v1/query\": EOF"
time="2026-09-05T15:25:06+02:00" level=warning msg="Request Failed" error="Post \"http://k8s-ragplatf-ciliumga-56da93c17a-2adc9d09e1c34b13.elb.eu-central-1.amazonaws.com/api/v1/query\": EOF"
time="2026-09-05T15:25:06+02:00" level=warning msg="Request Failed" error="Post \"http://k8s-ragplatf-ciliumga-56da93c17a-2adc9d09e1c34b13.elb.eu-central-1.amazonaws.com/api/v1/query\": EOF"
time="2026-09-05T15:25:06+02:00" level=warning msg="Request Failed" error="Post \"http://k8s-ragplatf-ciliumga-56da93c17a-2adc9d09e1c34b13.elb.eu-central-1.amazonaws.com/api/v1/query\": EOF"
time="2026-09-05T15:25:06+02:00" level=warning msg="Request Failed" error="Post \"http://k8s-ragplatf-ciliumga-56da93c17a-2adc9d09e1c34b13.elb.eu-central-1.amazonaws.com/api/v1/query\": EOF"
time="2026-09-05T15:25:06+02:00" level=warning msg="Request Failed" error="Post \"http://k8s-ragplatf-ciliumga-56da93c17a-2adc9d09e1c34b13.elb.eu-central-1.amazonaws.com/api/v1/query\": EOF"
time="2026-09-05T15:25:06+02:00" level=warning msg="Request Failed" error="Post \"http://k8s-ragplatf-ciliumga-56da93c17a-2adc9d09e1c34b13.elb.eu-central-1.amazonaws.com/api/v1/query\": EOF"
time="2026-09-05T15:25:06+02:00" level=warning msg="Request Failed" error="Post \"http://k8s-ragplatf-ciliumga-56da93c17a-2adc9d09e1c34b13.elb.eu-central-1.amazonaws.com/api/v1/query\": EOF"
time="2026-09-05T15:25:06+02:00" level=warning msg="Request Failed" error="Post \"http://k8s-ragplatf-ciliumga-56da93c17a-2adc9d09e1c34b13.elb.eu-central-1.amazonaws.com/api/v1/query\": EOF"
time="2026-09-05T15:25:06+02:00" level=warning msg="Request Failed" error="Post \"http://k8s-ragplatf-ciliumga-56da93c17a-2adc9d09e1c34b13.elb.eu-central-1.amazonaws.com/api/v1/query\": EOF"
time="2026-09-05T15:25:06+02:00" level=warning msg="Request Failed" error="Post \"http://k8s-ragplatf-ciliumga-56da93c17a-2adc9d09e1c34b13.elb.eu-central-1.amazonaws.com/api/v1/query\": EOF"
time="2026-09-05T15:25:06+02:00" level=warning msg="Request Failed" error="Post \"http://k8s-ragplatf-ciliumga-56da93c17a-2adc9d09e1c34b13.elb.eu-central-1.amazonaws.com/api/v1/query\": EOF"
time="2026-09-05T15:25:06+02:00" level=warning msg="Request Failed" error="Post \"http://k8s-ragplatf-ciliumga-56da93c17a-2adc9d09e1c34b13.elb.eu-central-1.amazonaws.com/api/v1/query\": EOF"
time="2026-09-05T15:25:06+02:00" level=warning msg="Request Failed" error="Post \"http://k8s-ragplatf-ciliumga-56da93c17a-2adc9d09e1c34b13.elb.eu-central-1.amazonaws.com/api/v1/query\": EOF"
time="2026-09-05T15:25:06+02:00" level=warning msg="Request Failed" error="Post \"http://k8s-ragplatf-ciliumga-56da93c17a-2adc9d09e1c34b13.elb.eu-central-1.amazonaws.com/api/v1/query\": EOF"
time="2026-09-05T15:25:06+02:00" level=warning msg="Request Failed" error="Post \"http://k8s-ragplatf-ciliumga-56da93c17a-2adc9d09e1c34b13.elb.eu-central-1.amazonaws.com/api/v1/query\": EOF"
time="2026-09-05T15:25:06+02:00" level=warning msg="Request Failed" error="Post \"http://k8s-ragplatf-ciliumga-56da93c17a-2adc9d09e1c34b13.elb.eu-central-1.amazonaws.com/api/v1/query\": EOF"
time="2026-09-05T15:25:06+02:00" level=warning msg="Request Failed" error="Post \"http://k8s-ragplatf-ciliumga-56da93c17a-2adc9d09e1c34b13.elb.eu-central-1.amazonaws.com/api/v1/query\": EOF"
time="2026-09-05T15:25:06+02:00" level=warning msg="Request Failed" error="Post \"http://k8s-ragplatf-ciliumga-56da93c17a-2adc9d09e1c34b13.elb.eu-central-1.amazonaws.com/api/v1/query\": EOF"
time="2026-09-05T15:25:06+02:00" level=warning msg="Request Failed" error="Post \"http://k8s-ragplatf-ciliumga-56da93c17a-2adc9d09e1c34b13.elb.eu-central-1.amazonaws.com/api/v1/query\": EOF"
time="2026-09-05T15:25:06+02:00" level=warning msg="Request Failed" error="Post \"http://k8s-ragplatf-ciliumga-56da93c17a-2adc9d09e1c34b13.elb.eu-central-1.amazonaws.com/api/v1/query\": EOF"
time="2026-09-05T15:25:06+02:00" level=warning msg="Request Failed" error="Post \"http://k8s-ragplatf-ciliumga-56da93c17a-2adc9d09e1c34b13.elb.eu-central-1.amazonaws.com/api/v1/query\": EOF"
time="2026-09-05T15:25:06+02:00" level=warning msg="Request Failed" error="Post \"http://k8s-ragplatf-ciliumga-56da93c17a-2adc9d09e1c34b13.elb.eu-central-1.amazonaws.com/api/v1/query\": EOF"
time="2026-09-05T15:25:06+02:00" level=warning msg="Request Failed" error="Post \"http://k8s-ragplatf-ciliumga-56da93c17a-2adc9d09e1c34b13.elb.eu-central-1.amazonaws.com/api/v1/query\": EOF"
time="2026-09-05T15:25:06+02:00" level=warning msg="Request Failed" error="Post \"http://k8s-ragplatf-ciliumga-56da93c17a-2adc9d09e1c34b13.elb.eu-central-1.amazonaws.com/api/v1/query\": EOF"
time="2026-09-05T15:25:06+02:00" level=warning msg="Request Failed" error="Post \"http://k8s-ragplatf-ciliumga-56da93c17a-2adc9d09e1c34b13.elb.eu-central-1.amazonaws.com/api/v1/query\": EOF"
time="2026-09-05T15:25:06+02:00" level=warning msg="Request Failed" error="Post \"http://k8s-ragplatf-ciliumga-56da93c17a-2adc9d09e1c34b13.elb.eu-central-1.amazonaws.com/api/v1/query\": EOF"
time="2026-09-05T15:25:06+02:00" level=warning msg="Request Failed" error="Post \"http://k8s-ragplatf-ciliumga-56da93c17a-2adc9d09e1c34b13.elb.eu-central-1.amazonaws.com/api/v1/query\": EOF"
time="2026-09-05T15:25:06+02:00" level=warning msg="Request Failed" error="Post \"http://k8s-ragplatf-ciliumga-56da93c17a-2adc9d09e1c34b13.elb.eu-central-1.amazonaws.com/api/v1/query\": EOF"
time="2026-09-05T15:25:06+02:00" level=warning msg="Request Failed" error="Post \"http://k8s-ragplatf-ciliumga-56da93c17a-2adc9d09e1c34b13.elb.eu-central-1.amazonaws.com/api/v1/query\": EOF"
time="2026-09-05T15:25:06+02:00" level=warning msg="Request Failed" error="Post \"http://k8s-ragplatf-ciliumga-56da93c17a-2adc9d09e1c34b13.elb.eu-central-1.amazonaws.com/api/v1/query\": EOF"
time="2026-09-05T15:25:06+02:00" level=warning msg="Request Failed" error="Post \"http://k8s-ragplatf-ciliumga-56da93c17a-2adc9d09e1c34b13.elb.eu-central-1.amazonaws.com/api/v1/query\": EOF"
time="2026-09-05T15:25:06+02:00" level=warning msg="Request Failed" error="Post \"http://k8s-ragplatf-ciliumga-56da93c17a-2adc9d09e1c34b13.elb.eu-central-1.amazonaws.com/api/v1/query\": EOF"
time="2026-09-05T15:25:06+02:00" level=warning msg="Request Failed" error="Post \"http://k8s-ragplatf-ciliumga-56da93c17a-2adc9d09e1c34b13.elb.eu-central-1.amazonaws.com/api/v1/query\": EOF"
time="2026-09-05T15:25:06+02:00" level=warning msg="Request Failed" error="Post \"http://k8s-ragplatf-ciliumga-56da93c17a-2adc9d09e1c34b13.elb.eu-central-1.amazonaws.com/api/v1/query\": EOF"
time="2026-09-05T15:25:06+02:00" level=warning msg="Request Failed" error="Post \"http://k8s-ragplatf-ciliumga-56da93c17a-2adc9d09e1c34b13.elb.eu-central-1.amazonaws.com/api/v1/query\": EOF"
time="2026-09-05T15:25:06+02:00" level=warning msg="Request Failed" error="Post \"http://k8s-ragplatf-ciliumga-56da93c17a-2adc9d09e1c34b13.elb.eu-central-1.amazonaws.com/api/v1/query\": EOF"
time="2026-09-05T15:25:06+02:00" level=warning msg="Request Failed" error="Post \"http://k8s-ragplatf-ciliumga-56da93c17a-2adc9d09e1c34b13.elb.eu-central-1.amazonaws.com/api/v1/query\": EOF"

running (03m08.9s), 0254/0500 VUs, 37535 complete and 0 interrupted iterations
constant_load   [  31% ] 0254/0500 VUs  03m08.9s/10m0s  200.00 iters/s

running (03m09.9s), 0339/0500 VUs, 37650 complete and 0 interrupted iterations
constant_load   [  32% ] 0339/0500 VUs  03m09.9s/10m0s  200.00 iters/s

running (03m10.9s), 0454/0500 VUs, 37735 complete and 0 interrupted iterations
constant_load   [  32% ] 0454/0500 VUs  03m10.9s/10m0s  200.00 iters/s

running (03m11.9s), 0503/0505 VUs, 37881 complete and 0 interrupted iterations
constant_load   [  32% ] 0503/0505 VUs  03m11.9s/10m0s  200.00 iters/s

running (03m12.9s), 0517/0528 VUs, 38044 complete and 0 interrupted iterations
constant_load   [  32% ] 0517/0528 VUs  03m12.9s/10m0s  200.00 iters/s

running (03m13.9s), 0503/0528 VUs, 38258 complete and 0 interrupted iterations
constant_load   [  32% ] 0503/0528 VUs  03m13.9s/10m0s  200.00 iters/s

running (03m14.9s), 0530/0531 VUs, 38428 complete and 0 interrupted iterations
constant_load   [  32% ] 0530/0531 VUs  03m14.9s/10m0s  200.00 iters/s

running (03m15.9s), 0530/0535 VUs, 38624 complete and 0 interrupted iterations
constant_load   [  33% ] 0530/0535 VUs  03m15.9s/10m0s  200.00 iters/s
time="2026-09-05T15:25:14+02:00" level=warning msg="Request Failed" error="Post \"http://k8s-ragplatf-ciliumga-56da93c17a-2adc9d09e1c34b13.elb.eu-central-1.amazonaws.com/api/v1/query\": dial: i/o timeout"
time="2026-09-05T15:25:14+02:00" level=warning msg="Request Failed" error="Post \"http://k8s-ragplatf-ciliumga-56da93c17a-2adc9d09e1c34b13.elb.eu-central-1.amazonaws.com/api/v1/query\": dial: i/o timeout"
time="2026-09-05T15:25:14+02:00" level=warning msg="Request Failed" error="Post \"http://k8s-ragplatf-ciliumga-56da93c17a-2adc9d09e1c34b13.elb.eu-central-1.amazonaws.com/api/v1/query\": dial: i/o timeout"
time="2026-09-05T15:25:14+02:00" level=warning msg="Request Failed" error="Post \"http://k8s-ragplatf-ciliumga-56da93c17a-2adc9d09e1c34b13.elb.eu-central-1.amazonaws.com/api/v1/query\": dial: i/o timeout"
time="2026-09-05T15:25:14+02:00" level=warning msg="Request Failed" error="Post \"http://k8s-ragplatf-ciliumga-56da93c17a-2adc9d09e1c34b13.elb.eu-central-1.amazonaws.com/api/v1/query\": dial: i/o timeout"
time="2026-09-05T15:25:14+02:00" level=warning msg="Request Failed" error="Post \"http://k8s-ragplatf-ciliumga-56da93c17a-2adc9d09e1c34b13.elb.eu-central-1.amazonaws.com/api/v1/query\": dial: i/o timeout"
time="2026-09-05T15:25:14+02:00" level=warning msg="Request Failed" error="Post \"http://k8s-ragplatf-ciliumga-56da93c17a-2adc9d09e1c34b13.elb.eu-central-1.amazonaws.com/api/v1/query\": dial: i/o timeout"
time="2026-09-05T15:25:14+02:00" level=warning msg="Request Failed" error="Post \"http://k8s-ragplatf-ciliumga-56da93c17a-2adc9d09e1c34b13.elb.eu-central-1.amazonaws.com/api/v1/query\": dial: i/o timeout"
time="2026-09-05T15:25:14+02:00" level=warning msg="Request Failed" error="Post \"http://k8s-ragplatf-ciliumga-56da93c17a-2adc9d09e1c34b13.elb.eu-central-1.amazonaws.com/api/v1/query\": dial: i/o timeout"
time="2026-09-05T15:25:14+02:00" level=warning msg="Request Failed" error="Post \"http://k8s-ragplatf-ciliumga-56da93c17a-2adc9d09e1c34b13.elb.eu-central-1.amazonaws.com/api/v1/query\": dial: i/o timeout"
time="2026-09-05T15:25:14+02:00" level=warning msg="Request Failed" error="Post \"http://k8s-ragplatf-ciliumga-56da93c17a-2adc9d09e1c34b13.elb.eu-central-1.amazonaws.com/api/v1/query\": dial: i/o timeout"
time="2026-09-05T15:25:14+02:00" level=warning msg="Request Failed" error="Post \"http://k8s-ragplatf-ciliumga-56da93c17a-2adc9d09e1c34b13.elb.eu-central-1.amazonaws.com/api/v1/query\": dial: i/o timeout"

running (03m16.9s), 0503/0535 VUs, 38851 complete and 0 interrupted iterations
constant_load   [  33% ] 0503/0535 VUs  03m16.9s/10m0s  200.00 iters/s

running (03m17.9s), 0508/0535 VUs, 39046 complete and 0 interrupted iterations
constant_load   [  33% ] 0508/0535 VUs  03m17.9s/10m0s  200.00 iters/s

running (03m18.9s), 0506/0535 VUs, 39248 complete and 0 interrupted iterations
constant_load   [  33% ] 0506/0535 VUs  03m18.9s/10m0s  200.00 iters/s

running (03m19.9s), 0526/0535 VUs, 39428 complete and 0 interrupted iterations
constant_load   [  33% ] 0526/0535 VUs  03m19.9s/10m0s  200.00 iters/s

running (03m20.9s), 0511/0535 VUs, 39643 complete and 0 interrupted iterations
constant_load   [  33% ] 0511/0535 VUs  03m20.9s/10m0s  200.00 iters/s

running (03m21.9s), 0510/0535 VUs, 39844 complete and 0 interrupted iterations
constant_load   [  34% ] 0510/0535 VUs  03m21.9s/10m0s  200.00 iters/s

running (03m22.9s), 0514/0535 VUs, 40040 complete and 0 interrupted iterations
constant_load   [  34% ] 0514/0535 VUs  03m22.9s/10m0s  200.00 iters/s

running (03m23.9s), 0509/0535 VUs, 40245 complete and 0 interrupted iterations
constant_load   [  34% ] 0509/0535 VUs  03m23.9s/10m0s  200.00 iters/s

running (03m24.9s), 0508/0535 VUs, 40446 complete and 0 interrupted iterations
constant_load   [  34% ] 0508/0535 VUs  03m24.9s/10m0s  200.00 iters/s
time="2026-09-05T15:25:24+02:00" level=warning msg="Request Failed" error="Post \"http://k8s-ragplatf-ciliumga-56da93c17a-2adc9d09e1c34b13.elb.eu-central-1.amazonaws.com/api/v1/query\": dial: i/o timeout"
time="2026-09-05T15:25:24+02:00" level=warning msg="Request Failed" error="Post \"http://k8s-ragplatf-ciliumga-56da93c17a-2adc9d09e1c34b13.elb.eu-central-1.amazonaws.com/api/v1/query\": dial: i/o timeout"
time="2026-09-05T15:25:24+02:00" level=warning msg="Request Failed" error="Post \"http://k8s-ragplatf-ciliumga-56da93c17a-2adc9d09e1c34b13.elb.eu-central-1.amazonaws.com/api/v1/query\": dial: i/o timeout"
time="2026-09-05T15:25:24+02:00" level=warning msg="Request Failed" error="Post \"http://k8s-ragplatf-ciliumga-56da93c17a-2adc9d09e1c34b13.elb.eu-central-1.amazonaws.com/api/v1/query\": dial: i/o timeout"
time="2026-09-05T15:25:24+02:00" level=warning msg="Request Failed" error="Post \"http://k8s-ragplatf-ciliumga-56da93c17a-2adc9d09e1c34b13.elb.eu-central-1.amazonaws.com/api/v1/query\": dial: i/o timeout"
time="2026-09-05T15:25:24+02:00" level=warning msg="Request Failed" error="Post \"http://k8s-ragplatf-ciliumga-56da93c17a-2adc9d09e1c34b13.elb.eu-central-1.amazonaws.com/api/v1/query\": dial: i/o timeout"

running (03m25.9s), 0502/0535 VUs, 40652 complete and 0 interrupted iterations
constant_load   [  34% ] 0502/0535 VUs  03m25.9s/10m0s  200.00 iters/s
time="2026-09-05T15:25:24+02:00" level=warning msg="Request Failed" error="Post \"http://k8s-ragplatf-ciliumga-56da93c17a-2adc9d09e1c34b13.elb.eu-central-1.amazonaws.com/api/v1/query\": dial: i/o timeout"
time="2026-09-05T15:25:24+02:00" level=warning msg="Request Failed" error="Post \"http://k8s-ragplatf-ciliumga-56da93c17a-2adc9d09e1c34b13.elb.eu-central-1.amazonaws.com/api/v1/query\": dial: i/o timeout"
time="2026-09-05T15:25:24+02:00" level=warning msg="Request Failed" error="Post \"http://k8s-ragplatf-ciliumga-56da93c17a-2adc9d09e1c34b13.elb.eu-central-1.amazonaws.com/api/v1/query\": dial: i/o timeout"
time="2026-09-05T15:25:24+02:00" level=warning msg="Request Failed" error="Post \"http://k8s-ragplatf-ciliumga-56da93c17a-2adc9d09e1c34b13.elb.eu-central-1.amazonaws.com/api/v1/query\": dial: i/o timeout"
time="2026-09-05T15:25:24+02:00" level=warning msg="Request Failed" error="Post \"http://k8s-ragplatf-ciliumga-56da93c17a-2adc9d09e1c34b13.elb.eu-central-1.amazonaws.com/api/v1/query\": dial: i/o timeout"
time="2026-09-05T15:25:24+02:00" level=warning msg="Request Failed" error="Post \"http://k8s-ragplatf-ciliumga-56da93c17a-2adc9d09e1c34b13.elb.eu-central-1.amazonaws.com/api/v1/query\": dial: i/o timeout"
time="2026-09-05T15:25:24+02:00" level=warning msg="Request Failed" error="Post \"http://k8s-ragplatf-ciliumga-56da93c17a-2adc9d09e1c34b13.elb.eu-central-1.amazonaws.com/api/v1/query\": dial: i/o timeout"
time="2026-09-05T15:25:24+02:00" level=warning msg="Request Failed" error="Post \"http://k8s-ragplatf-ciliumga-56da93c17a-2adc9d09e1c34b13.elb.eu-central-1.amazonaws.com/api/v1/query\": dial: i/o timeout"
time="2026-09-05T15:25:24+02:00" level=warning msg="Request Failed" error="Post \"http://k8s-ragplatf-ciliumga-56da93c17a-2adc9d09e1c34b13.elb.eu-central-1.amazonaws.com/api/v1/query\": dial: i/o timeout"
time="2026-09-05T15:25:24+02:00" level=warning msg="Request Failed" error="Post \"http://k8s-ragplatf-ciliumga-56da93c17a-2adc9d09e1c34b13.elb.eu-central-1.amazonaws.com/api/v1/query\": dial: i/o timeout"
time="2026-09-05T15:25:24+02:00" level=warning msg="Request Failed" error="Post \"http://k8s-ragplatf-ciliumga-56da93c17a-2adc9d09e1c34b13.elb.eu-central-1.amazonaws.com/api/v1/query\": dial: i/o timeout"
time="2026-09-05T15:25:24+02:00" level=warning msg="Request Failed" error="Post \"http://k8s-ragplatf-ciliumga-56da93c17a-2adc9d09e1c34b13.elb.eu-central-1.amazonaws.com/api/v1/query\": dial: i/o timeout"
time="2026-09-05T15:25:24+02:00" level=warning msg="Request Failed" error="Post \"http://k8s-ragplatf-ciliumga-56da93c17a-2adc9d09e1c34b13.elb.eu-central-1.amazonaws.com/api/v1/query\": dial: i/o timeout"
time="2026-09-05T15:25:24+02:00" level=warning msg="Request Failed" error="Post \"http://k8s-ragplatf-ciliumga-56da93c17a-2adc9d09e1c34b13.elb.eu-central-1.amazonaws.com/api/v1/query\": dial: i/o timeout"
time="2026-09-05T15:25:24+02:00" level=warning msg="Request Failed" error="Post \"http://k8s-ragplatf-ciliumga-56da93c17a-2adc9d09e1c34b13.elb.eu-central-1.amazonaws.com/api/v1/query\": dial: i/o timeout"
time="2026-09-05T15:25:24+02:00" level=warning msg="Request Failed" error="Post \"http://k8s-ragplatf-ciliumga-56da93c17a-2adc9d09e1c34b13.elb.eu-central-1.amazonaws.com/api/v1/query\": dial: i/o timeout"
time="2026-09-05T15:25:24+02:00" level=warning msg="Request Failed" error="Post \"http://k8s-ragplatf-ciliumga-56da93c17a-2adc9d09e1c34b13.elb.eu-central-1.amazonaws.com/api/v1/query\": dial: i/o timeout"
time="2026-09-05T15:25:24+02:00" level=warning msg="Request Failed" error="Post \"http://k8s-ragplatf-ciliumga-56da93c17a-2adc9d09e1c34b13.elb.eu-central-1.amazonaws.com/api/v1/query\": dial: i/o timeout"
time="2026-09-05T15:25:24+02:00" level=warning msg="Request Failed" error="Post \"http://k8s-ragplatf-ciliumga-56da93c17a-2adc9d09e1c34b13.elb.eu-central-1.amazonaws.com/api/v1/query\": dial: i/o timeout"
time="2026-09-05T15:25:24+02:00" level=warning msg="Request Failed" error="Post \"http://k8s-ragplatf-ciliumga-56da93c17a-2adc9d09e1c34b13.elb.eu-central-1.amazonaws.com/api/v1/query\": dial: i/o timeout"
time="2026-09-05T15:25:24+02:00" level=warning msg="Request Failed" error="Post \"http://k8s-ragplatf-ciliumga-56da93c17a-2adc9d09e1c34b13.elb.eu-central-1.amazonaws.com/api/v1/query\": dial: i/o timeout"
time="2026-09-05T15:25:24+02:00" level=warning msg="Request Failed" error="Post \"http://k8s-ragplatf-ciliumga-56da93c17a-2adc9d09e1c34b13.elb.eu-central-1.amazonaws.com/api/v1/query\": dial: i/o timeout"
time="2026-09-05T15:25:24+02:00" level=warning msg="Request Failed" error="Post \"http://k8s-ragplatf-ciliumga-56da93c17a-2adc9d09e1c34b13.elb.eu-central-1.amazonaws.com/api/v1/query\": dial: i/o timeout"
time="2026-09-05T15:25:24+02:00" level=warning msg="Request Failed" error="Post \"http://k8s-ragplatf-ciliumga-56da93c17a-2adc9d09e1c34b13.elb.eu-central-1.amazonaws.com/api/v1/query\": dial: i/o timeout"
time="2026-09-05T15:25:24+02:00" level=warning msg="Request Failed" error="Post \"http://k8s-ragplatf-ciliumga-56da93c17a-2adc9d09e1c34b13.elb.eu-central-1.amazonaws.com/api/v1/query\": dial: i/o timeout"
time="2026-09-05T15:25:24+02:00" level=warning msg="Request Failed" error="Post \"http://k8s-ragplatf-ciliumga-56da93c17a-2adc9d09e1c34b13.elb.eu-central-1.amazonaws.com/api/v1/query\": dial: i/o timeout"
time="2026-09-05T15:25:24+02:00" level=warning msg="Request Failed" error="Post \"http://k8s-ragplatf-ciliumga-56da93c17a-2adc9d09e1c34b13.elb.eu-central-1.amazonaws.com/api/v1/query\": dial: i/o timeout"
time="2026-09-05T15:25:24+02:00" level=warning msg="Request Failed" error="Post \"http://k8s-ragplatf-ciliumga-56da93c17a-2adc9d09e1c34b13.elb.eu-central-1.amazonaws.com/api/v1/query\": dial: i/o timeout"
time="2026-09-05T15:25:24+02:00" level=warning msg="Request Failed" error="Post \"http://k8s-ragplatf-ciliumga-56da93c17a-2adc9d09e1c34b13.elb.eu-central-1.amazonaws.com/api/v1/query\": dial: i/o timeout"
time="2026-09-05T15:25:24+02:00" level=warning msg="Request Failed" error="Post \"http://k8s-ragplatf-ciliumga-56da93c17a-2adc9d09e1c34b13.elb.eu-central-1.amazonaws.com/api/v1/query\": dial: i/o timeout"
time="2026-09-05T15:25:24+02:00" level=warning msg="Request Failed" error="Post \"http://k8s-ragplatf-ciliumga-56da93c17a-2adc9d09e1c34b13.elb.eu-central-1.amazonaws.com/api/v1/query\": dial: i/o timeout"
time="2026-09-05T15:25:24+02:00" level=warning msg="Request Failed" error="Post \"http://k8s-ragplatf-ciliumga-56da93c17a-2adc9d09e1c34b13.elb.eu-central-1.amazonaws.com/api/v1/query\": dial: i/o timeout"
time="2026-09-05T15:25:24+02:00" level=warning msg="Request Failed" error="Post \"http://k8s-ragplatf-ciliumga-56da93c17a-2adc9d09e1c34b13.elb.eu-central-1.amazonaws.com/api/v1/query\": dial: i/o timeout"
time="2026-09-05T15:25:24+02:00" level=warning msg="Request Failed" error="Post \"http://k8s-ragplatf-ciliumga-56da93c17a-2adc9d09e1c34b13.elb.eu-central-1.amazonaws.com/api/v1/query\": dial: i/o timeout"
time="2026-09-05T15:25:24+02:00" level=warning msg="Request Failed" error="Post \"http://k8s-ragplatf-ciliumga-56da93c17a-2adc9d09e1c34b13.elb.eu-central-1.amazonaws.com/api/v1/query\": dial: i/o timeout"
time="2026-09-05T15:25:24+02:00" level=warning msg="Request Failed" error="Post \"http://k8s-ragplatf-ciliumga-56da93c17a-2adc9d09e1c34b13.elb.eu-central-1.amazonaws.com/api/v1/query\": dial: i/o timeout"
time="2026-09-05T15:25:24+02:00" level=warning msg="Request Failed" error="Post \"http://k8s-ragplatf-ciliumga-56da93c17a-2adc9d09e1c34b13.elb.eu-central-1.amazonaws.com/api/v1/query\": dial: i/o timeout"
time="2026-09-05T15:25:24+02:00" level=warning msg="Request Failed" error="Post \"http://k8s-ragplatf-ciliumga-56da93c17a-2adc9d09e1c34b13.elb.eu-central-1.amazonaws.com/api/v1/query\": dial: i/o timeout"
time="2026-09-05T15:25:24+02:00" level=warning msg="Request Failed" error="Post \"http://k8s-ragplatf-ciliumga-56da93c17a-2adc9d09e1c34b13.elb.eu-central-1.amazonaws.com/api/v1/query\": dial: i/o timeout"
time="2026-09-05T15:25:24+02:00" level=warning msg="Request Failed" error="Post \"http://k8s-ragplatf-ciliumga-56da93c17a-2adc9d09e1c34b13.elb.eu-central-1.amazonaws.com/api/v1/query\": dial: i/o timeout"
time="2026-09-05T15:25:24+02:00" level=warning msg="Request Failed" error="Post \"http://k8s-ragplatf-ciliumga-56da93c17a-2adc9d09e1c34b13.elb.eu-central-1.amazonaws.com/api/v1/query\": dial: i/o timeout"
time="2026-09-05T15:25:24+02:00" level=warning msg="Request Failed" error="Post \"http://k8s-ragplatf-ciliumga-56da93c17a-2adc9d09e1c34b13.elb.eu-central-1.amazonaws.com/api/v1/query\": dial: i/o timeout"
time="2026-09-05T15:25:24+02:00" level=warning msg="Request Failed" error="Post \"http://k8s-ragplatf-ciliumga-56da93c17a-2adc9d09e1c34b13.elb.eu-central-1.amazonaws.com/api/v1/query\": dial: i/o timeout"
time="2026-09-05T15:25:24+02:00" level=warning msg="Request Failed" error="Post \"http://k8s-ragplatf-ciliumga-56da93c17a-2adc9d09e1c34b13.elb.eu-central-1.amazonaws.com/api/v1/query\": dial: i/o timeout"
time="2026-09-05T15:25:24+02:00" level=warning msg="Request Failed" error="Post \"http://k8s-ragplatf-ciliumga-56da93c17a-2adc9d09e1c34b13.elb.eu-central-1.amazonaws.com/api/v1/query\": dial: i/o timeout"
time="2026-09-05T15:25:24+02:00" level=warning msg="Request Failed" error="Post \"http://k8s-ragplatf-ciliumga-56da93c17a-2adc9d09e1c34b13.elb.eu-central-1.amazonaws.com/api/v1/query\": dial: i/o timeout"
time="2026-09-05T15:25:24+02:00" level=warning msg="Request Failed" error="Post \"http://k8s-ragplatf-ciliumga-56da93c17a-2adc9d09e1c34b13.elb.eu-central-1.amazonaws.com/api/v1/query\": dial: i/o timeout"
time="2026-09-05T15:25:24+02:00" level=warning msg="Request Failed" error="Post \"http://k8s-ragplatf-ciliumga-56da93c17a-2adc9d09e1c34b13.elb.eu-central-1.amazonaws.com/api/v1/query\": dial: i/o timeout"
time="2026-09-05T15:25:24+02:00" level=warning msg="Request Failed" error="Post \"http://k8s-ragplatf-ciliumga-56da93c17a-2adc9d09e1c34b13.elb.eu-central-1.amazonaws.com/api/v1/query\": dial: i/o timeout"
time="2026-09-05T15:25:24+02:00" level=warning msg="Request Failed" error="Post \"http://k8s-ragplatf-ciliumga-56da93c17a-2adc9d09e1c34b13.elb.eu-central-1.amazonaws.com/api/v1/query\": dial: i/o timeout"
time="2026-09-05T15:25:24+02:00" level=warning msg="Request Failed" error="Post \"http://k8s-ragplatf-ciliumga-56da93c17a-2adc9d09e1c34b13.elb.eu-central-1.amazonaws.com/api/v1/query\": dial: i/o timeout"
time="2026-09-05T15:25:24+02:00" level=warning msg="Request Failed" error="Post \"http://k8s-ragplatf-ciliumga-56da93c17a-2adc9d09e1c34b13.elb.eu-central-1.amazonaws.com/api/v1/query\": dial: i/o timeout"
time="2026-09-05T15:25:24+02:00" level=warning msg="Request Failed" error="Post \"http://k8s-ragplatf-ciliumga-56da93c17a-2adc9d09e1c34b13.elb.eu-central-1.amazonaws.com/api/v1/query\": dial: i/o timeout"
time="2026-09-05T15:25:24+02:00" level=warning msg="Request Failed" error="Post \"http://k8s-ragplatf-ciliumga-56da93c17a-2adc9d09e1c34b13.elb.eu-central-1.amazonaws.com/api/v1/query\": dial: i/o timeout"
time="2026-09-05T15:25:24+02:00" level=warning msg="Request Failed" error="Post \"http://k8s-ragplatf-ciliumga-56da93c17a-2adc9d09e1c34b13.elb.eu-central-1.amazonaws.com/api/v1/query\": dial: i/o timeout"
time="2026-09-05T15:25:24+02:00" level=warning msg="Request Failed" error="Post \"http://k8s-ragplatf-ciliumga-56da93c17a-2adc9d09e1c34b13.elb.eu-central-1.amazonaws.com/api/v1/query\": dial: i/o timeout"
time="2026-09-05T15:25:24+02:00" level=warning msg="Request Failed" error="Post \"http://k8s-ragplatf-ciliumga-56da93c17a-2adc9d09e1c34b13.elb.eu-central-1.amazonaws.com/api/v1/query\": dial: i/o timeout"
time="2026-09-05T15:25:24+02:00" level=warning msg="Request Failed" error="Post \"http://k8s-ragplatf-ciliumga-56da93c17a-2adc9d09e1c34b13.elb.eu-central-1.amazonaws.com/api/v1/query\": dial: i/o timeout"
time="2026-09-05T15:25:24+02:00" level=warning msg="Request Failed" error="Post \"http://k8s-ragplatf-ciliumga-56da93c17a-2adc9d09e1c34b13.elb.eu-central-1.amazonaws.com/api/v1/query\": dial: i/o timeout"
time="2026-09-05T15:25:24+02:00" level=warning msg="Request Failed" error="Post \"http://k8s-ragplatf-ciliumga-56da93c17a-2adc9d09e1c34b13.elb.eu-central-1.amazonaws.com/api/v1/query\": dial: i/o timeout"
time="2026-09-05T15:25:24+02:00" level=warning msg="Request Failed" error="Post \"http://k8s-ragplatf-ciliumga-56da93c17a-2adc9d09e1c34b13.elb.eu-central-1.amazonaws.com/api/v1/query\": dial: i/o timeout"
time="2026-09-05T15:25:25+02:00" level=warning msg="Request Failed" error="Post \"http://k8s-ragplatf-ciliumga-56da93c17a-2adc9d09e1c34b13.elb.eu-central-1.amazonaws.com/api/v1/query\": dial: i/o timeout"
time="2026-09-05T15:25:25+02:00" level=warning msg="Request Failed" error="Post \"http://k8s-ragplatf-ciliumga-56da93c17a-2adc9d09e1c34b13.elb.eu-central-1.amazonaws.com/api/v1/query\": dial: i/o timeout"
time="2026-09-05T15:25:25+02:00" level=warning msg="Request Failed" error="Post \"http://k8s-ragplatf-ciliumga-56da93c17a-2adc9d09e1c34b13.elb.eu-central-1.amazonaws.com/api/v1/query\": dial: i/o timeout"
time="2026-09-05T15:25:25+02:00" level=warning msg="Request Failed" error="Post \"http://k8s-ragplatf-ciliumga-56da93c17a-2adc9d09e1c34b13.elb.eu-central-1.amazonaws.com/api/v1/query\": dial: i/o timeout"
time="2026-09-05T15:25:25+02:00" level=warning msg="Request Failed" error="Post \"http://k8s-ragplatf-ciliumga-56da93c17a-2adc9d09e1c34b13.elb.eu-central-1.amazonaws.com/api/v1/query\": dial: i/o timeout"
time="2026-09-05T15:25:25+02:00" level=warning msg="Request Failed" error="Post \"http://k8s-ragplatf-ciliumga-56da93c17a-2adc9d09e1c34b13.elb.eu-central-1.amazonaws.com/api/v1/query\": dial: i/o timeout"
time="2026-09-05T15:25:25+02:00" level=warning msg="Request Failed" error="Post \"http://k8s-ragplatf-ciliumga-56da93c17a-2adc9d09e1c34b13.elb.eu-central-1.amazonaws.com/api/v1/query\": dial: i/o timeout"
time="2026-09-05T15:25:25+02:00" level=warning msg="Request Failed" error="Post \"http://k8s-ragplatf-ciliumga-56da93c17a-2adc9d09e1c34b13.elb.eu-central-1.amazonaws.com/api/v1/query\": dial: i/o timeout"
time="2026-09-05T15:25:25+02:00" level=warning msg="Request Failed" error="Post \"http://k8s-ragplatf-ciliumga-56da93c17a-2adc9d09e1c34b13.elb.eu-central-1.amazonaws.com/api/v1/query\": dial: i/o timeout"
time="2026-09-05T15:25:25+02:00" level=warning msg="Request Failed" error="Post \"http://k8s-ragplatf-ciliumga-56da93c17a-2adc9d09e1c34b13.elb.eu-central-1.amazonaws.com/api/v1/query\": dial: i/o timeout"
time="2026-09-05T15:25:25+02:00" level=warning msg="Request Failed" error="Post \"http://k8s-ragplatf-ciliumga-56da93c17a-2adc9d09e1c34b13.elb.eu-central-1.amazonaws.com/api/v1/query\": dial: i/o timeout"
time="2026-09-05T15:25:25+02:00" level=warning msg="Request Failed" error="Post \"http://k8s-ragplatf-ciliumga-56da93c17a-2adc9d09e1c34b13.elb.eu-central-1.amazonaws.com/api/v1/query\": dial: i/o timeout"
time="2026-09-05T15:25:25+02:00" level=warning msg="Request Failed" error="Post \"http://k8s-ragplatf-ciliumga-56da93c17a-2adc9d09e1c34b13.elb.eu-central-1.amazonaws.com/api/v1/query\": dial: i/o timeout"
time="2026-09-05T15:25:25+02:00" level=warning msg="Request Failed" error="Post \"http://k8s-ragplatf-ciliumga-56da93c17a-2adc9d09e1c34b13.elb.eu-central-1.amazonaws.com/api/v1/query\": dial: i/o timeout"
time="2026-09-05T15:25:25+02:00" level=warning msg="Request Failed" error="Post \"http://k8s-ragplatf-ciliumga-56da93c17a-2adc9d09e1c34b13.elb.eu-central-1.amazonaws.com/api/v1/query\": dial: i/o timeout"
time="2026-09-05T15:25:25+02:00" level=warning msg="Request Failed" error="Post \"http://k8s-ragplatf-ciliumga-56da93c17a-2adc9d09e1c34b13.elb.eu-central-1.amazonaws.com/api/v1/query\": dial: i/o timeout"
time="2026-09-05T15:25:25+02:00" level=warning msg="Request Failed" error="Post \"http://k8s-ragplatf-ciliumga-56da93c17a-2adc9d09e1c34b13.elb.eu-central-1.amazonaws.com/api/v1/query\": dial: i/o timeout"
time="2026-09-05T15:25:25+02:00" level=warning msg="Request Failed" error="Post \"http://k8s-ragplatf-ciliumga-56da93c17a-2adc9d09e1c34b13.elb.eu-central-1.amazonaws.com/api/v1/query\": dial: i/o timeout"
time="2026-09-05T15:25:25+02:00" level=warning msg="Request Failed" error="Post \"http://k8s-ragplatf-ciliumga-56da93c17a-2adc9d09e1c34b13.elb.eu-central-1.amazonaws.com/api/v1/query\": dial: i/o timeout"
time="2026-09-05T15:25:25+02:00" level=warning msg="Request Failed" error="Post \"http://k8s-ragplatf-ciliumga-56da93c17a-2adc9d09e1c34b13.elb.eu-central-1.amazonaws.com/api/v1/query\": dial: i/o timeout"
time="2026-09-05T15:25:25+02:00" level=warning msg="Request Failed" error="Post \"http://k8s-ragplatf-ciliumga-56da93c17a-2adc9d09e1c34b13.elb.eu-central-1.amazonaws.com/api/v1/query\": dial: i/o timeout"

running (03m26.9s), 0230/0535 VUs, 41124 complete and 0 interrupted iterations
constant_load   [  34% ] 0230/0535 VUs  03m26.9s/10m0s  200.00 iters/s
time="2026-09-05T15:25:25+02:00" level=warning msg="Request Failed" error="Post \"http://k8s-ragplatf-ciliumga-56da93c17a-2adc9d09e1c34b13.elb.eu-central-1.amazonaws.com/api/v1/query\": dial: i/o timeout"
time="2026-09-05T15:25:25+02:00" level=warning msg="Request Failed" error="Post \"http://k8s-ragplatf-ciliumga-56da93c17a-2adc9d09e1c34b13.elb.eu-central-1.amazonaws.com/api/v1/query\": dial: i/o timeout"
time="2026-09-05T15:25:25+02:00" level=warning msg="Request Failed" error="Post \"http://k8s-ragplatf-ciliumga-56da93c17a-2adc9d09e1c34b13.elb.eu-central-1.amazonaws.com/api/v1/query\": dial: i/o timeout"
time="2026-09-05T15:25:25+02:00" level=warning msg="Request Failed" error="Post \"http://k8s-ragplatf-ciliumga-56da93c17a-2adc9d09e1c34b13.elb.eu-central-1.amazonaws.com/api/v1/query\": dial: i/o timeout"
time="2026-09-05T15:25:25+02:00" level=warning msg="Request Failed" error="Post \"http://k8s-ragplatf-ciliumga-56da93c17a-2adc9d09e1c34b13.elb.eu-central-1.amazonaws.com/api/v1/query\": dial: i/o timeout"
time="2026-09-05T15:25:25+02:00" level=warning msg="Request Failed" error="Post \"http://k8s-ragplatf-ciliumga-56da93c17a-2adc9d09e1c34b13.elb.eu-central-1.amazonaws.com/api/v1/query\": dial: i/o timeout"

running (03m27.9s), 0324/0535 VUs, 41230 complete and 0 interrupted iterations
constant_load   [  35% ] 0324/0535 VUs  03m27.9s/10m0s  200.00 iters/s

running (03m28.9s), 0426/0535 VUs, 41328 complete and 0 interrupted iterations
constant_load   [  35% ] 0426/0535 VUs  03m28.9s/10m0s  200.00 iters/s
time="2026-09-05T15:25:27+02:00" level=warning msg="Request Failed" error="Post \"http://k8s-ragplatf-ciliumga-56da93c17a-2adc9d09e1c34b13.elb.eu-central-1.amazonaws.com/api/v1/query\": dial: i/o timeout"
time="2026-09-05T15:25:27+02:00" level=warning msg="Request Failed" error="Post \"http://k8s-ragplatf-ciliumga-56da93c17a-2adc9d09e1c34b13.elb.eu-central-1.amazonaws.com/api/v1/query\": dial: i/o timeout"
time="2026-09-05T15:25:27+02:00" level=warning msg="Request Failed" error="Post \"http://k8s-ragplatf-ciliumga-56da93c17a-2adc9d09e1c34b13.elb.eu-central-1.amazonaws.com/api/v1/query\": dial: i/o timeout"
time="2026-09-05T15:25:28+02:00" level=warning msg="Request Failed" error="Post \"http://k8s-ragplatf-ciliumga-56da93c17a-2adc9d09e1c34b13.elb.eu-central-1.amazonaws.com/api/v1/query\": dial: i/o timeout"
time="2026-09-05T15:25:28+02:00" level=warning msg="Request Failed" error="Post \"http://k8s-ragplatf-ciliumga-56da93c17a-2adc9d09e1c34b13.elb.eu-central-1.amazonaws.com/api/v1/query\": dial: i/o timeout"

running (03m29.9s), 0433/0535 VUs, 41521 complete and 0 interrupted iterations
constant_load   [  35% ] 0433/0535 VUs  03m29.9s/10m0s  200.00 iters/s

running (03m30.9s), 0436/0535 VUs, 41718 complete and 0 interrupted iterations
constant_load   [  35% ] 0436/0535 VUs  03m30.9s/10m0s  200.00 iters/s

running (03m31.9s), 0410/0535 VUs, 41944 complete and 0 interrupted iterations
constant_load   [  35% ] 0410/0535 VUs  03m31.9s/10m0s  200.00 iters/s

running (03m32.9s), 0407/0535 VUs, 42147 complete and 0 interrupted iterations
constant_load   [  35% ] 0407/0535 VUs  03m32.9s/10m0s  200.00 iters/s

running (03m33.9s), 0400/0535 VUs, 42354 complete and 0 interrupted iterations
constant_load   [  36% ] 0400/0535 VUs  03m33.9s/10m0s  200.00 iters/s
time="2026-09-05T15:25:32+02:00" level=warning msg="Request Failed" error="Post \"http://k8s-ragplatf-ciliumga-56da93c17a-2adc9d09e1c34b13.elb.eu-central-1.amazonaws.com/api/v1/query\": EOF"
time="2026-09-05T15:25:32+02:00" level=warning msg="Request Failed" error="Post \"http://k8s-ragplatf-ciliumga-56da93c17a-2adc9d09e1c34b13.elb.eu-central-1.amazonaws.com/api/v1/query\": EOF"
time="2026-09-05T15:25:32+02:00" level=warning msg="Request Failed" error="Post \"http://k8s-ragplatf-ciliumga-56da93c17a-2adc9d09e1c34b13.elb.eu-central-1.amazonaws.com/api/v1/query\": EOF"
time="2026-09-05T15:25:32+02:00" level=warning msg="Request Failed" error="Post \"http://k8s-ragplatf-ciliumga-56da93c17a-2adc9d09e1c34b13.elb.eu-central-1.amazonaws.com/api/v1/query\": EOF"
time="2026-09-05T15:25:32+02:00" level=warning msg="Request Failed" error="Post \"http://k8s-ragplatf-ciliumga-56da93c17a-2adc9d09e1c34b13.elb.eu-central-1.amazonaws.com/api/v1/query\": EOF"
time="2026-09-05T15:25:32+02:00" level=warning msg="Request Failed" error="Post \"http://k8s-ragplatf-ciliumga-56da93c17a-2adc9d09e1c34b13.elb.eu-central-1.amazonaws.com/api/v1/query\": EOF"
time="2026-09-05T15:25:32+02:00" level=warning msg="Request Failed" error="Post \"http://k8s-ragplatf-ciliumga-56da93c17a-2adc9d09e1c34b13.elb.eu-central-1.amazonaws.com/api/v1/query\": EOF"
time="2026-09-05T15:25:32+02:00" level=warning msg="Request Failed" error="Post \"http://k8s-ragplatf-ciliumga-56da93c17a-2adc9d09e1c34b13.elb.eu-central-1.amazonaws.com/api/v1/query\": EOF"
time="2026-09-05T15:25:32+02:00" level=warning msg="Request Failed" error="Post \"http://k8s-ragplatf-ciliumga-56da93c17a-2adc9d09e1c34b13.elb.eu-central-1.amazonaws.com/api/v1/query\": EOF"
time="2026-09-05T15:25:32+02:00" level=warning msg="Request Failed" error="Post \"http://k8s-ragplatf-ciliumga-56da93c17a-2adc9d09e1c34b13.elb.eu-central-1.amazonaws.com/api/v1/query\": EOF"
time="2026-09-05T15:25:32+02:00" level=warning msg="Request Failed" error="Post \"http://k8s-ragplatf-ciliumga-56da93c17a-2adc9d09e1c34b13.elb.eu-central-1.amazonaws.com/api/v1/query\": EOF"
time="2026-09-05T15:25:32+02:00" level=warning msg="Request Failed" error="Post \"http://k8s-ragplatf-ciliumga-56da93c17a-2adc9d09e1c34b13.elb.eu-central-1.amazonaws.com/api/v1/query\": EOF"
time="2026-09-05T15:25:32+02:00" level=warning msg="Request Failed" error="Post \"http://k8s-ragplatf-ciliumga-56da93c17a-2adc9d09e1c34b13.elb.eu-central-1.amazonaws.com/api/v1/query\": EOF"
time="2026-09-05T15:25:32+02:00" level=warning msg="Request Failed" error="Post \"http://k8s-ragplatf-ciliumga-56da93c17a-2adc9d09e1c34b13.elb.eu-central-1.amazonaws.com/api/v1/query\": EOF"
time="2026-09-05T15:25:32+02:00" level=warning msg="Request Failed" error="Post \"http://k8s-ragplatf-ciliumga-56da93c17a-2adc9d09e1c34b13.elb.eu-central-1.amazonaws.com/api/v1/query\": EOF"
time="2026-09-05T15:25:32+02:00" level=warning msg="Request Failed" error="Post \"http://k8s-ragplatf-ciliumga-56da93c17a-2adc9d09e1c34b13.elb.eu-central-1.amazonaws.com/api/v1/query\": EOF"
time="2026-09-05T15:25:32+02:00" level=warning msg="Request Failed" error="Post \"http://k8s-ragplatf-ciliumga-56da93c17a-2adc9d09e1c34b13.elb.eu-central-1.amazonaws.com/api/v1/query\": EOF"
time="2026-09-05T15:25:32+02:00" level=warning msg="Request Failed" error="Post \"http://k8s-ragplatf-ciliumga-56da93c17a-2adc9d09e1c34b13.elb.eu-central-1.amazonaws.com/api/v1/query\": EOF"
time="2026-09-05T15:25:32+02:00" level=warning msg="Request Failed" error="Post \"http://k8s-ragplatf-ciliumga-56da93c17a-2adc9d09e1c34b13.elb.eu-central-1.amazonaws.com/api/v1/query\": EOF"
time="2026-09-05T15:25:32+02:00" level=warning msg="Request Failed" error="Post \"http://k8s-ragplatf-ciliumga-56da93c17a-2adc9d09e1c34b13.elb.eu-central-1.amazonaws.com/api/v1/query\": EOF"
time="2026-09-05T15:25:32+02:00" level=warning msg="Request Failed" error="Post \"http://k8s-ragplatf-ciliumga-56da93c17a-2adc9d09e1c34b13.elb.eu-central-1.amazonaws.com/api/v1/query\": EOF"
time="2026-09-05T15:25:32+02:00" level=warning msg="Request Failed" error="Post \"http://k8s-ragplatf-ciliumga-56da93c17a-2adc9d09e1c34b13.elb.eu-central-1.amazonaws.com/api/v1/query\": EOF"
time="2026-09-05T15:25:32+02:00" level=warning msg="Request Failed" error="Post \"http://k8s-ragplatf-ciliumga-56da93c17a-2adc9d09e1c34b13.elb.eu-central-1.amazonaws.com/api/v1/query\": EOF"
time="2026-09-05T15:25:32+02:00" level=warning msg="Request Failed" error="Post \"http://k8s-ragplatf-ciliumga-56da93c17a-2adc9d09e1c34b13.elb.eu-central-1.amazonaws.com/api/v1/query\": EOF"
time="2026-09-05T15:25:32+02:00" level=warning msg="Request Failed" error="Post \"http://k8s-ragplatf-ciliumga-56da93c17a-2adc9d09e1c34b13.elb.eu-central-1.amazonaws.com/api/v1/query\": EOF"
time="2026-09-05T15:25:32+02:00" level=warning msg="Request Failed" error="Post \"http://k8s-ragplatf-ciliumga-56da93c17a-2adc9d09e1c34b13.elb.eu-central-1.amazonaws.com/api/v1/query\": EOF"
time="2026-09-05T15:25:32+02:00" level=warning msg="Request Failed" error="Post \"http://k8s-ragplatf-ciliumga-56da93c17a-2adc9d09e1c34b13.elb.eu-central-1.amazonaws.com/api/v1/query\": EOF"
time="2026-09-05T15:25:32+02:00" level=warning msg="Request Failed" error="Post \"http://k8s-ragplatf-ciliumga-56da93c17a-2adc9d09e1c34b13.elb.eu-central-1.amazonaws.com/api/v1/query\": EOF"
time="2026-09-05T15:25:32+02:00" level=warning msg="Request Failed" error="Post \"http://k8s-ragplatf-ciliumga-56da93c17a-2adc9d09e1c34b13.elb.eu-central-1.amazonaws.com/api/v1/query\": EOF"
time="2026-09-05T15:25:32+02:00" level=warning msg="Request Failed" error="Post \"http://k8s-ragplatf-ciliumga-56da93c17a-2adc9d09e1c34b13.elb.eu-central-1.amazonaws.com/api/v1/query\": EOF"
time="2026-09-05T15:25:32+02:00" level=warning msg="Request Failed" error="Post \"http://k8s-ragplatf-ciliumga-56da93c17a-2adc9d09e1c34b13.elb.eu-central-1.amazonaws.com/api/v1/query\": EOF"
time="2026-09-05T15:25:32+02:00" level=warning msg="Request Failed" error="Post \"http://k8s-ragplatf-ciliumga-56da93c17a-2adc9d09e1c34b13.elb.eu-central-1.amazonaws.com/api/v1/query\": EOF"
time="2026-09-05T15:25:32+02:00" level=warning msg="Request Failed" error="Post \"http://k8s-ragplatf-ciliumga-56da93c17a-2adc9d09e1c34b13.elb.eu-central-1.amazonaws.com/api/v1/query\": EOF"
time="2026-09-05T15:25:32+02:00" level=warning msg="Request Failed" error="Post \"http://k8s-ragplatf-ciliumga-56da93c17a-2adc9d09e1c34b13.elb.eu-central-1.amazonaws.com/api/v1/query\": EOF"
time="2026-09-05T15:25:32+02:00" level=warning msg="Request Failed" error="Post \"http://k8s-ragplatf-ciliumga-56da93c17a-2adc9d09e1c34b13.elb.eu-central-1.amazonaws.com/api/v1/query\": EOF"
time="2026-09-05T15:25:32+02:00" level=warning msg="Request Failed" error="Post \"http://k8s-ragplatf-ciliumga-56da93c17a-2adc9d09e1c34b13.elb.eu-central-1.amazonaws.com/api/v1/query\": EOF"
time="2026-09-05T15:25:32+02:00" level=warning msg="Request Failed" error="Post \"http://k8s-ragplatf-ciliumga-56da93c17a-2adc9d09e1c34b13.elb.eu-central-1.amazonaws.com/api/v1/query\": EOF"
time="2026-09-05T15:25:32+02:00" level=warning msg="Request Failed" error="Post \"http://k8s-ragplatf-ciliumga-56da93c17a-2adc9d09e1c34b13.elb.eu-central-1.amazonaws.com/api/v1/query\": EOF"
time="2026-09-05T15:25:32+02:00" level=warning msg="Request Failed" error="Post \"http://k8s-ragplatf-ciliumga-56da93c17a-2adc9d09e1c34b13.elb.eu-central-1.amazonaws.com/api/v1/query\": EOF"
time="2026-09-05T15:25:32+02:00" level=warning msg="Request Failed" error="Post \"http://k8s-ragplatf-ciliumga-56da93c17a-2adc9d09e1c34b13.elb.eu-central-1.amazonaws.com/api/v1/query\": EOF"
time="2026-09-05T15:25:32+02:00" level=warning msg="Request Failed" error="Post \"http://k8s-ragplatf-ciliumga-56da93c17a-2adc9d09e1c34b13.elb.eu-central-1.amazonaws.com/api/v1/query\": EOF"
time="2026-09-05T15:25:32+02:00" level=warning msg="Request Failed" error="Post \"http://k8s-ragplatf-ciliumga-56da93c17a-2adc9d09e1c34b13.elb.eu-central-1.amazonaws.com/api/v1/query\": EOF"
time="2026-09-05T15:25:32+02:00" level=warning msg="Request Failed" error="Post \"http://k8s-ragplatf-ciliumga-56da93c17a-2adc9d09e1c34b13.elb.eu-central-1.amazonaws.com/api/v1/query\": EOF"
time="2026-09-05T15:25:32+02:00" level=warning msg="Request Failed" error="Post \"http://k8s-ragplatf-ciliumga-56da93c17a-2adc9d09e1c34b13.elb.eu-central-1.amazonaws.com/api/v1/query\": EOF"
time="2026-09-05T15:25:32+02:00" level=warning msg="Request Failed" error="Post \"http://k8s-ragplatf-ciliumga-56da93c17a-2adc9d09e1c34b13.elb.eu-central-1.amazonaws.com/api/v1/query\": EOF"
time="2026-09-05T15:25:32+02:00" level=warning msg="Request Failed" error="Post \"http://k8s-ragplatf-ciliumga-56da93c17a-2adc9d09e1c34b13.elb.eu-central-1.amazonaws.com/api/v1/query\": EOF"
time="2026-09-05T15:25:32+02:00" level=warning msg="Request Failed" error="Post \"http://k8s-ragplatf-ciliumga-56da93c17a-2adc9d09e1c34b13.elb.eu-central-1.amazonaws.com/api/v1/query\": EOF"
time="2026-09-05T15:25:32+02:00" level=warning msg="Request Failed" error="Post \"http://k8s-ragplatf-ciliumga-56da93c17a-2adc9d09e1c34b13.elb.eu-central-1.amazonaws.com/api/v1/query\": EOF"
time="2026-09-05T15:25:32+02:00" level=warning msg="Request Failed" error="Post \"http://k8s-ragplatf-ciliumga-56da93c17a-2adc9d09e1c34b13.elb.eu-central-1.amazonaws.com/api/v1/query\": EOF"
time="2026-09-05T15:25:32+02:00" level=warning msg="Request Failed" error="Post \"http://k8s-ragplatf-ciliumga-56da93c17a-2adc9d09e1c34b13.elb.eu-central-1.amazonaws.com/api/v1/query\": EOF"
time="2026-09-05T15:25:32+02:00" level=warning msg="Request Failed" error="Post \"http://k8s-ragplatf-ciliumga-56da93c17a-2adc9d09e1c34b13.elb.eu-central-1.amazonaws.com/api/v1/query\": EOF"
time="2026-09-05T15:25:32+02:00" level=warning msg="Request Failed" error="Post \"http://k8s-ragplatf-ciliumga-56da93c17a-2adc9d09e1c34b13.elb.eu-central-1.amazonaws.com/api/v1/query\": EOF"
time="2026-09-05T15:25:32+02:00" level=warning msg="Request Failed" error="Post \"http://k8s-ragplatf-ciliumga-56da93c17a-2adc9d09e1c34b13.elb.eu-central-1.amazonaws.com/api/v1/query\": EOF"
time="2026-09-05T15:25:32+02:00" level=warning msg="Request Failed" error="Post \"http://k8s-ragplatf-ciliumga-56da93c17a-2adc9d09e1c34b13.elb.eu-central-1.amazonaws.com/api/v1/query\": EOF"
time="2026-09-05T15:25:32+02:00" level=warning msg="Request Failed" error="Post \"http://k8s-ragplatf-ciliumga-56da93c17a-2adc9d09e1c34b13.elb.eu-central-1.amazonaws.com/api/v1/query\": EOF"
time="2026-09-05T15:25:32+02:00" level=warning msg="Request Failed" error="Post \"http://k8s-ragplatf-ciliumga-56da93c17a-2adc9d09e1c34b13.elb.eu-central-1.amazonaws.com/api/v1/query\": EOF"
time="2026-09-05T15:25:32+02:00" level=warning msg="Request Failed" error="Post \"http://k8s-ragplatf-ciliumga-56da93c17a-2adc9d09e1c34b13.elb.eu-central-1.amazonaws.com/api/v1/query\": EOF"
time="2026-09-05T15:25:32+02:00" level=warning msg="Request Failed" error="Post \"http://k8s-ragplatf-ciliumga-56da93c17a-2adc9d09e1c34b13.elb.eu-central-1.amazonaws.com/api/v1/query\": EOF"
time="2026-09-05T15:25:32+02:00" level=warning msg="Request Failed" error="Post \"http://k8s-ragplatf-ciliumga-56da93c17a-2adc9d09e1c34b13.elb.eu-central-1.amazonaws.com/api/v1/query\": EOF"
time="2026-09-05T15:25:32+02:00" level=warning msg="Request Failed" error="Post \"http://k8s-ragplatf-ciliumga-56da93c17a-2adc9d09e1c34b13.elb.eu-central-1.amazonaws.com/api/v1/query\": EOF"
time="2026-09-05T15:25:32+02:00" level=warning msg="Request Failed" error="Post \"http://k8s-ragplatf-ciliumga-56da93c17a-2adc9d09e1c34b13.elb.eu-central-1.amazonaws.com/api/v1/query\": EOF"
time="2026-09-05T15:25:32+02:00" level=warning msg="Request Failed" error="Post \"http://k8s-ragplatf-ciliumga-56da93c17a-2adc9d09e1c34b13.elb.eu-central-1.amazonaws.com/api/v1/query\": EOF"
time="2026-09-05T15:25:32+02:00" level=warning msg="Request Failed" error="Post \"http://k8s-ragplatf-ciliumga-56da93c17a-2adc9d09e1c34b13.elb.eu-central-1.amazonaws.com/api/v1/query\": EOF"
time="2026-09-05T15:25:32+02:00" level=warning msg="Request Failed" error="Post \"http://k8s-ragplatf-ciliumga-56da93c17a-2adc9d09e1c34b13.elb.eu-central-1.amazonaws.com/api/v1/query\": EOF"
time="2026-09-05T15:25:32+02:00" level=warning msg="Request Failed" error="Post \"http://k8s-ragplatf-ciliumga-56da93c17a-2adc9d09e1c34b13.elb.eu-central-1.amazonaws.com/api/v1/query\": EOF"
time="2026-09-05T15:25:32+02:00" level=warning msg="Request Failed" error="Post \"http://k8s-ragplatf-ciliumga-56da93c17a-2adc9d09e1c34b13.elb.eu-central-1.amazonaws.com/api/v1/query\": EOF"
time="2026-09-05T15:25:32+02:00" level=warning msg="Request Failed" error="Post \"http://k8s-ragplatf-ciliumga-56da93c17a-2adc9d09e1c34b13.elb.eu-central-1.amazonaws.com/api/v1/query\": EOF"
time="2026-09-05T15:25:32+02:00" level=warning msg="Request Failed" error="Post \"http://k8s-ragplatf-ciliumga-56da93c17a-2adc9d09e1c34b13.elb.eu-central-1.amazonaws.com/api/v1/query\": EOF"
time="2026-09-05T15:25:32+02:00" level=warning msg="Request Failed" error="Post \"http://k8s-ragplatf-ciliumga-56da93c17a-2adc9d09e1c34b13.elb.eu-central-1.amazonaws.com/api/v1/query\": EOF"
time="2026-09-05T15:25:32+02:00" level=warning msg="Request Failed" error="Post \"http://k8s-ragplatf-ciliumga-56da93c17a-2adc9d09e1c34b13.elb.eu-central-1.amazonaws.com/api/v1/query\": EOF"
time="2026-09-05T15:25:32+02:00" level=warning msg="Request Failed" error="Post \"http://k8s-ragplatf-ciliumga-56da93c17a-2adc9d09e1c34b13.elb.eu-central-1.amazonaws.com/api/v1/query\": EOF"
time="2026-09-05T15:25:32+02:00" level=warning msg="Request Failed" error="Post \"http://k8s-ragplatf-ciliumga-56da93c17a-2adc9d09e1c34b13.elb.eu-central-1.amazonaws.com/api/v1/query\": EOF"
time="2026-09-05T15:25:32+02:00" level=warning msg="Request Failed" error="Post \"http://k8s-ragplatf-ciliumga-56da93c17a-2adc9d09e1c34b13.elb.eu-central-1.amazonaws.com/api/v1/query\": EOF"
time="2026-09-05T15:25:32+02:00" level=warning msg="Request Failed" error="Post \"http://k8s-ragplatf-ciliumga-56da93c17a-2adc9d09e1c34b13.elb.eu-central-1.amazonaws.com/api/v1/query\": EOF"
time="2026-09-05T15:25:32+02:00" level=warning msg="Request Failed" error="Post \"http://k8s-ragplatf-ciliumga-56da93c17a-2adc9d09e1c34b13.elb.eu-central-1.amazonaws.com/api/v1/query\": EOF"
time="2026-09-05T15:25:32+02:00" level=warning msg="Request Failed" error="Post \"http://k8s-ragplatf-ciliumga-56da93c17a-2adc9d09e1c34b13.elb.eu-central-1.amazonaws.com/api/v1/query\": EOF"
time="2026-09-05T15:25:32+02:00" level=warning msg="Request Failed" error="Post \"http://k8s-ragplatf-ciliumga-56da93c17a-2adc9d09e1c34b13.elb.eu-central-1.amazonaws.com/api/v1/query\": EOF"
time="2026-09-05T15:25:32+02:00" level=warning msg="Request Failed" error="Post \"http://k8s-ragplatf-ciliumga-56da93c17a-2adc9d09e1c34b13.elb.eu-central-1.amazonaws.com/api/v1/query\": EOF"
time="2026-09-05T15:25:32+02:00" level=warning msg="Request Failed" error="Post \"http://k8s-ragplatf-ciliumga-56da93c17a-2adc9d09e1c34b13.elb.eu-central-1.amazonaws.com/api/v1/query\": EOF"
time="2026-09-05T15:25:32+02:00" level=warning msg="Request Failed" error="Post \"http://k8s-ragplatf-ciliumga-56da93c17a-2adc9d09e1c34b13.elb.eu-central-1.amazonaws.com/api/v1/query\": EOF"
time="2026-09-05T15:25:32+02:00" level=warning msg="Request Failed" error="Post \"http://k8s-ragplatf-ciliumga-56da93c17a-2adc9d09e1c34b13.elb.eu-central-1.amazonaws.com/api/v1/query\": EOF"
time="2026-09-05T15:25:32+02:00" level=warning msg="Request Failed" error="Post \"http://k8s-ragplatf-ciliumga-56da93c17a-2adc9d09e1c34b13.elb.eu-central-1.amazonaws.com/api/v1/query\": EOF"
time="2026-09-05T15:25:32+02:00" level=warning msg="Request Failed" error="Post \"http://k8s-ragplatf-ciliumga-56da93c17a-2adc9d09e1c34b13.elb.eu-central-1.amazonaws.com/api/v1/query\": EOF"
time="2026-09-05T15:25:32+02:00" level=warning msg="Request Failed" error="Post \"http://k8s-ragplatf-ciliumga-56da93c17a-2adc9d09e1c34b13.elb.eu-central-1.amazonaws.com/api/v1/query\": EOF"
time="2026-09-05T15:25:32+02:00" level=warning msg="Request Failed" error="Post \"http://k8s-ragplatf-ciliumga-56da93c17a-2adc9d09e1c34b13.elb.eu-central-1.amazonaws.com/api/v1/query\": EOF"
time="2026-09-05T15:25:32+02:00" level=warning msg="Request Failed" error="Post \"http://k8s-ragplatf-ciliumga-56da93c17a-2adc9d09e1c34b13.elb.eu-central-1.amazonaws.com/api/v1/query\": EOF"
time="2026-09-05T15:25:32+02:00" level=warning msg="Request Failed" error="Post \"http://k8s-ragplatf-ciliumga-56da93c17a-2adc9d09e1c34b13.elb.eu-central-1.amazonaws.com/api/v1/query\": EOF"
time="2026-09-05T15:25:32+02:00" level=warning msg="Request Failed" error="Post \"http://k8s-ragplatf-ciliumga-56da93c17a-2adc9d09e1c34b13.elb.eu-central-1.amazonaws.com/api/v1/query\": EOF"
time="2026-09-05T15:25:32+02:00" level=warning msg="Request Failed" error="Post \"http://k8s-ragplatf-ciliumga-56da93c17a-2adc9d09e1c34b13.elb.eu-central-1.amazonaws.com/api/v1/query\": EOF"
time="2026-09-05T15:25:32+02:00" level=warning msg="Request Failed" error="Post \"http://k8s-ragplatf-ciliumga-56da93c17a-2adc9d09e1c34b13.elb.eu-central-1.amazonaws.com/api/v1/query\": EOF"
time="2026-09-05T15:25:32+02:00" level=warning msg="Request Failed" error="Post \"http://k8s-ragplatf-ciliumga-56da93c17a-2adc9d09e1c34b13.elb.eu-central-1.amazonaws.com/api/v1/query\": EOF"
time="2026-09-05T15:25:32+02:00" level=warning msg="Request Failed" error="Post \"http://k8s-ragplatf-ciliumga-56da93c17a-2adc9d09e1c34b13.elb.eu-central-1.amazonaws.com/api/v1/query\": EOF"
time="2026-09-05T15:25:32+02:00" level=warning msg="Request Failed" error="Post \"http://k8s-ragplatf-ciliumga-56da93c17a-2adc9d09e1c34b13.elb.eu-central-1.amazonaws.com/api/v1/query\": EOF"
time="2026-09-05T15:25:32+02:00" level=warning msg="Request Failed" error="Post \"http://k8s-ragplatf-ciliumga-56da93c17a-2adc9d09e1c34b13.elb.eu-central-1.amazonaws.com/api/v1/query\": EOF"
time="2026-09-05T15:25:32+02:00" level=warning msg="Request Failed" error="Post \"http://k8s-ragplatf-ciliumga-56da93c17a-2adc9d09e1c34b13.elb.eu-central-1.amazonaws.com/api/v1/query\": EOF"
time="2026-09-05T15:25:32+02:00" level=warning msg="Request Failed" error="Post \"http://k8s-ragplatf-ciliumga-56da93c17a-2adc9d09e1c34b13.elb.eu-central-1.amazonaws.com/api/v1/query\": EOF"
time="2026-09-05T15:25:32+02:00" level=warning msg="Request Failed" error="Post \"http://k8s-ragplatf-ciliumga-56da93c17a-2adc9d09e1c34b13.elb.eu-central-1.amazonaws.com/api/v1/query\": EOF"
time="2026-09-05T15:25:32+02:00" level=warning msg="Request Failed" error="Post \"http://k8s-ragplatf-ciliumga-56da93c17a-2adc9d09e1c34b13.elb.eu-central-1.amazonaws.com/api/v1/query\": EOF"
time="2026-09-05T15:25:32+02:00" level=warning msg="Request Failed" error="Post \"http://k8s-ragplatf-ciliumga-56da93c17a-2adc9d09e1c34b13.elb.eu-central-1.amazonaws.com/api/v1/query\": EOF"
time="2026-09-05T15:25:32+02:00" level=warning msg="Request Failed" error="Post \"http://k8s-ragplatf-ciliumga-56da93c17a-2adc9d09e1c34b13.elb.eu-central-1.amazonaws.com/api/v1/query\": EOF"
time="2026-09-05T15:25:32+02:00" level=warning msg="Request Failed" error="Post \"http://k8s-ragplatf-ciliumga-56da93c17a-2adc9d09e1c34b13.elb.eu-central-1.amazonaws.com/api/v1/query\": EOF"
time="2026-09-05T15:25:32+02:00" level=warning msg="Request Failed" error="Post \"http://k8s-ragplatf-ciliumga-56da93c17a-2adc9d09e1c34b13.elb.eu-central-1.amazonaws.com/api/v1/query\": EOF"
time="2026-09-05T15:25:32+02:00" level=warning msg="Request Failed" error="Post \"http://k8s-ragplatf-ciliumga-56da93c17a-2adc9d09e1c34b13.elb.eu-central-1.amazonaws.com/api/v1/query\": EOF"
time="2026-09-05T15:25:32+02:00" level=warning msg="Request Failed" error="Post \"http://k8s-ragplatf-ciliumga-56da93c17a-2adc9d09e1c34b13.elb.eu-central-1.amazonaws.com/api/v1/query\": EOF"
time="2026-09-05T15:25:32+02:00" level=warning msg="Request Failed" error="Post \"http://k8s-ragplatf-ciliumga-56da93c17a-2adc9d09e1c34b13.elb.eu-central-1.amazonaws.com/api/v1/query\": EOF"
time="2026-09-05T15:25:32+02:00" level=warning msg="Request Failed" error="Post \"http://k8s-ragplatf-ciliumga-56da93c17a-2adc9d09e1c34b13.elb.eu-central-1.amazonaws.com/api/v1/query\": EOF"
time="2026-09-05T15:25:32+02:00" level=warning msg="Request Failed" error="Post \"http://k8s-ragplatf-ciliumga-56da93c17a-2adc9d09e1c34b13.elb.eu-central-1.amazonaws.com/api/v1/query\": EOF"
time="2026-09-05T15:25:32+02:00" level=warning msg="Request Failed" error="Post \"http://k8s-ragplatf-ciliumga-56da93c17a-2adc9d09e1c34b13.elb.eu-central-1.amazonaws.com/api/v1/query\": EOF"
time="2026-09-05T15:25:32+02:00" level=warning msg="Request Failed" error="Post \"http://k8s-ragplatf-ciliumga-56da93c17a-2adc9d09e1c34b13.elb.eu-central-1.amazonaws.com/api/v1/query\": EOF"
time="2026-09-05T15:25:32+02:00" level=warning msg="Request Failed" error="Post \"http://k8s-ragplatf-ciliumga-56da93c17a-2adc9d09e1c34b13.elb.eu-central-1.amazonaws.com/api/v1/query\": EOF"
time="2026-09-05T15:25:32+02:00" level=warning msg="Request Failed" error="Post \"http://k8s-ragplatf-ciliumga-56da93c17a-2adc9d09e1c34b13.elb.eu-central-1.amazonaws.com/api/v1/query\": EOF"
time="2026-09-05T15:25:32+02:00" level=warning msg="Request Failed" error="Post \"http://k8s-ragplatf-ciliumga-56da93c17a-2adc9d09e1c34b13.elb.eu-central-1.amazonaws.com/api/v1/query\": EOF"
time="2026-09-05T15:25:32+02:00" level=warning msg="Request Failed" error="Post \"http://k8s-ragplatf-ciliumga-56da93c17a-2adc9d09e1c34b13.elb.eu-central-1.amazonaws.com/api/v1/query\": EOF"
time="2026-09-05T15:25:32+02:00" level=warning msg="Request Failed" error="Post \"http://k8s-ragplatf-ciliumga-56da93c17a-2adc9d09e1c34b13.elb.eu-central-1.amazonaws.com/api/v1/query\": EOF"
time="2026-09-05T15:25:32+02:00" level=warning msg="Request Failed" error="Post \"http://k8s-ragplatf-ciliumga-56da93c17a-2adc9d09e1c34b13.elb.eu-central-1.amazonaws.com/api/v1/query\": EOF"
time="2026-09-05T15:25:32+02:00" level=warning msg="Request Failed" error="Post \"http://k8s-ragplatf-ciliumga-56da93c17a-2adc9d09e1c34b13.elb.eu-central-1.amazonaws.com/api/v1/query\": EOF"
time="2026-09-05T15:25:32+02:00" level=warning msg="Request Failed" error="Post \"http://k8s-ragplatf-ciliumga-56da93c17a-2adc9d09e1c34b13.elb.eu-central-1.amazonaws.com/api/v1/query\": EOF"
time="2026-09-05T15:25:32+02:00" level=warning msg="Request Failed" error="Post \"http://k8s-ragplatf-ciliumga-56da93c17a-2adc9d09e1c34b13.elb.eu-central-1.amazonaws.com/api/v1/query\": EOF"
time="2026-09-05T15:25:32+02:00" level=warning msg="Request Failed" error="Post \"http://k8s-ragplatf-ciliumga-56da93c17a-2adc9d09e1c34b13.elb.eu-central-1.amazonaws.com/api/v1/query\": EOF"
time="2026-09-05T15:25:32+02:00" level=warning msg="Request Failed" error="Post \"http://k8s-ragplatf-ciliumga-56da93c17a-2adc9d09e1c34b13.elb.eu-central-1.amazonaws.com/api/v1/query\": EOF"
time="2026-09-05T15:25:32+02:00" level=warning msg="Request Failed" error="Post \"http://k8s-ragplatf-ciliumga-56da93c17a-2adc9d09e1c34b13.elb.eu-central-1.amazonaws.com/api/v1/query\": EOF"
time="2026-09-05T15:25:32+02:00" level=warning msg="Request Failed" error="Post \"http://k8s-ragplatf-ciliumga-56da93c17a-2adc9d09e1c34b13.elb.eu-central-1.amazonaws.com/api/v1/query\": EOF"
time="2026-09-05T15:25:32+02:00" level=warning msg="Request Failed" error="Post \"http://k8s-ragplatf-ciliumga-56da93c17a-2adc9d09e1c34b13.elb.eu-central-1.amazonaws.com/api/v1/query\": EOF"
time="2026-09-05T15:25:32+02:00" level=warning msg="Request Failed" error="Post \"http://k8s-ragplatf-ciliumga-56da93c17a-2adc9d09e1c34b13.elb.eu-central-1.amazonaws.com/api/v1/query\": EOF"
time="2026-09-05T15:25:32+02:00" level=warning msg="Request Failed" error="Post \"http://k8s-ragplatf-ciliumga-56da93c17a-2adc9d09e1c34b13.elb.eu-central-1.amazonaws.com/api/v1/query\": EOF"
time="2026-09-05T15:25:32+02:00" level=warning msg="Request Failed" error="Post \"http://k8s-ragplatf-ciliumga-56da93c17a-2adc9d09e1c34b13.elb.eu-central-1.amazonaws.com/api/v1/query\": EOF"
time="2026-09-05T15:25:32+02:00" level=warning msg="Request Failed" error="Post \"http://k8s-ragplatf-ciliumga-56da93c17a-2adc9d09e1c34b13.elb.eu-central-1.amazonaws.com/api/v1/query\": EOF"
time="2026-09-05T15:25:32+02:00" level=warning msg="Request Failed" error="Post \"http://k8s-ragplatf-ciliumga-56da93c17a-2adc9d09e1c34b13.elb.eu-central-1.amazonaws.com/api/v1/query\": EOF"
time="2026-09-05T15:25:32+02:00" level=warning msg="Request Failed" error="Post \"http://k8s-ragplatf-ciliumga-56da93c17a-2adc9d09e1c34b13.elb.eu-central-1.amazonaws.com/api/v1/query\": EOF"
time="2026-09-05T15:25:32+02:00" level=warning msg="Request Failed" error="Post \"http://k8s-ragplatf-ciliumga-56da93c17a-2adc9d09e1c34b13.elb.eu-central-1.amazonaws.com/api/v1/query\": EOF"
time="2026-09-05T15:25:32+02:00" level=warning msg="Request Failed" error="Post \"http://k8s-ragplatf-ciliumga-56da93c17a-2adc9d09e1c34b13.elb.eu-central-1.amazonaws.com/api/v1/query\": EOF"
time="2026-09-05T15:25:32+02:00" level=warning msg="Request Failed" error="Post \"http://k8s-ragplatf-ciliumga-56da93c17a-2adc9d09e1c34b13.elb.eu-central-1.amazonaws.com/api/v1/query\": EOF"
time="2026-09-05T15:25:32+02:00" level=warning msg="Request Failed" error="Post \"http://k8s-ragplatf-ciliumga-56da93c17a-2adc9d09e1c34b13.elb.eu-central-1.amazonaws.com/api/v1/query\": EOF"
time="2026-09-05T15:25:32+02:00" level=warning msg="Request Failed" error="Post \"http://k8s-ragplatf-ciliumga-56da93c17a-2adc9d09e1c34b13.elb.eu-central-1.amazonaws.com/api/v1/query\": EOF"
time="2026-09-05T15:25:32+02:00" level=warning msg="Request Failed" error="Post \"http://k8s-ragplatf-ciliumga-56da93c17a-2adc9d09e1c34b13.elb.eu-central-1.amazonaws.com/api/v1/query\": EOF"
time="2026-09-05T15:25:32+02:00" level=warning msg="Request Failed" error="Post \"http://k8s-ragplatf-ciliumga-56da93c17a-2adc9d09e1c34b13.elb.eu-central-1.amazonaws.com/api/v1/query\": EOF"
time="2026-09-05T15:25:32+02:00" level=warning msg="Request Failed" error="Post \"http://k8s-ragplatf-ciliumga-56da93c17a-2adc9d09e1c34b13.elb.eu-central-1.amazonaws.com/api/v1/query\": EOF"
time="2026-09-05T15:25:32+02:00" level=warning msg="Request Failed" error="Post \"http://k8s-ragplatf-ciliumga-56da93c17a-2adc9d09e1c34b13.elb.eu-central-1.amazonaws.com/api/v1/query\": EOF"
time="2026-09-05T15:25:32+02:00" level=warning msg="Request Failed" error="Post \"http://k8s-ragplatf-ciliumga-56da93c17a-2adc9d09e1c34b13.elb.eu-central-1.amazonaws.com/api/v1/query\": EOF"
time="2026-09-05T15:25:32+02:00" level=warning msg="Request Failed" error="Post \"http://k8s-ragplatf-ciliumga-56da93c17a-2adc9d09e1c34b13.elb.eu-central-1.amazonaws.com/api/v1/query\": EOF"
time="2026-09-05T15:25:32+02:00" level=warning msg="Request Failed" error="Post \"http://k8s-ragplatf-ciliumga-56da93c17a-2adc9d09e1c34b13.elb.eu-central-1.amazonaws.com/api/v1/query\": EOF"
time="2026-09-05T15:25:32+02:00" level=warning msg="Request Failed" error="Post \"http://k8s-ragplatf-ciliumga-56da93c17a-2adc9d09e1c34b13.elb.eu-central-1.amazonaws.com/api/v1/query\": EOF"
time="2026-09-05T15:25:32+02:00" level=warning msg="Request Failed" error="Post \"http://k8s-ragplatf-ciliumga-56da93c17a-2adc9d09e1c34b13.elb.eu-central-1.amazonaws.com/api/v1/query\": EOF"
time="2026-09-05T15:25:32+02:00" level=warning msg="Request Failed" error="Post \"http://k8s-ragplatf-ciliumga-56da93c17a-2adc9d09e1c34b13.elb.eu-central-1.amazonaws.com/api/v1/query\": EOF"
time="2026-09-05T15:25:32+02:00" level=warning msg="Request Failed" error="Post \"http://k8s-ragplatf-ciliumga-56da93c17a-2adc9d09e1c34b13.elb.eu-central-1.amazonaws.com/api/v1/query\": EOF"
time="2026-09-05T15:25:32+02:00" level=warning msg="Request Failed" error="Post \"http://k8s-ragplatf-ciliumga-56da93c17a-2adc9d09e1c34b13.elb.eu-central-1.amazonaws.com/api/v1/query\": EOF"
time="2026-09-05T15:25:32+02:00" level=warning msg="Request Failed" error="Post \"http://k8s-ragplatf-ciliumga-56da93c17a-2adc9d09e1c34b13.elb.eu-central-1.amazonaws.com/api/v1/query\": EOF"
time="2026-09-05T15:25:32+02:00" level=warning msg="Request Failed" error="Post \"http://k8s-ragplatf-ciliumga-56da93c17a-2adc9d09e1c34b13.elb.eu-central-1.amazonaws.com/api/v1/query\": EOF"
time="2026-09-05T15:25:32+02:00" level=warning msg="Request Failed" error="Post \"http://k8s-ragplatf-ciliumga-56da93c17a-2adc9d09e1c34b13.elb.eu-central-1.amazonaws.com/api/v1/query\": EOF"
time="2026-09-05T15:25:32+02:00" level=warning msg="Request Failed" error="Post \"http://k8s-ragplatf-ciliumga-56da93c17a-2adc9d09e1c34b13.elb.eu-central-1.amazonaws.com/api/v1/query\": EOF"
time="2026-09-05T15:25:32+02:00" level=warning msg="Request Failed" error="Post \"http://k8s-ragplatf-ciliumga-56da93c17a-2adc9d09e1c34b13.elb.eu-central-1.amazonaws.com/api/v1/query\": EOF"
time="2026-09-05T15:25:32+02:00" level=warning msg="Request Failed" error="Post \"http://k8s-ragplatf-ciliumga-56da93c17a-2adc9d09e1c34b13.elb.eu-central-1.amazonaws.com/api/v1/query\": EOF"
time="2026-09-05T15:25:32+02:00" level=warning msg="Request Failed" error="Post \"http://k8s-ragplatf-ciliumga-56da93c17a-2adc9d09e1c34b13.elb.eu-central-1.amazonaws.com/api/v1/query\": EOF"
time="2026-09-05T15:25:32+02:00" level=warning msg="Request Failed" error="Post \"http://k8s-ragplatf-ciliumga-56da93c17a-2adc9d09e1c34b13.elb.eu-central-1.amazonaws.com/api/v1/query\": EOF"
time="2026-09-05T15:25:32+02:00" level=warning msg="Request Failed" error="Post \"http://k8s-ragplatf-ciliumga-56da93c17a-2adc9d09e1c34b13.elb.eu-central-1.amazonaws.com/api/v1/query\": EOF"
time="2026-09-05T15:25:32+02:00" level=warning msg="Request Failed" error="Post \"http://k8s-ragplatf-ciliumga-56da93c17a-2adc9d09e1c34b13.elb.eu-central-1.amazonaws.com/api/v1/query\": EOF"
time="2026-09-05T15:25:32+02:00" level=warning msg="Request Failed" error="Post \"http://k8s-ragplatf-ciliumga-56da93c17a-2adc9d09e1c34b13.elb.eu-central-1.amazonaws.com/api/v1/query\": read tcp 192.168.50.205:63810->18.157.216.153:80: read: connection reset by peer"
time="2026-09-05T15:25:32+02:00" level=warning msg="Request Failed" error="Post \"http://k8s-ragplatf-ciliumga-56da93c17a-2adc9d09e1c34b13.elb.eu-central-1.amazonaws.com/api/v1/query\": EOF"
time="2026-09-05T15:25:32+02:00" level=warning msg="Request Failed" error="Post \"http://k8s-ragplatf-ciliumga-56da93c17a-2adc9d09e1c34b13.elb.eu-central-1.amazonaws.com/api/v1/query\": EOF"
time="2026-09-05T15:25:32+02:00" level=warning msg="Request Failed" error="Post \"http://k8s-ragplatf-ciliumga-56da93c17a-2adc9d09e1c34b13.elb.eu-central-1.amazonaws.com/api/v1/query\": EOF"
time="2026-09-05T15:25:32+02:00" level=warning msg="Request Failed" error="Post \"http://k8s-ragplatf-ciliumga-56da93c17a-2adc9d09e1c34b13.elb.eu-central-1.amazonaws.com/api/v1/query\": EOF"
time="2026-09-05T15:25:32+02:00" level=warning msg="Request Failed" error="Post \"http://k8s-ragplatf-ciliumga-56da93c17a-2adc9d09e1c34b13.elb.eu-central-1.amazonaws.com/api/v1/query\": EOF"
time="2026-09-05T15:25:32+02:00" level=warning msg="Request Failed" error="Post \"http://k8s-ragplatf-ciliumga-56da93c17a-2adc9d09e1c34b13.elb.eu-central-1.amazonaws.com/api/v1/query\": EOF"
time="2026-09-05T15:25:32+02:00" level=warning msg="Request Failed" error="Post \"http://k8s-ragplatf-ciliumga-56da93c17a-2adc9d09e1c34b13.elb.eu-central-1.amazonaws.com/api/v1/query\": EOF"
time="2026-09-05T15:25:32+02:00" level=warning msg="Request Failed" error="Post \"http://k8s-ragplatf-ciliumga-56da93c17a-2adc9d09e1c34b13.elb.eu-central-1.amazonaws.com/api/v1/query\": EOF"
time="2026-09-05T15:25:32+02:00" level=warning msg="Request Failed" error="Post \"http://k8s-ragplatf-ciliumga-56da93c17a-2adc9d09e1c34b13.elb.eu-central-1.amazonaws.com/api/v1/query\": EOF"
time="2026-09-05T15:25:32+02:00" level=warning msg="Request Failed" error="Post \"http://k8s-ragplatf-ciliumga-56da93c17a-2adc9d09e1c34b13.elb.eu-central-1.amazonaws.com/api/v1/query\": EOF"
time="2026-09-05T15:25:32+02:00" level=warning msg="Request Failed" error="Post \"http://k8s-ragplatf-ciliumga-56da93c17a-2adc9d09e1c34b13.elb.eu-central-1.amazonaws.com/api/v1/query\": EOF"
time="2026-09-05T15:25:32+02:00" level=warning msg="Request Failed" error="Post \"http://k8s-ragplatf-ciliumga-56da93c17a-2adc9d09e1c34b13.elb.eu-central-1.amazonaws.com/api/v1/query\": EOF"
time="2026-09-05T15:25:32+02:00" level=warning msg="Request Failed" error="Post \"http://k8s-ragplatf-ciliumga-56da93c17a-2adc9d09e1c34b13.elb.eu-central-1.amazonaws.com/api/v1/query\": EOF"
time="2026-09-05T15:25:32+02:00" level=warning msg="Request Failed" error="Post \"http://k8s-ragplatf-ciliumga-56da93c17a-2adc9d09e1c34b13.elb.eu-central-1.amazonaws.com/api/v1/query\": EOF"
time="2026-09-05T15:25:32+02:00" level=warning msg="Request Failed" error="Post \"http://k8s-ragplatf-ciliumga-56da93c17a-2adc9d09e1c34b13.elb.eu-central-1.amazonaws.com/api/v1/query\": EOF"
time="2026-09-05T15:25:32+02:00" level=warning msg="Request Failed" error="Post \"http://k8s-ragplatf-ciliumga-56da93c17a-2adc9d09e1c34b13.elb.eu-central-1.amazonaws.com/api/v1/query\": EOF"
time="2026-09-05T15:25:32+02:00" level=warning msg="Request Failed" error="Post \"http://k8s-ragplatf-ciliumga-56da93c17a-2adc9d09e1c34b13.elb.eu-central-1.amazonaws.com/api/v1/query\": EOF"
time="2026-09-05T15:25:32+02:00" level=warning msg="Request Failed" error="Post \"http://k8s-ragplatf-ciliumga-56da93c17a-2adc9d09e1c34b13.elb.eu-central-1.amazonaws.com/api/v1/query\": EOF"
time="2026-09-05T15:25:32+02:00" level=warning msg="Request Failed" error="Post \"http://k8s-ragplatf-ciliumga-56da93c17a-2adc9d09e1c34b13.elb.eu-central-1.amazonaws.com/api/v1/query\": EOF"
time="2026-09-05T15:25:32+02:00" level=warning msg="Request Failed" error="Post \"http://k8s-ragplatf-ciliumga-56da93c17a-2adc9d09e1c34b13.elb.eu-central-1.amazonaws.com/api/v1/query\": EOF"
time="2026-09-05T15:25:32+02:00" level=warning msg="Request Failed" error="Post \"http://k8s-ragplatf-ciliumga-56da93c17a-2adc9d09e1c34b13.elb.eu-central-1.amazonaws.com/api/v1/query\": EOF"
time="2026-09-05T15:25:32+02:00" level=warning msg="Request Failed" error="Post \"http://k8s-ragplatf-ciliumga-56da93c17a-2adc9d09e1c34b13.elb.eu-central-1.amazonaws.com/api/v1/query\": EOF"
time="2026-09-05T15:25:32+02:00" level=warning msg="Request Failed" error="Post \"http://k8s-ragplatf-ciliumga-56da93c17a-2adc9d09e1c34b13.elb.eu-central-1.amazonaws.com/api/v1/query\": EOF"
time="2026-09-05T15:25:32+02:00" level=warning msg="Request Failed" error="Post \"http://k8s-ragplatf-ciliumga-56da93c17a-2adc9d09e1c34b13.elb.eu-central-1.amazonaws.com/api/v1/query\": EOF"
time="2026-09-05T15:25:32+02:00" level=warning msg="Request Failed" error="Post \"http://k8s-ragplatf-ciliumga-56da93c17a-2adc9d09e1c34b13.elb.eu-central-1.amazonaws.com/api/v1/query\": EOF"
time="2026-09-05T15:25:32+02:00" level=warning msg="Request Failed" error="Post \"http://k8s-ragplatf-ciliumga-56da93c17a-2adc9d09e1c34b13.elb.eu-central-1.amazonaws.com/api/v1/query\": EOF"
time="2026-09-05T15:25:32+02:00" level=warning msg="Request Failed" error="Post \"http://k8s-ragplatf-ciliumga-56da93c17a-2adc9d09e1c34b13.elb.eu-central-1.amazonaws.com/api/v1/query\": EOF"
time="2026-09-05T15:25:32+02:00" level=warning msg="Request Failed" error="Post \"http://k8s-ragplatf-ciliumga-56da93c17a-2adc9d09e1c34b13.elb.eu-central-1.amazonaws.com/api/v1/query\": EOF"
time="2026-09-05T15:25:32+02:00" level=warning msg="Request Failed" error="Post \"http://k8s-ragplatf-ciliumga-56da93c17a-2adc9d09e1c34b13.elb.eu-central-1.amazonaws.com/api/v1/query\": EOF"
time="2026-09-05T15:25:32+02:00" level=warning msg="Request Failed" error="Post \"http://k8s-ragplatf-ciliumga-56da93c17a-2adc9d09e1c34b13.elb.eu-central-1.amazonaws.com/api/v1/query\": EOF"
time="2026-09-05T15:25:32+02:00" level=warning msg="Request Failed" error="Post \"http://k8s-ragplatf-ciliumga-56da93c17a-2adc9d09e1c34b13.elb.eu-central-1.amazonaws.com/api/v1/query\": EOF"
time="2026-09-05T15:25:32+02:00" level=warning msg="Request Failed" error="Post \"http://k8s-ragplatf-ciliumga-56da93c17a-2adc9d09e1c34b13.elb.eu-central-1.amazonaws.com/api/v1/query\": EOF"
time="2026-09-05T15:25:32+02:00" level=warning msg="Request Failed" error="Post \"http://k8s-ragplatf-ciliumga-56da93c17a-2adc9d09e1c34b13.elb.eu-central-1.amazonaws.com/api/v1/query\": EOF"
time="2026-09-05T15:25:32+02:00" level=warning msg="Request Failed" error="Post \"http://k8s-ragplatf-ciliumga-56da93c17a-2adc9d09e1c34b13.elb.eu-central-1.amazonaws.com/api/v1/query\": EOF"
time="2026-09-05T15:25:32+02:00" level=warning msg="Request Failed" error="Post \"http://k8s-ragplatf-ciliumga-56da93c17a-2adc9d09e1c34b13.elb.eu-central-1.amazonaws.com/api/v1/query\": EOF"
time="2026-09-05T15:25:32+02:00" level=warning msg="Request Failed" error="Post \"http://k8s-ragplatf-ciliumga-56da93c17a-2adc9d09e1c34b13.elb.eu-central-1.amazonaws.com/api/v1/query\": EOF"
time="2026-09-05T15:25:32+02:00" level=warning msg="Request Failed" error="Post \"http://k8s-ragplatf-ciliumga-56da93c17a-2adc9d09e1c34b13.elb.eu-central-1.amazonaws.com/api/v1/query\": EOF"
time="2026-09-05T15:25:32+02:00" level=warning msg="Request Failed" error="Post \"http://k8s-ragplatf-ciliumga-56da93c17a-2adc9d09e1c34b13.elb.eu-central-1.amazonaws.com/api/v1/query\": EOF"
time="2026-09-05T15:25:32+02:00" level=warning msg="Request Failed" error="Post \"http://k8s-ragplatf-ciliumga-56da93c17a-2adc9d09e1c34b13.elb.eu-central-1.amazonaws.com/api/v1/query\": EOF"
time="2026-09-05T15:25:32+02:00" level=warning msg="Request Failed" error="Post \"http://k8s-ragplatf-ciliumga-56da93c17a-2adc9d09e1c34b13.elb.eu-central-1.amazonaws.com/api/v1/query\": EOF"
time="2026-09-05T15:25:32+02:00" level=warning msg="Request Failed" error="Post \"http://k8s-ragplatf-ciliumga-56da93c17a-2adc9d09e1c34b13.elb.eu-central-1.amazonaws.com/api/v1/query\": EOF"
time="2026-09-05T15:25:32+02:00" level=warning msg="Request Failed" error="Post \"http://k8s-ragplatf-ciliumga-56da93c17a-2adc9d09e1c34b13.elb.eu-central-1.amazonaws.com/api/v1/query\": EOF"
time="2026-09-05T15:25:32+02:00" level=warning msg="Request Failed" error="Post \"http://k8s-ragplatf-ciliumga-56da93c17a-2adc9d09e1c34b13.elb.eu-central-1.amazonaws.com/api/v1/query\": EOF"
time="2026-09-05T15:25:32+02:00" level=warning msg="Request Failed" error="Post \"http://k8s-ragplatf-ciliumga-56da93c17a-2adc9d09e1c34b13.elb.eu-central-1.amazonaws.com/api/v1/query\": EOF"
time="2026-09-05T15:25:32+02:00" level=warning msg="Request Failed" error="Post \"http://k8s-ragplatf-ciliumga-56da93c17a-2adc9d09e1c34b13.elb.eu-central-1.amazonaws.com/api/v1/query\": EOF"
time="2026-09-05T15:25:32+02:00" level=warning msg="Request Failed" error="Post \"http://k8s-ragplatf-ciliumga-56da93c17a-2adc9d09e1c34b13.elb.eu-central-1.amazonaws.com/api/v1/query\": EOF"
time="2026-09-05T15:25:32+02:00" level=warning msg="Request Failed" error="Post \"http://k8s-ragplatf-ciliumga-56da93c17a-2adc9d09e1c34b13.elb.eu-central-1.amazonaws.com/api/v1/query\": EOF"
time="2026-09-05T15:25:32+02:00" level=warning msg="Request Failed" error="Post \"http://k8s-ragplatf-ciliumga-56da93c17a-2adc9d09e1c34b13.elb.eu-central-1.amazonaws.com/api/v1/query\": EOF"
time="2026-09-05T15:25:32+02:00" level=warning msg="Request Failed" error="Post \"http://k8s-ragplatf-ciliumga-56da93c17a-2adc9d09e1c34b13.elb.eu-central-1.amazonaws.com/api/v1/query\": EOF"
time="2026-09-05T15:25:32+02:00" level=warning msg="Request Failed" error="Post \"http://k8s-ragplatf-ciliumga-56da93c17a-2adc9d09e1c34b13.elb.eu-central-1.amazonaws.com/api/v1/query\": EOF"
time="2026-09-05T15:25:32+02:00" level=warning msg="Request Failed" error="Post \"http://k8s-ragplatf-ciliumga-56da93c17a-2adc9d09e1c34b13.elb.eu-central-1.amazonaws.com/api/v1/query\": EOF"
time="2026-09-05T15:25:32+02:00" level=warning msg="Request Failed" error="Post \"http://k8s-ragplatf-ciliumga-56da93c17a-2adc9d09e1c34b13.elb.eu-central-1.amazonaws.com/api/v1/query\": EOF"
time="2026-09-05T15:25:32+02:00" level=warning msg="Request Failed" error="Post \"http://k8s-ragplatf-ciliumga-56da93c17a-2adc9d09e1c34b13.elb.eu-central-1.amazonaws.com/api/v1/query\": EOF"
time="2026-09-05T15:25:32+02:00" level=warning msg="Request Failed" error="Post \"http://k8s-ragplatf-ciliumga-56da93c17a-2adc9d09e1c34b13.elb.eu-central-1.amazonaws.com/api/v1/query\": EOF"
time="2026-09-05T15:25:32+02:00" level=warning msg="Request Failed" error="Post \"http://k8s-ragplatf-ciliumga-56da93c17a-2adc9d09e1c34b13.elb.eu-central-1.amazonaws.com/api/v1/query\": EOF"
time="2026-09-05T15:25:32+02:00" level=warning msg="Request Failed" error="Post \"http://k8s-ragplatf-ciliumga-56da93c17a-2adc9d09e1c34b13.elb.eu-central-1.amazonaws.com/api/v1/query\": EOF"
time="2026-09-05T15:25:32+02:00" level=warning msg="Request Failed" error="Post \"http://k8s-ragplatf-ciliumga-56da93c17a-2adc9d09e1c34b13.elb.eu-central-1.amazonaws.com/api/v1/query\": EOF"
time="2026-09-05T15:25:32+02:00" level=warning msg="Request Failed" error="Post \"http://k8s-ragplatf-ciliumga-56da93c17a-2adc9d09e1c34b13.elb.eu-central-1.amazonaws.com/api/v1/query\": EOF"
time="2026-09-05T15:25:32+02:00" level=warning msg="Request Failed" error="Post \"http://k8s-ragplatf-ciliumga-56da93c17a-2adc9d09e1c34b13.elb.eu-central-1.amazonaws.com/api/v1/query\": EOF"
time="2026-09-05T15:25:32+02:00" level=warning msg="Request Failed" error="Post \"http://k8s-ragplatf-ciliumga-56da93c17a-2adc9d09e1c34b13.elb.eu-central-1.amazonaws.com/api/v1/query\": EOF"
time="2026-09-05T15:25:32+02:00" level=warning msg="Request Failed" error="Post \"http://k8s-ragplatf-ciliumga-56da93c17a-2adc9d09e1c34b13.elb.eu-central-1.amazonaws.com/api/v1/query\": read tcp 192.168.50.205:63605->18.157.216.153:80: read: connection reset by peer"
time="2026-09-05T15:25:32+02:00" level=warning msg="Request Failed" error="Post \"http://k8s-ragplatf-ciliumga-56da93c17a-2adc9d09e1c34b13.elb.eu-central-1.amazonaws.com/api/v1/query\": EOF"
time="2026-09-05T15:25:32+02:00" level=warning msg="Request Failed" error="Post \"http://k8s-ragplatf-ciliumga-56da93c17a-2adc9d09e1c34b13.elb.eu-central-1.amazonaws.com/api/v1/query\": EOF"
time="2026-09-05T15:25:32+02:00" level=warning msg="Request Failed" error="Post \"http://k8s-ragplatf-ciliumga-56da93c17a-2adc9d09e1c34b13.elb.eu-central-1.amazonaws.com/api/v1/query\": EOF"
time="2026-09-05T15:25:32+02:00" level=warning msg="Request Failed" error="Post \"http://k8s-ragplatf-ciliumga-56da93c17a-2adc9d09e1c34b13.elb.eu-central-1.amazonaws.com/api/v1/query\": EOF"
time="2026-09-05T15:25:32+02:00" level=warning msg="Request Failed" error="Post \"http://k8s-ragplatf-ciliumga-56da93c17a-2adc9d09e1c34b13.elb.eu-central-1.amazonaws.com/api/v1/query\": EOF"
time="2026-09-05T15:25:32+02:00" level=warning msg="Request Failed" error="Post \"http://k8s-ragplatf-ciliumga-56da93c17a-2adc9d09e1c34b13.elb.eu-central-1.amazonaws.com/api/v1/query\": EOF"
time="2026-09-05T15:25:32+02:00" level=warning msg="Request Failed" error="Post \"http://k8s-ragplatf-ciliumga-56da93c17a-2adc9d09e1c34b13.elb.eu-central-1.amazonaws.com/api/v1/query\": EOF"
time="2026-09-05T15:25:32+02:00" level=warning msg="Request Failed" error="Post \"http://k8s-ragplatf-ciliumga-56da93c17a-2adc9d09e1c34b13.elb.eu-central-1.amazonaws.com/api/v1/query\": EOF"
time="2026-09-05T15:25:32+02:00" level=warning msg="Request Failed" error="Post \"http://k8s-ragplatf-ciliumga-56da93c17a-2adc9d09e1c34b13.elb.eu-central-1.amazonaws.com/api/v1/query\": EOF"
time="2026-09-05T15:25:32+02:00" level=warning msg="Request Failed" error="Post \"http://k8s-ragplatf-ciliumga-56da93c17a-2adc9d09e1c34b13.elb.eu-central-1.amazonaws.com/api/v1/query\": EOF"
time="2026-09-05T15:25:32+02:00" level=warning msg="Request Failed" error="Post \"http://k8s-ragplatf-ciliumga-56da93c17a-2adc9d09e1c34b13.elb.eu-central-1.amazonaws.com/api/v1/query\": EOF"
time="2026-09-05T15:25:32+02:00" level=warning msg="Request Failed" error="Post \"http://k8s-ragplatf-ciliumga-56da93c17a-2adc9d09e1c34b13.elb.eu-central-1.amazonaws.com/api/v1/query\": EOF"
time="2026-09-05T15:25:32+02:00" level=warning msg="Request Failed" error="Post \"http://k8s-ragplatf-ciliumga-56da93c17a-2adc9d09e1c34b13.elb.eu-central-1.amazonaws.com/api/v1/query\": EOF"
time="2026-09-05T15:25:32+02:00" level=warning msg="Request Failed" error="Post \"http://k8s-ragplatf-ciliumga-56da93c17a-2adc9d09e1c34b13.elb.eu-central-1.amazonaws.com/api/v1/query\": EOF"
time="2026-09-05T15:25:32+02:00" level=warning msg="Request Failed" error="Post \"http://k8s-ragplatf-ciliumga-56da93c17a-2adc9d09e1c34b13.elb.eu-central-1.amazonaws.com/api/v1/query\": EOF"
time="2026-09-05T15:25:32+02:00" level=warning msg="Request Failed" error="Post \"http://k8s-ragplatf-ciliumga-56da93c17a-2adc9d09e1c34b13.elb.eu-central-1.amazonaws.com/api/v1/query\": EOF"
time="2026-09-05T15:25:32+02:00" level=warning msg="Request Failed" error="Post \"http://k8s-ragplatf-ciliumga-56da93c17a-2adc9d09e1c34b13.elb.eu-central-1.amazonaws.com/api/v1/query\": EOF"
time="2026-09-05T15:25:32+02:00" level=warning msg="Request Failed" error="Post \"http://k8s-ragplatf-ciliumga-56da93c17a-2adc9d09e1c34b13.elb.eu-central-1.amazonaws.com/api/v1/query\": EOF"
time="2026-09-05T15:25:32+02:00" level=warning msg="Request Failed" error="Post \"http://k8s-ragplatf-ciliumga-56da93c17a-2adc9d09e1c34b13.elb.eu-central-1.amazonaws.com/api/v1/query\": EOF"
time="2026-09-05T15:25:32+02:00" level=warning msg="Request Failed" error="Post \"http://k8s-ragplatf-ciliumga-56da93c17a-2adc9d09e1c34b13.elb.eu-central-1.amazonaws.com/api/v1/query\": EOF"
time="2026-09-05T15:25:32+02:00" level=warning msg="Request Failed" error="Post \"http://k8s-ragplatf-ciliumga-56da93c17a-2adc9d09e1c34b13.elb.eu-central-1.amazonaws.com/api/v1/query\": EOF"
time="2026-09-05T15:25:32+02:00" level=warning msg="Request Failed" error="Post \"http://k8s-ragplatf-ciliumga-56da93c17a-2adc9d09e1c34b13.elb.eu-central-1.amazonaws.com/api/v1/query\": EOF"
time="2026-09-05T15:25:32+02:00" level=warning msg="Request Failed" error="Post \"http://k8s-ragplatf-ciliumga-56da93c17a-2adc9d09e1c34b13.elb.eu-central-1.amazonaws.com/api/v1/query\": EOF"
time="2026-09-05T15:25:32+02:00" level=warning msg="Request Failed" error="Post \"http://k8s-ragplatf-ciliumga-56da93c17a-2adc9d09e1c34b13.elb.eu-central-1.amazonaws.com/api/v1/query\": EOF"
time="2026-09-05T15:25:32+02:00" level=warning msg="Request Failed" error="Post \"http://k8s-ragplatf-ciliumga-56da93c17a-2adc9d09e1c34b13.elb.eu-central-1.amazonaws.com/api/v1/query\": EOF"
time="2026-09-05T15:25:32+02:00" level=warning msg="Request Failed" error="Post \"http://k8s-ragplatf-ciliumga-56da93c17a-2adc9d09e1c34b13.elb.eu-central-1.amazonaws.com/api/v1/query\": EOF"
time="2026-09-05T15:25:32+02:00" level=warning msg="Request Failed" error="Post \"http://k8s-ragplatf-ciliumga-56da93c17a-2adc9d09e1c34b13.elb.eu-central-1.amazonaws.com/api/v1/query\": EOF"
time="2026-09-05T15:25:32+02:00" level=warning msg="Request Failed" error="Post \"http://k8s-ragplatf-ciliumga-56da93c17a-2adc9d09e1c34b13.elb.eu-central-1.amazonaws.com/api/v1/query\": EOF"
time="2026-09-05T15:25:32+02:00" level=warning msg="Request Failed" error="Post \"http://k8s-ragplatf-ciliumga-56da93c17a-2adc9d09e1c34b13.elb.eu-central-1.amazonaws.com/api/v1/query\": EOF"
time="2026-09-05T15:25:32+02:00" level=warning msg="Request Failed" error="Post \"http://k8s-ragplatf-ciliumga-56da93c17a-2adc9d09e1c34b13.elb.eu-central-1.amazonaws.com/api/v1/query\": EOF"
time="2026-09-05T15:25:32+02:00" level=warning msg="Request Failed" error="Post \"http://k8s-ragplatf-ciliumga-56da93c17a-2adc9d09e1c34b13.elb.eu-central-1.amazonaws.com/api/v1/query\": EOF"
time="2026-09-05T15:25:32+02:00" level=warning msg="Request Failed" error="Post \"http://k8s-ragplatf-ciliumga-56da93c17a-2adc9d09e1c34b13.elb.eu-central-1.amazonaws.com/api/v1/query\": EOF"
time="2026-09-05T15:25:32+02:00" level=warning msg="Request Failed" error="Post \"http://k8s-ragplatf-ciliumga-56da93c17a-2adc9d09e1c34b13.elb.eu-central-1.amazonaws.com/api/v1/query\": EOF"
time="2026-09-05T15:25:32+02:00" level=warning msg="Request Failed" error="Post \"http://k8s-ragplatf-ciliumga-56da93c17a-2adc9d09e1c34b13.elb.eu-central-1.amazonaws.com/api/v1/query\": EOF"
time="2026-09-05T15:25:32+02:00" level=warning msg="Request Failed" error="Post \"http://k8s-ragplatf-ciliumga-56da93c17a-2adc9d09e1c34b13.elb.eu-central-1.amazonaws.com/api/v1/query\": EOF"
time="2026-09-05T15:25:32+02:00" level=warning msg="Request Failed" error="Post \"http://k8s-ragplatf-ciliumga-56da93c17a-2adc9d09e1c34b13.elb.eu-central-1.amazonaws.com/api/v1/query\": EOF"
time="2026-09-05T15:25:32+02:00" level=warning msg="Request Failed" error="Post \"http://k8s-ragplatf-ciliumga-56da93c17a-2adc9d09e1c34b13.elb.eu-central-1.amazonaws.com/api/v1/query\": EOF"
time="2026-09-05T15:25:32+02:00" level=warning msg="Request Failed" error="Post \"http://k8s-ragplatf-ciliumga-56da93c17a-2adc9d09e1c34b13.elb.eu-central-1.amazonaws.com/api/v1/query\": EOF"
time="2026-09-05T15:25:32+02:00" level=warning msg="Request Failed" error="Post \"http://k8s-ragplatf-ciliumga-56da93c17a-2adc9d09e1c34b13.elb.eu-central-1.amazonaws.com/api/v1/query\": EOF"
time="2026-09-05T15:25:32+02:00" level=warning msg="Request Failed" error="Post \"http://k8s-ragplatf-ciliumga-56da93c17a-2adc9d09e1c34b13.elb.eu-central-1.amazonaws.com/api/v1/query\": EOF"
time="2026-09-05T15:25:32+02:00" level=warning msg="Request Failed" error="Post \"http://k8s-ragplatf-ciliumga-56da93c17a-2adc9d09e1c34b13.elb.eu-central-1.amazonaws.com/api/v1/query\": EOF"
time="2026-09-05T15:25:32+02:00" level=warning msg="Request Failed" error="Post \"http://k8s-ragplatf-ciliumga-56da93c17a-2adc9d09e1c34b13.elb.eu-central-1.amazonaws.com/api/v1/query\": EOF"
time="2026-09-05T15:25:32+02:00" level=warning msg="Request Failed" error="Post \"http://k8s-ragplatf-ciliumga-56da93c17a-2adc9d09e1c34b13.elb.eu-central-1.amazonaws.com/api/v1/query\": EOF"
time="2026-09-05T15:25:32+02:00" level=warning msg="Request Failed" error="Post \"http://k8s-ragplatf-ciliumga-56da93c17a-2adc9d09e1c34b13.elb.eu-central-1.amazonaws.com/api/v1/query\": EOF"
time="2026-09-05T15:25:32+02:00" level=warning msg="Request Failed" error="Post \"http://k8s-ragplatf-ciliumga-56da93c17a-2adc9d09e1c34b13.elb.eu-central-1.amazonaws.com/api/v1/query\": EOF"
time="2026-09-05T15:25:32+02:00" level=warning msg="Request Failed" error="Post \"http://k8s-ragplatf-ciliumga-56da93c17a-2adc9d09e1c34b13.elb.eu-central-1.amazonaws.com/api/v1/query\": EOF"
time="2026-09-05T15:25:32+02:00" level=warning msg="Request Failed" error="Post \"http://k8s-ragplatf-ciliumga-56da93c17a-2adc9d09e1c34b13.elb.eu-central-1.amazonaws.com/api/v1/query\": EOF"
time="2026-09-05T15:25:32+02:00" level=warning msg="Request Failed" error="Post \"http://k8s-ragplatf-ciliumga-56da93c17a-2adc9d09e1c34b13.elb.eu-central-1.amazonaws.com/api/v1/query\": EOF"
time="2026-09-05T15:25:32+02:00" level=warning msg="Request Failed" error="Post \"http://k8s-ragplatf-ciliumga-56da93c17a-2adc9d09e1c34b13.elb.eu-central-1.amazonaws.com/api/v1/query\": EOF"
time="2026-09-05T15:25:32+02:00" level=warning msg="Request Failed" error="Post \"http://k8s-ragplatf-ciliumga-56da93c17a-2adc9d09e1c34b13.elb.eu-central-1.amazonaws.com/api/v1/query\": EOF"
time="2026-09-05T15:25:32+02:00" level=warning msg="Request Failed" error="Post \"http://k8s-ragplatf-ciliumga-56da93c17a-2adc9d09e1c34b13.elb.eu-central-1.amazonaws.com/api/v1/query\": EOF"
time="2026-09-05T15:25:32+02:00" level=warning msg="Request Failed" error="Post \"http://k8s-ragplatf-ciliumga-56da93c17a-2adc9d09e1c34b13.elb.eu-central-1.amazonaws.com/api/v1/query\": EOF"
time="2026-09-05T15:25:32+02:00" level=warning msg="Request Failed" error="Post \"http://k8s-ragplatf-ciliumga-56da93c17a-2adc9d09e1c34b13.elb.eu-central-1.amazonaws.com/api/v1/query\": EOF"
time="2026-09-05T15:25:32+02:00" level=warning msg="Request Failed" error="Post \"http://k8s-ragplatf-ciliumga-56da93c17a-2adc9d09e1c34b13.elb.eu-central-1.amazonaws.com/api/v1/query\": EOF"
time="2026-09-05T15:25:32+02:00" level=warning msg="Request Failed" error="Post \"http://k8s-ragplatf-ciliumga-56da93c17a-2adc9d09e1c34b13.elb.eu-central-1.amazonaws.com/api/v1/query\": EOF"
time="2026-09-05T15:25:32+02:00" level=warning msg="Request Failed" error="Post \"http://k8s-ragplatf-ciliumga-56da93c17a-2adc9d09e1c34b13.elb.eu-central-1.amazonaws.com/api/v1/query\": EOF"
time="2026-09-05T15:25:32+02:00" level=warning msg="Request Failed" error="Post \"http://k8s-ragplatf-ciliumga-56da93c17a-2adc9d09e1c34b13.elb.eu-central-1.amazonaws.com/api/v1/query\": EOF"
time="2026-09-05T15:25:32+02:00" level=warning msg="Request Failed" error="Post \"http://k8s-ragplatf-ciliumga-56da93c17a-2adc9d09e1c34b13.elb.eu-central-1.amazonaws.com/api/v1/query\": EOF"
time="2026-09-05T15:25:32+02:00" level=warning msg="Request Failed" error="Post \"http://k8s-ragplatf-ciliumga-56da93c17a-2adc9d09e1c34b13.elb.eu-central-1.amazonaws.com/api/v1/query\": EOF"
time="2026-09-05T15:25:32+02:00" level=warning msg="Request Failed" error="Post \"http://k8s-ragplatf-ciliumga-56da93c17a-2adc9d09e1c34b13.elb.eu-central-1.amazonaws.com/api/v1/query\": EOF"
time="2026-09-05T15:25:32+02:00" level=warning msg="Request Failed" error="Post \"http://k8s-ragplatf-ciliumga-56da93c17a-2adc9d09e1c34b13.elb.eu-central-1.amazonaws.com/api/v1/query\": EOF"
time="2026-09-05T15:25:32+02:00" level=warning msg="Request Failed" error="Post \"http://k8s-ragplatf-ciliumga-56da93c17a-2adc9d09e1c34b13.elb.eu-central-1.amazonaws.com/api/v1/query\": EOF"
time="2026-09-05T15:25:32+02:00" level=warning msg="Request Failed" error="Post \"http://k8s-ragplatf-ciliumga-56da93c17a-2adc9d09e1c34b13.elb.eu-central-1.amazonaws.com/api/v1/query\": EOF"
time="2026-09-05T15:25:32+02:00" level=warning msg="Request Failed" error="Post \"http://k8s-ragplatf-ciliumga-56da93c17a-2adc9d09e1c34b13.elb.eu-central-1.amazonaws.com/api/v1/query\": EOF"
time="2026-09-05T15:25:32+02:00" level=warning msg="Request Failed" error="Post \"http://k8s-ragplatf-ciliumga-56da93c17a-2adc9d09e1c34b13.elb.eu-central-1.amazonaws.com/api/v1/query\": EOF"
time="2026-09-05T15:25:32+02:00" level=warning msg="Request Failed" error="Post \"http://k8s-ragplatf-ciliumga-56da93c17a-2adc9d09e1c34b13.elb.eu-central-1.amazonaws.com/api/v1/query\": EOF"
time="2026-09-05T15:25:32+02:00" level=warning msg="Request Failed" error="Post \"http://k8s-ragplatf-ciliumga-56da93c17a-2adc9d09e1c34b13.elb.eu-central-1.amazonaws.com/api/v1/query\": EOF"
time="2026-09-05T15:25:32+02:00" level=warning msg="Request Failed" error="Post \"http://k8s-ragplatf-ciliumga-56da93c17a-2adc9d09e1c34b13.elb.eu-central-1.amazonaws.com/api/v1/query\": EOF"
time="2026-09-05T15:25:32+02:00" level=warning msg="Request Failed" error="Post \"http://k8s-ragplatf-ciliumga-56da93c17a-2adc9d09e1c34b13.elb.eu-central-1.amazonaws.com/api/v1/query\": EOF"
time="2026-09-05T15:25:32+02:00" level=warning msg="Request Failed" error="Post \"http://k8s-ragplatf-ciliumga-56da93c17a-2adc9d09e1c34b13.elb.eu-central-1.amazonaws.com/api/v1/query\": EOF"
time="2026-09-05T15:25:32+02:00" level=warning msg="Request Failed" error="Post \"http://k8s-ragplatf-ciliumga-56da93c17a-2adc9d09e1c34b13.elb.eu-central-1.amazonaws.com/api/v1/query\": EOF"
time="2026-09-05T15:25:32+02:00" level=warning msg="Request Failed" error="Post \"http://k8s-ragplatf-ciliumga-56da93c17a-2adc9d09e1c34b13.elb.eu-central-1.amazonaws.com/api/v1/query\": EOF"
time="2026-09-05T15:25:32+02:00" level=warning msg="Request Failed" error="Post \"http://k8s-ragplatf-ciliumga-56da93c17a-2adc9d09e1c34b13.elb.eu-central-1.amazonaws.com/api/v1/query\": EOF"
time="2026-09-05T15:25:32+02:00" level=warning msg="Request Failed" error="Post \"http://k8s-ragplatf-ciliumga-56da93c17a-2adc9d09e1c34b13.elb.eu-central-1.amazonaws.com/api/v1/query\": EOF"
time="2026-09-05T15:25:32+02:00" level=warning msg="Request Failed" error="Post \"http://k8s-ragplatf-ciliumga-56da93c17a-2adc9d09e1c34b13.elb.eu-central-1.amazonaws.com/api/v1/query\": EOF"
time="2026-09-05T15:25:32+02:00" level=warning msg="Request Failed" error="Post \"http://k8s-ragplatf-ciliumga-56da93c17a-2adc9d09e1c34b13.elb.eu-central-1.amazonaws.com/api/v1/query\": EOF"
time="2026-09-05T15:25:32+02:00" level=warning msg="Request Failed" error="Post \"http://k8s-ragplatf-ciliumga-56da93c17a-2adc9d09e1c34b13.elb.eu-central-1.amazonaws.com/api/v1/query\": EOF"
time="2026-09-05T15:25:32+02:00" level=warning msg="Request Failed" error="Post \"http://k8s-ragplatf-ciliumga-56da93c17a-2adc9d09e1c34b13.elb.eu-central-1.amazonaws.com/api/v1/query\": EOF"
time="2026-09-05T15:25:32+02:00" level=warning msg="Request Failed" error="Post \"http://k8s-ragplatf-ciliumga-56da93c17a-2adc9d09e1c34b13.elb.eu-central-1.amazonaws.com/api/v1/query\": EOF"
time="2026-09-05T15:25:32+02:00" level=warning msg="Request Failed" error="Post \"http://k8s-ragplatf-ciliumga-56da93c17a-2adc9d09e1c34b13.elb.eu-central-1.amazonaws.com/api/v1/query\": EOF"
time="2026-09-05T15:25:32+02:00" level=warning msg="Request Failed" error="Post \"http://k8s-ragplatf-ciliumga-56da93c17a-2adc9d09e1c34b13.elb.eu-central-1.amazonaws.com/api/v1/query\": EOF"
time="2026-09-05T15:25:32+02:00" level=warning msg="Request Failed" error="Post \"http://k8s-ragplatf-ciliumga-56da93c17a-2adc9d09e1c34b13.elb.eu-central-1.amazonaws.com/api/v1/query\": EOF"
time="2026-09-05T15:25:32+02:00" level=warning msg="Request Failed" error="Post \"http://k8s-ragplatf-ciliumga-56da93c17a-2adc9d09e1c34b13.elb.eu-central-1.amazonaws.com/api/v1/query\": EOF"
time="2026-09-05T15:25:32+02:00" level=warning msg="Request Failed" error="Post \"http://k8s-ragplatf-ciliumga-56da93c17a-2adc9d09e1c34b13.elb.eu-central-1.amazonaws.com/api/v1/query\": EOF"
time="2026-09-05T15:25:32+02:00" level=warning msg="Request Failed" error="Post \"http://k8s-ragplatf-ciliumga-56da93c17a-2adc9d09e1c34b13.elb.eu-central-1.amazonaws.com/api/v1/query\": EOF"
time="2026-09-05T15:25:32+02:00" level=warning msg="Request Failed" error="Post \"http://k8s-ragplatf-ciliumga-56da93c17a-2adc9d09e1c34b13.elb.eu-central-1.amazonaws.com/api/v1/query\": EOF"
time="2026-09-05T15:25:32+02:00" level=warning msg="Request Failed" error="Post \"http://k8s-ragplatf-ciliumga-56da93c17a-2adc9d09e1c34b13.elb.eu-central-1.amazonaws.com/api/v1/query\": EOF"
time="2026-09-05T15:25:32+02:00" level=warning msg="Request Failed" error="Post \"http://k8s-ragplatf-ciliumga-56da93c17a-2adc9d09e1c34b13.elb.eu-central-1.amazonaws.com/api/v1/query\": EOF"
time="2026-09-05T15:25:32+02:00" level=warning msg="Request Failed" error="Post \"http://k8s-ragplatf-ciliumga-56da93c17a-2adc9d09e1c34b13.elb.eu-central-1.amazonaws.com/api/v1/query\": EOF"
time="2026-09-05T15:25:32+02:00" level=warning msg="Request Failed" error="Post \"http://k8s-ragplatf-ciliumga-56da93c17a-2adc9d09e1c34b13.elb.eu-central-1.amazonaws.com/api/v1/query\": EOF"
time="2026-09-05T15:25:32+02:00" level=warning msg="Request Failed" error="Post \"http://k8s-ragplatf-ciliumga-56da93c17a-2adc9d09e1c34b13.elb.eu-central-1.amazonaws.com/api/v1/query\": EOF"
time="2026-09-05T15:25:32+02:00" level=warning msg="Request Failed" error="Post \"http://k8s-ragplatf-ciliumga-56da93c17a-2adc9d09e1c34b13.elb.eu-central-1.amazonaws.com/api/v1/query\": EOF"
time="2026-09-05T15:25:32+02:00" level=warning msg="Request Failed" error="Post \"http://k8s-ragplatf-ciliumga-56da93c17a-2adc9d09e1c34b13.elb.eu-central-1.amazonaws.com/api/v1/query\": EOF"
time="2026-09-05T15:25:32+02:00" level=warning msg="Request Failed" error="Post \"http://k8s-ragplatf-ciliumga-56da93c17a-2adc9d09e1c34b13.elb.eu-central-1.amazonaws.com/api/v1/query\": EOF"
time="2026-09-05T15:25:32+02:00" level=warning msg="Request Failed" error="Post \"http://k8s-ragplatf-ciliumga-56da93c17a-2adc9d09e1c34b13.elb.eu-central-1.amazonaws.com/api/v1/query\": EOF"
time="2026-09-05T15:25:32+02:00" level=warning msg="Request Failed" error="Post \"http://k8s-ragplatf-ciliumga-56da93c17a-2adc9d09e1c34b13.elb.eu-central-1.amazonaws.com/api/v1/query\": EOF"
time="2026-09-05T15:25:32+02:00" level=warning msg="Request Failed" error="Post \"http://k8s-ragplatf-ciliumga-56da93c17a-2adc9d09e1c34b13.elb.eu-central-1.amazonaws.com/api/v1/query\": EOF"
time="2026-09-05T15:25:32+02:00" level=warning msg="Request Failed" error="Post \"http://k8s-ragplatf-ciliumga-56da93c17a-2adc9d09e1c34b13.elb.eu-central-1.amazonaws.com/api/v1/query\": EOF"
time="2026-09-05T15:25:32+02:00" level=warning msg="Request Failed" error="Post \"http://k8s-ragplatf-ciliumga-56da93c17a-2adc9d09e1c34b13.elb.eu-central-1.amazonaws.com/api/v1/query\": EOF"
time="2026-09-05T15:25:32+02:00" level=warning msg="Request Failed" error="Post \"http://k8s-ragplatf-ciliumga-56da93c17a-2adc9d09e1c34b13.elb.eu-central-1.amazonaws.com/api/v1/query\": EOF"
time="2026-09-05T15:25:32+02:00" level=warning msg="Request Failed" error="Post \"http://k8s-ragplatf-ciliumga-56da93c17a-2adc9d09e1c34b13.elb.eu-central-1.amazonaws.com/api/v1/query\": EOF"
time="2026-09-05T15:25:32+02:00" level=warning msg="Request Failed" error="Post \"http://k8s-ragplatf-ciliumga-56da93c17a-2adc9d09e1c34b13.elb.eu-central-1.amazonaws.com/api/v1/query\": EOF"
time="2026-09-05T15:25:32+02:00" level=warning msg="Request Failed" error="Post \"http://k8s-ragplatf-ciliumga-56da93c17a-2adc9d09e1c34b13.elb.eu-central-1.amazonaws.com/api/v1/query\": EOF"
time="2026-09-05T15:25:32+02:00" level=warning msg="Request Failed" error="Post \"http://k8s-ragplatf-ciliumga-56da93c17a-2adc9d09e1c34b13.elb.eu-central-1.amazonaws.com/api/v1/query\": EOF"
time="2026-09-05T15:25:32+02:00" level=warning msg="Request Failed" error="Post \"http://k8s-ragplatf-ciliumga-56da93c17a-2adc9d09e1c34b13.elb.eu-central-1.amazonaws.com/api/v1/query\": EOF"
time="2026-09-05T15:25:32+02:00" level=warning msg="Request Failed" error="Post \"http://k8s-ragplatf-ciliumga-56da93c17a-2adc9d09e1c34b13.elb.eu-central-1.amazonaws.com/api/v1/query\": EOF"
time="2026-09-05T15:25:32+02:00" level=warning msg="Request Failed" error="Post \"http://k8s-ragplatf-ciliumga-56da93c17a-2adc9d09e1c34b13.elb.eu-central-1.amazonaws.com/api/v1/query\": EOF"
time="2026-09-05T15:25:32+02:00" level=warning msg="Request Failed" error="Post \"http://k8s-ragplatf-ciliumga-56da93c17a-2adc9d09e1c34b13.elb.eu-central-1.amazonaws.com/api/v1/query\": EOF"
time="2026-09-05T15:25:32+02:00" level=warning msg="Request Failed" error="Post \"http://k8s-ragplatf-ciliumga-56da93c17a-2adc9d09e1c34b13.elb.eu-central-1.amazonaws.com/api/v1/query\": EOF"
time="2026-09-05T15:25:32+02:00" level=warning msg="Request Failed" error="Post \"http://k8s-ragplatf-ciliumga-56da93c17a-2adc9d09e1c34b13.elb.eu-central-1.amazonaws.com/api/v1/query\": EOF"
time="2026-09-05T15:25:32+02:00" level=warning msg="Request Failed" error="Post \"http://k8s-ragplatf-ciliumga-56da93c17a-2adc9d09e1c34b13.elb.eu-central-1.amazonaws.com/api/v1/query\": EOF"
time="2026-09-05T15:25:32+02:00" level=warning msg="Request Failed" error="Post \"http://k8s-ragplatf-ciliumga-56da93c17a-2adc9d09e1c34b13.elb.eu-central-1.amazonaws.com/api/v1/query\": EOF"
time="2026-09-05T15:25:32+02:00" level=warning msg="Request Failed" error="Post \"http://k8s-ragplatf-ciliumga-56da93c17a-2adc9d09e1c34b13.elb.eu-central-1.amazonaws.com/api/v1/query\": EOF"
time="2026-09-05T15:25:32+02:00" level=warning msg="Request Failed" error="Post \"http://k8s-ragplatf-ciliumga-56da93c17a-2adc9d09e1c34b13.elb.eu-central-1.amazonaws.com/api/v1/query\": EOF"
time="2026-09-05T15:25:32+02:00" level=warning msg="Request Failed" error="Post \"http://k8s-ragplatf-ciliumga-56da93c17a-2adc9d09e1c34b13.elb.eu-central-1.amazonaws.com/api/v1/query\": EOF"
time="2026-09-05T15:25:32+02:00" level=warning msg="Request Failed" error="Post \"http://k8s-ragplatf-ciliumga-56da93c17a-2adc9d09e1c34b13.elb.eu-central-1.amazonaws.com/api/v1/query\": EOF"
time="2026-09-05T15:25:32+02:00" level=warning msg="Request Failed" error="Post \"http://k8s-ragplatf-ciliumga-56da93c17a-2adc9d09e1c34b13.elb.eu-central-1.amazonaws.com/api/v1/query\": EOF"
time="2026-09-05T15:25:32+02:00" level=warning msg="Request Failed" error="Post \"http://k8s-ragplatf-ciliumga-56da93c17a-2adc9d09e1c34b13.elb.eu-central-1.amazonaws.com/api/v1/query\": EOF"
time="2026-09-05T15:25:32+02:00" level=warning msg="Request Failed" error="Post \"http://k8s-ragplatf-ciliumga-56da93c17a-2adc9d09e1c34b13.elb.eu-central-1.amazonaws.com/api/v1/query\": EOF"
time="2026-09-05T15:25:32+02:00" level=warning msg="Request Failed" error="Post \"http://k8s-ragplatf-ciliumga-56da93c17a-2adc9d09e1c34b13.elb.eu-central-1.amazonaws.com/api/v1/query\": EOF"
time="2026-09-05T15:25:32+02:00" level=warning msg="Request Failed" error="Post \"http://k8s-ragplatf-ciliumga-56da93c17a-2adc9d09e1c34b13.elb.eu-central-1.amazonaws.com/api/v1/query\": EOF"
time="2026-09-05T15:25:32+02:00" level=warning msg="Request Failed" error="Post \"http://k8s-ragplatf-ciliumga-56da93c17a-2adc9d09e1c34b13.elb.eu-central-1.amazonaws.com/api/v1/query\": EOF"
time="2026-09-05T15:25:32+02:00" level=warning msg="Request Failed" error="Post \"http://k8s-ragplatf-ciliumga-56da93c17a-2adc9d09e1c34b13.elb.eu-central-1.amazonaws.com/api/v1/query\": EOF"
time="2026-09-05T15:25:32+02:00" level=warning msg="Request Failed" error="Post \"http://k8s-ragplatf-ciliumga-56da93c17a-2adc9d09e1c34b13.elb.eu-central-1.amazonaws.com/api/v1/query\": EOF"

running (03m34.9s), 0172/0535 VUs, 42782 complete and 0 interrupted iterations
constant_load   [  36% ] 0172/0535 VUs  03m34.9s/10m0s  200.00 iters/s

running (03m35.9s), 0345/0535 VUs, 42809 complete and 0 interrupted iterations
constant_load   [  36% ] 0345/0535 VUs  03m35.9s/10m0s  200.00 iters/s

running (03m36.9s), 0473/0535 VUs, 42881 complete and 0 interrupted iterations
constant_load   [  36% ] 0473/0535 VUs  03m36.9s/10m0s  200.00 iters/s

running (03m37.9s), 0553/0554 VUs, 42982 complete and 0 interrupted iterations
constant_load   [  36% ] 0553/0554 VUs  03m37.9s/10m0s  200.00 iters/s

running (03m38.9s), 0593/0596 VUs, 43100 complete and 0 interrupted iterations
constant_load   [  36% ] 0593/0596 VUs  03m38.9s/10m0s  200.00 iters/s

running (03m39.9s), 0610/0613 VUs, 43266 complete and 0 interrupted iterations
constant_load   [  37% ] 0610/0613 VUs  03m39.9s/10m0s  200.00 iters/s

running (03m40.9s), 0641/0645 VUs, 43403 complete and 0 interrupted iterations
constant_load   [  37% ] 0641/0645 VUs  03m40.9s/10m0s  200.00 iters/s

running (03m41.9s), 0652/0657 VUs, 43580 complete and 0 interrupted iterations
constant_load   [  37% ] 0652/0657 VUs  03m41.9s/10m0s  200.00 iters/s
time="2026-09-05T15:25:40+02:00" level=warning msg="Request Failed" error="Post \"http://k8s-ragplatf-ciliumga-56da93c17a-2adc9d09e1c34b13.elb.eu-central-1.amazonaws.com/api/v1/query\": dial: i/o timeout"
time="2026-09-05T15:25:40+02:00" level=warning msg="Request Failed" error="Post \"http://k8s-ragplatf-ciliumga-56da93c17a-2adc9d09e1c34b13.elb.eu-central-1.amazonaws.com/api/v1/query\": dial: i/o timeout"
time="2026-09-05T15:25:40+02:00" level=warning msg="Request Failed" error="Post \"http://k8s-ragplatf-ciliumga-56da93c17a-2adc9d09e1c34b13.elb.eu-central-1.amazonaws.com/api/v1/query\": dial: i/o timeout"
time="2026-09-05T15:25:40+02:00" level=warning msg="Request Failed" error="Post \"http://k8s-ragplatf-ciliumga-56da93c17a-2adc9d09e1c34b13.elb.eu-central-1.amazonaws.com/api/v1/query\": dial: i/o timeout"
time="2026-09-05T15:25:40+02:00" level=warning msg="Request Failed" error="Post \"http://k8s-ragplatf-ciliumga-56da93c17a-2adc9d09e1c34b13.elb.eu-central-1.amazonaws.com/api/v1/query\": dial: i/o timeout"
time="2026-09-05T15:25:40+02:00" level=warning msg="Request Failed" error="Post \"http://k8s-ragplatf-ciliumga-56da93c17a-2adc9d09e1c34b13.elb.eu-central-1.amazonaws.com/api/v1/query\": dial: i/o timeout"
time="2026-09-05T15:25:40+02:00" level=warning msg="Request Failed" error="Post \"http://k8s-ragplatf-ciliumga-56da93c17a-2adc9d09e1c34b13.elb.eu-central-1.amazonaws.com/api/v1/query\": dial: i/o timeout"
time="2026-09-05T15:25:40+02:00" level=warning msg="Request Failed" error="Post \"http://k8s-ragplatf-ciliumga-56da93c17a-2adc9d09e1c34b13.elb.eu-central-1.amazonaws.com/api/v1/query\": dial: i/o timeout"
time="2026-09-05T15:25:40+02:00" level=warning msg="Request Failed" error="Post \"http://k8s-ragplatf-ciliumga-56da93c17a-2adc9d09e1c34b13.elb.eu-central-1.amazonaws.com/api/v1/query\": dial: i/o timeout"
time="2026-09-05T15:25:40+02:00" level=warning msg="Request Failed" error="Post \"http://k8s-ragplatf-ciliumga-56da93c17a-2adc9d09e1c34b13.elb.eu-central-1.amazonaws.com/api/v1/query\": dial: i/o timeout"
time="2026-09-05T15:25:40+02:00" level=warning msg="Request Failed" error="Post \"http://k8s-ragplatf-ciliumga-56da93c17a-2adc9d09e1c34b13.elb.eu-central-1.amazonaws.com/api/v1/query\": dial: i/o timeout"
time="2026-09-05T15:25:40+02:00" level=warning msg="Request Failed" error="Post \"http://k8s-ragplatf-ciliumga-56da93c17a-2adc9d09e1c34b13.elb.eu-central-1.amazonaws.com/api/v1/query\": dial: i/o timeout"
time="2026-09-05T15:25:40+02:00" level=warning msg="Request Failed" error="Post \"http://k8s-ragplatf-ciliumga-56da93c17a-2adc9d09e1c34b13.elb.eu-central-1.amazonaws.com/api/v1/query\": dial: i/o timeout"
time="2026-09-05T15:25:40+02:00" level=warning msg="Request Failed" error="Post \"http://k8s-ragplatf-ciliumga-56da93c17a-2adc9d09e1c34b13.elb.eu-central-1.amazonaws.com/api/v1/query\": dial: i/o timeout"
time="2026-09-05T15:25:40+02:00" level=warning msg="Request Failed" error="Post \"http://k8s-ragplatf-ciliumga-56da93c17a-2adc9d09e1c34b13.elb.eu-central-1.amazonaws.com/api/v1/query\": dial: i/o timeout"
time="2026-09-05T15:25:40+02:00" level=warning msg="Request Failed" error="Post \"http://k8s-ragplatf-ciliumga-56da93c17a-2adc9d09e1c34b13.elb.eu-central-1.amazonaws.com/api/v1/query\": dial: i/o timeout"
time="2026-09-05T15:25:40+02:00" level=warning msg="Request Failed" error="Post \"http://k8s-ragplatf-ciliumga-56da93c17a-2adc9d09e1c34b13.elb.eu-central-1.amazonaws.com/api/v1/query\": dial: i/o timeout"
time="2026-09-05T15:25:40+02:00" level=warning msg="Request Failed" error="Post \"http://k8s-ragplatf-ciliumga-56da93c17a-2adc9d09e1c34b13.elb.eu-central-1.amazonaws.com/api/v1/query\": dial: i/o timeout"
time="2026-09-05T15:25:40+02:00" level=warning msg="Request Failed" error="Post \"http://k8s-ragplatf-ciliumga-56da93c17a-2adc9d09e1c34b13.elb.eu-central-1.amazonaws.com/api/v1/query\": dial: i/o timeout"
time="2026-09-05T15:25:40+02:00" level=warning msg="Request Failed" error="Post \"http://k8s-ragplatf-ciliumga-56da93c17a-2adc9d09e1c34b13.elb.eu-central-1.amazonaws.com/api/v1/query\": dial: i/o timeout"
time="2026-09-05T15:25:40+02:00" level=warning msg="Request Failed" error="Post \"http://k8s-ragplatf-ciliumga-56da93c17a-2adc9d09e1c34b13.elb.eu-central-1.amazonaws.com/api/v1/query\": dial: i/o timeout"
time="2026-09-05T15:25:40+02:00" level=warning msg="Request Failed" error="Post \"http://k8s-ragplatf-ciliumga-56da93c17a-2adc9d09e1c34b13.elb.eu-central-1.amazonaws.com/api/v1/query\": dial: i/o timeout"
time="2026-09-05T15:25:40+02:00" level=warning msg="Request Failed" error="Post \"http://k8s-ragplatf-ciliumga-56da93c17a-2adc9d09e1c34b13.elb.eu-central-1.amazonaws.com/api/v1/query\": dial: i/o timeout"
time="2026-09-05T15:25:40+02:00" level=warning msg="Request Failed" error="Post \"http://k8s-ragplatf-ciliumga-56da93c17a-2adc9d09e1c34b13.elb.eu-central-1.amazonaws.com/api/v1/query\": dial: i/o timeout"
time="2026-09-05T15:25:40+02:00" level=warning msg="Request Failed" error="Post \"http://k8s-ragplatf-ciliumga-56da93c17a-2adc9d09e1c34b13.elb.eu-central-1.amazonaws.com/api/v1/query\": dial: i/o timeout"
time="2026-09-05T15:25:40+02:00" level=warning msg="Request Failed" error="Post \"http://k8s-ragplatf-ciliumga-56da93c17a-2adc9d09e1c34b13.elb.eu-central-1.amazonaws.com/api/v1/query\": dial: i/o timeout"
time="2026-09-05T15:25:40+02:00" level=warning msg="Request Failed" error="Post \"http://k8s-ragplatf-ciliumga-56da93c17a-2adc9d09e1c34b13.elb.eu-central-1.amazonaws.com/api/v1/query\": dial: i/o timeout"
time="2026-09-05T15:25:40+02:00" level=warning msg="Request Failed" error="Post \"http://k8s-ragplatf-ciliumga-56da93c17a-2adc9d09e1c34b13.elb.eu-central-1.amazonaws.com/api/v1/query\": dial: i/o timeout"
time="2026-09-05T15:25:40+02:00" level=warning msg="Request Failed" error="Post \"http://k8s-ragplatf-ciliumga-56da93c17a-2adc9d09e1c34b13.elb.eu-central-1.amazonaws.com/api/v1/query\": dial: i/o timeout"
time="2026-09-05T15:25:40+02:00" level=warning msg="Request Failed" error="Post \"http://k8s-ragplatf-ciliumga-56da93c17a-2adc9d09e1c34b13.elb.eu-central-1.amazonaws.com/api/v1/query\": dial: i/o timeout"

running (03m42.9s), 0661/0670 VUs, 43758 complete and 0 interrupted iterations
constant_load   [  37% ] 0661/0670 VUs  03m42.9s/10m0s  200.00 iters/s

running (03m43.9s), 0688/0691 VUs, 43910 complete and 0 interrupted iterations
constant_load   [  37% ] 0688/0691 VUs  03m43.9s/10m0s  200.00 iters/s
time="2026-09-05T15:25:42+02:00" level=warning msg="Request Failed" error="Post \"http://k8s-ragplatf-ciliumga-56da93c17a-2adc9d09e1c34b13.elb.eu-central-1.amazonaws.com/api/v1/query\": dial: i/o timeout"

running (03m44.9s), 0721/0724 VUs, 44044 complete and 0 interrupted iterations
constant_load   [  37% ] 0721/0724 VUs  03m44.9s/10m0s  200.00 iters/s

running (03m45.9s), 0743/0744 VUs, 44202 complete and 0 interrupted iterations
constant_load   [  38% ] 0743/0744 VUs  03m45.9s/10m0s  200.00 iters/s

running (03m46.9s), 0766/0769 VUs, 44354 complete and 0 interrupted iterations
constant_load   [  38% ] 0766/0769 VUs  03m46.9s/10m0s  200.00 iters/s
time="2026-09-05T15:25:45+02:00" level=warning msg="Request Failed" error="Post \"http://k8s-ragplatf-ciliumga-56da93c17a-2adc9d09e1c34b13.elb.eu-central-1.amazonaws.com/api/v1/query\": dial: i/o timeout"

running (03m47.9s), 0783/0785 VUs, 44521 complete and 0 interrupted iterations
constant_load   [  38% ] 0783/0785 VUs  03m47.9s/10m0s  200.00 iters/s
time="2026-09-05T15:25:46+02:00" level=warning msg="Request Failed" error="Post \"http://k8s-ragplatf-ciliumga-56da93c17a-2adc9d09e1c34b13.elb.eu-central-1.amazonaws.com/api/v1/query\": dial: i/o timeout"

running (03m48.9s), 0798/0806 VUs, 44685 complete and 0 interrupted iterations
constant_load   [  38% ] 0798/0806 VUs  03m48.9s/10m0s  200.00 iters/s

running (03m49.9s), 0811/0815 VUs, 44863 complete and 0 interrupted iterations
constant_load   [  38% ] 0811/0815 VUs  03m49.9s/10m0s  200.00 iters/s
time="2026-09-05T15:25:48+02:00" level=warning msg="Request Failed" error="Post \"http://k8s-ragplatf-ciliumga-56da93c17a-2adc9d09e1c34b13.elb.eu-central-1.amazonaws.com/api/v1/query\": dial: i/o timeout"

running (03m50.9s), 0830/0832 VUs, 45027 complete and 0 interrupted iterations
constant_load   [  38% ] 0830/0832 VUs  03m50.9s/10m0s  200.00 iters/s
time="2026-09-05T15:25:49+02:00" level=warning msg="Request Failed" error="Post \"http://k8s-ragplatf-ciliumga-56da93c17a-2adc9d09e1c34b13.elb.eu-central-1.amazonaws.com/api/v1/query\": dial: i/o timeout"
time="2026-09-05T15:25:49+02:00" level=warning msg="Request Failed" error="Post \"http://k8s-ragplatf-ciliumga-56da93c17a-2adc9d09e1c34b13.elb.eu-central-1.amazonaws.com/api/v1/query\": dial: i/o timeout"

running (03m51.9s), 0832/0840 VUs, 45217 complete and 0 interrupted iterations
constant_load   [  39% ] 0832/0840 VUs  03m51.9s/10m0s  200.00 iters/s

running (03m52.9s), 0849/0849 VUs, 45391 complete and 0 interrupted iterations
constant_load   [  39% ] 0849/0849 VUs  03m52.9s/10m0s  200.00 iters/s
time="2026-09-05T15:25:51+02:00" level=warning msg="Request Failed" error="Post \"http://k8s-ragplatf-ciliumga-56da93c17a-2adc9d09e1c34b13.elb.eu-central-1.amazonaws.com/api/v1/query\": dial: i/o timeout"
time="2026-09-05T15:25:51+02:00" level=warning msg="Request Failed" error="Post \"http://k8s-ragplatf-ciliumga-56da93c17a-2adc9d09e1c34b13.elb.eu-central-1.amazonaws.com/api/v1/query\": dial: i/o timeout"
time="2026-09-05T15:25:51+02:00" level=warning msg="Request Failed" error="Post \"http://k8s-ragplatf-ciliumga-56da93c17a-2adc9d09e1c34b13.elb.eu-central-1.amazonaws.com/api/v1/query\": dial: i/o timeout"

running (03m53.9s), 0851/0857 VUs, 45581 complete and 0 interrupted iterations
constant_load   [  39% ] 0851/0857 VUs  03m53.9s/10m0s  200.00 iters/s

running (03m54.9s), 0859/0861 VUs, 45769 complete and 0 interrupted iterations
constant_load   [  39% ] 0859/0861 VUs  03m54.9s/10m0s  200.00 iters/s

running (03m55.9s), 0862/0872 VUs, 45955 complete and 0 interrupted iterations
constant_load   [  39% ] 0862/0872 VUs  03m55.9s/10m0s  200.00 iters/s

running (03m56.9s), 0866/0872 VUs, 46151 complete and 0 interrupted iterations
constant_load   [  39% ] 0866/0872 VUs  03m56.9s/10m0s  200.00 iters/s
time="2026-09-05T15:25:55+02:00" level=warning msg="Request Failed" error="Post \"http://k8s-ragplatf-ciliumga-56da93c17a-2adc9d09e1c34b13.elb.eu-central-1.amazonaws.com/api/v1/query\": dial: i/o timeout"
time="2026-09-05T15:25:55+02:00" level=warning msg="Request Failed" error="Post \"http://k8s-ragplatf-ciliumga-56da93c17a-2adc9d09e1c34b13.elb.eu-central-1.amazonaws.com/api/v1/query\": dial: i/o timeout"
time="2026-09-05T15:25:55+02:00" level=warning msg="Request Failed" error="Post \"http://k8s-ragplatf-ciliumga-56da93c17a-2adc9d09e1c34b13.elb.eu-central-1.amazonaws.com/api/v1/query\": dial: i/o timeout"
time="2026-09-05T15:25:55+02:00" level=warning msg="Request Failed" error="Post \"http://k8s-ragplatf-ciliumga-56da93c17a-2adc9d09e1c34b13.elb.eu-central-1.amazonaws.com/api/v1/query\": dial: i/o timeout"
time="2026-09-05T15:25:55+02:00" level=warning msg="Request Failed" error="Post \"http://k8s-ragplatf-ciliumga-56da93c17a-2adc9d09e1c34b13.elb.eu-central-1.amazonaws.com/api/v1/query\": dial: i/o timeout"
time="2026-09-05T15:25:55+02:00" level=warning msg="Request Failed" error="Post \"http://k8s-ragplatf-ciliumga-56da93c17a-2adc9d09e1c34b13.elb.eu-central-1.amazonaws.com/api/v1/query\": dial: i/o timeout"
time="2026-09-05T15:25:55+02:00" level=warning msg="Request Failed" error="Post \"http://k8s-ragplatf-ciliumga-56da93c17a-2adc9d09e1c34b13.elb.eu-central-1.amazonaws.com/api/v1/query\": dial: i/o timeout"
time="2026-09-05T15:25:55+02:00" level=warning msg="Request Failed" error="Post \"http://k8s-ragplatf-ciliumga-56da93c17a-2adc9d09e1c34b13.elb.eu-central-1.amazonaws.com/api/v1/query\": dial: i/o timeout"
time="2026-09-05T15:25:55+02:00" level=warning msg="Request Failed" error="Post \"http://k8s-ragplatf-ciliumga-56da93c17a-2adc9d09e1c34b13.elb.eu-central-1.amazonaws.com/api/v1/query\": dial: i/o timeout"
time="2026-09-05T15:25:55+02:00" level=warning msg="Request Failed" error="Post \"http://k8s-ragplatf-ciliumga-56da93c17a-2adc9d09e1c34b13.elb.eu-central-1.amazonaws.com/api/v1/query\": dial: i/o timeout"
time="2026-09-05T15:25:55+02:00" level=warning msg="Request Failed" error="Post \"http://k8s-ragplatf-ciliumga-56da93c17a-2adc9d09e1c34b13.elb.eu-central-1.amazonaws.com/api/v1/query\": dial: i/o timeout"
time="2026-09-05T15:25:55+02:00" level=warning msg="Request Failed" error="Post \"http://k8s-ragplatf-ciliumga-56da93c17a-2adc9d09e1c34b13.elb.eu-central-1.amazonaws.com/api/v1/query\": dial: i/o timeout"
time="2026-09-05T15:25:55+02:00" level=warning msg="Request Failed" error="Post \"http://k8s-ragplatf-ciliumga-56da93c17a-2adc9d09e1c34b13.elb.eu-central-1.amazonaws.com/api/v1/query\": dial: i/o timeout"
time="2026-09-05T15:25:55+02:00" level=warning msg="Request Failed" error="Post \"http://k8s-ragplatf-ciliumga-56da93c17a-2adc9d09e1c34b13.elb.eu-central-1.amazonaws.com/api/v1/query\": dial: i/o timeout"
time="2026-09-05T15:25:55+02:00" level=warning msg="Request Failed" error="Post \"http://k8s-ragplatf-ciliumga-56da93c17a-2adc9d09e1c34b13.elb.eu-central-1.amazonaws.com/api/v1/query\": dial: i/o timeout"
time="2026-09-05T15:25:55+02:00" level=warning msg="Request Failed" error="Post \"http://k8s-ragplatf-ciliumga-56da93c17a-2adc9d09e1c34b13.elb.eu-central-1.amazonaws.com/api/v1/query\": dial: i/o timeout"
time="2026-09-05T15:25:55+02:00" level=warning msg="Request Failed" error="Post \"http://k8s-ragplatf-ciliumga-56da93c17a-2adc9d09e1c34b13.elb.eu-central-1.amazonaws.com/api/v1/query\": dial: i/o timeout"
time="2026-09-05T15:25:55+02:00" level=warning msg="Request Failed" error="Post \"http://k8s-ragplatf-ciliumga-56da93c17a-2adc9d09e1c34b13.elb.eu-central-1.amazonaws.com/api/v1/query\": dial: i/o timeout"
time="2026-09-05T15:25:55+02:00" level=warning msg="Request Failed" error="Post \"http://k8s-ragplatf-ciliumga-56da93c17a-2adc9d09e1c34b13.elb.eu-central-1.amazonaws.com/api/v1/query\": dial: i/o timeout"
time="2026-09-05T15:25:55+02:00" level=warning msg="Request Failed" error="Post \"http://k8s-ragplatf-ciliumga-56da93c17a-2adc9d09e1c34b13.elb.eu-central-1.amazonaws.com/api/v1/query\": dial: i/o timeout"
time="2026-09-05T15:25:55+02:00" level=warning msg="Request Failed" error="Post \"http://k8s-ragplatf-ciliumga-56da93c17a-2adc9d09e1c34b13.elb.eu-central-1.amazonaws.com/api/v1/query\": dial: i/o timeout"
time="2026-09-05T15:25:55+02:00" level=warning msg="Request Failed" error="Post \"http://k8s-ragplatf-ciliumga-56da93c17a-2adc9d09e1c34b13.elb.eu-central-1.amazonaws.com/api/v1/query\": dial: i/o timeout"
time="2026-09-05T15:25:55+02:00" level=warning msg="Request Failed" error="Post \"http://k8s-ragplatf-ciliumga-56da93c17a-2adc9d09e1c34b13.elb.eu-central-1.amazonaws.com/api/v1/query\": dial: i/o timeout"
time="2026-09-05T15:25:55+02:00" level=warning msg="Request Failed" error="Post \"http://k8s-ragplatf-ciliumga-56da93c17a-2adc9d09e1c34b13.elb.eu-central-1.amazonaws.com/api/v1/query\": dial: i/o timeout"
time="2026-09-05T15:25:55+02:00" level=warning msg="Request Failed" error="Post \"http://k8s-ragplatf-ciliumga-56da93c17a-2adc9d09e1c34b13.elb.eu-central-1.amazonaws.com/api/v1/query\": dial: i/o timeout"
time="2026-09-05T15:25:55+02:00" level=warning msg="Request Failed" error="Post \"http://k8s-ragplatf-ciliumga-56da93c17a-2adc9d09e1c34b13.elb.eu-central-1.amazonaws.com/api/v1/query\": dial: i/o timeout"
time="2026-09-05T15:25:55+02:00" level=warning msg="Request Failed" error="Post \"http://k8s-ragplatf-ciliumga-56da93c17a-2adc9d09e1c34b13.elb.eu-central-1.amazonaws.com/api/v1/query\": dial: i/o timeout"
time="2026-09-05T15:25:55+02:00" level=warning msg="Request Failed" error="Post \"http://k8s-ragplatf-ciliumga-56da93c17a-2adc9d09e1c34b13.elb.eu-central-1.amazonaws.com/api/v1/query\": dial: i/o timeout"
time="2026-09-05T15:25:55+02:00" level=warning msg="Request Failed" error="Post \"http://k8s-ragplatf-ciliumga-56da93c17a-2adc9d09e1c34b13.elb.eu-central-1.amazonaws.com/api/v1/query\": dial: i/o timeout"
time="2026-09-05T15:25:55+02:00" level=warning msg="Request Failed" error="Post \"http://k8s-ragplatf-ciliumga-56da93c17a-2adc9d09e1c34b13.elb.eu-central-1.amazonaws.com/api/v1/query\": dial: i/o timeout"
time="2026-09-05T15:25:55+02:00" level=warning msg="Request Failed" error="Post \"http://k8s-ragplatf-ciliumga-56da93c17a-2adc9d09e1c34b13.elb.eu-central-1.amazonaws.com/api/v1/query\": dial: i/o timeout"
time="2026-09-05T15:25:55+02:00" level=warning msg="Request Failed" error="Post \"http://k8s-ragplatf-ciliumga-56da93c17a-2adc9d09e1c34b13.elb.eu-central-1.amazonaws.com/api/v1/query\": dial: i/o timeout"
time="2026-09-05T15:25:55+02:00" level=warning msg="Request Failed" error="Post \"http://k8s-ragplatf-ciliumga-56da93c17a-2adc9d09e1c34b13.elb.eu-central-1.amazonaws.com/api/v1/query\": dial: i/o timeout"
time="2026-09-05T15:25:55+02:00" level=warning msg="Request Failed" error="Post \"http://k8s-ragplatf-ciliumga-56da93c17a-2adc9d09e1c34b13.elb.eu-central-1.amazonaws.com/api/v1/query\": dial: i/o timeout"
time="2026-09-05T15:25:55+02:00" level=warning msg="Request Failed" error="Post \"http://k8s-ragplatf-ciliumga-56da93c17a-2adc9d09e1c34b13.elb.eu-central-1.amazonaws.com/api/v1/query\": dial: i/o timeout"
time="2026-09-05T15:25:55+02:00" level=warning msg="Request Failed" error="Post \"http://k8s-ragplatf-ciliumga-56da93c17a-2adc9d09e1c34b13.elb.eu-central-1.amazonaws.com/api/v1/query\": dial: i/o timeout"
time="2026-09-05T15:25:55+02:00" level=warning msg="Request Failed" error="Post \"http://k8s-ragplatf-ciliumga-56da93c17a-2adc9d09e1c34b13.elb.eu-central-1.amazonaws.com/api/v1/query\": dial: i/o timeout"
time="2026-09-05T15:25:55+02:00" level=warning msg="Request Failed" error="Post \"http://k8s-ragplatf-ciliumga-56da93c17a-2adc9d09e1c34b13.elb.eu-central-1.amazonaws.com/api/v1/query\": dial: i/o timeout"
time="2026-09-05T15:25:55+02:00" level=warning msg="Request Failed" error="Post \"http://k8s-ragplatf-ciliumga-56da93c17a-2adc9d09e1c34b13.elb.eu-central-1.amazonaws.com/api/v1/query\": dial: i/o timeout"
time="2026-09-05T15:25:55+02:00" level=warning msg="Request Failed" error="Post \"http://k8s-ragplatf-ciliumga-56da93c17a-2adc9d09e1c34b13.elb.eu-central-1.amazonaws.com/api/v1/query\": dial: i/o timeout"
time="2026-09-05T15:25:55+02:00" level=warning msg="Request Failed" error="Post \"http://k8s-ragplatf-ciliumga-56da93c17a-2adc9d09e1c34b13.elb.eu-central-1.amazonaws.com/api/v1/query\": dial: i/o timeout"
time="2026-09-05T15:25:55+02:00" level=warning msg="Request Failed" error="Post \"http://k8s-ragplatf-ciliumga-56da93c17a-2adc9d09e1c34b13.elb.eu-central-1.amazonaws.com/api/v1/query\": dial: i/o timeout"
time="2026-09-05T15:25:55+02:00" level=warning msg="Request Failed" error="Post \"http://k8s-ragplatf-ciliumga-56da93c17a-2adc9d09e1c34b13.elb.eu-central-1.amazonaws.com/api/v1/query\": dial: i/o timeout"
time="2026-09-05T15:25:55+02:00" level=warning msg="Request Failed" error="Post \"http://k8s-ragplatf-ciliumga-56da93c17a-2adc9d09e1c34b13.elb.eu-central-1.amazonaws.com/api/v1/query\": dial: i/o timeout"
time="2026-09-05T15:25:55+02:00" level=warning msg="Request Failed" error="Post \"http://k8s-ragplatf-ciliumga-56da93c17a-2adc9d09e1c34b13.elb.eu-central-1.amazonaws.com/api/v1/query\": dial: i/o timeout"
time="2026-09-05T15:25:55+02:00" level=warning msg="Request Failed" error="Post \"http://k8s-ragplatf-ciliumga-56da93c17a-2adc9d09e1c34b13.elb.eu-central-1.amazonaws.com/api/v1/query\": dial: i/o timeout"
time="2026-09-05T15:25:55+02:00" level=warning msg="Request Failed" error="Post \"http://k8s-ragplatf-ciliumga-56da93c17a-2adc9d09e1c34b13.elb.eu-central-1.amazonaws.com/api/v1/query\": dial: i/o timeout"
time="2026-09-05T15:25:55+02:00" level=warning msg="Request Failed" error="Post \"http://k8s-ragplatf-ciliumga-56da93c17a-2adc9d09e1c34b13.elb.eu-central-1.amazonaws.com/api/v1/query\": dial: i/o timeout"
time="2026-09-05T15:25:55+02:00" level=warning msg="Request Failed" error="Post \"http://k8s-ragplatf-ciliumga-56da93c17a-2adc9d09e1c34b13.elb.eu-central-1.amazonaws.com/api/v1/query\": dial: i/o timeout"
time="2026-09-05T15:25:55+02:00" level=warning msg="Request Failed" error="Post \"http://k8s-ragplatf-ciliumga-56da93c17a-2adc9d09e1c34b13.elb.eu-central-1.amazonaws.com/api/v1/query\": dial: i/o timeout"
time="2026-09-05T15:25:55+02:00" level=warning msg="Request Failed" error="Post \"http://k8s-ragplatf-ciliumga-56da93c17a-2adc9d09e1c34b13.elb.eu-central-1.amazonaws.com/api/v1/query\": dial: i/o timeout"
time="2026-09-05T15:25:55+02:00" level=warning msg="Request Failed" error="Post \"http://k8s-ragplatf-ciliumga-56da93c17a-2adc9d09e1c34b13.elb.eu-central-1.amazonaws.com/api/v1/query\": dial: i/o timeout"
time="2026-09-05T15:25:55+02:00" level=warning msg="Request Failed" error="Post \"http://k8s-ragplatf-ciliumga-56da93c17a-2adc9d09e1c34b13.elb.eu-central-1.amazonaws.com/api/v1/query\": dial: i/o timeout"
time="2026-09-05T15:25:55+02:00" level=warning msg="Request Failed" error="Post \"http://k8s-ragplatf-ciliumga-56da93c17a-2adc9d09e1c34b13.elb.eu-central-1.amazonaws.com/api/v1/query\": dial: i/o timeout"
time="2026-09-05T15:25:55+02:00" level=warning msg="Request Failed" error="Post \"http://k8s-ragplatf-ciliumga-56da93c17a-2adc9d09e1c34b13.elb.eu-central-1.amazonaws.com/api/v1/query\": dial: i/o timeout"
time="2026-09-05T15:25:55+02:00" level=warning msg="Request Failed" error="Post \"http://k8s-ragplatf-ciliumga-56da93c17a-2adc9d09e1c34b13.elb.eu-central-1.amazonaws.com/api/v1/query\": dial: i/o timeout"
time="2026-09-05T15:25:55+02:00" level=warning msg="Request Failed" error="Post \"http://k8s-ragplatf-ciliumga-56da93c17a-2adc9d09e1c34b13.elb.eu-central-1.amazonaws.com/api/v1/query\": dial: i/o timeout"
time="2026-09-05T15:25:55+02:00" level=warning msg="Request Failed" error="Post \"http://k8s-ragplatf-ciliumga-56da93c17a-2adc9d09e1c34b13.elb.eu-central-1.amazonaws.com/api/v1/query\": dial: i/o timeout"
time="2026-09-05T15:25:55+02:00" level=warning msg="Request Failed" error="Post \"http://k8s-ragplatf-ciliumga-56da93c17a-2adc9d09e1c34b13.elb.eu-central-1.amazonaws.com/api/v1/query\": dial: i/o timeout"
time="2026-09-05T15:25:55+02:00" level=warning msg="Request Failed" error="Post \"http://k8s-ragplatf-ciliumga-56da93c17a-2adc9d09e1c34b13.elb.eu-central-1.amazonaws.com/api/v1/query\": dial: i/o timeout"
time="2026-09-05T15:25:55+02:00" level=warning msg="Request Failed" error="Post \"http://k8s-ragplatf-ciliumga-56da93c17a-2adc9d09e1c34b13.elb.eu-central-1.amazonaws.com/api/v1/query\": dial: i/o timeout"
time="2026-09-05T15:25:55+02:00" level=warning msg="Request Failed" error="Post \"http://k8s-ragplatf-ciliumga-56da93c17a-2adc9d09e1c34b13.elb.eu-central-1.amazonaws.com/api/v1/query\": dial: i/o timeout"
time="2026-09-05T15:25:56+02:00" level=warning msg="Request Failed" error="Post \"http://k8s-ragplatf-ciliumga-56da93c17a-2adc9d09e1c34b13.elb.eu-central-1.amazonaws.com/api/v1/query\": dial: i/o timeout"
time="2026-09-05T15:25:56+02:00" level=warning msg="Request Failed" error="Post \"http://k8s-ragplatf-ciliumga-56da93c17a-2adc9d09e1c34b13.elb.eu-central-1.amazonaws.com/api/v1/query\": dial: i/o timeout"
time="2026-09-05T15:25:56+02:00" level=warning msg="Request Failed" error="Post \"http://k8s-ragplatf-ciliumga-56da93c17a-2adc9d09e1c34b13.elb.eu-central-1.amazonaws.com/api/v1/query\": dial: i/o timeout"
time="2026-09-05T15:25:56+02:00" level=warning msg="Request Failed" error="Post \"http://k8s-ragplatf-ciliumga-56da93c17a-2adc9d09e1c34b13.elb.eu-central-1.amazonaws.com/api/v1/query\": dial: i/o timeout"
time="2026-09-05T15:25:56+02:00" level=warning msg="Request Failed" error="Post \"http://k8s-ragplatf-ciliumga-56da93c17a-2adc9d09e1c34b13.elb.eu-central-1.amazonaws.com/api/v1/query\": dial: i/o timeout"
time="2026-09-05T15:25:56+02:00" level=warning msg="Request Failed" error="Post \"http://k8s-ragplatf-ciliumga-56da93c17a-2adc9d09e1c34b13.elb.eu-central-1.amazonaws.com/api/v1/query\": dial: i/o timeout"
time="2026-09-05T15:25:56+02:00" level=warning msg="Request Failed" error="Post \"http://k8s-ragplatf-ciliumga-56da93c17a-2adc9d09e1c34b13.elb.eu-central-1.amazonaws.com/api/v1/query\": dial: i/o timeout"
time="2026-09-05T15:25:56+02:00" level=warning msg="Request Failed" error="Post \"http://k8s-ragplatf-ciliumga-56da93c17a-2adc9d09e1c34b13.elb.eu-central-1.amazonaws.com/api/v1/query\": dial: i/o timeout"
time="2026-09-05T15:25:56+02:00" level=warning msg="Request Failed" error="Post \"http://k8s-ragplatf-ciliumga-56da93c17a-2adc9d09e1c34b13.elb.eu-central-1.amazonaws.com/api/v1/query\": dial: i/o timeout"
time="2026-09-05T15:25:56+02:00" level=warning msg="Request Failed" error="Post \"http://k8s-ragplatf-ciliumga-56da93c17a-2adc9d09e1c34b13.elb.eu-central-1.amazonaws.com/api/v1/query\": dial: i/o timeout"
time="2026-09-05T15:25:56+02:00" level=warning msg="Request Failed" error="Post \"http://k8s-ragplatf-ciliumga-56da93c17a-2adc9d09e1c34b13.elb.eu-central-1.amazonaws.com/api/v1/query\": dial: i/o timeout"
time="2026-09-05T15:25:56+02:00" level=warning msg="Request Failed" error="Post \"http://k8s-ragplatf-ciliumga-56da93c17a-2adc9d09e1c34b13.elb.eu-central-1.amazonaws.com/api/v1/query\": dial: i/o timeout"
time="2026-09-05T15:25:56+02:00" level=warning msg="Request Failed" error="Post \"http://k8s-ragplatf-ciliumga-56da93c17a-2adc9d09e1c34b13.elb.eu-central-1.amazonaws.com/api/v1/query\": dial: i/o timeout"
time="2026-09-05T15:25:56+02:00" level=warning msg="Request Failed" error="Post \"http://k8s-ragplatf-ciliumga-56da93c17a-2adc9d09e1c34b13.elb.eu-central-1.amazonaws.com/api/v1/query\": dial: i/o timeout"
time="2026-09-05T15:25:56+02:00" level=warning msg="Request Failed" error="Post \"http://k8s-ragplatf-ciliumga-56da93c17a-2adc9d09e1c34b13.elb.eu-central-1.amazonaws.com/api/v1/query\": dial: i/o timeout"
time="2026-09-05T15:25:56+02:00" level=warning msg="Request Failed" error="Post \"http://k8s-ragplatf-ciliumga-56da93c17a-2adc9d09e1c34b13.elb.eu-central-1.amazonaws.com/api/v1/query\": dial: i/o timeout"
time="2026-09-05T15:25:56+02:00" level=warning msg="Request Failed" error="Post \"http://k8s-ragplatf-ciliumga-56da93c17a-2adc9d09e1c34b13.elb.eu-central-1.amazonaws.com/api/v1/query\": dial: i/o timeout"
time="2026-09-05T15:25:56+02:00" level=warning msg="Request Failed" error="Post \"http://k8s-ragplatf-ciliumga-56da93c17a-2adc9d09e1c34b13.elb.eu-central-1.amazonaws.com/api/v1/query\": dial: i/o timeout"
time="2026-09-05T15:25:56+02:00" level=warning msg="Request Failed" error="Post \"http://k8s-ragplatf-ciliumga-56da93c17a-2adc9d09e1c34b13.elb.eu-central-1.amazonaws.com/api/v1/query\": dial: i/o timeout"
time="2026-09-05T15:25:56+02:00" level=warning msg="Request Failed" error="Post \"http://k8s-ragplatf-ciliumga-56da93c17a-2adc9d09e1c34b13.elb.eu-central-1.amazonaws.com/api/v1/query\": dial: i/o timeout"
time="2026-09-05T15:25:56+02:00" level=warning msg="Request Failed" error="Post \"http://k8s-ragplatf-ciliumga-56da93c17a-2adc9d09e1c34b13.elb.eu-central-1.amazonaws.com/api/v1/query\": dial: i/o timeout"
time="2026-09-05T15:25:56+02:00" level=warning msg="Request Failed" error="Post \"http://k8s-ragplatf-ciliumga-56da93c17a-2adc9d09e1c34b13.elb.eu-central-1.amazonaws.com/api/v1/query\": dial: i/o timeout"
time="2026-09-05T15:25:56+02:00" level=warning msg="Request Failed" error="Post \"http://k8s-ragplatf-ciliumga-56da93c17a-2adc9d09e1c34b13.elb.eu-central-1.amazonaws.com/api/v1/query\": dial: i/o timeout"
time="2026-09-05T15:25:56+02:00" level=warning msg="Request Failed" error="Post \"http://k8s-ragplatf-ciliumga-56da93c17a-2adc9d09e1c34b13.elb.eu-central-1.amazonaws.com/api/v1/query\": dial: i/o timeout"
time="2026-09-05T15:25:56+02:00" level=warning msg="Request Failed" error="Post \"http://k8s-ragplatf-ciliumga-56da93c17a-2adc9d09e1c34b13.elb.eu-central-1.amazonaws.com/api/v1/query\": dial: i/o timeout"
time="2026-09-05T15:25:56+02:00" level=warning msg="Request Failed" error="Post \"http://k8s-ragplatf-ciliumga-56da93c17a-2adc9d09e1c34b13.elb.eu-central-1.amazonaws.com/api/v1/query\": dial: i/o timeout"
time="2026-09-05T15:25:56+02:00" level=warning msg="Request Failed" error="Post \"http://k8s-ragplatf-ciliumga-56da93c17a-2adc9d09e1c34b13.elb.eu-central-1.amazonaws.com/api/v1/query\": dial: i/o timeout"
time="2026-09-05T15:25:56+02:00" level=warning msg="Request Failed" error="Post \"http://k8s-ragplatf-ciliumga-56da93c17a-2adc9d09e1c34b13.elb.eu-central-1.amazonaws.com/api/v1/query\": dial: i/o timeout"
time="2026-09-05T15:25:56+02:00" level=warning msg="Request Failed" error="Post \"http://k8s-ragplatf-ciliumga-56da93c17a-2adc9d09e1c34b13.elb.eu-central-1.amazonaws.com/api/v1/query\": dial: i/o timeout"
time="2026-09-05T15:25:56+02:00" level=warning msg="Request Failed" error="Post \"http://k8s-ragplatf-ciliumga-56da93c17a-2adc9d09e1c34b13.elb.eu-central-1.amazonaws.com/api/v1/query\": dial: i/o timeout"
time="2026-09-05T15:25:56+02:00" level=warning msg="Request Failed" error="Post \"http://k8s-ragplatf-ciliumga-56da93c17a-2adc9d09e1c34b13.elb.eu-central-1.amazonaws.com/api/v1/query\": dial: i/o timeout"

running (03m57.9s), 0790/0877 VUs, 46422 complete and 0 interrupted iterations
constant_load   [  40% ] 0790/0877 VUs  03m57.9s/10m0s  200.00 iters/s
time="2026-09-05T15:25:56+02:00" level=warning msg="Request Failed" error="Post \"http://k8s-ragplatf-ciliumga-56da93c17a-2adc9d09e1c34b13.elb.eu-central-1.amazonaws.com/api/v1/query\": dial: i/o timeout"
time="2026-09-05T15:25:56+02:00" level=warning msg="Request Failed" error="Post \"http://k8s-ragplatf-ciliumga-56da93c17a-2adc9d09e1c34b13.elb.eu-central-1.amazonaws.com/api/v1/query\": dial: i/o timeout"
time="2026-09-05T15:25:56+02:00" level=warning msg="Request Failed" error="Post \"http://k8s-ragplatf-ciliumga-56da93c17a-2adc9d09e1c34b13.elb.eu-central-1.amazonaws.com/api/v1/query\": dial: i/o timeout"
time="2026-09-05T15:25:56+02:00" level=warning msg="Request Failed" error="Post \"http://k8s-ragplatf-ciliumga-56da93c17a-2adc9d09e1c34b13.elb.eu-central-1.amazonaws.com/api/v1/query\": dial: i/o timeout"
time="2026-09-05T15:25:56+02:00" level=warning msg="Request Failed" error="Post \"http://k8s-ragplatf-ciliumga-56da93c17a-2adc9d09e1c34b13.elb.eu-central-1.amazonaws.com/api/v1/query\": dial: i/o timeout"
time="2026-09-05T15:25:56+02:00" level=warning msg="Request Failed" error="Post \"http://k8s-ragplatf-ciliumga-56da93c17a-2adc9d09e1c34b13.elb.eu-central-1.amazonaws.com/api/v1/query\": dial: i/o timeout"
time="2026-09-05T15:25:56+02:00" level=warning msg="Request Failed" error="Post \"http://k8s-ragplatf-ciliumga-56da93c17a-2adc9d09e1c34b13.elb.eu-central-1.amazonaws.com/api/v1/query\": dial: i/o timeout"
time="2026-09-05T15:25:56+02:00" level=warning msg="Request Failed" error="Post \"http://k8s-ragplatf-ciliumga-56da93c17a-2adc9d09e1c34b13.elb.eu-central-1.amazonaws.com/api/v1/query\": dial: i/o timeout"
time="2026-09-05T15:25:56+02:00" level=warning msg="Request Failed" error="Post \"http://k8s-ragplatf-ciliumga-56da93c17a-2adc9d09e1c34b13.elb.eu-central-1.amazonaws.com/api/v1/query\": dial: i/o timeout"
time="2026-09-05T15:25:56+02:00" level=warning msg="Request Failed" error="Post \"http://k8s-ragplatf-ciliumga-56da93c17a-2adc9d09e1c34b13.elb.eu-central-1.amazonaws.com/api/v1/query\": dial: i/o timeout"
time="2026-09-05T15:25:56+02:00" level=warning msg="Request Failed" error="Post \"http://k8s-ragplatf-ciliumga-56da93c17a-2adc9d09e1c34b13.elb.eu-central-1.amazonaws.com/api/v1/query\": dial: i/o timeout"
time="2026-09-05T15:25:56+02:00" level=warning msg="Request Failed" error="Post \"http://k8s-ragplatf-ciliumga-56da93c17a-2adc9d09e1c34b13.elb.eu-central-1.amazonaws.com/api/v1/query\": dial: i/o timeout"
time="2026-09-05T15:25:56+02:00" level=warning msg="Request Failed" error="Post \"http://k8s-ragplatf-ciliumga-56da93c17a-2adc9d09e1c34b13.elb.eu-central-1.amazonaws.com/api/v1/query\": dial: i/o timeout"
time="2026-09-05T15:25:56+02:00" level=warning msg="Request Failed" error="Post \"http://k8s-ragplatf-ciliumga-56da93c17a-2adc9d09e1c34b13.elb.eu-central-1.amazonaws.com/api/v1/query\": dial: i/o timeout"
time="2026-09-05T15:25:56+02:00" level=warning msg="Request Failed" error="Post \"http://k8s-ragplatf-ciliumga-56da93c17a-2adc9d09e1c34b13.elb.eu-central-1.amazonaws.com/api/v1/query\": dial: i/o timeout"
time="2026-09-05T15:25:56+02:00" level=warning msg="Request Failed" error="Post \"http://k8s-ragplatf-ciliumga-56da93c17a-2adc9d09e1c34b13.elb.eu-central-1.amazonaws.com/api/v1/query\": dial: i/o timeout"
time="2026-09-05T15:25:56+02:00" level=warning msg="Request Failed" error="Post \"http://k8s-ragplatf-ciliumga-56da93c17a-2adc9d09e1c34b13.elb.eu-central-1.amazonaws.com/api/v1/query\": dial: i/o timeout"
time="2026-09-05T15:25:56+02:00" level=warning msg="Request Failed" error="Post \"http://k8s-ragplatf-ciliumga-56da93c17a-2adc9d09e1c34b13.elb.eu-central-1.amazonaws.com/api/v1/query\": dial: i/o timeout"
time="2026-09-05T15:25:56+02:00" level=warning msg="Request Failed" error="Post \"http://k8s-ragplatf-ciliumga-56da93c17a-2adc9d09e1c34b13.elb.eu-central-1.amazonaws.com/api/v1/query\": dial: i/o timeout"
time="2026-09-05T15:25:56+02:00" level=warning msg="Request Failed" error="Post \"http://k8s-ragplatf-ciliumga-56da93c17a-2adc9d09e1c34b13.elb.eu-central-1.amazonaws.com/api/v1/query\": dial: i/o timeout"
time="2026-09-05T15:25:56+02:00" level=warning msg="Request Failed" error="Post \"http://k8s-ragplatf-ciliumga-56da93c17a-2adc9d09e1c34b13.elb.eu-central-1.amazonaws.com/api/v1/query\": dial: i/o timeout"
time="2026-09-05T15:25:56+02:00" level=warning msg="Request Failed" error="Post \"http://k8s-ragplatf-ciliumga-56da93c17a-2adc9d09e1c34b13.elb.eu-central-1.amazonaws.com/api/v1/query\": dial: i/o timeout"
time="2026-09-05T15:25:56+02:00" level=warning msg="Request Failed" error="Post \"http://k8s-ragplatf-ciliumga-56da93c17a-2adc9d09e1c34b13.elb.eu-central-1.amazonaws.com/api/v1/query\": dial: i/o timeout"
time="2026-09-05T15:25:56+02:00" level=warning msg="Request Failed" error="Post \"http://k8s-ragplatf-ciliumga-56da93c17a-2adc9d09e1c34b13.elb.eu-central-1.amazonaws.com/api/v1/query\": dial: i/o timeout"
time="2026-09-05T15:25:56+02:00" level=warning msg="Request Failed" error="Post \"http://k8s-ragplatf-ciliumga-56da93c17a-2adc9d09e1c34b13.elb.eu-central-1.amazonaws.com/api/v1/query\": dial: i/o timeout"
time="2026-09-05T15:25:56+02:00" level=warning msg="Request Failed" error="Post \"http://k8s-ragplatf-ciliumga-56da93c17a-2adc9d09e1c34b13.elb.eu-central-1.amazonaws.com/api/v1/query\": dial: i/o timeout"
time="2026-09-05T15:25:56+02:00" level=warning msg="Request Failed" error="Post \"http://k8s-ragplatf-ciliumga-56da93c17a-2adc9d09e1c34b13.elb.eu-central-1.amazonaws.com/api/v1/query\": dial: i/o timeout"
time="2026-09-05T15:25:56+02:00" level=warning msg="Request Failed" error="Post \"http://k8s-ragplatf-ciliumga-56da93c17a-2adc9d09e1c34b13.elb.eu-central-1.amazonaws.com/api/v1/query\": dial: i/o timeout"
time="2026-09-05T15:25:56+02:00" level=warning msg="Request Failed" error="Post \"http://k8s-ragplatf-ciliumga-56da93c17a-2adc9d09e1c34b13.elb.eu-central-1.amazonaws.com/api/v1/query\": dial: i/o timeout"
time="2026-09-05T15:25:56+02:00" level=warning msg="Request Failed" error="Post \"http://k8s-ragplatf-ciliumga-56da93c17a-2adc9d09e1c34b13.elb.eu-central-1.amazonaws.com/api/v1/query\": dial: i/o timeout"
time="2026-09-05T15:25:56+02:00" level=warning msg="Request Failed" error="Post \"http://k8s-ragplatf-ciliumga-56da93c17a-2adc9d09e1c34b13.elb.eu-central-1.amazonaws.com/api/v1/query\": dial: i/o timeout"
time="2026-09-05T15:25:56+02:00" level=warning msg="Request Failed" error="Post \"http://k8s-ragplatf-ciliumga-56da93c17a-2adc9d09e1c34b13.elb.eu-central-1.amazonaws.com/api/v1/query\": dial: i/o timeout"
time="2026-09-05T15:25:56+02:00" level=warning msg="Request Failed" error="Post \"http://k8s-ragplatf-ciliumga-56da93c17a-2adc9d09e1c34b13.elb.eu-central-1.amazonaws.com/api/v1/query\": dial: i/o timeout"
time="2026-09-05T15:25:56+02:00" level=warning msg="Request Failed" error="Post \"http://k8s-ragplatf-ciliumga-56da93c17a-2adc9d09e1c34b13.elb.eu-central-1.amazonaws.com/api/v1/query\": dial: i/o timeout"
time="2026-09-05T15:25:56+02:00" level=warning msg="Request Failed" error="Post \"http://k8s-ragplatf-ciliumga-56da93c17a-2adc9d09e1c34b13.elb.eu-central-1.amazonaws.com/api/v1/query\": dial: i/o timeout"
time="2026-09-05T15:25:56+02:00" level=warning msg="Request Failed" error="Post \"http://k8s-ragplatf-ciliumga-56da93c17a-2adc9d09e1c34b13.elb.eu-central-1.amazonaws.com/api/v1/query\": dial: i/o timeout"
time="2026-09-05T15:25:56+02:00" level=warning msg="Request Failed" error="Post \"http://k8s-ragplatf-ciliumga-56da93c17a-2adc9d09e1c34b13.elb.eu-central-1.amazonaws.com/api/v1/query\": dial: i/o timeout"
time="2026-09-05T15:25:56+02:00" level=warning msg="Request Failed" error="Post \"http://k8s-ragplatf-ciliumga-56da93c17a-2adc9d09e1c34b13.elb.eu-central-1.amazonaws.com/api/v1/query\": dial: i/o timeout"
time="2026-09-05T15:25:56+02:00" level=warning msg="Request Failed" error="Post \"http://k8s-ragplatf-ciliumga-56da93c17a-2adc9d09e1c34b13.elb.eu-central-1.amazonaws.com/api/v1/query\": dial: i/o timeout"
time="2026-09-05T15:25:56+02:00" level=warning msg="Request Failed" error="Post \"http://k8s-ragplatf-ciliumga-56da93c17a-2adc9d09e1c34b13.elb.eu-central-1.amazonaws.com/api/v1/query\": dial: i/o timeout"
time="2026-09-05T15:25:56+02:00" level=warning msg="Request Failed" error="Post \"http://k8s-ragplatf-ciliumga-56da93c17a-2adc9d09e1c34b13.elb.eu-central-1.amazonaws.com/api/v1/query\": dial: i/o timeout"
time="2026-09-05T15:25:56+02:00" level=warning msg="Request Failed" error="Post \"http://k8s-ragplatf-ciliumga-56da93c17a-2adc9d09e1c34b13.elb.eu-central-1.amazonaws.com/api/v1/query\": dial: i/o timeout"
time="2026-09-05T15:25:56+02:00" level=warning msg="Request Failed" error="Post \"http://k8s-ragplatf-ciliumga-56da93c17a-2adc9d09e1c34b13.elb.eu-central-1.amazonaws.com/api/v1/query\": dial: i/o timeout"
time="2026-09-05T15:25:56+02:00" level=warning msg="Request Failed" error="Post \"http://k8s-ragplatf-ciliumga-56da93c17a-2adc9d09e1c34b13.elb.eu-central-1.amazonaws.com/api/v1/query\": dial: i/o timeout"
time="2026-09-05T15:25:56+02:00" level=warning msg="Request Failed" error="Post \"http://k8s-ragplatf-ciliumga-56da93c17a-2adc9d09e1c34b13.elb.eu-central-1.amazonaws.com/api/v1/query\": dial: i/o timeout"
time="2026-09-05T15:25:56+02:00" level=warning msg="Request Failed" error="Post \"http://k8s-ragplatf-ciliumga-56da93c17a-2adc9d09e1c34b13.elb.eu-central-1.amazonaws.com/api/v1/query\": dial: i/o timeout"
time="2026-09-05T15:25:56+02:00" level=warning msg="Request Failed" error="Post \"http://k8s-ragplatf-ciliumga-56da93c17a-2adc9d09e1c34b13.elb.eu-central-1.amazonaws.com/api/v1/query\": dial: i/o timeout"
time="2026-09-05T15:25:56+02:00" level=warning msg="Request Failed" error="Post \"http://k8s-ragplatf-ciliumga-56da93c17a-2adc9d09e1c34b13.elb.eu-central-1.amazonaws.com/api/v1/query\": dial: i/o timeout"
time="2026-09-05T15:25:56+02:00" level=warning msg="Request Failed" error="Post \"http://k8s-ragplatf-ciliumga-56da93c17a-2adc9d09e1c34b13.elb.eu-central-1.amazonaws.com/api/v1/query\": dial: i/o timeout"
time="2026-09-05T15:25:56+02:00" level=warning msg="Request Failed" error="Post \"http://k8s-ragplatf-ciliumga-56da93c17a-2adc9d09e1c34b13.elb.eu-central-1.amazonaws.com/api/v1/query\": dial: i/o timeout"
time="2026-09-05T15:25:56+02:00" level=warning msg="Request Failed" error="Post \"http://k8s-ragplatf-ciliumga-56da93c17a-2adc9d09e1c34b13.elb.eu-central-1.amazonaws.com/api/v1/query\": dial: i/o timeout"
time="2026-09-05T15:25:56+02:00" level=warning msg="Request Failed" error="Post \"http://k8s-ragplatf-ciliumga-56da93c17a-2adc9d09e1c34b13.elb.eu-central-1.amazonaws.com/api/v1/query\": dial: i/o timeout"
time="2026-09-05T15:25:56+02:00" level=warning msg="Request Failed" error="Post \"http://k8s-ragplatf-ciliumga-56da93c17a-2adc9d09e1c34b13.elb.eu-central-1.amazonaws.com/api/v1/query\": dial: i/o timeout"
time="2026-09-05T15:25:56+02:00" level=warning msg="Request Failed" error="Post \"http://k8s-ragplatf-ciliumga-56da93c17a-2adc9d09e1c34b13.elb.eu-central-1.amazonaws.com/api/v1/query\": dial: i/o timeout"
time="2026-09-05T15:25:56+02:00" level=warning msg="Request Failed" error="Post \"http://k8s-ragplatf-ciliumga-56da93c17a-2adc9d09e1c34b13.elb.eu-central-1.amazonaws.com/api/v1/query\": dial: i/o timeout"
time="2026-09-05T15:25:56+02:00" level=warning msg="Request Failed" error="Post \"http://k8s-ragplatf-ciliumga-56da93c17a-2adc9d09e1c34b13.elb.eu-central-1.amazonaws.com/api/v1/query\": dial: i/o timeout"
time="2026-09-05T15:25:56+02:00" level=warning msg="Request Failed" error="Post \"http://k8s-ragplatf-ciliumga-56da93c17a-2adc9d09e1c34b13.elb.eu-central-1.amazonaws.com/api/v1/query\": dial: i/o timeout"
time="2026-09-05T15:25:56+02:00" level=warning msg="Request Failed" error="Post \"http://k8s-ragplatf-ciliumga-56da93c17a-2adc9d09e1c34b13.elb.eu-central-1.amazonaws.com/api/v1/query\": dial: i/o timeout"
time="2026-09-05T15:25:56+02:00" level=warning msg="Request Failed" error="Post \"http://k8s-ragplatf-ciliumga-56da93c17a-2adc9d09e1c34b13.elb.eu-central-1.amazonaws.com/api/v1/query\": dial: i/o timeout"
time="2026-09-05T15:25:56+02:00" level=warning msg="Request Failed" error="Post \"http://k8s-ragplatf-ciliumga-56da93c17a-2adc9d09e1c34b13.elb.eu-central-1.amazonaws.com/api/v1/query\": dial: i/o timeout"
time="2026-09-05T15:25:56+02:00" level=warning msg="Request Failed" error="Post \"http://k8s-ragplatf-ciliumga-56da93c17a-2adc9d09e1c34b13.elb.eu-central-1.amazonaws.com/api/v1/query\": dial: i/o timeout"
time="2026-09-05T15:25:56+02:00" level=warning msg="Request Failed" error="Post \"http://k8s-ragplatf-ciliumga-56da93c17a-2adc9d09e1c34b13.elb.eu-central-1.amazonaws.com/api/v1/query\": dial: i/o timeout"
time="2026-09-05T15:25:56+02:00" level=warning msg="Request Failed" error="Post \"http://k8s-ragplatf-ciliumga-56da93c17a-2adc9d09e1c34b13.elb.eu-central-1.amazonaws.com/api/v1/query\": dial: i/o timeout"
time="2026-09-05T15:25:56+02:00" level=warning msg="Request Failed" error="Post \"http://k8s-ragplatf-ciliumga-56da93c17a-2adc9d09e1c34b13.elb.eu-central-1.amazonaws.com/api/v1/query\": dial: i/o timeout"
time="2026-09-05T15:25:56+02:00" level=warning msg="Request Failed" error="Post \"http://k8s-ragplatf-ciliumga-56da93c17a-2adc9d09e1c34b13.elb.eu-central-1.amazonaws.com/api/v1/query\": dial: i/o timeout"
time="2026-09-05T15:25:56+02:00" level=warning msg="Request Failed" error="Post \"http://k8s-ragplatf-ciliumga-56da93c17a-2adc9d09e1c34b13.elb.eu-central-1.amazonaws.com/api/v1/query\": dial: i/o timeout"
time="2026-09-05T15:25:56+02:00" level=warning msg="Request Failed" error="Post \"http://k8s-ragplatf-ciliumga-56da93c17a-2adc9d09e1c34b13.elb.eu-central-1.amazonaws.com/api/v1/query\": dial: i/o timeout"
time="2026-09-05T15:25:56+02:00" level=warning msg="Request Failed" error="Post \"http://k8s-ragplatf-ciliumga-56da93c17a-2adc9d09e1c34b13.elb.eu-central-1.amazonaws.com/api/v1/query\": dial: i/o timeout"
time="2026-09-05T15:25:56+02:00" level=warning msg="Request Failed" error="Post \"http://k8s-ragplatf-ciliumga-56da93c17a-2adc9d09e1c34b13.elb.eu-central-1.amazonaws.com/api/v1/query\": dial: i/o timeout"
time="2026-09-05T15:25:56+02:00" level=warning msg="Request Failed" error="Post \"http://k8s-ragplatf-ciliumga-56da93c17a-2adc9d09e1c34b13.elb.eu-central-1.amazonaws.com/api/v1/query\": dial: i/o timeout"
time="2026-09-05T15:25:56+02:00" level=warning msg="Request Failed" error="Post \"http://k8s-ragplatf-ciliumga-56da93c17a-2adc9d09e1c34b13.elb.eu-central-1.amazonaws.com/api/v1/query\": dial: i/o timeout"
time="2026-09-05T15:25:56+02:00" level=warning msg="Request Failed" error="Post \"http://k8s-ragplatf-ciliumga-56da93c17a-2adc9d09e1c34b13.elb.eu-central-1.amazonaws.com/api/v1/query\": dial: i/o timeout"
time="2026-09-05T15:25:56+02:00" level=warning msg="Request Failed" error="Post \"http://k8s-ragplatf-ciliumga-56da93c17a-2adc9d09e1c34b13.elb.eu-central-1.amazonaws.com/api/v1/query\": dial: i/o timeout"
time="2026-09-05T15:25:56+02:00" level=warning msg="Request Failed" error="Post \"http://k8s-ragplatf-ciliumga-56da93c17a-2adc9d09e1c34b13.elb.eu-central-1.amazonaws.com/api/v1/query\": dial: i/o timeout"
time="2026-09-05T15:25:56+02:00" level=warning msg="Request Failed" error="Post \"http://k8s-ragplatf-ciliumga-56da93c17a-2adc9d09e1c34b13.elb.eu-central-1.amazonaws.com/api/v1/query\": dial: i/o timeout"
time="2026-09-05T15:25:56+02:00" level=warning msg="Request Failed" error="Post \"http://k8s-ragplatf-ciliumga-56da93c17a-2adc9d09e1c34b13.elb.eu-central-1.amazonaws.com/api/v1/query\": dial: i/o timeout"
time="2026-09-05T15:25:56+02:00" level=warning msg="Request Failed" error="Post \"http://k8s-ragplatf-ciliumga-56da93c17a-2adc9d09e1c34b13.elb.eu-central-1.amazonaws.com/api/v1/query\": dial: i/o timeout"
time="2026-09-05T15:25:56+02:00" level=warning msg="Request Failed" error="Post \"http://k8s-ragplatf-ciliumga-56da93c17a-2adc9d09e1c34b13.elb.eu-central-1.amazonaws.com/api/v1/query\": dial: i/o timeout"
time="2026-09-05T15:25:56+02:00" level=warning msg="Request Failed" error="Post \"http://k8s-ragplatf-ciliumga-56da93c17a-2adc9d09e1c34b13.elb.eu-central-1.amazonaws.com/api/v1/query\": dial: i/o timeout"
time="2026-09-05T15:25:56+02:00" level=warning msg="Request Failed" error="Post \"http://k8s-ragplatf-ciliumga-56da93c17a-2adc9d09e1c34b13.elb.eu-central-1.amazonaws.com/api/v1/query\": dial: i/o timeout"
time="2026-09-05T15:25:57+02:00" level=warning msg="Request Failed" error="Post \"http://k8s-ragplatf-ciliumga-56da93c17a-2adc9d09e1c34b13.elb.eu-central-1.amazonaws.com/api/v1/query\": dial: i/o timeout"
time="2026-09-05T15:25:57+02:00" level=warning msg="Request Failed" error="Post \"http://k8s-ragplatf-ciliumga-56da93c17a-2adc9d09e1c34b13.elb.eu-central-1.amazonaws.com/api/v1/query\": dial: i/o timeout"
time="2026-09-05T15:25:57+02:00" level=warning msg="Request Failed" error="Post \"http://k8s-ragplatf-ciliumga-56da93c17a-2adc9d09e1c34b13.elb.eu-central-1.amazonaws.com/api/v1/query\": dial: i/o timeout"
time="2026-09-05T15:25:57+02:00" level=warning msg="Request Failed" error="Post \"http://k8s-ragplatf-ciliumga-56da93c17a-2adc9d09e1c34b13.elb.eu-central-1.amazonaws.com/api/v1/query\": dial: i/o timeout"
time="2026-09-05T15:25:57+02:00" level=warning msg="Request Failed" error="Post \"http://k8s-ragplatf-ciliumga-56da93c17a-2adc9d09e1c34b13.elb.eu-central-1.amazonaws.com/api/v1/query\": dial: i/o timeout"
time="2026-09-05T15:25:57+02:00" level=warning msg="Request Failed" error="Post \"http://k8s-ragplatf-ciliumga-56da93c17a-2adc9d09e1c34b13.elb.eu-central-1.amazonaws.com/api/v1/query\": dial: i/o timeout"
time="2026-09-05T15:25:57+02:00" level=warning msg="Request Failed" error="Post \"http://k8s-ragplatf-ciliumga-56da93c17a-2adc9d09e1c34b13.elb.eu-central-1.amazonaws.com/api/v1/query\": dial: i/o timeout"
time="2026-09-05T15:25:57+02:00" level=warning msg="Request Failed" error="Post \"http://k8s-ragplatf-ciliumga-56da93c17a-2adc9d09e1c34b13.elb.eu-central-1.amazonaws.com/api/v1/query\": dial: i/o timeout"
time="2026-09-05T15:25:57+02:00" level=warning msg="Request Failed" error="Post \"http://k8s-ragplatf-ciliumga-56da93c17a-2adc9d09e1c34b13.elb.eu-central-1.amazonaws.com/api/v1/query\": dial: i/o timeout"
time="2026-09-05T15:25:57+02:00" level=warning msg="Request Failed" error="Post \"http://k8s-ragplatf-ciliumga-56da93c17a-2adc9d09e1c34b13.elb.eu-central-1.amazonaws.com/api/v1/query\": dial: i/o timeout"
time="2026-09-05T15:25:57+02:00" level=warning msg="Request Failed" error="Post \"http://k8s-ragplatf-ciliumga-56da93c17a-2adc9d09e1c34b13.elb.eu-central-1.amazonaws.com/api/v1/query\": dial: i/o timeout"
time="2026-09-05T15:25:57+02:00" level=warning msg="Request Failed" error="Post \"http://k8s-ragplatf-ciliumga-56da93c17a-2adc9d09e1c34b13.elb.eu-central-1.amazonaws.com/api/v1/query\": dial: i/o timeout"
time="2026-09-05T15:25:57+02:00" level=warning msg="Request Failed" error="Post \"http://k8s-ragplatf-ciliumga-56da93c17a-2adc9d09e1c34b13.elb.eu-central-1.amazonaws.com/api/v1/query\": dial: i/o timeout"
time="2026-09-05T15:25:57+02:00" level=warning msg="Request Failed" error="Post \"http://k8s-ragplatf-ciliumga-56da93c17a-2adc9d09e1c34b13.elb.eu-central-1.amazonaws.com/api/v1/query\": dial: i/o timeout"
time="2026-09-05T15:25:57+02:00" level=warning msg="Request Failed" error="Post \"http://k8s-ragplatf-ciliumga-56da93c17a-2adc9d09e1c34b13.elb.eu-central-1.amazonaws.com/api/v1/query\": dial: i/o timeout"
time="2026-09-05T15:25:57+02:00" level=warning msg="Request Failed" error="Post \"http://k8s-ragplatf-ciliumga-56da93c17a-2adc9d09e1c34b13.elb.eu-central-1.amazonaws.com/api/v1/query\": dial: i/o timeout"
time="2026-09-05T15:25:57+02:00" level=warning msg="Request Failed" error="Post \"http://k8s-ragplatf-ciliumga-56da93c17a-2adc9d09e1c34b13.elb.eu-central-1.amazonaws.com/api/v1/query\": dial: i/o timeout"
time="2026-09-05T15:25:57+02:00" level=warning msg="Request Failed" error="Post \"http://k8s-ragplatf-ciliumga-56da93c17a-2adc9d09e1c34b13.elb.eu-central-1.amazonaws.com/api/v1/query\": dial: i/o timeout"
time="2026-09-05T15:25:57+02:00" level=warning msg="Request Failed" error="Post \"http://k8s-ragplatf-ciliumga-56da93c17a-2adc9d09e1c34b13.elb.eu-central-1.amazonaws.com/api/v1/query\": dial: i/o timeout"
time="2026-09-05T15:25:57+02:00" level=warning msg="Request Failed" error="Post \"http://k8s-ragplatf-ciliumga-56da93c17a-2adc9d09e1c34b13.elb.eu-central-1.amazonaws.com/api/v1/query\": dial: i/o timeout"
time="2026-09-05T15:25:57+02:00" level=warning msg="Request Failed" error="Post \"http://k8s-ragplatf-ciliumga-56da93c17a-2adc9d09e1c34b13.elb.eu-central-1.amazonaws.com/api/v1/query\": dial: i/o timeout"
time="2026-09-05T15:25:57+02:00" level=warning msg="Request Failed" error="Post \"http://k8s-ragplatf-ciliumga-56da93c17a-2adc9d09e1c34b13.elb.eu-central-1.amazonaws.com/api/v1/query\": dial: i/o timeout"
time="2026-09-05T15:25:57+02:00" level=warning msg="Request Failed" error="Post \"http://k8s-ragplatf-ciliumga-56da93c17a-2adc9d09e1c34b13.elb.eu-central-1.amazonaws.com/api/v1/query\": dial: i/o timeout"
time="2026-09-05T15:25:57+02:00" level=warning msg="Request Failed" error="Post \"http://k8s-ragplatf-ciliumga-56da93c17a-2adc9d09e1c34b13.elb.eu-central-1.amazonaws.com/api/v1/query\": dial: i/o timeout"
time="2026-09-05T15:25:57+02:00" level=warning msg="Request Failed" error="Post \"http://k8s-ragplatf-ciliumga-56da93c17a-2adc9d09e1c34b13.elb.eu-central-1.amazonaws.com/api/v1/query\": dial: i/o timeout"
time="2026-09-05T15:25:57+02:00" level=warning msg="Request Failed" error="Post \"http://k8s-ragplatf-ciliumga-56da93c17a-2adc9d09e1c34b13.elb.eu-central-1.amazonaws.com/api/v1/query\": dial: i/o timeout"
time="2026-09-05T15:25:57+02:00" level=warning msg="Request Failed" error="Post \"http://k8s-ragplatf-ciliumga-56da93c17a-2adc9d09e1c34b13.elb.eu-central-1.amazonaws.com/api/v1/query\": dial: i/o timeout"
time="2026-09-05T15:25:57+02:00" level=warning msg="Request Failed" error="Post \"http://k8s-ragplatf-ciliumga-56da93c17a-2adc9d09e1c34b13.elb.eu-central-1.amazonaws.com/api/v1/query\": dial: i/o timeout"
time="2026-09-05T15:25:57+02:00" level=warning msg="Request Failed" error="Post \"http://k8s-ragplatf-ciliumga-56da93c17a-2adc9d09e1c34b13.elb.eu-central-1.amazonaws.com/api/v1/query\": dial: i/o timeout"
time="2026-09-05T15:25:57+02:00" level=warning msg="Request Failed" error="Post \"http://k8s-ragplatf-ciliumga-56da93c17a-2adc9d09e1c34b13.elb.eu-central-1.amazonaws.com/api/v1/query\": dial: i/o timeout"
time="2026-09-05T15:25:57+02:00" level=warning msg="Request Failed" error="Post \"http://k8s-ragplatf-ciliumga-56da93c17a-2adc9d09e1c34b13.elb.eu-central-1.amazonaws.com/api/v1/query\": dial: i/o timeout"
time="2026-09-05T15:25:57+02:00" level=warning msg="Request Failed" error="Post \"http://k8s-ragplatf-ciliumga-56da93c17a-2adc9d09e1c34b13.elb.eu-central-1.amazonaws.com/api/v1/query\": dial: i/o timeout"
time="2026-09-05T15:25:57+02:00" level=warning msg="Request Failed" error="Post \"http://k8s-ragplatf-ciliumga-56da93c17a-2adc9d09e1c34b13.elb.eu-central-1.amazonaws.com/api/v1/query\": dial: i/o timeout"
time="2026-09-05T15:25:57+02:00" level=warning msg="Request Failed" error="Post \"http://k8s-ragplatf-ciliumga-56da93c17a-2adc9d09e1c34b13.elb.eu-central-1.amazonaws.com/api/v1/query\": dial: i/o timeout"
time="2026-09-05T15:25:57+02:00" level=warning msg="Request Failed" error="Post \"http://k8s-ragplatf-ciliumga-56da93c17a-2adc9d09e1c34b13.elb.eu-central-1.amazonaws.com/api/v1/query\": dial: i/o timeout"

running (03m58.9s), 0671/0877 VUs, 46741 complete and 0 interrupted iterations
constant_load   [  40% ] 0671/0877 VUs  03m58.9s/10m0s  200.00 iters/s
time="2026-09-05T15:25:57+02:00" level=warning msg="Request Failed" error="Post \"http://k8s-ragplatf-ciliumga-56da93c17a-2adc9d09e1c34b13.elb.eu-central-1.amazonaws.com/api/v1/query\": dial: i/o timeout"
time="2026-09-05T15:25:57+02:00" level=warning msg="Request Failed" error="Post \"http://k8s-ragplatf-ciliumga-56da93c17a-2adc9d09e1c34b13.elb.eu-central-1.amazonaws.com/api/v1/query\": dial: i/o timeout"
time="2026-09-05T15:25:57+02:00" level=warning msg="Request Failed" error="Post \"http://k8s-ragplatf-ciliumga-56da93c17a-2adc9d09e1c34b13.elb.eu-central-1.amazonaws.com/api/v1/query\": dial: i/o timeout"
time="2026-09-05T15:25:57+02:00" level=warning msg="Request Failed" error="Post \"http://k8s-ragplatf-ciliumga-56da93c17a-2adc9d09e1c34b13.elb.eu-central-1.amazonaws.com/api/v1/query\": dial: i/o timeout"
time="2026-09-05T15:25:57+02:00" level=warning msg="Request Failed" error="Post \"http://k8s-ragplatf-ciliumga-56da93c17a-2adc9d09e1c34b13.elb.eu-central-1.amazonaws.com/api/v1/query\": dial: i/o timeout"
time="2026-09-05T15:25:57+02:00" level=warning msg="Request Failed" error="Post \"http://k8s-ragplatf-ciliumga-56da93c17a-2adc9d09e1c34b13.elb.eu-central-1.amazonaws.com/api/v1/query\": dial: i/o timeout"

running (03m59.9s), 0717/0877 VUs, 46896 complete and 0 interrupted iterations
constant_load   [  40% ] 0717/0877 VUs  03m59.9s/10m0s  200.00 iters/s
time="2026-09-05T15:25:58+02:00" level=warning msg="Request Failed" error="Post \"http://k8s-ragplatf-ciliumga-56da93c17a-2adc9d09e1c34b13.elb.eu-central-1.amazonaws.com/api/v1/query\": dial: i/o timeout"
time="2026-09-05T15:25:58+02:00" level=warning msg="Request Failed" error="Post \"http://k8s-ragplatf-ciliumga-56da93c17a-2adc9d09e1c34b13.elb.eu-central-1.amazonaws.com/api/v1/query\": dial: i/o timeout"
time="2026-09-05T15:25:58+02:00" level=warning msg="Request Failed" error="Post \"http://k8s-ragplatf-ciliumga-56da93c17a-2adc9d09e1c34b13.elb.eu-central-1.amazonaws.com/api/v1/query\": dial: i/o timeout"
time="2026-09-05T15:25:58+02:00" level=warning msg="Request Failed" error="Post \"http://k8s-ragplatf-ciliumga-56da93c17a-2adc9d09e1c34b13.elb.eu-central-1.amazonaws.com/api/v1/query\": dial: i/o timeout"
time="2026-09-05T15:25:58+02:00" level=warning msg="Request Failed" error="Post \"http://k8s-ragplatf-ciliumga-56da93c17a-2adc9d09e1c34b13.elb.eu-central-1.amazonaws.com/api/v1/query\": dial: i/o timeout"
time="2026-09-05T15:25:58+02:00" level=warning msg="Request Failed" error="Post \"http://k8s-ragplatf-ciliumga-56da93c17a-2adc9d09e1c34b13.elb.eu-central-1.amazonaws.com/api/v1/query\": dial: i/o timeout"
time="2026-09-05T15:25:58+02:00" level=warning msg="Request Failed" error="Post \"http://k8s-ragplatf-ciliumga-56da93c17a-2adc9d09e1c34b13.elb.eu-central-1.amazonaws.com/api/v1/query\": dial: i/o timeout"
time="2026-09-05T15:25:58+02:00" level=warning msg="Request Failed" error="Post \"http://k8s-ragplatf-ciliumga-56da93c17a-2adc9d09e1c34b13.elb.eu-central-1.amazonaws.com/api/v1/query\": dial: i/o timeout"
time="2026-09-05T15:25:58+02:00" level=warning msg="Request Failed" error="Post \"http://k8s-ragplatf-ciliumga-56da93c17a-2adc9d09e1c34b13.elb.eu-central-1.amazonaws.com/api/v1/query\": dial: i/o timeout"
time="2026-09-05T15:25:58+02:00" level=warning msg="Request Failed" error="Post \"http://k8s-ragplatf-ciliumga-56da93c17a-2adc9d09e1c34b13.elb.eu-central-1.amazonaws.com/api/v1/query\": dial: i/o timeout"
time="2026-09-05T15:25:58+02:00" level=warning msg="Request Failed" error="Post \"http://k8s-ragplatf-ciliumga-56da93c17a-2adc9d09e1c34b13.elb.eu-central-1.amazonaws.com/api/v1/query\": dial: i/o timeout"
time="2026-09-05T15:25:58+02:00" level=warning msg="Request Failed" error="Post \"http://k8s-ragplatf-ciliumga-56da93c17a-2adc9d09e1c34b13.elb.eu-central-1.amazonaws.com/api/v1/query\": dial: i/o timeout"
time="2026-09-05T15:25:58+02:00" level=warning msg="Request Failed" error="Post \"http://k8s-ragplatf-ciliumga-56da93c17a-2adc9d09e1c34b13.elb.eu-central-1.amazonaws.com/api/v1/query\": dial: i/o timeout"
time="2026-09-05T15:25:58+02:00" level=warning msg="Request Failed" error="Post \"http://k8s-ragplatf-ciliumga-56da93c17a-2adc9d09e1c34b13.elb.eu-central-1.amazonaws.com/api/v1/query\": dial: i/o timeout"
time="2026-09-05T15:25:58+02:00" level=warning msg="Request Failed" error="Post \"http://k8s-ragplatf-ciliumga-56da93c17a-2adc9d09e1c34b13.elb.eu-central-1.amazonaws.com/api/v1/query\": dial: i/o timeout"
time="2026-09-05T15:25:58+02:00" level=warning msg="Request Failed" error="Post \"http://k8s-ragplatf-ciliumga-56da93c17a-2adc9d09e1c34b13.elb.eu-central-1.amazonaws.com/api/v1/query\": dial: i/o timeout"
time="2026-09-05T15:25:58+02:00" level=warning msg="Request Failed" error="Post \"http://k8s-ragplatf-ciliumga-56da93c17a-2adc9d09e1c34b13.elb.eu-central-1.amazonaws.com/api/v1/query\": dial: i/o timeout"
time="2026-09-05T15:25:58+02:00" level=warning msg="Request Failed" error="Post \"http://k8s-ragplatf-ciliumga-56da93c17a-2adc9d09e1c34b13.elb.eu-central-1.amazonaws.com/api/v1/query\": dial: i/o timeout"
time="2026-09-05T15:25:58+02:00" level=warning msg="Request Failed" error="Post \"http://k8s-ragplatf-ciliumga-56da93c17a-2adc9d09e1c34b13.elb.eu-central-1.amazonaws.com/api/v1/query\": dial: i/o timeout"
time="2026-09-05T15:25:58+02:00" level=warning msg="Request Failed" error="Post \"http://k8s-ragplatf-ciliumga-56da93c17a-2adc9d09e1c34b13.elb.eu-central-1.amazonaws.com/api/v1/query\": dial: i/o timeout"
time="2026-09-05T15:25:58+02:00" level=warning msg="Request Failed" error="Post \"http://k8s-ragplatf-ciliumga-56da93c17a-2adc9d09e1c34b13.elb.eu-central-1.amazonaws.com/api/v1/query\": dial: i/o timeout"
time="2026-09-05T15:25:58+02:00" level=warning msg="Request Failed" error="Post \"http://k8s-ragplatf-ciliumga-56da93c17a-2adc9d09e1c34b13.elb.eu-central-1.amazonaws.com/api/v1/query\": dial: i/o timeout"
time="2026-09-05T15:25:58+02:00" level=warning msg="Request Failed" error="Post \"http://k8s-ragplatf-ciliumga-56da93c17a-2adc9d09e1c34b13.elb.eu-central-1.amazonaws.com/api/v1/query\": dial: i/o timeout"
time="2026-09-05T15:25:59+02:00" level=warning msg="Request Failed" error="Post \"http://k8s-ragplatf-ciliumga-56da93c17a-2adc9d09e1c34b13.elb.eu-central-1.amazonaws.com/api/v1/query\": dial: i/o timeout"
time="2026-09-05T15:25:59+02:00" level=warning msg="Request Failed" error="Post \"http://k8s-ragplatf-ciliumga-56da93c17a-2adc9d09e1c34b13.elb.eu-central-1.amazonaws.com/api/v1/query\": dial: i/o timeout"
time="2026-09-05T15:25:59+02:00" level=warning msg="Request Failed" error="Post \"http://k8s-ragplatf-ciliumga-56da93c17a-2adc9d09e1c34b13.elb.eu-central-1.amazonaws.com/api/v1/query\": dial: i/o timeout"
time="2026-09-05T15:25:59+02:00" level=warning msg="Request Failed" error="Post \"http://k8s-ragplatf-ciliumga-56da93c17a-2adc9d09e1c34b13.elb.eu-central-1.amazonaws.com/api/v1/query\": dial: i/o timeout"
time="2026-09-05T15:25:59+02:00" level=warning msg="Request Failed" error="Post \"http://k8s-ragplatf-ciliumga-56da93c17a-2adc9d09e1c34b13.elb.eu-central-1.amazonaws.com/api/v1/query\": dial: i/o timeout"
time="2026-09-05T15:25:59+02:00" level=warning msg="Request Failed" error="Post \"http://k8s-ragplatf-ciliumga-56da93c17a-2adc9d09e1c34b13.elb.eu-central-1.amazonaws.com/api/v1/query\": dial: i/o timeout"
time="2026-09-05T15:25:59+02:00" level=warning msg="Request Failed" error="Post \"http://k8s-ragplatf-ciliumga-56da93c17a-2adc9d09e1c34b13.elb.eu-central-1.amazonaws.com/api/v1/query\": dial: i/o timeout"

running (04m00.9s), 0717/0877 VUs, 47095 complete and 0 interrupted iterations
constant_load   [  40% ] 0717/0877 VUs  04m00.9s/10m0s  200.00 iters/s
time="2026-09-05T15:25:59+02:00" level=warning msg="Request Failed" error="Post \"http://k8s-ragplatf-ciliumga-56da93c17a-2adc9d09e1c34b13.elb.eu-central-1.amazonaws.com/api/v1/query\": dial: i/o timeout"
time="2026-09-05T15:25:59+02:00" level=warning msg="Request Failed" error="Post \"http://k8s-ragplatf-ciliumga-56da93c17a-2adc9d09e1c34b13.elb.eu-central-1.amazonaws.com/api/v1/query\": dial: i/o timeout"
time="2026-09-05T15:25:59+02:00" level=warning msg="Request Failed" error="Post \"http://k8s-ragplatf-ciliumga-56da93c17a-2adc9d09e1c34b13.elb.eu-central-1.amazonaws.com/api/v1/query\": dial: i/o timeout"
time="2026-09-05T15:25:59+02:00" level=warning msg="Request Failed" error="Post \"http://k8s-ragplatf-ciliumga-56da93c17a-2adc9d09e1c34b13.elb.eu-central-1.amazonaws.com/api/v1/query\": dial: i/o timeout"
time="2026-09-05T15:26:00+02:00" level=warning msg="Request Failed" error="Post \"http://k8s-ragplatf-ciliumga-56da93c17a-2adc9d09e1c34b13.elb.eu-central-1.amazonaws.com/api/v1/query\": dial: i/o timeout"
time="2026-09-05T15:26:00+02:00" level=warning msg="Request Failed" error="Post \"http://k8s-ragplatf-ciliumga-56da93c17a-2adc9d09e1c34b13.elb.eu-central-1.amazonaws.com/api/v1/query\": dial: i/o timeout"
time="2026-09-05T15:26:00+02:00" level=warning msg="Request Failed" error="Post \"http://k8s-ragplatf-ciliumga-56da93c17a-2adc9d09e1c34b13.elb.eu-central-1.amazonaws.com/api/v1/query\": dial: i/o timeout"
time="2026-09-05T15:26:00+02:00" level=warning msg="Request Failed" error="Post \"http://k8s-ragplatf-ciliumga-56da93c17a-2adc9d09e1c34b13.elb.eu-central-1.amazonaws.com/api/v1/query\": dial: i/o timeout"
time="2026-09-05T15:26:00+02:00" level=warning msg="Request Failed" error="Post \"http://k8s-ragplatf-ciliumga-56da93c17a-2adc9d09e1c34b13.elb.eu-central-1.amazonaws.com/api/v1/query\": dial: i/o timeout"
time="2026-09-05T15:26:00+02:00" level=warning msg="Request Failed" error="Post \"http://k8s-ragplatf-ciliumga-56da93c17a-2adc9d09e1c34b13.elb.eu-central-1.amazonaws.com/api/v1/query\": dial: i/o timeout"

running (04m01.9s), 0760/0877 VUs, 47252 complete and 0 interrupted iterations
constant_load   [  40% ] 0760/0877 VUs  04m01.9s/10m0s  200.00 iters/s
time="2026-09-05T15:26:00+02:00" level=warning msg="Request Failed" error="Post \"http://k8s-ragplatf-ciliumga-56da93c17a-2adc9d09e1c34b13.elb.eu-central-1.amazonaws.com/api/v1/query\": dial: i/o timeout"
time="2026-09-05T15:26:00+02:00" level=warning msg="Request Failed" error="Post \"http://k8s-ragplatf-ciliumga-56da93c17a-2adc9d09e1c34b13.elb.eu-central-1.amazonaws.com/api/v1/query\": dial: i/o timeout"
time="2026-09-05T15:26:00+02:00" level=warning msg="Request Failed" error="Post \"http://k8s-ragplatf-ciliumga-56da93c17a-2adc9d09e1c34b13.elb.eu-central-1.amazonaws.com/api/v1/query\": dial: i/o timeout"
time="2026-09-05T15:26:00+02:00" level=warning msg="Request Failed" error="Post \"http://k8s-ragplatf-ciliumga-56da93c17a-2adc9d09e1c34b13.elb.eu-central-1.amazonaws.com/api/v1/query\": dial: i/o timeout"
time="2026-09-05T15:26:00+02:00" level=warning msg="Request Failed" error="Post \"http://k8s-ragplatf-ciliumga-56da93c17a-2adc9d09e1c34b13.elb.eu-central-1.amazonaws.com/api/v1/query\": dial: i/o timeout"
time="2026-09-05T15:26:00+02:00" level=warning msg="Request Failed" error="Post \"http://k8s-ragplatf-ciliumga-56da93c17a-2adc9d09e1c34b13.elb.eu-central-1.amazonaws.com/api/v1/query\": dial: i/o timeout"
time="2026-09-05T15:26:00+02:00" level=warning msg="Request Failed" error="Post \"http://k8s-ragplatf-ciliumga-56da93c17a-2adc9d09e1c34b13.elb.eu-central-1.amazonaws.com/api/v1/query\": dial: i/o timeout"
time="2026-09-05T15:26:00+02:00" level=warning msg="Request Failed" error="Post \"http://k8s-ragplatf-ciliumga-56da93c17a-2adc9d09e1c34b13.elb.eu-central-1.amazonaws.com/api/v1/query\": dial: i/o timeout"
time="2026-09-05T15:26:00+02:00" level=warning msg="Request Failed" error="Post \"http://k8s-ragplatf-ciliumga-56da93c17a-2adc9d09e1c34b13.elb.eu-central-1.amazonaws.com/api/v1/query\": dial: i/o timeout"
time="2026-09-05T15:26:01+02:00" level=warning msg="Request Failed" error="Post \"http://k8s-ragplatf-ciliumga-56da93c17a-2adc9d09e1c34b13.elb.eu-central-1.amazonaws.com/api/v1/query\": dial: i/o timeout"
time="2026-09-05T15:26:01+02:00" level=warning msg="Request Failed" error="Post \"http://k8s-ragplatf-ciliumga-56da93c17a-2adc9d09e1c34b13.elb.eu-central-1.amazonaws.com/api/v1/query\": dial: i/o timeout"

running (04m02.9s), 0744/0877 VUs, 47468 complete and 0 interrupted iterations
constant_load   [  40% ] 0744/0877 VUs  04m02.9s/10m0s  200.00 iters/s
time="2026-09-05T15:26:01+02:00" level=warning msg="Request Failed" error="Post \"http://k8s-ragplatf-ciliumga-56da93c17a-2adc9d09e1c34b13.elb.eu-central-1.amazonaws.com/api/v1/query\": dial: i/o timeout"
time="2026-09-05T15:26:01+02:00" level=warning msg="Request Failed" error="Post \"http://k8s-ragplatf-ciliumga-56da93c17a-2adc9d09e1c34b13.elb.eu-central-1.amazonaws.com/api/v1/query\": dial: i/o timeout"
time="2026-09-05T15:26:01+02:00" level=warning msg="Request Failed" error="Post \"http://k8s-ragplatf-ciliumga-56da93c17a-2adc9d09e1c34b13.elb.eu-central-1.amazonaws.com/api/v1/query\": dial: i/o timeout"
time="2026-09-05T15:26:01+02:00" level=warning msg="Request Failed" error="Post \"http://k8s-ragplatf-ciliumga-56da93c17a-2adc9d09e1c34b13.elb.eu-central-1.amazonaws.com/api/v1/query\": dial: i/o timeout"
time="2026-09-05T15:26:01+02:00" level=warning msg="Request Failed" error="Post \"http://k8s-ragplatf-ciliumga-56da93c17a-2adc9d09e1c34b13.elb.eu-central-1.amazonaws.com/api/v1/query\": dial: i/o timeout"
time="2026-09-05T15:26:01+02:00" level=warning msg="Request Failed" error="Post \"http://k8s-ragplatf-ciliumga-56da93c17a-2adc9d09e1c34b13.elb.eu-central-1.amazonaws.com/api/v1/query\": dial: i/o timeout"
time="2026-09-05T15:26:02+02:00" level=warning msg="Request Failed" error="Post \"http://k8s-ragplatf-ciliumga-56da93c17a-2adc9d09e1c34b13.elb.eu-central-1.amazonaws.com/api/v1/query\": dial: i/o timeout"

running (04m03.9s), 0753/0877 VUs, 47659 complete and 0 interrupted iterations
constant_load   [  41% ] 0753/0877 VUs  04m03.9s/10m0s  200.00 iters/s
time="2026-09-05T15:26:02+02:00" level=warning msg="Request Failed" error="Post \"http://k8s-ragplatf-ciliumga-56da93c17a-2adc9d09e1c34b13.elb.eu-central-1.amazonaws.com/api/v1/query\": dial: i/o timeout"
time="2026-09-05T15:26:02+02:00" level=warning msg="Request Failed" error="Post \"http://k8s-ragplatf-ciliumga-56da93c17a-2adc9d09e1c34b13.elb.eu-central-1.amazonaws.com/api/v1/query\": dial: i/o timeout"
time="2026-09-05T15:26:02+02:00" level=warning msg="Request Failed" error="Post \"http://k8s-ragplatf-ciliumga-56da93c17a-2adc9d09e1c34b13.elb.eu-central-1.amazonaws.com/api/v1/query\": dial: i/o timeout"
time="2026-09-05T15:26:02+02:00" level=warning msg="Request Failed" error="Post \"http://k8s-ragplatf-ciliumga-56da93c17a-2adc9d09e1c34b13.elb.eu-central-1.amazonaws.com/api/v1/query\": dial: i/o timeout"
time="2026-09-05T15:26:02+02:00" level=warning msg="Request Failed" error="Post \"http://k8s-ragplatf-ciliumga-56da93c17a-2adc9d09e1c34b13.elb.eu-central-1.amazonaws.com/api/v1/query\": dial: i/o timeout"
time="2026-09-05T15:26:02+02:00" level=warning msg="Request Failed" error="Post \"http://k8s-ragplatf-ciliumga-56da93c17a-2adc9d09e1c34b13.elb.eu-central-1.amazonaws.com/api/v1/query\": dial: i/o timeout"
time="2026-09-05T15:26:02+02:00" level=warning msg="Request Failed" error="Post \"http://k8s-ragplatf-ciliumga-56da93c17a-2adc9d09e1c34b13.elb.eu-central-1.amazonaws.com/api/v1/query\": dial: i/o timeout"
time="2026-09-05T15:26:02+02:00" level=warning msg="Request Failed" error="Post \"http://k8s-ragplatf-ciliumga-56da93c17a-2adc9d09e1c34b13.elb.eu-central-1.amazonaws.com/api/v1/query\": dial: i/o timeout"
time="2026-09-05T15:26:02+02:00" level=warning msg="Request Failed" error="Post \"http://k8s-ragplatf-ciliumga-56da93c17a-2adc9d09e1c34b13.elb.eu-central-1.amazonaws.com/api/v1/query\": dial: i/o timeout"
time="2026-09-05T15:26:02+02:00" level=warning msg="Request Failed" error="Post \"http://k8s-ragplatf-ciliumga-56da93c17a-2adc9d09e1c34b13.elb.eu-central-1.amazonaws.com/api/v1/query\": dial: i/o timeout"
time="2026-09-05T15:26:02+02:00" level=warning msg="Request Failed" error="Post \"http://k8s-ragplatf-ciliumga-56da93c17a-2adc9d09e1c34b13.elb.eu-central-1.amazonaws.com/api/v1/query\": dial: i/o timeout"
time="2026-09-05T15:26:03+02:00" level=warning msg="Request Failed" error="Post \"http://k8s-ragplatf-ciliumga-56da93c17a-2adc9d09e1c34b13.elb.eu-central-1.amazonaws.com/api/v1/query\": dial: i/o timeout"
time="2026-09-05T15:26:03+02:00" level=warning msg="Request Failed" error="Post \"http://k8s-ragplatf-ciliumga-56da93c17a-2adc9d09e1c34b13.elb.eu-central-1.amazonaws.com/api/v1/query\": dial: i/o timeout"
time="2026-09-05T15:26:03+02:00" level=warning msg="Request Failed" error="Post \"http://k8s-ragplatf-ciliumga-56da93c17a-2adc9d09e1c34b13.elb.eu-central-1.amazonaws.com/api/v1/query\": dial: i/o timeout"
time="2026-09-05T15:26:03+02:00" level=warning msg="Request Failed" error="Post \"http://k8s-ragplatf-ciliumga-56da93c17a-2adc9d09e1c34b13.elb.eu-central-1.amazonaws.com/api/v1/query\": dial: i/o timeout"
time="2026-09-05T15:26:03+02:00" level=warning msg="Request Failed" error="Post \"http://k8s-ragplatf-ciliumga-56da93c17a-2adc9d09e1c34b13.elb.eu-central-1.amazonaws.com/api/v1/query\": dial: i/o timeout"
time="2026-09-05T15:26:03+02:00" level=warning msg="Request Failed" error="Post \"http://k8s-ragplatf-ciliumga-56da93c17a-2adc9d09e1c34b13.elb.eu-central-1.amazonaws.com/api/v1/query\": dial: i/o timeout"
time="2026-09-05T15:26:03+02:00" level=warning msg="Request Failed" error="Post \"http://k8s-ragplatf-ciliumga-56da93c17a-2adc9d09e1c34b13.elb.eu-central-1.amazonaws.com/api/v1/query\": dial: i/o timeout"
time="2026-09-05T15:26:03+02:00" level=warning msg="Request Failed" error="Post \"http://k8s-ragplatf-ciliumga-56da93c17a-2adc9d09e1c34b13.elb.eu-central-1.amazonaws.com/api/v1/query\": dial: i/o timeout"
time="2026-09-05T15:26:03+02:00" level=warning msg="Request Failed" error="Post \"http://k8s-ragplatf-ciliumga-56da93c17a-2adc9d09e1c34b13.elb.eu-central-1.amazonaws.com/api/v1/query\": dial: i/o timeout"

running (04m04.9s), 0737/0877 VUs, 47875 complete and 0 interrupted iterations
constant_load   [  41% ] 0737/0877 VUs  04m04.9s/10m0s  200.00 iters/s
time="2026-09-05T15:26:03+02:00" level=warning msg="Request Failed" error="Post \"http://k8s-ragplatf-ciliumga-56da93c17a-2adc9d09e1c34b13.elb.eu-central-1.amazonaws.com/api/v1/query\": dial: i/o timeout"
time="2026-09-05T15:26:03+02:00" level=warning msg="Request Failed" error="Post \"http://k8s-ragplatf-ciliumga-56da93c17a-2adc9d09e1c34b13.elb.eu-central-1.amazonaws.com/api/v1/query\": dial: i/o timeout"
time="2026-09-05T15:26:03+02:00" level=warning msg="Request Failed" error="Post \"http://k8s-ragplatf-ciliumga-56da93c17a-2adc9d09e1c34b13.elb.eu-central-1.amazonaws.com/api/v1/query\": dial: i/o timeout"
time="2026-09-05T15:26:03+02:00" level=warning msg="Request Failed" error="Post \"http://k8s-ragplatf-ciliumga-56da93c17a-2adc9d09e1c34b13.elb.eu-central-1.amazonaws.com/api/v1/query\": dial: i/o timeout"
time="2026-09-05T15:26:03+02:00" level=warning msg="Request Failed" error="Post \"http://k8s-ragplatf-ciliumga-56da93c17a-2adc9d09e1c34b13.elb.eu-central-1.amazonaws.com/api/v1/query\": dial: i/o timeout"
time="2026-09-05T15:26:03+02:00" level=warning msg="Request Failed" error="Post \"http://k8s-ragplatf-ciliumga-56da93c17a-2adc9d09e1c34b13.elb.eu-central-1.amazonaws.com/api/v1/query\": dial: i/o timeout"
time="2026-09-05T15:26:04+02:00" level=warning msg="Request Failed" error="Post \"http://k8s-ragplatf-ciliumga-56da93c17a-2adc9d09e1c34b13.elb.eu-central-1.amazonaws.com/api/v1/query\": dial: i/o timeout"
time="2026-09-05T15:26:04+02:00" level=warning msg="Request Failed" error="Post \"http://k8s-ragplatf-ciliumga-56da93c17a-2adc9d09e1c34b13.elb.eu-central-1.amazonaws.com/api/v1/query\": dial: i/o timeout"
time="2026-09-05T15:26:04+02:00" level=warning msg="Request Failed" error="Post \"http://k8s-ragplatf-ciliumga-56da93c17a-2adc9d09e1c34b13.elb.eu-central-1.amazonaws.com/api/v1/query\": dial: i/o timeout"

running (04m05.9s), 0736/0877 VUs, 48076 complete and 0 interrupted iterations
constant_load   [  41% ] 0736/0877 VUs  04m05.9s/10m0s  200.00 iters/s
time="2026-09-05T15:26:04+02:00" level=warning msg="Request Failed" error="Post \"http://k8s-ragplatf-ciliumga-56da93c17a-2adc9d09e1c34b13.elb.eu-central-1.amazonaws.com/api/v1/query\": dial: i/o timeout"
time="2026-09-05T15:26:04+02:00" level=warning msg="Request Failed" error="Post \"http://k8s-ragplatf-ciliumga-56da93c17a-2adc9d09e1c34b13.elb.eu-central-1.amazonaws.com/api/v1/query\": dial: i/o timeout"
time="2026-09-05T15:26:04+02:00" level=warning msg="Request Failed" error="Post \"http://k8s-ragplatf-ciliumga-56da93c17a-2adc9d09e1c34b13.elb.eu-central-1.amazonaws.com/api/v1/query\": dial: i/o timeout"
time="2026-09-05T15:26:04+02:00" level=warning msg="Request Failed" error="Post \"http://k8s-ragplatf-ciliumga-56da93c17a-2adc9d09e1c34b13.elb.eu-central-1.amazonaws.com/api/v1/query\": dial: i/o timeout"
time="2026-09-05T15:26:04+02:00" level=warning msg="Request Failed" error="Post \"http://k8s-ragplatf-ciliumga-56da93c17a-2adc9d09e1c34b13.elb.eu-central-1.amazonaws.com/api/v1/query\": dial: i/o timeout"
time="2026-09-05T15:26:04+02:00" level=warning msg="Request Failed" error="Post \"http://k8s-ragplatf-ciliumga-56da93c17a-2adc9d09e1c34b13.elb.eu-central-1.amazonaws.com/api/v1/query\": dial: i/o timeout"
time="2026-09-05T15:26:04+02:00" level=warning msg="Request Failed" error="Post \"http://k8s-ragplatf-ciliumga-56da93c17a-2adc9d09e1c34b13.elb.eu-central-1.amazonaws.com/api/v1/query\": dial: i/o timeout"
time="2026-09-05T15:26:04+02:00" level=warning msg="Request Failed" error="Post \"http://k8s-ragplatf-ciliumga-56da93c17a-2adc9d09e1c34b13.elb.eu-central-1.amazonaws.com/api/v1/query\": dial: i/o timeout"
time="2026-09-05T15:26:04+02:00" level=warning msg="Request Failed" error="Post \"http://k8s-ragplatf-ciliumga-56da93c17a-2adc9d09e1c34b13.elb.eu-central-1.amazonaws.com/api/v1/query\": dial: i/o timeout"
time="2026-09-05T15:26:05+02:00" level=warning msg="Request Failed" error="Post \"http://k8s-ragplatf-ciliumga-56da93c17a-2adc9d09e1c34b13.elb.eu-central-1.amazonaws.com/api/v1/query\": dial: i/o timeout"
time="2026-09-05T15:26:05+02:00" level=warning msg="Request Failed" error="Post \"http://k8s-ragplatf-ciliumga-56da93c17a-2adc9d09e1c34b13.elb.eu-central-1.amazonaws.com/api/v1/query\": dial: i/o timeout"
time="2026-09-05T15:26:05+02:00" level=warning msg="Request Failed" error="Post \"http://k8s-ragplatf-ciliumga-56da93c17a-2adc9d09e1c34b13.elb.eu-central-1.amazonaws.com/api/v1/query\": dial: i/o timeout"
time="2026-09-05T15:26:05+02:00" level=warning msg="Request Failed" error="Post \"http://k8s-ragplatf-ciliumga-56da93c17a-2adc9d09e1c34b13.elb.eu-central-1.amazonaws.com/api/v1/query\": dial: i/o timeout"
time="2026-09-05T15:26:05+02:00" level=warning msg="Request Failed" error="Post \"http://k8s-ragplatf-ciliumga-56da93c17a-2adc9d09e1c34b13.elb.eu-central-1.amazonaws.com/api/v1/query\": dial: i/o timeout"
time="2026-09-05T15:26:05+02:00" level=warning msg="Request Failed" error="Post \"http://k8s-ragplatf-ciliumga-56da93c17a-2adc9d09e1c34b13.elb.eu-central-1.amazonaws.com/api/v1/query\": dial: i/o timeout"

running (04m06.9s), 0726/0877 VUs, 48286 complete and 0 interrupted iterations
constant_load   [  41% ] 0726/0877 VUs  04m06.9s/10m0s  200.00 iters/s
time="2026-09-05T15:26:05+02:00" level=warning msg="Request Failed" error="Post \"http://k8s-ragplatf-ciliumga-56da93c17a-2adc9d09e1c34b13.elb.eu-central-1.amazonaws.com/api/v1/query\": dial: i/o timeout"
time="2026-09-05T15:26:05+02:00" level=warning msg="Request Failed" error="Post \"http://k8s-ragplatf-ciliumga-56da93c17a-2adc9d09e1c34b13.elb.eu-central-1.amazonaws.com/api/v1/query\": dial: i/o timeout"
time="2026-09-05T15:26:05+02:00" level=warning msg="Request Failed" error="Post \"http://k8s-ragplatf-ciliumga-56da93c17a-2adc9d09e1c34b13.elb.eu-central-1.amazonaws.com/api/v1/query\": dial: i/o timeout"
time="2026-09-05T15:26:05+02:00" level=warning msg="Request Failed" error="Post \"http://k8s-ragplatf-ciliumga-56da93c17a-2adc9d09e1c34b13.elb.eu-central-1.amazonaws.com/api/v1/query\": dial: i/o timeout"
time="2026-09-05T15:26:05+02:00" level=warning msg="Request Failed" error="Post \"http://k8s-ragplatf-ciliumga-56da93c17a-2adc9d09e1c34b13.elb.eu-central-1.amazonaws.com/api/v1/query\": dial: i/o timeout"
time="2026-09-05T15:26:05+02:00" level=warning msg="Request Failed" error="Post \"http://k8s-ragplatf-ciliumga-56da93c17a-2adc9d09e1c34b13.elb.eu-central-1.amazonaws.com/api/v1/query\": dial: i/o timeout"
time="2026-09-05T15:26:05+02:00" level=warning msg="Request Failed" error="Post \"http://k8s-ragplatf-ciliumga-56da93c17a-2adc9d09e1c34b13.elb.eu-central-1.amazonaws.com/api/v1/query\": dial: i/o timeout"
time="2026-09-05T15:26:05+02:00" level=warning msg="Request Failed" error="Post \"http://k8s-ragplatf-ciliumga-56da93c17a-2adc9d09e1c34b13.elb.eu-central-1.amazonaws.com/api/v1/query\": dial: i/o timeout"
time="2026-09-05T15:26:05+02:00" level=warning msg="Request Failed" error="Post \"http://k8s-ragplatf-ciliumga-56da93c17a-2adc9d09e1c34b13.elb.eu-central-1.amazonaws.com/api/v1/query\": dial: i/o timeout"
time="2026-09-05T15:26:05+02:00" level=warning msg="Request Failed" error="Post \"http://k8s-ragplatf-ciliumga-56da93c17a-2adc9d09e1c34b13.elb.eu-central-1.amazonaws.com/api/v1/query\": dial: i/o timeout"
time="2026-09-05T15:26:05+02:00" level=warning msg="Request Failed" error="Post \"http://k8s-ragplatf-ciliumga-56da93c17a-2adc9d09e1c34b13.elb.eu-central-1.amazonaws.com/api/v1/query\": dial: i/o timeout"
time="2026-09-05T15:26:05+02:00" level=warning msg="Request Failed" error="Post \"http://k8s-ragplatf-ciliumga-56da93c17a-2adc9d09e1c34b13.elb.eu-central-1.amazonaws.com/api/v1/query\": dial: i/o timeout"
time="2026-09-05T15:26:06+02:00" level=warning msg="Request Failed" error="Post \"http://k8s-ragplatf-ciliumga-56da93c17a-2adc9d09e1c34b13.elb.eu-central-1.amazonaws.com/api/v1/query\": dial: i/o timeout"
time="2026-09-05T15:26:06+02:00" level=warning msg="Request Failed" error="Post \"http://k8s-ragplatf-ciliumga-56da93c17a-2adc9d09e1c34b13.elb.eu-central-1.amazonaws.com/api/v1/query\": dial: i/o timeout"
time="2026-09-05T15:26:06+02:00" level=warning msg="Request Failed" error="Post \"http://k8s-ragplatf-ciliumga-56da93c17a-2adc9d09e1c34b13.elb.eu-central-1.amazonaws.com/api/v1/query\": dial: i/o timeout"

running (04m07.9s), 0720/0877 VUs, 48492 complete and 0 interrupted iterations
constant_load   [  41% ] 0720/0877 VUs  04m07.9s/10m0s  200.00 iters/s
time="2026-09-05T15:26:06+02:00" level=warning msg="Request Failed" error="Post \"http://k8s-ragplatf-ciliumga-56da93c17a-2adc9d09e1c34b13.elb.eu-central-1.amazonaws.com/api/v1/query\": dial: i/o timeout"
time="2026-09-05T15:26:06+02:00" level=warning msg="Request Failed" error="Post \"http://k8s-ragplatf-ciliumga-56da93c17a-2adc9d09e1c34b13.elb.eu-central-1.amazonaws.com/api/v1/query\": dial: i/o timeout"
time="2026-09-05T15:26:06+02:00" level=warning msg="Request Failed" error="Post \"http://k8s-ragplatf-ciliumga-56da93c17a-2adc9d09e1c34b13.elb.eu-central-1.amazonaws.com/api/v1/query\": dial: i/o timeout"
time="2026-09-05T15:26:06+02:00" level=warning msg="Request Failed" error="Post \"http://k8s-ragplatf-ciliumga-56da93c17a-2adc9d09e1c34b13.elb.eu-central-1.amazonaws.com/api/v1/query\": dial: i/o timeout"
time="2026-09-05T15:26:06+02:00" level=warning msg="Request Failed" error="Post \"http://k8s-ragplatf-ciliumga-56da93c17a-2adc9d09e1c34b13.elb.eu-central-1.amazonaws.com/api/v1/query\": dial: i/o timeout"
time="2026-09-05T15:26:06+02:00" level=warning msg="Request Failed" error="Post \"http://k8s-ragplatf-ciliumga-56da93c17a-2adc9d09e1c34b13.elb.eu-central-1.amazonaws.com/api/v1/query\": dial: i/o timeout"
time="2026-09-05T15:26:06+02:00" level=warning msg="Request Failed" error="Post \"http://k8s-ragplatf-ciliumga-56da93c17a-2adc9d09e1c34b13.elb.eu-central-1.amazonaws.com/api/v1/query\": dial: i/o timeout"
time="2026-09-05T15:26:06+02:00" level=warning msg="Request Failed" error="Post \"http://k8s-ragplatf-ciliumga-56da93c17a-2adc9d09e1c34b13.elb.eu-central-1.amazonaws.com/api/v1/query\": dial: i/o timeout"
time="2026-09-05T15:26:06+02:00" level=warning msg="Request Failed" error="Post \"http://k8s-ragplatf-ciliumga-56da93c17a-2adc9d09e1c34b13.elb.eu-central-1.amazonaws.com/api/v1/query\": dial: i/o timeout"
time="2026-09-05T15:26:07+02:00" level=warning msg="Request Failed" error="Post \"http://k8s-ragplatf-ciliumga-56da93c17a-2adc9d09e1c34b13.elb.eu-central-1.amazonaws.com/api/v1/query\": dial: i/o timeout"
time="2026-09-05T15:26:07+02:00" level=warning msg="Request Failed" error="Post \"http://k8s-ragplatf-ciliumga-56da93c17a-2adc9d09e1c34b13.elb.eu-central-1.amazonaws.com/api/v1/query\": dial: i/o timeout"
time="2026-09-05T15:26:07+02:00" level=warning msg="Request Failed" error="Post \"http://k8s-ragplatf-ciliumga-56da93c17a-2adc9d09e1c34b13.elb.eu-central-1.amazonaws.com/api/v1/query\": dial: i/o timeout"
time="2026-09-05T15:26:07+02:00" level=warning msg="Request Failed" error="Post \"http://k8s-ragplatf-ciliumga-56da93c17a-2adc9d09e1c34b13.elb.eu-central-1.amazonaws.com/api/v1/query\": dial: i/o timeout"

running (04m08.9s), 0710/0877 VUs, 48702 complete and 0 interrupted iterations
constant_load   [  41% ] 0710/0877 VUs  04m08.9s/10m0s  200.00 iters/s
time="2026-09-05T15:26:07+02:00" level=warning msg="Request Failed" error="Post \"http://k8s-ragplatf-ciliumga-56da93c17a-2adc9d09e1c34b13.elb.eu-central-1.amazonaws.com/api/v1/query\": dial: i/o timeout"
time="2026-09-05T15:26:07+02:00" level=warning msg="Request Failed" error="Post \"http://k8s-ragplatf-ciliumga-56da93c17a-2adc9d09e1c34b13.elb.eu-central-1.amazonaws.com/api/v1/query\": dial: i/o timeout"
time="2026-09-05T15:26:07+02:00" level=warning msg="Request Failed" error="Post \"http://k8s-ragplatf-ciliumga-56da93c17a-2adc9d09e1c34b13.elb.eu-central-1.amazonaws.com/api/v1/query\": dial: i/o timeout"
time="2026-09-05T15:26:07+02:00" level=warning msg="Request Failed" error="Post \"http://k8s-ragplatf-ciliumga-56da93c17a-2adc9d09e1c34b13.elb.eu-central-1.amazonaws.com/api/v1/query\": dial: i/o timeout"
time="2026-09-05T15:26:07+02:00" level=warning msg="Request Failed" error="Post \"http://k8s-ragplatf-ciliumga-56da93c17a-2adc9d09e1c34b13.elb.eu-central-1.amazonaws.com/api/v1/query\": dial: i/o timeout"
time="2026-09-05T15:26:07+02:00" level=warning msg="Request Failed" error="Post \"http://k8s-ragplatf-ciliumga-56da93c17a-2adc9d09e1c34b13.elb.eu-central-1.amazonaws.com/api/v1/query\": dial: i/o timeout"
time="2026-09-05T15:26:07+02:00" level=warning msg="Request Failed" error="Post \"http://k8s-ragplatf-ciliumga-56da93c17a-2adc9d09e1c34b13.elb.eu-central-1.amazonaws.com/api/v1/query\": dial: i/o timeout"
time="2026-09-05T15:26:08+02:00" level=warning msg="Request Failed" error="Post \"http://k8s-ragplatf-ciliumga-56da93c17a-2adc9d09e1c34b13.elb.eu-central-1.amazonaws.com/api/v1/query\": dial: i/o timeout"
time="2026-09-05T15:26:08+02:00" level=warning msg="Request Failed" error="Post \"http://k8s-ragplatf-ciliumga-56da93c17a-2adc9d09e1c34b13.elb.eu-central-1.amazonaws.com/api/v1/query\": dial: i/o timeout"
time="2026-09-05T15:26:08+02:00" level=warning msg="Request Failed" error="Post \"http://k8s-ragplatf-ciliumga-56da93c17a-2adc9d09e1c34b13.elb.eu-central-1.amazonaws.com/api/v1/query\": dial: i/o timeout"

running (04m09.9s), 0705/0877 VUs, 48907 complete and 0 interrupted iterations
constant_load   [  42% ] 0705/0877 VUs  04m09.9s/10m0s  200.00 iters/s
time="2026-09-05T15:26:08+02:00" level=warning msg="Request Failed" error="Post \"http://k8s-ragplatf-ciliumga-56da93c17a-2adc9d09e1c34b13.elb.eu-central-1.amazonaws.com/api/v1/query\": dial: i/o timeout"
time="2026-09-05T15:26:08+02:00" level=warning msg="Request Failed" error="Post \"http://k8s-ragplatf-ciliumga-56da93c17a-2adc9d09e1c34b13.elb.eu-central-1.amazonaws.com/api/v1/query\": dial: i/o timeout"
time="2026-09-05T15:26:08+02:00" level=warning msg="Request Failed" error="Post \"http://k8s-ragplatf-ciliumga-56da93c17a-2adc9d09e1c34b13.elb.eu-central-1.amazonaws.com/api/v1/query\": dial: i/o timeout"
time="2026-09-05T15:26:08+02:00" level=warning msg="Request Failed" error="Post \"http://k8s-ragplatf-ciliumga-56da93c17a-2adc9d09e1c34b13.elb.eu-central-1.amazonaws.com/api/v1/query\": dial: i/o timeout"
time="2026-09-05T15:26:08+02:00" level=warning msg="Request Failed" error="Post \"http://k8s-ragplatf-ciliumga-56da93c17a-2adc9d09e1c34b13.elb.eu-central-1.amazonaws.com/api/v1/query\": dial: i/o timeout"
time="2026-09-05T15:26:08+02:00" level=warning msg="Request Failed" error="Post \"http://k8s-ragplatf-ciliumga-56da93c17a-2adc9d09e1c34b13.elb.eu-central-1.amazonaws.com/api/v1/query\": dial: i/o timeout"
time="2026-09-05T15:26:08+02:00" level=warning msg="Request Failed" error="Post \"http://k8s-ragplatf-ciliumga-56da93c17a-2adc9d09e1c34b13.elb.eu-central-1.amazonaws.com/api/v1/query\": dial: i/o timeout"
time="2026-09-05T15:26:08+02:00" level=warning msg="Request Failed" error="Post \"http://k8s-ragplatf-ciliumga-56da93c17a-2adc9d09e1c34b13.elb.eu-central-1.amazonaws.com/api/v1/query\": dial: i/o timeout"
time="2026-09-05T15:26:08+02:00" level=warning msg="Request Failed" error="Post \"http://k8s-ragplatf-ciliumga-56da93c17a-2adc9d09e1c34b13.elb.eu-central-1.amazonaws.com/api/v1/query\": dial: i/o timeout"
time="2026-09-05T15:26:08+02:00" level=warning msg="Request Failed" error="Post \"http://k8s-ragplatf-ciliumga-56da93c17a-2adc9d09e1c34b13.elb.eu-central-1.amazonaws.com/api/v1/query\": dial: i/o timeout"
time="2026-09-05T15:26:09+02:00" level=warning msg="Request Failed" error="Post \"http://k8s-ragplatf-ciliumga-56da93c17a-2adc9d09e1c34b13.elb.eu-central-1.amazonaws.com/api/v1/query\": dial: i/o timeout"

running (04m10.9s), 0700/0877 VUs, 49112 complete and 0 interrupted iterations
constant_load   [  42% ] 0700/0877 VUs  04m10.9s/10m0s  200.00 iters/s
time="2026-09-05T15:26:09+02:00" level=warning msg="Request Failed" error="Post \"http://k8s-ragplatf-ciliumga-56da93c17a-2adc9d09e1c34b13.elb.eu-central-1.amazonaws.com/api/v1/query\": dial: i/o timeout"
time="2026-09-05T15:26:09+02:00" level=warning msg="Request Failed" error="Post \"http://k8s-ragplatf-ciliumga-56da93c17a-2adc9d09e1c34b13.elb.eu-central-1.amazonaws.com/api/v1/query\": dial: i/o timeout"
time="2026-09-05T15:26:09+02:00" level=warning msg="Request Failed" error="Post \"http://k8s-ragplatf-ciliumga-56da93c17a-2adc9d09e1c34b13.elb.eu-central-1.amazonaws.com/api/v1/query\": dial: i/o timeout"
time="2026-09-05T15:26:09+02:00" level=warning msg="Request Failed" error="Post \"http://k8s-ragplatf-ciliumga-56da93c17a-2adc9d09e1c34b13.elb.eu-central-1.amazonaws.com/api/v1/query\": dial: i/o timeout"
time="2026-09-05T15:26:09+02:00" level=warning msg="Request Failed" error="Post \"http://k8s-ragplatf-ciliumga-56da93c17a-2adc9d09e1c34b13.elb.eu-central-1.amazonaws.com/api/v1/query\": dial: i/o timeout"
time="2026-09-05T15:26:09+02:00" level=warning msg="Request Failed" error="Post \"http://k8s-ragplatf-ciliumga-56da93c17a-2adc9d09e1c34b13.elb.eu-central-1.amazonaws.com/api/v1/query\": dial: i/o timeout"
time="2026-09-05T15:26:09+02:00" level=warning msg="Request Failed" error="Post \"http://k8s-ragplatf-ciliumga-56da93c17a-2adc9d09e1c34b13.elb.eu-central-1.amazonaws.com/api/v1/query\": dial: i/o timeout"
time="2026-09-05T15:26:10+02:00" level=warning msg="Request Failed" error="Post \"http://k8s-ragplatf-ciliumga-56da93c17a-2adc9d09e1c34b13.elb.eu-central-1.amazonaws.com/api/v1/query\": dial: i/o timeout"

running (04m11.9s), 0697/0877 VUs, 49315 complete and 0 interrupted iterations
constant_load   [  42% ] 0697/0877 VUs  04m11.9s/10m0s  200.00 iters/s
time="2026-09-05T15:26:10+02:00" level=warning msg="Request Failed" error="Post \"http://k8s-ragplatf-ciliumga-56da93c17a-2adc9d09e1c34b13.elb.eu-central-1.amazonaws.com/api/v1/query\": dial: i/o timeout"
time="2026-09-05T15:26:10+02:00" level=warning msg="Request Failed" error="Post \"http://k8s-ragplatf-ciliumga-56da93c17a-2adc9d09e1c34b13.elb.eu-central-1.amazonaws.com/api/v1/query\": dial: i/o timeout"
time="2026-09-05T15:26:10+02:00" level=warning msg="Request Failed" error="Post \"http://k8s-ragplatf-ciliumga-56da93c17a-2adc9d09e1c34b13.elb.eu-central-1.amazonaws.com/api/v1/query\": dial: i/o timeout"
time="2026-09-05T15:26:10+02:00" level=warning msg="Request Failed" error="Post \"http://k8s-ragplatf-ciliumga-56da93c17a-2adc9d09e1c34b13.elb.eu-central-1.amazonaws.com/api/v1/query\": dial: i/o timeout"
time="2026-09-05T15:26:10+02:00" level=warning msg="Request Failed" error="Post \"http://k8s-ragplatf-ciliumga-56da93c17a-2adc9d09e1c34b13.elb.eu-central-1.amazonaws.com/api/v1/query\": dial: i/o timeout"
time="2026-09-05T15:26:10+02:00" level=warning msg="Request Failed" error="Post \"http://k8s-ragplatf-ciliumga-56da93c17a-2adc9d09e1c34b13.elb.eu-central-1.amazonaws.com/api/v1/query\": dial: i/o timeout"
time="2026-09-05T15:26:11+02:00" level=warning msg="Request Failed" error="Post \"http://k8s-ragplatf-ciliumga-56da93c17a-2adc9d09e1c34b13.elb.eu-central-1.amazonaws.com/api/v1/query\": dial: i/o timeout"

running (04m12.9s), 0697/0877 VUs, 49515 complete and 0 interrupted iterations
constant_load   [  42% ] 0697/0877 VUs  04m12.9s/10m0s  200.00 iters/s
time="2026-09-05T15:26:11+02:00" level=warning msg="Request Failed" error="Post \"http://k8s-ragplatf-ciliumga-56da93c17a-2adc9d09e1c34b13.elb.eu-central-1.amazonaws.com/api/v1/query\": dial: i/o timeout"
time="2026-09-05T15:26:11+02:00" level=warning msg="Request Failed" error="Post \"http://k8s-ragplatf-ciliumga-56da93c17a-2adc9d09e1c34b13.elb.eu-central-1.amazonaws.com/api/v1/query\": dial: i/o timeout"
time="2026-09-05T15:26:11+02:00" level=warning msg="Request Failed" error="Post \"http://k8s-ragplatf-ciliumga-56da93c17a-2adc9d09e1c34b13.elb.eu-central-1.amazonaws.com/api/v1/query\": dial: i/o timeout"
time="2026-09-05T15:26:12+02:00" level=warning msg="Request Failed" error="Post \"http://k8s-ragplatf-ciliumga-56da93c17a-2adc9d09e1c34b13.elb.eu-central-1.amazonaws.com/api/v1/query\": dial: i/o timeout"
time="2026-09-05T15:26:12+02:00" level=warning msg="Request Failed" error="Post \"http://k8s-ragplatf-ciliumga-56da93c17a-2adc9d09e1c34b13.elb.eu-central-1.amazonaws.com/api/v1/query\": dial: i/o timeout"

running (04m13.9s), 0695/0877 VUs, 49717 complete and 0 interrupted iterations
constant_load   [  42% ] 0695/0877 VUs  04m13.9s/10m0s  200.00 iters/s
time="2026-09-05T15:26:12+02:00" level=warning msg="Request Failed" error="Post \"http://k8s-ragplatf-ciliumga-56da93c17a-2adc9d09e1c34b13.elb.eu-central-1.amazonaws.com/api/v1/query\": dial: i/o timeout"
time="2026-09-05T15:26:12+02:00" level=warning msg="Request Failed" error="Post \"http://k8s-ragplatf-ciliumga-56da93c17a-2adc9d09e1c34b13.elb.eu-central-1.amazonaws.com/api/v1/query\": dial: i/o timeout"
time="2026-09-05T15:26:12+02:00" level=warning msg="Request Failed" error="Post \"http://k8s-ragplatf-ciliumga-56da93c17a-2adc9d09e1c34b13.elb.eu-central-1.amazonaws.com/api/v1/query\": dial: i/o timeout"
time="2026-09-05T15:26:12+02:00" level=warning msg="Request Failed" error="Post \"http://k8s-ragplatf-ciliumga-56da93c17a-2adc9d09e1c34b13.elb.eu-central-1.amazonaws.com/api/v1/query\": dial: i/o timeout"
time="2026-09-05T15:26:12+02:00" level=warning msg="Request Failed" error="Post \"http://k8s-ragplatf-ciliumga-56da93c17a-2adc9d09e1c34b13.elb.eu-central-1.amazonaws.com/api/v1/query\": dial: i/o timeout"
time="2026-09-05T15:26:12+02:00" level=warning msg="Request Failed" error="Post \"http://k8s-ragplatf-ciliumga-56da93c17a-2adc9d09e1c34b13.elb.eu-central-1.amazonaws.com/api/v1/query\": dial: i/o timeout"

running (04m14.9s), 0695/0877 VUs, 49917 complete and 0 interrupted iterations
constant_load   [  42% ] 0695/0877 VUs  04m14.9s/10m0s  200.00 iters/s
time="2026-09-05T15:26:13+02:00" level=warning msg="Request Failed" error="Post \"http://k8s-ragplatf-ciliumga-56da93c17a-2adc9d09e1c34b13.elb.eu-central-1.amazonaws.com/api/v1/query\": dial: i/o timeout"
time="2026-09-05T15:26:13+02:00" level=warning msg="Request Failed" error="Post \"http://k8s-ragplatf-ciliumga-56da93c17a-2adc9d09e1c34b13.elb.eu-central-1.amazonaws.com/api/v1/query\": dial: i/o timeout"
time="2026-09-05T15:26:13+02:00" level=warning msg="Request Failed" error="Post \"http://k8s-ragplatf-ciliumga-56da93c17a-2adc9d09e1c34b13.elb.eu-central-1.amazonaws.com/api/v1/query\": dial: i/o timeout"
time="2026-09-05T15:26:13+02:00" level=warning msg="Request Failed" error="Post \"http://k8s-ragplatf-ciliumga-56da93c17a-2adc9d09e1c34b13.elb.eu-central-1.amazonaws.com/api/v1/query\": dial: i/o timeout"
time="2026-09-05T15:26:13+02:00" level=warning msg="Request Failed" error="Post \"http://k8s-ragplatf-ciliumga-56da93c17a-2adc9d09e1c34b13.elb.eu-central-1.amazonaws.com/api/v1/query\": dial: i/o timeout"
time="2026-09-05T15:26:13+02:00" level=warning msg="Request Failed" error="Post \"http://k8s-ragplatf-ciliumga-56da93c17a-2adc9d09e1c34b13.elb.eu-central-1.amazonaws.com/api/v1/query\": dial: i/o timeout"
time="2026-09-05T15:26:14+02:00" level=warning msg="Request Failed" error="Post \"http://k8s-ragplatf-ciliumga-56da93c17a-2adc9d09e1c34b13.elb.eu-central-1.amazonaws.com/api/v1/query\": dial: i/o timeout"
time="2026-09-05T15:26:14+02:00" level=warning msg="Request Failed" error="Post \"http://k8s-ragplatf-ciliumga-56da93c17a-2adc9d09e1c34b13.elb.eu-central-1.amazonaws.com/api/v1/query\": dial: i/o timeout"

running (04m15.9s), 0687/0877 VUs, 50125 complete and 0 interrupted iterations
constant_load   [  43% ] 0687/0877 VUs  04m15.9s/10m0s  200.00 iters/s

running (04m16.9s), 0691/0877 VUs, 50321 complete and 0 interrupted iterations
constant_load   [  43% ] 0691/0877 VUs  04m16.9s/10m0s  200.00 iters/s
time="2026-09-05T15:26:15+02:00" level=warning msg="Request Failed" error="Post \"http://k8s-ragplatf-ciliumga-56da93c17a-2adc9d09e1c34b13.elb.eu-central-1.amazonaws.com/api/v1/query\": dial: i/o timeout"
time="2026-09-05T15:26:15+02:00" level=warning msg="Request Failed" error="Post \"http://k8s-ragplatf-ciliumga-56da93c17a-2adc9d09e1c34b13.elb.eu-central-1.amazonaws.com/api/v1/query\": dial: i/o timeout"
time="2026-09-05T15:26:15+02:00" level=warning msg="Request Failed" error="Post \"http://k8s-ragplatf-ciliumga-56da93c17a-2adc9d09e1c34b13.elb.eu-central-1.amazonaws.com/api/v1/query\": dial: i/o timeout"
time="2026-09-05T15:26:15+02:00" level=warning msg="Request Failed" error="Post \"http://k8s-ragplatf-ciliumga-56da93c17a-2adc9d09e1c34b13.elb.eu-central-1.amazonaws.com/api/v1/query\": dial: i/o timeout"
time="2026-09-05T15:26:15+02:00" level=warning msg="Request Failed" error="Post \"http://k8s-ragplatf-ciliumga-56da93c17a-2adc9d09e1c34b13.elb.eu-central-1.amazonaws.com/api/v1/query\": dial: i/o timeout"
time="2026-09-05T15:26:15+02:00" level=warning msg="Request Failed" error="Post \"http://k8s-ragplatf-ciliumga-56da93c17a-2adc9d09e1c34b13.elb.eu-central-1.amazonaws.com/api/v1/query\": dial: i/o timeout"

running (04m17.9s), 0687/0877 VUs, 50525 complete and 0 interrupted iterations
constant_load   [  43% ] 0687/0877 VUs  04m17.9s/10m0s  200.00 iters/s
time="2026-09-05T15:26:16+02:00" level=warning msg="Request Failed" error="Post \"http://k8s-ragplatf-ciliumga-56da93c17a-2adc9d09e1c34b13.elb.eu-central-1.amazonaws.com/api/v1/query\": dial: i/o timeout"

running (04m18.9s), 0693/0877 VUs, 50719 complete and 0 interrupted iterations
constant_load   [  43% ] 0693/0877 VUs  04m18.9s/10m0s  200.00 iters/s
time="2026-09-05T15:26:17+02:00" level=warning msg="Request Failed" error="Post \"http://k8s-ragplatf-ciliumga-56da93c17a-2adc9d09e1c34b13.elb.eu-central-1.amazonaws.com/api/v1/query\": dial: i/o timeout"
time="2026-09-05T15:26:17+02:00" level=warning msg="Request Failed" error="Post \"http://k8s-ragplatf-ciliumga-56da93c17a-2adc9d09e1c34b13.elb.eu-central-1.amazonaws.com/api/v1/query\": dial: i/o timeout"
time="2026-09-05T15:26:17+02:00" level=warning msg="Request Failed" error="Post \"http://k8s-ragplatf-ciliumga-56da93c17a-2adc9d09e1c34b13.elb.eu-central-1.amazonaws.com/api/v1/query\": dial: i/o timeout"
time="2026-09-05T15:26:17+02:00" level=warning msg="Request Failed" error="Post \"http://k8s-ragplatf-ciliumga-56da93c17a-2adc9d09e1c34b13.elb.eu-central-1.amazonaws.com/api/v1/query\": dial: i/o timeout"
time="2026-09-05T15:26:17+02:00" level=warning msg="Request Failed" error="Post \"http://k8s-ragplatf-ciliumga-56da93c17a-2adc9d09e1c34b13.elb.eu-central-1.amazonaws.com/api/v1/query\": dial: i/o timeout"
time="2026-09-05T15:26:17+02:00" level=warning msg="Request Failed" error="Post \"http://k8s-ragplatf-ciliumga-56da93c17a-2adc9d09e1c34b13.elb.eu-central-1.amazonaws.com/api/v1/query\": dial: i/o timeout"
time="2026-09-05T15:26:17+02:00" level=warning msg="Request Failed" error="Post \"http://k8s-ragplatf-ciliumga-56da93c17a-2adc9d09e1c34b13.elb.eu-central-1.amazonaws.com/api/v1/query\": dial: i/o timeout"
time="2026-09-05T15:26:17+02:00" level=warning msg="Request Failed" error="Post \"http://k8s-ragplatf-ciliumga-56da93c17a-2adc9d09e1c34b13.elb.eu-central-1.amazonaws.com/api/v1/query\": dial: i/o timeout"
time="2026-09-05T15:26:17+02:00" level=warning msg="Request Failed" error="Post \"http://k8s-ragplatf-ciliumga-56da93c17a-2adc9d09e1c34b13.elb.eu-central-1.amazonaws.com/api/v1/query\": dial: i/o timeout"
time="2026-09-05T15:26:17+02:00" level=warning msg="Request Failed" error="Post \"http://k8s-ragplatf-ciliumga-56da93c17a-2adc9d09e1c34b13.elb.eu-central-1.amazonaws.com/api/v1/query\": dial: i/o timeout"
time="2026-09-05T15:26:18+02:00" level=warning msg="Request Failed" error="Post \"http://k8s-ragplatf-ciliumga-56da93c17a-2adc9d09e1c34b13.elb.eu-central-1.amazonaws.com/api/v1/query\": dial: i/o timeout"
time="2026-09-05T15:26:18+02:00" level=warning msg="Request Failed" error="Post \"http://k8s-ragplatf-ciliumga-56da93c17a-2adc9d09e1c34b13.elb.eu-central-1.amazonaws.com/api/v1/query\": dial: i/o timeout"
time="2026-09-05T15:26:18+02:00" level=warning msg="Request Failed" error="Post \"http://k8s-ragplatf-ciliumga-56da93c17a-2adc9d09e1c34b13.elb.eu-central-1.amazonaws.com/api/v1/query\": dial: i/o timeout"
time="2026-09-05T15:26:18+02:00" level=warning msg="Request Failed" error="Post \"http://k8s-ragplatf-ciliumga-56da93c17a-2adc9d09e1c34b13.elb.eu-central-1.amazonaws.com/api/v1/query\": dial: i/o timeout"
time="2026-09-05T15:26:18+02:00" level=warning msg="Request Failed" error="Post \"http://k8s-ragplatf-ciliumga-56da93c17a-2adc9d09e1c34b13.elb.eu-central-1.amazonaws.com/api/v1/query\": dial: i/o timeout"
time="2026-09-05T15:26:18+02:00" level=warning msg="Request Failed" error="Post \"http://k8s-ragplatf-ciliumga-56da93c17a-2adc9d09e1c34b13.elb.eu-central-1.amazonaws.com/api/v1/query\": dial: i/o timeout"
time="2026-09-05T15:26:18+02:00" level=warning msg="Request Failed" error="Post \"http://k8s-ragplatf-ciliumga-56da93c17a-2adc9d09e1c34b13.elb.eu-central-1.amazonaws.com/api/v1/query\": dial: i/o timeout"
time="2026-09-05T15:26:18+02:00" level=warning msg="Request Failed" error="Post \"http://k8s-ragplatf-ciliumga-56da93c17a-2adc9d09e1c34b13.elb.eu-central-1.amazonaws.com/api/v1/query\": dial: i/o timeout"
time="2026-09-05T15:26:18+02:00" level=warning msg="Request Failed" error="Post \"http://k8s-ragplatf-ciliumga-56da93c17a-2adc9d09e1c34b13.elb.eu-central-1.amazonaws.com/api/v1/query\": dial: i/o timeout"

running (04m19.9s), 0676/0877 VUs, 50936 complete and 0 interrupted iterations
constant_load   [  43% ] 0676/0877 VUs  04m19.9s/10m0s  200.00 iters/s
time="2026-09-05T15:26:18+02:00" level=warning msg="Request Failed" error="Post \"http://k8s-ragplatf-ciliumga-56da93c17a-2adc9d09e1c34b13.elb.eu-central-1.amazonaws.com/api/v1/query\": dial: i/o timeout"
time="2026-09-05T15:26:18+02:00" level=warning msg="Request Failed" error="Post \"http://k8s-ragplatf-ciliumga-56da93c17a-2adc9d09e1c34b13.elb.eu-central-1.amazonaws.com/api/v1/query\": dial: i/o timeout"
time="2026-09-05T15:26:18+02:00" level=warning msg="Request Failed" error="Post \"http://k8s-ragplatf-ciliumga-56da93c17a-2adc9d09e1c34b13.elb.eu-central-1.amazonaws.com/api/v1/query\": dial: i/o timeout"
time="2026-09-05T15:26:18+02:00" level=warning msg="Request Failed" error="Post \"http://k8s-ragplatf-ciliumga-56da93c17a-2adc9d09e1c34b13.elb.eu-central-1.amazonaws.com/api/v1/query\": dial: i/o timeout"
time="2026-09-05T15:26:18+02:00" level=warning msg="Request Failed" error="Post \"http://k8s-ragplatf-ciliumga-56da93c17a-2adc9d09e1c34b13.elb.eu-central-1.amazonaws.com/api/v1/query\": dial: i/o timeout"
time="2026-09-05T15:26:18+02:00" level=warning msg="Request Failed" error="Post \"http://k8s-ragplatf-ciliumga-56da93c17a-2adc9d09e1c34b13.elb.eu-central-1.amazonaws.com/api/v1/query\": dial: i/o timeout"
time="2026-09-05T15:26:18+02:00" level=warning msg="Request Failed" error="Post \"http://k8s-ragplatf-ciliumga-56da93c17a-2adc9d09e1c34b13.elb.eu-central-1.amazonaws.com/api/v1/query\": dial: i/o timeout"
time="2026-09-05T15:26:18+02:00" level=warning msg="Request Failed" error="Post \"http://k8s-ragplatf-ciliumga-56da93c17a-2adc9d09e1c34b13.elb.eu-central-1.amazonaws.com/api/v1/query\": dial: i/o timeout"
time="2026-09-05T15:26:18+02:00" level=warning msg="Request Failed" error="Post \"http://k8s-ragplatf-ciliumga-56da93c17a-2adc9d09e1c34b13.elb.eu-central-1.amazonaws.com/api/v1/query\": dial: i/o timeout"
time="2026-09-05T15:26:18+02:00" level=warning msg="Request Failed" error="Post \"http://k8s-ragplatf-ciliumga-56da93c17a-2adc9d09e1c34b13.elb.eu-central-1.amazonaws.com/api/v1/query\": dial: i/o timeout"
time="2026-09-05T15:26:18+02:00" level=warning msg="Request Failed" error="Post \"http://k8s-ragplatf-ciliumga-56da93c17a-2adc9d09e1c34b13.elb.eu-central-1.amazonaws.com/api/v1/query\": dial: i/o timeout"
time="2026-09-05T15:26:18+02:00" level=warning msg="Request Failed" error="Post \"http://k8s-ragplatf-ciliumga-56da93c17a-2adc9d09e1c34b13.elb.eu-central-1.amazonaws.com/api/v1/query\": dial: i/o timeout"
time="2026-09-05T15:26:18+02:00" level=warning msg="Request Failed" error="Post \"http://k8s-ragplatf-ciliumga-56da93c17a-2adc9d09e1c34b13.elb.eu-central-1.amazonaws.com/api/v1/query\": dial: i/o timeout"
time="2026-09-05T15:26:18+02:00" level=warning msg="Request Failed" error="Post \"http://k8s-ragplatf-ciliumga-56da93c17a-2adc9d09e1c34b13.elb.eu-central-1.amazonaws.com/api/v1/query\": dial: i/o timeout"
time="2026-09-05T15:26:18+02:00" level=warning msg="Request Failed" error="Post \"http://k8s-ragplatf-ciliumga-56da93c17a-2adc9d09e1c34b13.elb.eu-central-1.amazonaws.com/api/v1/query\": dial: i/o timeout"
time="2026-09-05T15:26:18+02:00" level=warning msg="Request Failed" error="Post \"http://k8s-ragplatf-ciliumga-56da93c17a-2adc9d09e1c34b13.elb.eu-central-1.amazonaws.com/api/v1/query\": dial: i/o timeout"
time="2026-09-05T15:26:18+02:00" level=warning msg="Request Failed" error="Post \"http://k8s-ragplatf-ciliumga-56da93c17a-2adc9d09e1c34b13.elb.eu-central-1.amazonaws.com/api/v1/query\": dial: i/o timeout"
time="2026-09-05T15:26:18+02:00" level=warning msg="Request Failed" error="Post \"http://k8s-ragplatf-ciliumga-56da93c17a-2adc9d09e1c34b13.elb.eu-central-1.amazonaws.com/api/v1/query\": dial: i/o timeout"
time="2026-09-05T15:26:18+02:00" level=warning msg="Request Failed" error="Post \"http://k8s-ragplatf-ciliumga-56da93c17a-2adc9d09e1c34b13.elb.eu-central-1.amazonaws.com/api/v1/query\": dial: i/o timeout"
time="2026-09-05T15:26:18+02:00" level=warning msg="Request Failed" error="Post \"http://k8s-ragplatf-ciliumga-56da93c17a-2adc9d09e1c34b13.elb.eu-central-1.amazonaws.com/api/v1/query\": dial: i/o timeout"
time="2026-09-05T15:26:18+02:00" level=warning msg="Request Failed" error="Post \"http://k8s-ragplatf-ciliumga-56da93c17a-2adc9d09e1c34b13.elb.eu-central-1.amazonaws.com/api/v1/query\": dial: i/o timeout"
time="2026-09-05T15:26:18+02:00" level=warning msg="Request Failed" error="Post \"http://k8s-ragplatf-ciliumga-56da93c17a-2adc9d09e1c34b13.elb.eu-central-1.amazonaws.com/api/v1/query\": dial: i/o timeout"
time="2026-09-05T15:26:18+02:00" level=warning msg="Request Failed" error="Post \"http://k8s-ragplatf-ciliumga-56da93c17a-2adc9d09e1c34b13.elb.eu-central-1.amazonaws.com/api/v1/query\": dial: i/o timeout"
time="2026-09-05T15:26:18+02:00" level=warning msg="Request Failed" error="Post \"http://k8s-ragplatf-ciliumga-56da93c17a-2adc9d09e1c34b13.elb.eu-central-1.amazonaws.com/api/v1/query\": dial: i/o timeout"
time="2026-09-05T15:26:18+02:00" level=warning msg="Request Failed" error="Post \"http://k8s-ragplatf-ciliumga-56da93c17a-2adc9d09e1c34b13.elb.eu-central-1.amazonaws.com/api/v1/query\": dial: i/o timeout"
time="2026-09-05T15:26:18+02:00" level=warning msg="Request Failed" error="Post \"http://k8s-ragplatf-ciliumga-56da93c17a-2adc9d09e1c34b13.elb.eu-central-1.amazonaws.com/api/v1/query\": dial: i/o timeout"
time="2026-09-05T15:26:18+02:00" level=warning msg="Request Failed" error="Post \"http://k8s-ragplatf-ciliumga-56da93c17a-2adc9d09e1c34b13.elb.eu-central-1.amazonaws.com/api/v1/query\": dial: i/o timeout"
time="2026-09-05T15:26:18+02:00" level=warning msg="Request Failed" error="Post \"http://k8s-ragplatf-ciliumga-56da93c17a-2adc9d09e1c34b13.elb.eu-central-1.amazonaws.com/api/v1/query\": dial: i/o timeout"
time="2026-09-05T15:26:18+02:00" level=warning msg="Request Failed" error="Post \"http://k8s-ragplatf-ciliumga-56da93c17a-2adc9d09e1c34b13.elb.eu-central-1.amazonaws.com/api/v1/query\": dial: i/o timeout"
time="2026-09-05T15:26:18+02:00" level=warning msg="Request Failed" error="Post \"http://k8s-ragplatf-ciliumga-56da93c17a-2adc9d09e1c34b13.elb.eu-central-1.amazonaws.com/api/v1/query\": dial: i/o timeout"
time="2026-09-05T15:26:18+02:00" level=warning msg="Request Failed" error="Post \"http://k8s-ragplatf-ciliumga-56da93c17a-2adc9d09e1c34b13.elb.eu-central-1.amazonaws.com/api/v1/query\": dial: i/o timeout"
time="2026-09-05T15:26:19+02:00" level=warning msg="Request Failed" error="Post \"http://k8s-ragplatf-ciliumga-56da93c17a-2adc9d09e1c34b13.elb.eu-central-1.amazonaws.com/api/v1/query\": dial: i/o timeout"
time="2026-09-05T15:26:19+02:00" level=warning msg="Request Failed" error="Post \"http://k8s-ragplatf-ciliumga-56da93c17a-2adc9d09e1c34b13.elb.eu-central-1.amazonaws.com/api/v1/query\": dial: i/o timeout"
time="2026-09-05T15:26:19+02:00" level=warning msg="Request Failed" error="Post \"http://k8s-ragplatf-ciliumga-56da93c17a-2adc9d09e1c34b13.elb.eu-central-1.amazonaws.com/api/v1/query\": dial: i/o timeout"
time="2026-09-05T15:26:19+02:00" level=warning msg="Request Failed" error="Post \"http://k8s-ragplatf-ciliumga-56da93c17a-2adc9d09e1c34b13.elb.eu-central-1.amazonaws.com/api/v1/query\": dial: i/o timeout"
time="2026-09-05T15:26:19+02:00" level=warning msg="Request Failed" error="Post \"http://k8s-ragplatf-ciliumga-56da93c17a-2adc9d09e1c34b13.elb.eu-central-1.amazonaws.com/api/v1/query\": dial: i/o timeout"
time="2026-09-05T15:26:19+02:00" level=warning msg="Request Failed" error="Post \"http://k8s-ragplatf-ciliumga-56da93c17a-2adc9d09e1c34b13.elb.eu-central-1.amazonaws.com/api/v1/query\": dial: i/o timeout"
time="2026-09-05T15:26:19+02:00" level=warning msg="Request Failed" error="Post \"http://k8s-ragplatf-ciliumga-56da93c17a-2adc9d09e1c34b13.elb.eu-central-1.amazonaws.com/api/v1/query\": dial: i/o timeout"
time="2026-09-05T15:26:19+02:00" level=warning msg="Request Failed" error="Post \"http://k8s-ragplatf-ciliumga-56da93c17a-2adc9d09e1c34b13.elb.eu-central-1.amazonaws.com/api/v1/query\": dial: i/o timeout"
time="2026-09-05T15:26:19+02:00" level=warning msg="Request Failed" error="Post \"http://k8s-ragplatf-ciliumga-56da93c17a-2adc9d09e1c34b13.elb.eu-central-1.amazonaws.com/api/v1/query\": dial: i/o timeout"
time="2026-09-05T15:26:19+02:00" level=warning msg="Request Failed" error="Post \"http://k8s-ragplatf-ciliumga-56da93c17a-2adc9d09e1c34b13.elb.eu-central-1.amazonaws.com/api/v1/query\": dial: i/o timeout"
time="2026-09-05T15:26:19+02:00" level=warning msg="Request Failed" error="Post \"http://k8s-ragplatf-ciliumga-56da93c17a-2adc9d09e1c34b13.elb.eu-central-1.amazonaws.com/api/v1/query\": dial: i/o timeout"
time="2026-09-05T15:26:19+02:00" level=warning msg="Request Failed" error="Post \"http://k8s-ragplatf-ciliumga-56da93c17a-2adc9d09e1c34b13.elb.eu-central-1.amazonaws.com/api/v1/query\": dial: i/o timeout"
time="2026-09-05T15:26:19+02:00" level=warning msg="Request Failed" error="Post \"http://k8s-ragplatf-ciliumga-56da93c17a-2adc9d09e1c34b13.elb.eu-central-1.amazonaws.com/api/v1/query\": dial: i/o timeout"
time="2026-09-05T15:26:19+02:00" level=warning msg="Request Failed" error="Post \"http://k8s-ragplatf-ciliumga-56da93c17a-2adc9d09e1c34b13.elb.eu-central-1.amazonaws.com/api/v1/query\": dial: i/o timeout"

running (04m20.9s), 0632/0877 VUs, 51180 complete and 0 interrupted iterations
constant_load   [  43% ] 0632/0877 VUs  04m20.9s/10m0s  200.00 iters/s
time="2026-09-05T15:26:19+02:00" level=warning msg="Request Failed" error="Post \"http://k8s-ragplatf-ciliumga-56da93c17a-2adc9d09e1c34b13.elb.eu-central-1.amazonaws.com/api/v1/query\": dial: i/o timeout"
time="2026-09-05T15:26:19+02:00" level=warning msg="Request Failed" error="Post \"http://k8s-ragplatf-ciliumga-56da93c17a-2adc9d09e1c34b13.elb.eu-central-1.amazonaws.com/api/v1/query\": dial: i/o timeout"
time="2026-09-05T15:26:19+02:00" level=warning msg="Request Failed" error="Post \"http://k8s-ragplatf-ciliumga-56da93c17a-2adc9d09e1c34b13.elb.eu-central-1.amazonaws.com/api/v1/query\": dial: i/o timeout"
time="2026-09-05T15:26:19+02:00" level=warning msg="Request Failed" error="Post \"http://k8s-ragplatf-ciliumga-56da93c17a-2adc9d09e1c34b13.elb.eu-central-1.amazonaws.com/api/v1/query\": dial: i/o timeout"
time="2026-09-05T15:26:19+02:00" level=warning msg="Request Failed" error="Post \"http://k8s-ragplatf-ciliumga-56da93c17a-2adc9d09e1c34b13.elb.eu-central-1.amazonaws.com/api/v1/query\": dial: i/o timeout"
time="2026-09-05T15:26:19+02:00" level=warning msg="Request Failed" error="Post \"http://k8s-ragplatf-ciliumga-56da93c17a-2adc9d09e1c34b13.elb.eu-central-1.amazonaws.com/api/v1/query\": dial: i/o timeout"
time="2026-09-05T15:26:19+02:00" level=warning msg="Request Failed" error="Post \"http://k8s-ragplatf-ciliumga-56da93c17a-2adc9d09e1c34b13.elb.eu-central-1.amazonaws.com/api/v1/query\": dial: i/o timeout"
time="2026-09-05T15:26:19+02:00" level=warning msg="Request Failed" error="Post \"http://k8s-ragplatf-ciliumga-56da93c17a-2adc9d09e1c34b13.elb.eu-central-1.amazonaws.com/api/v1/query\": dial: i/o timeout"
time="2026-09-05T15:26:19+02:00" level=warning msg="Request Failed" error="Post \"http://k8s-ragplatf-ciliumga-56da93c17a-2adc9d09e1c34b13.elb.eu-central-1.amazonaws.com/api/v1/query\": dial: i/o timeout"
time="2026-09-05T15:26:19+02:00" level=warning msg="Request Failed" error="Post \"http://k8s-ragplatf-ciliumga-56da93c17a-2adc9d09e1c34b13.elb.eu-central-1.amazonaws.com/api/v1/query\": dial: i/o timeout"
time="2026-09-05T15:26:19+02:00" level=warning msg="Request Failed" error="Post \"http://k8s-ragplatf-ciliumga-56da93c17a-2adc9d09e1c34b13.elb.eu-central-1.amazonaws.com/api/v1/query\": dial: i/o timeout"
time="2026-09-05T15:26:19+02:00" level=warning msg="Request Failed" error="Post \"http://k8s-ragplatf-ciliumga-56da93c17a-2adc9d09e1c34b13.elb.eu-central-1.amazonaws.com/api/v1/query\": dial: i/o timeout"
time="2026-09-05T15:26:19+02:00" level=warning msg="Request Failed" error="Post \"http://k8s-ragplatf-ciliumga-56da93c17a-2adc9d09e1c34b13.elb.eu-central-1.amazonaws.com/api/v1/query\": dial: i/o timeout"
time="2026-09-05T15:26:19+02:00" level=warning msg="Request Failed" error="Post \"http://k8s-ragplatf-ciliumga-56da93c17a-2adc9d09e1c34b13.elb.eu-central-1.amazonaws.com/api/v1/query\": dial: i/o timeout"
time="2026-09-05T15:26:19+02:00" level=warning msg="Request Failed" error="Post \"http://k8s-ragplatf-ciliumga-56da93c17a-2adc9d09e1c34b13.elb.eu-central-1.amazonaws.com/api/v1/query\": dial: i/o timeout"
time="2026-09-05T15:26:19+02:00" level=warning msg="Request Failed" error="Post \"http://k8s-ragplatf-ciliumga-56da93c17a-2adc9d09e1c34b13.elb.eu-central-1.amazonaws.com/api/v1/query\": dial: i/o timeout"
time="2026-09-05T15:26:19+02:00" level=warning msg="Request Failed" error="Post \"http://k8s-ragplatf-ciliumga-56da93c17a-2adc9d09e1c34b13.elb.eu-central-1.amazonaws.com/api/v1/query\": dial: i/o timeout"
time="2026-09-05T15:26:19+02:00" level=warning msg="Request Failed" error="Post \"http://k8s-ragplatf-ciliumga-56da93c17a-2adc9d09e1c34b13.elb.eu-central-1.amazonaws.com/api/v1/query\": dial: i/o timeout"
time="2026-09-05T15:26:19+02:00" level=warning msg="Request Failed" error="Post \"http://k8s-ragplatf-ciliumga-56da93c17a-2adc9d09e1c34b13.elb.eu-central-1.amazonaws.com/api/v1/query\": dial: i/o timeout"
time="2026-09-05T15:26:19+02:00" level=warning msg="Request Failed" error="Post \"http://k8s-ragplatf-ciliumga-56da93c17a-2adc9d09e1c34b13.elb.eu-central-1.amazonaws.com/api/v1/query\": dial: i/o timeout"
time="2026-09-05T15:26:19+02:00" level=warning msg="Request Failed" error="Post \"http://k8s-ragplatf-ciliumga-56da93c17a-2adc9d09e1c34b13.elb.eu-central-1.amazonaws.com/api/v1/query\": dial: i/o timeout"
time="2026-09-05T15:26:19+02:00" level=warning msg="Request Failed" error="Post \"http://k8s-ragplatf-ciliumga-56da93c17a-2adc9d09e1c34b13.elb.eu-central-1.amazonaws.com/api/v1/query\": dial: i/o timeout"
time="2026-09-05T15:26:19+02:00" level=warning msg="Request Failed" error="Post \"http://k8s-ragplatf-ciliumga-56da93c17a-2adc9d09e1c34b13.elb.eu-central-1.amazonaws.com/api/v1/query\": dial: i/o timeout"
time="2026-09-05T15:26:20+02:00" level=warning msg="Request Failed" error="Post \"http://k8s-ragplatf-ciliumga-56da93c17a-2adc9d09e1c34b13.elb.eu-central-1.amazonaws.com/api/v1/query\": dial: i/o timeout"
time="2026-09-05T15:26:20+02:00" level=warning msg="Request Failed" error="Post \"http://k8s-ragplatf-ciliumga-56da93c17a-2adc9d09e1c34b13.elb.eu-central-1.amazonaws.com/api/v1/query\": dial: i/o timeout"
time="2026-09-05T15:26:20+02:00" level=warning msg="Request Failed" error="Post \"http://k8s-ragplatf-ciliumga-56da93c17a-2adc9d09e1c34b13.elb.eu-central-1.amazonaws.com/api/v1/query\": dial: i/o timeout"
time="2026-09-05T15:26:20+02:00" level=warning msg="Request Failed" error="Post \"http://k8s-ragplatf-ciliumga-56da93c17a-2adc9d09e1c34b13.elb.eu-central-1.amazonaws.com/api/v1/query\": dial: i/o timeout"
time="2026-09-05T15:26:20+02:00" level=warning msg="Request Failed" error="Post \"http://k8s-ragplatf-ciliumga-56da93c17a-2adc9d09e1c34b13.elb.eu-central-1.amazonaws.com/api/v1/query\": dial: i/o timeout"
time="2026-09-05T15:26:20+02:00" level=warning msg="Request Failed" error="Post \"http://k8s-ragplatf-ciliumga-56da93c17a-2adc9d09e1c34b13.elb.eu-central-1.amazonaws.com/api/v1/query\": dial: i/o timeout"
time="2026-09-05T15:26:20+02:00" level=warning msg="Request Failed" error="Post \"http://k8s-ragplatf-ciliumga-56da93c17a-2adc9d09e1c34b13.elb.eu-central-1.amazonaws.com/api/v1/query\": dial: i/o timeout"
time="2026-09-05T15:26:20+02:00" level=warning msg="Request Failed" error="Post \"http://k8s-ragplatf-ciliumga-56da93c17a-2adc9d09e1c34b13.elb.eu-central-1.amazonaws.com/api/v1/query\": dial: i/o timeout"
time="2026-09-05T15:26:20+02:00" level=warning msg="Request Failed" error="Post \"http://k8s-ragplatf-ciliumga-56da93c17a-2adc9d09e1c34b13.elb.eu-central-1.amazonaws.com/api/v1/query\": dial: i/o timeout"
time="2026-09-05T15:26:20+02:00" level=warning msg="Request Failed" error="Post \"http://k8s-ragplatf-ciliumga-56da93c17a-2adc9d09e1c34b13.elb.eu-central-1.amazonaws.com/api/v1/query\": dial: i/o timeout"
time="2026-09-05T15:26:20+02:00" level=warning msg="Request Failed" error="Post \"http://k8s-ragplatf-ciliumga-56da93c17a-2adc9d09e1c34b13.elb.eu-central-1.amazonaws.com/api/v1/query\": dial: i/o timeout"
time="2026-09-05T15:26:20+02:00" level=warning msg="Request Failed" error="Post \"http://k8s-ragplatf-ciliumga-56da93c17a-2adc9d09e1c34b13.elb.eu-central-1.amazonaws.com/api/v1/query\": dial: i/o timeout"
time="2026-09-05T15:26:20+02:00" level=warning msg="Request Failed" error="Post \"http://k8s-ragplatf-ciliumga-56da93c17a-2adc9d09e1c34b13.elb.eu-central-1.amazonaws.com/api/v1/query\": dial: i/o timeout"
time="2026-09-05T15:26:20+02:00" level=warning msg="Request Failed" error="Post \"http://k8s-ragplatf-ciliumga-56da93c17a-2adc9d09e1c34b13.elb.eu-central-1.amazonaws.com/api/v1/query\": dial: i/o timeout"

running (04m21.9s), 0596/0877 VUs, 51416 complete and 0 interrupted iterations
constant_load   [  44% ] 0596/0877 VUs  04m21.9s/10m0s  200.00 iters/s
time="2026-09-05T15:26:20+02:00" level=warning msg="Request Failed" error="Post \"http://k8s-ragplatf-ciliumga-56da93c17a-2adc9d09e1c34b13.elb.eu-central-1.amazonaws.com/api/v1/query\": dial: i/o timeout"
time="2026-09-05T15:26:20+02:00" level=warning msg="Request Failed" error="Post \"http://k8s-ragplatf-ciliumga-56da93c17a-2adc9d09e1c34b13.elb.eu-central-1.amazonaws.com/api/v1/query\": dial: i/o timeout"
time="2026-09-05T15:26:20+02:00" level=warning msg="Request Failed" error="Post \"http://k8s-ragplatf-ciliumga-56da93c17a-2adc9d09e1c34b13.elb.eu-central-1.amazonaws.com/api/v1/query\": dial: i/o timeout"
time="2026-09-05T15:26:20+02:00" level=warning msg="Request Failed" error="Post \"http://k8s-ragplatf-ciliumga-56da93c17a-2adc9d09e1c34b13.elb.eu-central-1.amazonaws.com/api/v1/query\": dial: i/o timeout"
time="2026-09-05T15:26:20+02:00" level=warning msg="Request Failed" error="Post \"http://k8s-ragplatf-ciliumga-56da93c17a-2adc9d09e1c34b13.elb.eu-central-1.amazonaws.com/api/v1/query\": dial: i/o timeout"
time="2026-09-05T15:26:20+02:00" level=warning msg="Request Failed" error="Post \"http://k8s-ragplatf-ciliumga-56da93c17a-2adc9d09e1c34b13.elb.eu-central-1.amazonaws.com/api/v1/query\": dial: i/o timeout"
time="2026-09-05T15:26:20+02:00" level=warning msg="Request Failed" error="Post \"http://k8s-ragplatf-ciliumga-56da93c17a-2adc9d09e1c34b13.elb.eu-central-1.amazonaws.com/api/v1/query\": dial: i/o timeout"
time="2026-09-05T15:26:20+02:00" level=warning msg="Request Failed" error="Post \"http://k8s-ragplatf-ciliumga-56da93c17a-2adc9d09e1c34b13.elb.eu-central-1.amazonaws.com/api/v1/query\": dial: i/o timeout"
time="2026-09-05T15:26:20+02:00" level=warning msg="Request Failed" error="Post \"http://k8s-ragplatf-ciliumga-56da93c17a-2adc9d09e1c34b13.elb.eu-central-1.amazonaws.com/api/v1/query\": dial: i/o timeout"
time="2026-09-05T15:26:20+02:00" level=warning msg="Request Failed" error="Post \"http://k8s-ragplatf-ciliumga-56da93c17a-2adc9d09e1c34b13.elb.eu-central-1.amazonaws.com/api/v1/query\": dial: i/o timeout"
time="2026-09-05T15:26:20+02:00" level=warning msg="Request Failed" error="Post \"http://k8s-ragplatf-ciliumga-56da93c17a-2adc9d09e1c34b13.elb.eu-central-1.amazonaws.com/api/v1/query\": dial: i/o timeout"
time="2026-09-05T15:26:20+02:00" level=warning msg="Request Failed" error="Post \"http://k8s-ragplatf-ciliumga-56da93c17a-2adc9d09e1c34b13.elb.eu-central-1.amazonaws.com/api/v1/query\": dial: i/o timeout"
time="2026-09-05T15:26:20+02:00" level=warning msg="Request Failed" error="Post \"http://k8s-ragplatf-ciliumga-56da93c17a-2adc9d09e1c34b13.elb.eu-central-1.amazonaws.com/api/v1/query\": dial: i/o timeout"
time="2026-09-05T15:26:20+02:00" level=warning msg="Request Failed" error="Post \"http://k8s-ragplatf-ciliumga-56da93c17a-2adc9d09e1c34b13.elb.eu-central-1.amazonaws.com/api/v1/query\": dial: i/o timeout"
time="2026-09-05T15:26:20+02:00" level=warning msg="Request Failed" error="Post \"http://k8s-ragplatf-ciliumga-56da93c17a-2adc9d09e1c34b13.elb.eu-central-1.amazonaws.com/api/v1/query\": dial: i/o timeout"
time="2026-09-05T15:26:20+02:00" level=warning msg="Request Failed" error="Post \"http://k8s-ragplatf-ciliumga-56da93c17a-2adc9d09e1c34b13.elb.eu-central-1.amazonaws.com/api/v1/query\": dial: i/o timeout"
time="2026-09-05T15:26:20+02:00" level=warning msg="Request Failed" error="Post \"http://k8s-ragplatf-ciliumga-56da93c17a-2adc9d09e1c34b13.elb.eu-central-1.amazonaws.com/api/v1/query\": dial: i/o timeout"
time="2026-09-05T15:26:20+02:00" level=warning msg="Request Failed" error="Post \"http://k8s-ragplatf-ciliumga-56da93c17a-2adc9d09e1c34b13.elb.eu-central-1.amazonaws.com/api/v1/query\": dial: i/o timeout"
time="2026-09-05T15:26:20+02:00" level=warning msg="Request Failed" error="Post \"http://k8s-ragplatf-ciliumga-56da93c17a-2adc9d09e1c34b13.elb.eu-central-1.amazonaws.com/api/v1/query\": dial: i/o timeout"
time="2026-09-05T15:26:20+02:00" level=warning msg="Request Failed" error="Post \"http://k8s-ragplatf-ciliumga-56da93c17a-2adc9d09e1c34b13.elb.eu-central-1.amazonaws.com/api/v1/query\": dial: i/o timeout"
time="2026-09-05T15:26:20+02:00" level=warning msg="Request Failed" error="Post \"http://k8s-ragplatf-ciliumga-56da93c17a-2adc9d09e1c34b13.elb.eu-central-1.amazonaws.com/api/v1/query\": dial: i/o timeout"
time="2026-09-05T15:26:20+02:00" level=warning msg="Request Failed" error="Post \"http://k8s-ragplatf-ciliumga-56da93c17a-2adc9d09e1c34b13.elb.eu-central-1.amazonaws.com/api/v1/query\": dial: i/o timeout"

running (04m22.9s), 0584/0877 VUs, 51628 complete and 0 interrupted iterations
constant_load   [  44% ] 0584/0877 VUs  04m22.9s/10m0s  200.00 iters/s
time="2026-09-05T15:26:21+02:00" level=warning msg="Request Failed" error="Post \"http://k8s-ragplatf-ciliumga-56da93c17a-2adc9d09e1c34b13.elb.eu-central-1.amazonaws.com/api/v1/query\": dial: i/o timeout"
time="2026-09-05T15:26:21+02:00" level=warning msg="Request Failed" error="Post \"http://k8s-ragplatf-ciliumga-56da93c17a-2adc9d09e1c34b13.elb.eu-central-1.amazonaws.com/api/v1/query\": dial: i/o timeout"
time="2026-09-05T15:26:21+02:00" level=warning msg="Request Failed" error="Post \"http://k8s-ragplatf-ciliumga-56da93c17a-2adc9d09e1c34b13.elb.eu-central-1.amazonaws.com/api/v1/query\": dial: i/o timeout"
time="2026-09-05T15:26:21+02:00" level=warning msg="Request Failed" error="Post \"http://k8s-ragplatf-ciliumga-56da93c17a-2adc9d09e1c34b13.elb.eu-central-1.amazonaws.com/api/v1/query\": dial: i/o timeout"
time="2026-09-05T15:26:21+02:00" level=warning msg="Request Failed" error="Post \"http://k8s-ragplatf-ciliumga-56da93c17a-2adc9d09e1c34b13.elb.eu-central-1.amazonaws.com/api/v1/query\": dial: i/o timeout"
time="2026-09-05T15:26:21+02:00" level=warning msg="Request Failed" error="Post \"http://k8s-ragplatf-ciliumga-56da93c17a-2adc9d09e1c34b13.elb.eu-central-1.amazonaws.com/api/v1/query\": dial: i/o timeout"
time="2026-09-05T15:26:22+02:00" level=warning msg="Request Failed" error="Post \"http://k8s-ragplatf-ciliumga-56da93c17a-2adc9d09e1c34b13.elb.eu-central-1.amazonaws.com/api/v1/query\": dial: i/o timeout"
time="2026-09-05T15:26:22+02:00" level=warning msg="Request Failed" error="Post \"http://k8s-ragplatf-ciliumga-56da93c17a-2adc9d09e1c34b13.elb.eu-central-1.amazonaws.com/api/v1/query\": dial: i/o timeout"
time="2026-09-05T15:26:22+02:00" level=warning msg="Request Failed" error="Post \"http://k8s-ragplatf-ciliumga-56da93c17a-2adc9d09e1c34b13.elb.eu-central-1.amazonaws.com/api/v1/query\": dial: i/o timeout"
time="2026-09-05T15:26:22+02:00" level=warning msg="Request Failed" error="Post \"http://k8s-ragplatf-ciliumga-56da93c17a-2adc9d09e1c34b13.elb.eu-central-1.amazonaws.com/api/v1/query\": dial: i/o timeout"
time="2026-09-05T15:26:22+02:00" level=warning msg="Request Failed" error="Post \"http://k8s-ragplatf-ciliumga-56da93c17a-2adc9d09e1c34b13.elb.eu-central-1.amazonaws.com/api/v1/query\": dial: i/o timeout"

running (04m23.9s), 0590/0877 VUs, 51822 complete and 0 interrupted iterations
constant_load   [  44% ] 0590/0877 VUs  04m23.9s/10m0s  200.00 iters/s
time="2026-09-05T15:26:22+02:00" level=warning msg="Request Failed" error="Post \"http://k8s-ragplatf-ciliumga-56da93c17a-2adc9d09e1c34b13.elb.eu-central-1.amazonaws.com/api/v1/query\": dial: i/o timeout"
time="2026-09-05T15:26:22+02:00" level=warning msg="Request Failed" error="Post \"http://k8s-ragplatf-ciliumga-56da93c17a-2adc9d09e1c34b13.elb.eu-central-1.amazonaws.com/api/v1/query\": dial: i/o timeout"
time="2026-09-05T15:26:22+02:00" level=warning msg="Request Failed" error="Post \"http://k8s-ragplatf-ciliumga-56da93c17a-2adc9d09e1c34b13.elb.eu-central-1.amazonaws.com/api/v1/query\": dial: i/o timeout"
time="2026-09-05T15:26:22+02:00" level=warning msg="Request Failed" error="Post \"http://k8s-ragplatf-ciliumga-56da93c17a-2adc9d09e1c34b13.elb.eu-central-1.amazonaws.com/api/v1/query\": dial: i/o timeout"
time="2026-09-05T15:26:22+02:00" level=warning msg="Request Failed" error="Post \"http://k8s-ragplatf-ciliumga-56da93c17a-2adc9d09e1c34b13.elb.eu-central-1.amazonaws.com/api/v1/query\": dial: i/o timeout"
time="2026-09-05T15:26:23+02:00" level=warning msg="Request Failed" error="Post \"http://k8s-ragplatf-ciliumga-56da93c17a-2adc9d09e1c34b13.elb.eu-central-1.amazonaws.com/api/v1/query\": dial: i/o timeout"
time="2026-09-05T15:26:23+02:00" level=warning msg="Request Failed" error="Post \"http://k8s-ragplatf-ciliumga-56da93c17a-2adc9d09e1c34b13.elb.eu-central-1.amazonaws.com/api/v1/query\": dial: i/o timeout"
time="2026-09-05T15:26:23+02:00" level=warning msg="Request Failed" error="Post \"http://k8s-ragplatf-ciliumga-56da93c17a-2adc9d09e1c34b13.elb.eu-central-1.amazonaws.com/api/v1/query\": dial: i/o timeout"
time="2026-09-05T15:26:23+02:00" level=warning msg="Request Failed" error="Post \"http://k8s-ragplatf-ciliumga-56da93c17a-2adc9d09e1c34b13.elb.eu-central-1.amazonaws.com/api/v1/query\": dial: i/o timeout"
time="2026-09-05T15:26:23+02:00" level=warning msg="Request Failed" error="Post \"http://k8s-ragplatf-ciliumga-56da93c17a-2adc9d09e1c34b13.elb.eu-central-1.amazonaws.com/api/v1/query\": dial: i/o timeout"

running (04m24.9s), 0597/0877 VUs, 52015 complete and 0 interrupted iterations
constant_load   [  44% ] 0597/0877 VUs  04m24.9s/10m0s  200.00 iters/s
time="2026-09-05T15:26:23+02:00" level=warning msg="Request Failed" error="Post \"http://k8s-ragplatf-ciliumga-56da93c17a-2adc9d09e1c34b13.elb.eu-central-1.amazonaws.com/api/v1/query\": dial: i/o timeout"
time="2026-09-05T15:26:23+02:00" level=warning msg="Request Failed" error="Post \"http://k8s-ragplatf-ciliumga-56da93c17a-2adc9d09e1c34b13.elb.eu-central-1.amazonaws.com/api/v1/query\": dial: i/o timeout"
time="2026-09-05T15:26:23+02:00" level=warning msg="Request Failed" error="Post \"http://k8s-ragplatf-ciliumga-56da93c17a-2adc9d09e1c34b13.elb.eu-central-1.amazonaws.com/api/v1/query\": dial: i/o timeout"
time="2026-09-05T15:26:23+02:00" level=warning msg="Request Failed" error="Post \"http://k8s-ragplatf-ciliumga-56da93c17a-2adc9d09e1c34b13.elb.eu-central-1.amazonaws.com/api/v1/query\": dial: i/o timeout"
time="2026-09-05T15:26:24+02:00" level=warning msg="Request Failed" error="Post \"http://k8s-ragplatf-ciliumga-56da93c17a-2adc9d09e1c34b13.elb.eu-central-1.amazonaws.com/api/v1/query\": dial: i/o timeout"
time="2026-09-05T15:26:24+02:00" level=warning msg="Request Failed" error="Post \"http://k8s-ragplatf-ciliumga-56da93c17a-2adc9d09e1c34b13.elb.eu-central-1.amazonaws.com/api/v1/query\": dial: i/o timeout"
time="2026-09-05T15:26:24+02:00" level=warning msg="Request Failed" error="Post \"http://k8s-ragplatf-ciliumga-56da93c17a-2adc9d09e1c34b13.elb.eu-central-1.amazonaws.com/api/v1/query\": dial: i/o timeout"
time="2026-09-05T15:26:24+02:00" level=warning msg="Request Failed" error="Post \"http://k8s-ragplatf-ciliumga-56da93c17a-2adc9d09e1c34b13.elb.eu-central-1.amazonaws.com/api/v1/query\": dial: i/o timeout"

running (04m25.9s), 0609/0877 VUs, 52203 complete and 0 interrupted iterations
constant_load   [  44% ] 0609/0877 VUs  04m25.9s/10m0s  200.00 iters/s
time="2026-09-05T15:26:24+02:00" level=warning msg="Request Failed" error="Post \"http://k8s-ragplatf-ciliumga-56da93c17a-2adc9d09e1c34b13.elb.eu-central-1.amazonaws.com/api/v1/query\": dial: i/o timeout"
time="2026-09-05T15:26:25+02:00" level=warning msg="Request Failed" error="Post \"http://k8s-ragplatf-ciliumga-56da93c17a-2adc9d09e1c34b13.elb.eu-central-1.amazonaws.com/api/v1/query\": dial: i/o timeout"
time="2026-09-05T15:26:25+02:00" level=warning msg="Request Failed" error="Post \"http://k8s-ragplatf-ciliumga-56da93c17a-2adc9d09e1c34b13.elb.eu-central-1.amazonaws.com/api/v1/query\": dial: i/o timeout"
time="2026-09-05T15:26:25+02:00" level=warning msg="Request Failed" error="Post \"http://k8s-ragplatf-ciliumga-56da93c17a-2adc9d09e1c34b13.elb.eu-central-1.amazonaws.com/api/v1/query\": dial: i/o timeout"

running (04m26.9s), 0606/0877 VUs, 52406 complete and 0 interrupted iterations
constant_load   [  44% ] 0606/0877 VUs  04m26.9s/10m0s  200.00 iters/s
time="2026-09-05T15:26:25+02:00" level=warning msg="Request Failed" error="Post \"http://k8s-ragplatf-ciliumga-56da93c17a-2adc9d09e1c34b13.elb.eu-central-1.amazonaws.com/api/v1/query\": dial: i/o timeout"
time="2026-09-05T15:26:25+02:00" level=warning msg="Request Failed" error="Post \"http://k8s-ragplatf-ciliumga-56da93c17a-2adc9d09e1c34b13.elb.eu-central-1.amazonaws.com/api/v1/query\": dial: i/o timeout"
time="2026-09-05T15:26:25+02:00" level=warning msg="Request Failed" error="Post \"http://k8s-ragplatf-ciliumga-56da93c17a-2adc9d09e1c34b13.elb.eu-central-1.amazonaws.com/api/v1/query\": dial: i/o timeout"
time="2026-09-05T15:26:25+02:00" level=warning msg="Request Failed" error="Post \"http://k8s-ragplatf-ciliumga-56da93c17a-2adc9d09e1c34b13.elb.eu-central-1.amazonaws.com/api/v1/query\": dial: i/o timeout"
time="2026-09-05T15:26:26+02:00" level=warning msg="Request Failed" error="Post \"http://k8s-ragplatf-ciliumga-56da93c17a-2adc9d09e1c34b13.elb.eu-central-1.amazonaws.com/api/v1/query\": dial: i/o timeout"
time="2026-09-05T15:26:26+02:00" level=warning msg="Request Failed" error="Post \"http://k8s-ragplatf-ciliumga-56da93c17a-2adc9d09e1c34b13.elb.eu-central-1.amazonaws.com/api/v1/query\": dial: i/o timeout"
time="2026-09-05T15:26:26+02:00" level=warning msg="Request Failed" error="Post \"http://k8s-ragplatf-ciliumga-56da93c17a-2adc9d09e1c34b13.elb.eu-central-1.amazonaws.com/api/v1/query\": dial: i/o timeout"
time="2026-09-05T15:26:26+02:00" level=warning msg="Request Failed" error="Post \"http://k8s-ragplatf-ciliumga-56da93c17a-2adc9d09e1c34b13.elb.eu-central-1.amazonaws.com/api/v1/query\": dial: i/o timeout"

running (04m27.9s), 0606/0877 VUs, 52606 complete and 0 interrupted iterations
constant_load   [  45% ] 0606/0877 VUs  04m27.9s/10m0s  200.00 iters/s
time="2026-09-05T15:26:26+02:00" level=warning msg="Request Failed" error="Post \"http://k8s-ragplatf-ciliumga-56da93c17a-2adc9d09e1c34b13.elb.eu-central-1.amazonaws.com/api/v1/query\": dial: i/o timeout"
time="2026-09-05T15:26:26+02:00" level=warning msg="Request Failed" error="Post \"http://k8s-ragplatf-ciliumga-56da93c17a-2adc9d09e1c34b13.elb.eu-central-1.amazonaws.com/api/v1/query\": dial: i/o timeout"
time="2026-09-05T15:26:26+02:00" level=warning msg="Request Failed" error="Post \"http://k8s-ragplatf-ciliumga-56da93c17a-2adc9d09e1c34b13.elb.eu-central-1.amazonaws.com/api/v1/query\": dial: i/o timeout"
time="2026-09-05T15:26:27+02:00" level=warning msg="Request Failed" error="Post \"http://k8s-ragplatf-ciliumga-56da93c17a-2adc9d09e1c34b13.elb.eu-central-1.amazonaws.com/api/v1/query\": dial: i/o timeout"
time="2026-09-05T15:26:27+02:00" level=warning msg="Request Failed" error="Post \"http://k8s-ragplatf-ciliumga-56da93c17a-2adc9d09e1c34b13.elb.eu-central-1.amazonaws.com/api/v1/query\": dial: i/o timeout"

running (04m28.9s), 0605/0877 VUs, 52807 complete and 0 interrupted iterations
constant_load   [  45% ] 0605/0877 VUs  04m28.9s/10m0s  200.00 iters/s
time="2026-09-05T15:26:27+02:00" level=warning msg="Request Failed" error="Post \"http://k8s-ragplatf-ciliumga-56da93c17a-2adc9d09e1c34b13.elb.eu-central-1.amazonaws.com/api/v1/query\": dial: i/o timeout"
time="2026-09-05T15:26:28+02:00" level=warning msg="Request Failed" error="Post \"http://k8s-ragplatf-ciliumga-56da93c17a-2adc9d09e1c34b13.elb.eu-central-1.amazonaws.com/api/v1/query\": dial: i/o timeout"
time="2026-09-05T15:26:28+02:00" level=warning msg="Request Failed" error="Post \"http://k8s-ragplatf-ciliumga-56da93c17a-2adc9d09e1c34b13.elb.eu-central-1.amazonaws.com/api/v1/query\": dial: i/o timeout"

running (04m29.9s), 0606/0877 VUs, 53006 complete and 0 interrupted iterations
constant_load   [  45% ] 0606/0877 VUs  04m29.9s/10m0s  200.00 iters/s
time="2026-09-05T15:26:28+02:00" level=warning msg="Request Failed" error="Post \"http://k8s-ragplatf-ciliumga-56da93c17a-2adc9d09e1c34b13.elb.eu-central-1.amazonaws.com/api/v1/query\": dial: i/o timeout"
time="2026-09-05T15:26:28+02:00" level=warning msg="Request Failed" error="Post \"http://k8s-ragplatf-ciliumga-56da93c17a-2adc9d09e1c34b13.elb.eu-central-1.amazonaws.com/api/v1/query\": dial: i/o timeout"
time="2026-09-05T15:26:28+02:00" level=warning msg="Request Failed" error="Post \"http://k8s-ragplatf-ciliumga-56da93c17a-2adc9d09e1c34b13.elb.eu-central-1.amazonaws.com/api/v1/query\": dial: i/o timeout"
time="2026-09-05T15:26:28+02:00" level=warning msg="Request Failed" error="Post \"http://k8s-ragplatf-ciliumga-56da93c17a-2adc9d09e1c34b13.elb.eu-central-1.amazonaws.com/api/v1/query\": dial: i/o timeout"
time="2026-09-05T15:26:28+02:00" level=warning msg="Request Failed" error="Post \"http://k8s-ragplatf-ciliumga-56da93c17a-2adc9d09e1c34b13.elb.eu-central-1.amazonaws.com/api/v1/query\": dial: i/o timeout"
time="2026-09-05T15:26:28+02:00" level=warning msg="Request Failed" error="Post \"http://k8s-ragplatf-ciliumga-56da93c17a-2adc9d09e1c34b13.elb.eu-central-1.amazonaws.com/api/v1/query\": dial: i/o timeout"
time="2026-09-05T15:26:28+02:00" level=warning msg="Request Failed" error="Post \"http://k8s-ragplatf-ciliumga-56da93c17a-2adc9d09e1c34b13.elb.eu-central-1.amazonaws.com/api/v1/query\": dial: i/o timeout"

running (04m30.9s), 0604/0877 VUs, 53208 complete and 0 interrupted iterations
constant_load   [  45% ] 0604/0877 VUs  04m30.9s/10m0s  200.00 iters/s
time="2026-09-05T15:26:29+02:00" level=warning msg="Request Failed" error="Post \"http://k8s-ragplatf-ciliumga-56da93c17a-2adc9d09e1c34b13.elb.eu-central-1.amazonaws.com/api/v1/query\": dial: i/o timeout"
time="2026-09-05T15:26:29+02:00" level=warning msg="Request Failed" error="Post \"http://k8s-ragplatf-ciliumga-56da93c17a-2adc9d09e1c34b13.elb.eu-central-1.amazonaws.com/api/v1/query\": dial: i/o timeout"
time="2026-09-05T15:26:29+02:00" level=warning msg="Request Failed" error="Post \"http://k8s-ragplatf-ciliumga-56da93c17a-2adc9d09e1c34b13.elb.eu-central-1.amazonaws.com/api/v1/query\": dial: i/o timeout"
time="2026-09-05T15:26:29+02:00" level=warning msg="Request Failed" error="Post \"http://k8s-ragplatf-ciliumga-56da93c17a-2adc9d09e1c34b13.elb.eu-central-1.amazonaws.com/api/v1/query\": dial: i/o timeout"

running (04m31.9s), 0609/0877 VUs, 53403 complete and 0 interrupted iterations
constant_load   [  45% ] 0609/0877 VUs  04m31.9s/10m0s  200.00 iters/s
time="2026-09-05T15:26:30+02:00" level=warning msg="Request Failed" error="Post \"http://k8s-ragplatf-ciliumga-56da93c17a-2adc9d09e1c34b13.elb.eu-central-1.amazonaws.com/api/v1/query\": dial: i/o timeout"
time="2026-09-05T15:26:30+02:00" level=warning msg="Request Failed" error="Post \"http://k8s-ragplatf-ciliumga-56da93c17a-2adc9d09e1c34b13.elb.eu-central-1.amazonaws.com/api/v1/query\": dial: i/o timeout"
time="2026-09-05T15:26:30+02:00" level=warning msg="Request Failed" error="Post \"http://k8s-ragplatf-ciliumga-56da93c17a-2adc9d09e1c34b13.elb.eu-central-1.amazonaws.com/api/v1/query\": dial: i/o timeout"
time="2026-09-05T15:26:30+02:00" level=warning msg="Request Failed" error="Post \"http://k8s-ragplatf-ciliumga-56da93c17a-2adc9d09e1c34b13.elb.eu-central-1.amazonaws.com/api/v1/query\": dial: i/o timeout"
time="2026-09-05T15:26:30+02:00" level=warning msg="Request Failed" error="Post \"http://k8s-ragplatf-ciliumga-56da93c17a-2adc9d09e1c34b13.elb.eu-central-1.amazonaws.com/api/v1/query\": dial: i/o timeout"
time="2026-09-05T15:26:30+02:00" level=warning msg="Request Failed" error="Post \"http://k8s-ragplatf-ciliumga-56da93c17a-2adc9d09e1c34b13.elb.eu-central-1.amazonaws.com/api/v1/query\": dial: i/o timeout"
time="2026-09-05T15:26:31+02:00" level=warning msg="Request Failed" error="Post \"http://k8s-ragplatf-ciliumga-56da93c17a-2adc9d09e1c34b13.elb.eu-central-1.amazonaws.com/api/v1/query\": dial: i/o timeout"

running (04m32.9s), 0598/0877 VUs, 53614 complete and 0 interrupted iterations
constant_load   [  45% ] 0598/0877 VUs  04m32.9s/10m0s  200.00 iters/s
time="2026-09-05T15:26:31+02:00" level=warning msg="Request Failed" error="Post \"http://k8s-ragplatf-ciliumga-56da93c17a-2adc9d09e1c34b13.elb.eu-central-1.amazonaws.com/api/v1/query\": dial: i/o timeout"
time="2026-09-05T15:26:31+02:00" level=warning msg="Request Failed" error="Post \"http://k8s-ragplatf-ciliumga-56da93c17a-2adc9d09e1c34b13.elb.eu-central-1.amazonaws.com/api/v1/query\": dial: i/o timeout"
time="2026-09-05T15:26:31+02:00" level=warning msg="Request Failed" error="Post \"http://k8s-ragplatf-ciliumga-56da93c17a-2adc9d09e1c34b13.elb.eu-central-1.amazonaws.com/api/v1/query\": dial: i/o timeout"
time="2026-09-05T15:26:32+02:00" level=warning msg="Request Failed" error="Post \"http://k8s-ragplatf-ciliumga-56da93c17a-2adc9d09e1c34b13.elb.eu-central-1.amazonaws.com/api/v1/query\": dial: i/o timeout"

running (04m33.9s), 0596/0877 VUs, 53816 complete and 0 interrupted iterations
constant_load   [  46% ] 0596/0877 VUs  04m33.9s/10m0s  200.00 iters/s
time="2026-09-05T15:26:32+02:00" level=warning msg="Request Failed" error="Post \"http://k8s-ragplatf-ciliumga-56da93c17a-2adc9d09e1c34b13.elb.eu-central-1.amazonaws.com/api/v1/query\": dial: i/o timeout"
time="2026-09-05T15:26:32+02:00" level=warning msg="Request Failed" error="Post \"http://k8s-ragplatf-ciliumga-56da93c17a-2adc9d09e1c34b13.elb.eu-central-1.amazonaws.com/api/v1/query\": dial: i/o timeout"
time="2026-09-05T15:26:32+02:00" level=warning msg="Request Failed" error="Post \"http://k8s-ragplatf-ciliumga-56da93c17a-2adc9d09e1c34b13.elb.eu-central-1.amazonaws.com/api/v1/query\": dial: i/o timeout"
time="2026-09-05T15:26:32+02:00" level=warning msg="Request Failed" error="Post \"http://k8s-ragplatf-ciliumga-56da93c17a-2adc9d09e1c34b13.elb.eu-central-1.amazonaws.com/api/v1/query\": dial: i/o timeout"
time="2026-09-05T15:26:32+02:00" level=warning msg="Request Failed" error="Post \"http://k8s-ragplatf-ciliumga-56da93c17a-2adc9d09e1c34b13.elb.eu-central-1.amazonaws.com/api/v1/query\": dial: i/o timeout"

running (04m34.9s), 0594/0877 VUs, 54018 complete and 0 interrupted iterations
constant_load   [  46% ] 0594/0877 VUs  04m34.9s/10m0s  200.00 iters/s
time="2026-09-05T15:26:34+02:00" level=warning msg="Request Failed" error="Post \"http://k8s-ragplatf-ciliumga-56da93c17a-2adc9d09e1c34b13.elb.eu-central-1.amazonaws.com/api/v1/query\": dial: i/o timeout"
time="2026-09-05T15:26:34+02:00" level=warning msg="Request Failed" error="Post \"http://k8s-ragplatf-ciliumga-56da93c17a-2adc9d09e1c34b13.elb.eu-central-1.amazonaws.com/api/v1/query\": dial: i/o timeout"
time="2026-09-05T15:26:34+02:00" level=warning msg="Request Failed" error="Post \"http://k8s-ragplatf-ciliumga-56da93c17a-2adc9d09e1c34b13.elb.eu-central-1.amazonaws.com/api/v1/query\": dial: i/o timeout"

running (04m35.9s), 0593/0877 VUs, 54219 complete and 0 interrupted iterations
constant_load   [  46% ] 0593/0877 VUs  04m35.9s/10m0s  200.00 iters/s
time="2026-09-05T15:26:34+02:00" level=warning msg="Request Failed" error="Post \"http://k8s-ragplatf-ciliumga-56da93c17a-2adc9d09e1c34b13.elb.eu-central-1.amazonaws.com/api/v1/query\": dial: i/o timeout"

running (04m36.9s), 0593/0877 VUs, 54419 complete and 0 interrupted iterations
constant_load   [  46% ] 0593/0877 VUs  04m36.9s/10m0s  200.00 iters/s
time="2026-09-05T15:26:35+02:00" level=warning msg="Request Failed" error="Post \"http://k8s-ragplatf-ciliumga-56da93c17a-2adc9d09e1c34b13.elb.eu-central-1.amazonaws.com/api/v1/query\": dial: i/o timeout"
time="2026-09-05T15:26:35+02:00" level=warning msg="Request Failed" error="Post \"http://k8s-ragplatf-ciliumga-56da93c17a-2adc9d09e1c34b13.elb.eu-central-1.amazonaws.com/api/v1/query\": dial: i/o timeout"
time="2026-09-05T15:26:35+02:00" level=warning msg="Request Failed" error="Post \"http://k8s-ragplatf-ciliumga-56da93c17a-2adc9d09e1c34b13.elb.eu-central-1.amazonaws.com/api/v1/query\": dial: i/o timeout"
time="2026-09-05T15:26:35+02:00" level=warning msg="Request Failed" error="Post \"http://k8s-ragplatf-ciliumga-56da93c17a-2adc9d09e1c34b13.elb.eu-central-1.amazonaws.com/api/v1/query\": dial: i/o timeout"
time="2026-09-05T15:26:35+02:00" level=warning msg="Request Failed" error="Post \"http://k8s-ragplatf-ciliumga-56da93c17a-2adc9d09e1c34b13.elb.eu-central-1.amazonaws.com/api/v1/query\": dial: i/o timeout"

running (04m37.9s), 0591/0877 VUs, 54621 complete and 0 interrupted iterations
constant_load   [  46% ] 0591/0877 VUs  04m37.9s/10m0s  200.00 iters/s
time="2026-09-05T15:26:36+02:00" level=warning msg="Request Failed" error="Post \"http://k8s-ragplatf-ciliumga-56da93c17a-2adc9d09e1c34b13.elb.eu-central-1.amazonaws.com/api/v1/query\": dial: i/o timeout"
time="2026-09-05T15:26:37+02:00" level=warning msg="Request Failed" error="Post \"http://k8s-ragplatf-ciliumga-56da93c17a-2adc9d09e1c34b13.elb.eu-central-1.amazonaws.com/api/v1/query\": dial: i/o timeout"
time="2026-09-05T15:26:37+02:00" level=warning msg="Request Failed" error="Post \"http://k8s-ragplatf-ciliumga-56da93c17a-2adc9d09e1c34b13.elb.eu-central-1.amazonaws.com/api/v1/query\": dial: i/o timeout"
time="2026-09-05T15:26:37+02:00" level=warning msg="Request Failed" error="Post \"http://k8s-ragplatf-ciliumga-56da93c17a-2adc9d09e1c34b13.elb.eu-central-1.amazonaws.com/api/v1/query\": dial: i/o timeout"
time="2026-09-05T15:26:37+02:00" level=warning msg="Request Failed" error="Post \"http://k8s-ragplatf-ciliumga-56da93c17a-2adc9d09e1c34b13.elb.eu-central-1.amazonaws.com/api/v1/query\": dial: i/o timeout"

running (04m38.9s), 0586/0877 VUs, 54826 complete and 0 interrupted iterations
constant_load   [  46% ] 0586/0877 VUs  04m38.9s/10m0s  200.00 iters/s
time="2026-09-05T15:26:37+02:00" level=warning msg="Request Failed" error="Post \"http://k8s-ragplatf-ciliumga-56da93c17a-2adc9d09e1c34b13.elb.eu-central-1.amazonaws.com/api/v1/query\": dial: i/o timeout"
time="2026-09-05T15:26:37+02:00" level=warning msg="Request Failed" error="Post \"http://k8s-ragplatf-ciliumga-56da93c17a-2adc9d09e1c34b13.elb.eu-central-1.amazonaws.com/api/v1/query\": dial: i/o timeout"

running (04m39.9s), 0585/0877 VUs, 55027 complete and 0 interrupted iterations
constant_load   [  47% ] 0585/0877 VUs  04m39.9s/10m0s  200.00 iters/s
time="2026-09-05T15:26:39+02:00" level=warning msg="Request Failed" error="Post \"http://k8s-ragplatf-ciliumga-56da93c17a-2adc9d09e1c34b13.elb.eu-central-1.amazonaws.com/api/v1/query\": dial: i/o timeout"
time="2026-09-05T15:26:39+02:00" level=warning msg="Request Failed" error="Post \"http://k8s-ragplatf-ciliumga-56da93c17a-2adc9d09e1c34b13.elb.eu-central-1.amazonaws.com/api/v1/query\": dial: i/o timeout"
time="2026-09-05T15:26:39+02:00" level=warning msg="Request Failed" error="Post \"http://k8s-ragplatf-ciliumga-56da93c17a-2adc9d09e1c34b13.elb.eu-central-1.amazonaws.com/api/v1/query\": dial: i/o timeout"

running (04m40.9s), 0584/0877 VUs, 55228 complete and 0 interrupted iterations
constant_load   [  47% ] 0584/0877 VUs  04m40.9s/10m0s  200.00 iters/s
time="2026-09-05T15:26:39+02:00" level=warning msg="Request Failed" error="Post \"http://k8s-ragplatf-ciliumga-56da93c17a-2adc9d09e1c34b13.elb.eu-central-1.amazonaws.com/api/v1/query\": request timeout"
time="2026-09-05T15:26:39+02:00" level=warning msg="Request Failed" error="Post \"http://k8s-ragplatf-ciliumga-56da93c17a-2adc9d09e1c34b13.elb.eu-central-1.amazonaws.com/api/v1/query\": request timeout"
time="2026-09-05T15:26:39+02:00" level=warning msg="Request Failed" error="Post \"http://k8s-ragplatf-ciliumga-56da93c17a-2adc9d09e1c34b13.elb.eu-central-1.amazonaws.com/api/v1/query\": request timeout"
time="2026-09-05T15:26:39+02:00" level=warning msg="Request Failed" error="Post \"http://k8s-ragplatf-ciliumga-56da93c17a-2adc9d09e1c34b13.elb.eu-central-1.amazonaws.com/api/v1/query\": request timeout"
time="2026-09-05T15:26:39+02:00" level=warning msg="Request Failed" error="Post \"http://k8s-ragplatf-ciliumga-56da93c17a-2adc9d09e1c34b13.elb.eu-central-1.amazonaws.com/api/v1/query\": request timeout"
time="2026-09-05T15:26:39+02:00" level=warning msg="Request Failed" error="Post \"http://k8s-ragplatf-ciliumga-56da93c17a-2adc9d09e1c34b13.elb.eu-central-1.amazonaws.com/api/v1/query\": request timeout"
time="2026-09-05T15:26:39+02:00" level=warning msg="Request Failed" error="Post \"http://k8s-ragplatf-ciliumga-56da93c17a-2adc9d09e1c34b13.elb.eu-central-1.amazonaws.com/api/v1/query\": request timeout"
time="2026-09-05T15:26:39+02:00" level=warning msg="Request Failed" error="Post \"http://k8s-ragplatf-ciliumga-56da93c17a-2adc9d09e1c34b13.elb.eu-central-1.amazonaws.com/api/v1/query\": request timeout"
time="2026-09-05T15:26:39+02:00" level=warning msg="Request Failed" error="Post \"http://k8s-ragplatf-ciliumga-56da93c17a-2adc9d09e1c34b13.elb.eu-central-1.amazonaws.com/api/v1/query\": dial: i/o timeout"
time="2026-09-05T15:26:39+02:00" level=warning msg="Request Failed" error="Post \"http://k8s-ragplatf-ciliumga-56da93c17a-2adc9d09e1c34b13.elb.eu-central-1.amazonaws.com/api/v1/query\": request timeout"
time="2026-09-05T15:26:39+02:00" level=warning msg="Request Failed" error="Post \"http://k8s-ragplatf-ciliumga-56da93c17a-2adc9d09e1c34b13.elb.eu-central-1.amazonaws.com/api/v1/query\": request timeout"
time="2026-09-05T15:26:39+02:00" level=warning msg="Request Failed" error="Post \"http://k8s-ragplatf-ciliumga-56da93c17a-2adc9d09e1c34b13.elb.eu-central-1.amazonaws.com/api/v1/query\": request timeout"
time="2026-09-05T15:26:39+02:00" level=warning msg="Request Failed" error="Post \"http://k8s-ragplatf-ciliumga-56da93c17a-2adc9d09e1c34b13.elb.eu-central-1.amazonaws.com/api/v1/query\": request timeout"
time="2026-09-05T15:26:39+02:00" level=warning msg="Request Failed" error="Post \"http://k8s-ragplatf-ciliumga-56da93c17a-2adc9d09e1c34b13.elb.eu-central-1.amazonaws.com/api/v1/query\": request timeout"
time="2026-09-05T15:26:39+02:00" level=warning msg="Request Failed" error="Post \"http://k8s-ragplatf-ciliumga-56da93c17a-2adc9d09e1c34b13.elb.eu-central-1.amazonaws.com/api/v1/query\": request timeout"
time="2026-09-05T15:26:39+02:00" level=warning msg="Request Failed" error="Post \"http://k8s-ragplatf-ciliumga-56da93c17a-2adc9d09e1c34b13.elb.eu-central-1.amazonaws.com/api/v1/query\": request timeout"
time="2026-09-05T15:26:39+02:00" level=warning msg="Request Failed" error="Post \"http://k8s-ragplatf-ciliumga-56da93c17a-2adc9d09e1c34b13.elb.eu-central-1.amazonaws.com/api/v1/query\": request timeout"
time="2026-09-05T15:26:39+02:00" level=warning msg="Request Failed" error="Post \"http://k8s-ragplatf-ciliumga-56da93c17a-2adc9d09e1c34b13.elb.eu-central-1.amazonaws.com/api/v1/query\": request timeout"
time="2026-09-05T15:26:39+02:00" level=warning msg="Request Failed" error="Post \"http://k8s-ragplatf-ciliumga-56da93c17a-2adc9d09e1c34b13.elb.eu-central-1.amazonaws.com/api/v1/query\": request timeout"
time="2026-09-05T15:26:39+02:00" level=warning msg="Request Failed" error="Post \"http://k8s-ragplatf-ciliumga-56da93c17a-2adc9d09e1c34b13.elb.eu-central-1.amazonaws.com/api/v1/query\": request timeout"
time="2026-09-05T15:26:39+02:00" level=warning msg="Request Failed" error="Post \"http://k8s-ragplatf-ciliumga-56da93c17a-2adc9d09e1c34b13.elb.eu-central-1.amazonaws.com/api/v1/query\": request timeout"
time="2026-09-05T15:26:39+02:00" level=warning msg="Request Failed" error="Post \"http://k8s-ragplatf-ciliumga-56da93c17a-2adc9d09e1c34b13.elb.eu-central-1.amazonaws.com/api/v1/query\": request timeout"
time="2026-09-05T15:26:40+02:00" level=warning msg="Request Failed" error="Post \"http://k8s-ragplatf-ciliumga-56da93c17a-2adc9d09e1c34b13.elb.eu-central-1.amazonaws.com/api/v1/query\": request timeout"
time="2026-09-05T15:26:40+02:00" level=warning msg="Request Failed" error="Post \"http://k8s-ragplatf-ciliumga-56da93c17a-2adc9d09e1c34b13.elb.eu-central-1.amazonaws.com/api/v1/query\": request timeout"
time="2026-09-05T15:26:40+02:00" level=warning msg="Request Failed" error="Post \"http://k8s-ragplatf-ciliumga-56da93c17a-2adc9d09e1c34b13.elb.eu-central-1.amazonaws.com/api/v1/query\": request timeout"
time="2026-09-05T15:26:40+02:00" level=warning msg="Request Failed" error="Post \"http://k8s-ragplatf-ciliumga-56da93c17a-2adc9d09e1c34b13.elb.eu-central-1.amazonaws.com/api/v1/query\": request timeout"
time="2026-09-05T15:26:40+02:00" level=warning msg="Request Failed" error="Post \"http://k8s-ragplatf-ciliumga-56da93c17a-2adc9d09e1c34b13.elb.eu-central-1.amazonaws.com/api/v1/query\": request timeout"
time="2026-09-05T15:26:40+02:00" level=warning msg="Request Failed" error="Post \"http://k8s-ragplatf-ciliumga-56da93c17a-2adc9d09e1c34b13.elb.eu-central-1.amazonaws.com/api/v1/query\": request timeout"
time="2026-09-05T15:26:40+02:00" level=warning msg="Request Failed" error="Post \"http://k8s-ragplatf-ciliumga-56da93c17a-2adc9d09e1c34b13.elb.eu-central-1.amazonaws.com/api/v1/query\": request timeout"
time="2026-09-05T15:26:40+02:00" level=warning msg="Request Failed" error="Post \"http://k8s-ragplatf-ciliumga-56da93c17a-2adc9d09e1c34b13.elb.eu-central-1.amazonaws.com/api/v1/query\": request timeout"
time="2026-09-05T15:26:40+02:00" level=warning msg="Request Failed" error="Post \"http://k8s-ragplatf-ciliumga-56da93c17a-2adc9d09e1c34b13.elb.eu-central-1.amazonaws.com/api/v1/query\": request timeout"
time="2026-09-05T15:26:40+02:00" level=warning msg="Request Failed" error="Post \"http://k8s-ragplatf-ciliumga-56da93c17a-2adc9d09e1c34b13.elb.eu-central-1.amazonaws.com/api/v1/query\": request timeout"
time="2026-09-05T15:26:40+02:00" level=warning msg="Request Failed" error="Post \"http://k8s-ragplatf-ciliumga-56da93c17a-2adc9d09e1c34b13.elb.eu-central-1.amazonaws.com/api/v1/query\": request timeout"
time="2026-09-05T15:26:40+02:00" level=warning msg="Request Failed" error="Post \"http://k8s-ragplatf-ciliumga-56da93c17a-2adc9d09e1c34b13.elb.eu-central-1.amazonaws.com/api/v1/query\": request timeout"

running (04m41.9s), 0550/0877 VUs, 55462 complete and 0 interrupted iterations
constant_load   [  47% ] 0550/0877 VUs  04m41.9s/10m0s  200.00 iters/s
time="2026-09-05T15:26:40+02:00" level=warning msg="Request Failed" error="Post \"http://k8s-ragplatf-ciliumga-56da93c17a-2adc9d09e1c34b13.elb.eu-central-1.amazonaws.com/api/v1/query\": request timeout"
time="2026-09-05T15:26:40+02:00" level=warning msg="Request Failed" error="Post \"http://k8s-ragplatf-ciliumga-56da93c17a-2adc9d09e1c34b13.elb.eu-central-1.amazonaws.com/api/v1/query\": request timeout"
time="2026-09-05T15:26:40+02:00" level=warning msg="Request Failed" error="Post \"http://k8s-ragplatf-ciliumga-56da93c17a-2adc9d09e1c34b13.elb.eu-central-1.amazonaws.com/api/v1/query\": request timeout"
time="2026-09-05T15:26:40+02:00" level=warning msg="Request Failed" error="Post \"http://k8s-ragplatf-ciliumga-56da93c17a-2adc9d09e1c34b13.elb.eu-central-1.amazonaws.com/api/v1/query\": request timeout"
time="2026-09-05T15:26:40+02:00" level=warning msg="Request Failed" error="Post \"http://k8s-ragplatf-ciliumga-56da93c17a-2adc9d09e1c34b13.elb.eu-central-1.amazonaws.com/api/v1/query\": request timeout"
time="2026-09-05T15:26:40+02:00" level=warning msg="Request Failed" error="Post \"http://k8s-ragplatf-ciliumga-56da93c17a-2adc9d09e1c34b13.elb.eu-central-1.amazonaws.com/api/v1/query\": request timeout"
time="2026-09-05T15:26:40+02:00" level=warning msg="Request Failed" error="Post \"http://k8s-ragplatf-ciliumga-56da93c17a-2adc9d09e1c34b13.elb.eu-central-1.amazonaws.com/api/v1/query\": request timeout"
time="2026-09-05T15:26:40+02:00" level=warning msg="Request Failed" error="Post \"http://k8s-ragplatf-ciliumga-56da93c17a-2adc9d09e1c34b13.elb.eu-central-1.amazonaws.com/api/v1/query\": request timeout"
time="2026-09-05T15:26:40+02:00" level=warning msg="Request Failed" error="Post \"http://k8s-ragplatf-ciliumga-56da93c17a-2adc9d09e1c34b13.elb.eu-central-1.amazonaws.com/api/v1/query\": request timeout"
time="2026-09-05T15:26:40+02:00" level=warning msg="Request Failed" error="Post \"http://k8s-ragplatf-ciliumga-56da93c17a-2adc9d09e1c34b13.elb.eu-central-1.amazonaws.com/api/v1/query\": request timeout"
time="2026-09-05T15:26:40+02:00" level=warning msg="Request Failed" error="Post \"http://k8s-ragplatf-ciliumga-56da93c17a-2adc9d09e1c34b13.elb.eu-central-1.amazonaws.com/api/v1/query\": request timeout"
time="2026-09-05T15:26:40+02:00" level=warning msg="Request Failed" error="Post \"http://k8s-ragplatf-ciliumga-56da93c17a-2adc9d09e1c34b13.elb.eu-central-1.amazonaws.com/api/v1/query\": request timeout"
time="2026-09-05T15:26:40+02:00" level=warning msg="Request Failed" error="Post \"http://k8s-ragplatf-ciliumga-56da93c17a-2adc9d09e1c34b13.elb.eu-central-1.amazonaws.com/api/v1/query\": request timeout"
time="2026-09-05T15:26:40+02:00" level=warning msg="Request Failed" error="Post \"http://k8s-ragplatf-ciliumga-56da93c17a-2adc9d09e1c34b13.elb.eu-central-1.amazonaws.com/api/v1/query\": request timeout"
time="2026-09-05T15:26:40+02:00" level=warning msg="Request Failed" error="Post \"http://k8s-ragplatf-ciliumga-56da93c17a-2adc9d09e1c34b13.elb.eu-central-1.amazonaws.com/api/v1/query\": request timeout"
time="2026-09-05T15:26:40+02:00" level=warning msg="Request Failed" error="Post \"http://k8s-ragplatf-ciliumga-56da93c17a-2adc9d09e1c34b13.elb.eu-central-1.amazonaws.com/api/v1/query\": request timeout"
time="2026-09-05T15:26:40+02:00" level=warning msg="Request Failed" error="Post \"http://k8s-ragplatf-ciliumga-56da93c17a-2adc9d09e1c34b13.elb.eu-central-1.amazonaws.com/api/v1/query\": request timeout"
time="2026-09-05T15:26:40+02:00" level=warning msg="Request Failed" error="Post \"http://k8s-ragplatf-ciliumga-56da93c17a-2adc9d09e1c34b13.elb.eu-central-1.amazonaws.com/api/v1/query\": request timeout"
time="2026-09-05T15:26:40+02:00" level=warning msg="Request Failed" error="Post \"http://k8s-ragplatf-ciliumga-56da93c17a-2adc9d09e1c34b13.elb.eu-central-1.amazonaws.com/api/v1/query\": request timeout"
time="2026-09-05T15:26:40+02:00" level=warning msg="Request Failed" error="Post \"http://k8s-ragplatf-ciliumga-56da93c17a-2adc9d09e1c34b13.elb.eu-central-1.amazonaws.com/api/v1/query\": request timeout"
time="2026-09-05T15:26:40+02:00" level=warning msg="Request Failed" error="Post \"http://k8s-ragplatf-ciliumga-56da93c17a-2adc9d09e1c34b13.elb.eu-central-1.amazonaws.com/api/v1/query\": request timeout"
time="2026-09-05T15:26:40+02:00" level=warning msg="Request Failed" error="Post \"http://k8s-ragplatf-ciliumga-56da93c17a-2adc9d09e1c34b13.elb.eu-central-1.amazonaws.com/api/v1/query\": request timeout"
time="2026-09-05T15:26:40+02:00" level=warning msg="Request Failed" error="Post \"http://k8s-ragplatf-ciliumga-56da93c17a-2adc9d09e1c34b13.elb.eu-central-1.amazonaws.com/api/v1/query\": request timeout"
time="2026-09-05T15:26:40+02:00" level=warning msg="Request Failed" error="Post \"http://k8s-ragplatf-ciliumga-56da93c17a-2adc9d09e1c34b13.elb.eu-central-1.amazonaws.com/api/v1/query\": request timeout"
time="2026-09-05T15:26:40+02:00" level=warning msg="Request Failed" error="Post \"http://k8s-ragplatf-ciliumga-56da93c17a-2adc9d09e1c34b13.elb.eu-central-1.amazonaws.com/api/v1/query\": request timeout"
time="2026-09-05T15:26:41+02:00" level=warning msg="Request Failed" error="Post \"http://k8s-ragplatf-ciliumga-56da93c17a-2adc9d09e1c34b13.elb.eu-central-1.amazonaws.com/api/v1/query\": request timeout"
time="2026-09-05T15:26:41+02:00" level=warning msg="Request Failed" error="Post \"http://k8s-ragplatf-ciliumga-56da93c17a-2adc9d09e1c34b13.elb.eu-central-1.amazonaws.com/api/v1/query\": dial: i/o timeout"
time="2026-09-05T15:26:41+02:00" level=warning msg="Request Failed" error="Post \"http://k8s-ragplatf-ciliumga-56da93c17a-2adc9d09e1c34b13.elb.eu-central-1.amazonaws.com/api/v1/query\": dial: i/o timeout"
time="2026-09-05T15:26:41+02:00" level=warning msg="Request Failed" error="Post \"http://k8s-ragplatf-ciliumga-56da93c17a-2adc9d09e1c34b13.elb.eu-central-1.amazonaws.com/api/v1/query\": dial: i/o timeout"
time="2026-09-05T15:26:41+02:00" level=warning msg="Request Failed" error="Post \"http://k8s-ragplatf-ciliumga-56da93c17a-2adc9d09e1c34b13.elb.eu-central-1.amazonaws.com/api/v1/query\": request timeout"
time="2026-09-05T15:26:41+02:00" level=warning msg="Request Failed" error="Post \"http://k8s-ragplatf-ciliumga-56da93c17a-2adc9d09e1c34b13.elb.eu-central-1.amazonaws.com/api/v1/query\": request timeout"
time="2026-09-05T15:26:41+02:00" level=warning msg="Request Failed" error="Post \"http://k8s-ragplatf-ciliumga-56da93c17a-2adc9d09e1c34b13.elb.eu-central-1.amazonaws.com/api/v1/query\": request timeout"
time="2026-09-05T15:26:41+02:00" level=warning msg="Request Failed" error="Post \"http://k8s-ragplatf-ciliumga-56da93c17a-2adc9d09e1c34b13.elb.eu-central-1.amazonaws.com/api/v1/query\": dial: i/o timeout"
time="2026-09-05T15:26:41+02:00" level=warning msg="Request Failed" error="Post \"http://k8s-ragplatf-ciliumga-56da93c17a-2adc9d09e1c34b13.elb.eu-central-1.amazonaws.com/api/v1/query\": dial: i/o timeout"
time="2026-09-05T15:26:41+02:00" level=warning msg="Request Failed" error="Post \"http://k8s-ragplatf-ciliumga-56da93c17a-2adc9d09e1c34b13.elb.eu-central-1.amazonaws.com/api/v1/query\": request timeout"
time="2026-09-05T15:26:41+02:00" level=warning msg="Request Failed" error="Post \"http://k8s-ragplatf-ciliumga-56da93c17a-2adc9d09e1c34b13.elb.eu-central-1.amazonaws.com/api/v1/query\": request timeout"
time="2026-09-05T15:26:41+02:00" level=warning msg="Request Failed" error="Post \"http://k8s-ragplatf-ciliumga-56da93c17a-2adc9d09e1c34b13.elb.eu-central-1.amazonaws.com/api/v1/query\": request timeout"

running (04m42.9s), 0518/0877 VUs, 55694 complete and 0 interrupted iterations
constant_load   [  47% ] 0518/0877 VUs  04m42.9s/10m0s  200.00 iters/s
time="2026-09-05T15:26:41+02:00" level=warning msg="Request Failed" error="Post \"http://k8s-ragplatf-ciliumga-56da93c17a-2adc9d09e1c34b13.elb.eu-central-1.amazonaws.com/api/v1/query\": request timeout"
time="2026-09-05T15:26:41+02:00" level=warning msg="Request Failed" error="Post \"http://k8s-ragplatf-ciliumga-56da93c17a-2adc9d09e1c34b13.elb.eu-central-1.amazonaws.com/api/v1/query\": dial: i/o timeout"
time="2026-09-05T15:26:41+02:00" level=warning msg="Request Failed" error="Post \"http://k8s-ragplatf-ciliumga-56da93c17a-2adc9d09e1c34b13.elb.eu-central-1.amazonaws.com/api/v1/query\": request timeout"
time="2026-09-05T15:26:41+02:00" level=warning msg="Request Failed" error="Post \"http://k8s-ragplatf-ciliumga-56da93c17a-2adc9d09e1c34b13.elb.eu-central-1.amazonaws.com/api/v1/query\": request timeout"
time="2026-09-05T15:26:41+02:00" level=warning msg="Request Failed" error="Post \"http://k8s-ragplatf-ciliumga-56da93c17a-2adc9d09e1c34b13.elb.eu-central-1.amazonaws.com/api/v1/query\": request timeout"
time="2026-09-05T15:26:41+02:00" level=warning msg="Request Failed" error="Post \"http://k8s-ragplatf-ciliumga-56da93c17a-2adc9d09e1c34b13.elb.eu-central-1.amazonaws.com/api/v1/query\": request timeout"
time="2026-09-05T15:26:41+02:00" level=warning msg="Request Failed" error="Post \"http://k8s-ragplatf-ciliumga-56da93c17a-2adc9d09e1c34b13.elb.eu-central-1.amazonaws.com/api/v1/query\": request timeout"
time="2026-09-05T15:26:41+02:00" level=warning msg="Request Failed" error="Post \"http://k8s-ragplatf-ciliumga-56da93c17a-2adc9d09e1c34b13.elb.eu-central-1.amazonaws.com/api/v1/query\": dial: i/o timeout"
time="2026-09-05T15:26:41+02:00" level=warning msg="Request Failed" error="Post \"http://k8s-ragplatf-ciliumga-56da93c17a-2adc9d09e1c34b13.elb.eu-central-1.amazonaws.com/api/v1/query\": dial: i/o timeout"
time="2026-09-05T15:26:41+02:00" level=warning msg="Request Failed" error="Post \"http://k8s-ragplatf-ciliumga-56da93c17a-2adc9d09e1c34b13.elb.eu-central-1.amazonaws.com/api/v1/query\": dial: i/o timeout"
time="2026-09-05T15:26:41+02:00" level=warning msg="Request Failed" error="Post \"http://k8s-ragplatf-ciliumga-56da93c17a-2adc9d09e1c34b13.elb.eu-central-1.amazonaws.com/api/v1/query\": dial: i/o timeout"
time="2026-09-05T15:26:41+02:00" level=warning msg="Request Failed" error="Post \"http://k8s-ragplatf-ciliumga-56da93c17a-2adc9d09e1c34b13.elb.eu-central-1.amazonaws.com/api/v1/query\": dial: i/o timeout"
time="2026-09-05T15:26:41+02:00" level=warning msg="Request Failed" error="Post \"http://k8s-ragplatf-ciliumga-56da93c17a-2adc9d09e1c34b13.elb.eu-central-1.amazonaws.com/api/v1/query\": dial: i/o timeout"
time="2026-09-05T15:26:41+02:00" level=warning msg="Request Failed" error="Post \"http://k8s-ragplatf-ciliumga-56da93c17a-2adc9d09e1c34b13.elb.eu-central-1.amazonaws.com/api/v1/query\": dial: i/o timeout"
time="2026-09-05T15:26:41+02:00" level=warning msg="Request Failed" error="Post \"http://k8s-ragplatf-ciliumga-56da93c17a-2adc9d09e1c34b13.elb.eu-central-1.amazonaws.com/api/v1/query\": dial: i/o timeout"
time="2026-09-05T15:26:42+02:00" level=warning msg="Request Failed" error="Post \"http://k8s-ragplatf-ciliumga-56da93c17a-2adc9d09e1c34b13.elb.eu-central-1.amazonaws.com/api/v1/query\": dial: i/o timeout"
time="2026-09-05T15:26:42+02:00" level=warning msg="Request Failed" error="Post \"http://k8s-ragplatf-ciliumga-56da93c17a-2adc9d09e1c34b13.elb.eu-central-1.amazonaws.com/api/v1/query\": dial: i/o timeout"
time="2026-09-05T15:26:42+02:00" level=warning msg="Request Failed" error="Post \"http://k8s-ragplatf-ciliumga-56da93c17a-2adc9d09e1c34b13.elb.eu-central-1.amazonaws.com/api/v1/query\": dial: i/o timeout"
time="2026-09-05T15:26:42+02:00" level=warning msg="Request Failed" error="Post \"http://k8s-ragplatf-ciliumga-56da93c17a-2adc9d09e1c34b13.elb.eu-central-1.amazonaws.com/api/v1/query\": dial: i/o timeout"
time="2026-09-05T15:26:42+02:00" level=warning msg="Request Failed" error="Post \"http://k8s-ragplatf-ciliumga-56da93c17a-2adc9d09e1c34b13.elb.eu-central-1.amazonaws.com/api/v1/query\": dial: i/o timeout"

running (04m43.9s), 0498/0877 VUs, 55914 complete and 0 interrupted iterations
constant_load   [  47% ] 0498/0877 VUs  04m43.9s/10m0s  200.00 iters/s
time="2026-09-05T15:26:42+02:00" level=warning msg="Request Failed" error="Post \"http://k8s-ragplatf-ciliumga-56da93c17a-2adc9d09e1c34b13.elb.eu-central-1.amazonaws.com/api/v1/query\": dial: i/o timeout"
time="2026-09-05T15:26:42+02:00" level=warning msg="Request Failed" error="Post \"http://k8s-ragplatf-ciliumga-56da93c17a-2adc9d09e1c34b13.elb.eu-central-1.amazonaws.com/api/v1/query\": dial: i/o timeout"
time="2026-09-05T15:26:42+02:00" level=warning msg="Request Failed" error="Post \"http://k8s-ragplatf-ciliumga-56da93c17a-2adc9d09e1c34b13.elb.eu-central-1.amazonaws.com/api/v1/query\": dial: i/o timeout"
time="2026-09-05T15:26:42+02:00" level=warning msg="Request Failed" error="Post \"http://k8s-ragplatf-ciliumga-56da93c17a-2adc9d09e1c34b13.elb.eu-central-1.amazonaws.com/api/v1/query\": dial: i/o timeout"
time="2026-09-05T15:26:42+02:00" level=warning msg="Request Failed" error="Post \"http://k8s-ragplatf-ciliumga-56da93c17a-2adc9d09e1c34b13.elb.eu-central-1.amazonaws.com/api/v1/query\": dial: i/o timeout"
time="2026-09-05T15:26:42+02:00" level=warning msg="Request Failed" error="Post \"http://k8s-ragplatf-ciliumga-56da93c17a-2adc9d09e1c34b13.elb.eu-central-1.amazonaws.com/api/v1/query\": dial: i/o timeout"
time="2026-09-05T15:26:42+02:00" level=warning msg="Request Failed" error="Post \"http://k8s-ragplatf-ciliumga-56da93c17a-2adc9d09e1c34b13.elb.eu-central-1.amazonaws.com/api/v1/query\": dial: i/o timeout"
time="2026-09-05T15:26:42+02:00" level=warning msg="Request Failed" error="Post \"http://k8s-ragplatf-ciliumga-56da93c17a-2adc9d09e1c34b13.elb.eu-central-1.amazonaws.com/api/v1/query\": dial: i/o timeout"
time="2026-09-05T15:26:42+02:00" level=warning msg="Request Failed" error="Post \"http://k8s-ragplatf-ciliumga-56da93c17a-2adc9d09e1c34b13.elb.eu-central-1.amazonaws.com/api/v1/query\": dial: i/o timeout"
time="2026-09-05T15:26:42+02:00" level=warning msg="Request Failed" error="Post \"http://k8s-ragplatf-ciliumga-56da93c17a-2adc9d09e1c34b13.elb.eu-central-1.amazonaws.com/api/v1/query\": dial: i/o timeout"
time="2026-09-05T15:26:42+02:00" level=warning msg="Request Failed" error="Post \"http://k8s-ragplatf-ciliumga-56da93c17a-2adc9d09e1c34b13.elb.eu-central-1.amazonaws.com/api/v1/query\": dial: i/o timeout"
time="2026-09-05T15:26:43+02:00" level=warning msg="Request Failed" error="Post \"http://k8s-ragplatf-ciliumga-56da93c17a-2adc9d09e1c34b13.elb.eu-central-1.amazonaws.com/api/v1/query\": dial: i/o timeout"
time="2026-09-05T15:26:43+02:00" level=warning msg="Request Failed" error="Post \"http://k8s-ragplatf-ciliumga-56da93c17a-2adc9d09e1c34b13.elb.eu-central-1.amazonaws.com/api/v1/query\": dial: i/o timeout"
time="2026-09-05T15:26:43+02:00" level=warning msg="Request Failed" error="Post \"http://k8s-ragplatf-ciliumga-56da93c17a-2adc9d09e1c34b13.elb.eu-central-1.amazonaws.com/api/v1/query\": dial: i/o timeout"
time="2026-09-05T15:26:43+02:00" level=warning msg="Request Failed" error="Post \"http://k8s-ragplatf-ciliumga-56da93c17a-2adc9d09e1c34b13.elb.eu-central-1.amazonaws.com/api/v1/query\": dial: i/o timeout"
time="2026-09-05T15:26:43+02:00" level=warning msg="Request Failed" error="Post \"http://k8s-ragplatf-ciliumga-56da93c17a-2adc9d09e1c34b13.elb.eu-central-1.amazonaws.com/api/v1/query\": dial: i/o timeout"
time="2026-09-05T15:26:43+02:00" level=warning msg="Request Failed" error="Post \"http://k8s-ragplatf-ciliumga-56da93c17a-2adc9d09e1c34b13.elb.eu-central-1.amazonaws.com/api/v1/query\": dial: i/o timeout"

running (04m44.9s), 0490/0877 VUs, 56122 complete and 0 interrupted iterations
constant_load   [  47% ] 0490/0877 VUs  04m44.9s/10m0s  200.00 iters/s
time="2026-09-05T15:26:43+02:00" level=warning msg="Request Failed" error="Post \"http://k8s-ragplatf-ciliumga-56da93c17a-2adc9d09e1c34b13.elb.eu-central-1.amazonaws.com/api/v1/query\": dial: i/o timeout"
time="2026-09-05T15:26:43+02:00" level=warning msg="Request Failed" error="Post \"http://k8s-ragplatf-ciliumga-56da93c17a-2adc9d09e1c34b13.elb.eu-central-1.amazonaws.com/api/v1/query\": dial: i/o timeout"
time="2026-09-05T15:26:43+02:00" level=warning msg="Request Failed" error="Post \"http://k8s-ragplatf-ciliumga-56da93c17a-2adc9d09e1c34b13.elb.eu-central-1.amazonaws.com/api/v1/query\": dial: i/o timeout"
time="2026-09-05T15:26:43+02:00" level=warning msg="Request Failed" error="Post \"http://k8s-ragplatf-ciliumga-56da93c17a-2adc9d09e1c34b13.elb.eu-central-1.amazonaws.com/api/v1/query\": dial: i/o timeout"
time="2026-09-05T15:26:43+02:00" level=warning msg="Request Failed" error="Post \"http://k8s-ragplatf-ciliumga-56da93c17a-2adc9d09e1c34b13.elb.eu-central-1.amazonaws.com/api/v1/query\": dial: i/o timeout"
time="2026-09-05T15:26:43+02:00" level=warning msg="Request Failed" error="Post \"http://k8s-ragplatf-ciliumga-56da93c17a-2adc9d09e1c34b13.elb.eu-central-1.amazonaws.com/api/v1/query\": dial: i/o timeout"
time="2026-09-05T15:26:43+02:00" level=warning msg="Request Failed" error="Post \"http://k8s-ragplatf-ciliumga-56da93c17a-2adc9d09e1c34b13.elb.eu-central-1.amazonaws.com/api/v1/query\": dial: i/o timeout"
time="2026-09-05T15:26:43+02:00" level=warning msg="Request Failed" error="Post \"http://k8s-ragplatf-ciliumga-56da93c17a-2adc9d09e1c34b13.elb.eu-central-1.amazonaws.com/api/v1/query\": dial: i/o timeout"
time="2026-09-05T15:26:43+02:00" level=warning msg="Request Failed" error="Post \"http://k8s-ragplatf-ciliumga-56da93c17a-2adc9d09e1c34b13.elb.eu-central-1.amazonaws.com/api/v1/query\": dial: i/o timeout"
time="2026-09-05T15:26:43+02:00" level=warning msg="Request Failed" error="Post \"http://k8s-ragplatf-ciliumga-56da93c17a-2adc9d09e1c34b13.elb.eu-central-1.amazonaws.com/api/v1/query\": dial: i/o timeout"
time="2026-09-05T15:26:43+02:00" level=warning msg="Request Failed" error="Post \"http://k8s-ragplatf-ciliumga-56da93c17a-2adc9d09e1c34b13.elb.eu-central-1.amazonaws.com/api/v1/query\": dial: i/o timeout"
time="2026-09-05T15:26:43+02:00" level=warning msg="Request Failed" error="Post \"http://k8s-ragplatf-ciliumga-56da93c17a-2adc9d09e1c34b13.elb.eu-central-1.amazonaws.com/api/v1/query\": dial: i/o timeout"
time="2026-09-05T15:26:43+02:00" level=warning msg="Request Failed" error="Post \"http://k8s-ragplatf-ciliumga-56da93c17a-2adc9d09e1c34b13.elb.eu-central-1.amazonaws.com/api/v1/query\": dial: i/o timeout"
time="2026-09-05T15:26:44+02:00" level=warning msg="Request Failed" error="Post \"http://k8s-ragplatf-ciliumga-56da93c17a-2adc9d09e1c34b13.elb.eu-central-1.amazonaws.com/api/v1/query\": dial: i/o timeout"
time="2026-09-05T15:26:44+02:00" level=warning msg="Request Failed" error="Post \"http://k8s-ragplatf-ciliumga-56da93c17a-2adc9d09e1c34b13.elb.eu-central-1.amazonaws.com/api/v1/query\": dial: i/o timeout"
time="2026-09-05T15:26:44+02:00" level=warning msg="Request Failed" error="Post \"http://k8s-ragplatf-ciliumga-56da93c17a-2adc9d09e1c34b13.elb.eu-central-1.amazonaws.com/api/v1/query\": dial: i/o timeout"
time="2026-09-05T15:26:44+02:00" level=warning msg="Request Failed" error="Post \"http://k8s-ragplatf-ciliumga-56da93c17a-2adc9d09e1c34b13.elb.eu-central-1.amazonaws.com/api/v1/query\": dial: i/o timeout"
time="2026-09-05T15:26:44+02:00" level=warning msg="Request Failed" error="Post \"http://k8s-ragplatf-ciliumga-56da93c17a-2adc9d09e1c34b13.elb.eu-central-1.amazonaws.com/api/v1/query\": dial: i/o timeout"
time="2026-09-05T15:26:44+02:00" level=warning msg="Request Failed" error="Post \"http://k8s-ragplatf-ciliumga-56da93c17a-2adc9d09e1c34b13.elb.eu-central-1.amazonaws.com/api/v1/query\": dial: i/o timeout"
time="2026-09-05T15:26:44+02:00" level=warning msg="Request Failed" error="Post \"http://k8s-ragplatf-ciliumga-56da93c17a-2adc9d09e1c34b13.elb.eu-central-1.amazonaws.com/api/v1/query\": dial: i/o timeout"
time="2026-09-05T15:26:44+02:00" level=warning msg="Request Failed" error="Post \"http://k8s-ragplatf-ciliumga-56da93c17a-2adc9d09e1c34b13.elb.eu-central-1.amazonaws.com/api/v1/query\": dial: i/o timeout"

running (04m45.9s), 0487/0877 VUs, 56325 complete and 0 interrupted iterations
constant_load   [  48% ] 0487/0877 VUs  04m45.9s/10m0s  200.00 iters/s
time="2026-09-05T15:26:44+02:00" level=warning msg="Request Failed" error="Post \"http://k8s-ragplatf-ciliumga-56da93c17a-2adc9d09e1c34b13.elb.eu-central-1.amazonaws.com/api/v1/query\": dial: i/o timeout"
time="2026-09-05T15:26:44+02:00" level=warning msg="Request Failed" error="Post \"http://k8s-ragplatf-ciliumga-56da93c17a-2adc9d09e1c34b13.elb.eu-central-1.amazonaws.com/api/v1/query\": dial: i/o timeout"
time="2026-09-05T15:26:44+02:00" level=warning msg="Request Failed" error="Post \"http://k8s-ragplatf-ciliumga-56da93c17a-2adc9d09e1c34b13.elb.eu-central-1.amazonaws.com/api/v1/query\": dial: i/o timeout"
time="2026-09-05T15:26:44+02:00" level=warning msg="Request Failed" error="Post \"http://k8s-ragplatf-ciliumga-56da93c17a-2adc9d09e1c34b13.elb.eu-central-1.amazonaws.com/api/v1/query\": dial: i/o timeout"
time="2026-09-05T15:26:44+02:00" level=warning msg="Request Failed" error="Post \"http://k8s-ragplatf-ciliumga-56da93c17a-2adc9d09e1c34b13.elb.eu-central-1.amazonaws.com/api/v1/query\": dial: i/o timeout"
time="2026-09-05T15:26:44+02:00" level=warning msg="Request Failed" error="Post \"http://k8s-ragplatf-ciliumga-56da93c17a-2adc9d09e1c34b13.elb.eu-central-1.amazonaws.com/api/v1/query\": dial: i/o timeout"

running (04m46.9s), 0495/0877 VUs, 56517 complete and 0 interrupted iterations
constant_load   [  48% ] 0495/0877 VUs  04m46.9s/10m0s  200.00 iters/s
time="2026-09-05T15:26:45+02:00" level=warning msg="Request Failed" error="Post \"http://k8s-ragplatf-ciliumga-56da93c17a-2adc9d09e1c34b13.elb.eu-central-1.amazonaws.com/api/v1/query\": dial: i/o timeout"
time="2026-09-05T15:26:45+02:00" level=warning msg="Request Failed" error="Post \"http://k8s-ragplatf-ciliumga-56da93c17a-2adc9d09e1c34b13.elb.eu-central-1.amazonaws.com/api/v1/query\": dial: i/o timeout"
time="2026-09-05T15:26:45+02:00" level=warning msg="Request Failed" error="Post \"http://k8s-ragplatf-ciliumga-56da93c17a-2adc9d09e1c34b13.elb.eu-central-1.amazonaws.com/api/v1/query\": dial: i/o timeout"
time="2026-09-05T15:26:45+02:00" level=warning msg="Request Failed" error="Post \"http://k8s-ragplatf-ciliumga-56da93c17a-2adc9d09e1c34b13.elb.eu-central-1.amazonaws.com/api/v1/query\": dial: i/o timeout"
time="2026-09-05T15:26:45+02:00" level=warning msg="Request Failed" error="Post \"http://k8s-ragplatf-ciliumga-56da93c17a-2adc9d09e1c34b13.elb.eu-central-1.amazonaws.com/api/v1/query\": dial: i/o timeout"
time="2026-09-05T15:26:45+02:00" level=warning msg="Request Failed" error="Post \"http://k8s-ragplatf-ciliumga-56da93c17a-2adc9d09e1c34b13.elb.eu-central-1.amazonaws.com/api/v1/query\": dial: i/o timeout"
time="2026-09-05T15:26:46+02:00" level=warning msg="Request Failed" error="Post \"http://k8s-ragplatf-ciliumga-56da93c17a-2adc9d09e1c34b13.elb.eu-central-1.amazonaws.com/api/v1/query\": dial: i/o timeout"
time="2026-09-05T15:26:46+02:00" level=warning msg="Request Failed" error="Post \"http://k8s-ragplatf-ciliumga-56da93c17a-2adc9d09e1c34b13.elb.eu-central-1.amazonaws.com/api/v1/query\": dial: i/o timeout"
time="2026-09-05T15:26:46+02:00" level=warning msg="Request Failed" error="Post \"http://k8s-ragplatf-ciliumga-56da93c17a-2adc9d09e1c34b13.elb.eu-central-1.amazonaws.com/api/v1/query\": dial: i/o timeout"
time="2026-09-05T15:26:46+02:00" level=warning msg="Request Failed" error="Post \"http://k8s-ragplatf-ciliumga-56da93c17a-2adc9d09e1c34b13.elb.eu-central-1.amazonaws.com/api/v1/query\": dial: i/o timeout"

running (04m47.9s), 0489/0877 VUs, 56723 complete and 0 interrupted iterations
constant_load   [  48% ] 0489/0877 VUs  04m47.9s/10m0s  200.00 iters/s
time="2026-09-05T15:26:47+02:00" level=warning msg="Request Failed" error="Post \"http://k8s-ragplatf-ciliumga-56da93c17a-2adc9d09e1c34b13.elb.eu-central-1.amazonaws.com/api/v1/query\": dial: i/o timeout"
time="2026-09-05T15:26:47+02:00" level=warning msg="Request Failed" error="Post \"http://k8s-ragplatf-ciliumga-56da93c17a-2adc9d09e1c34b13.elb.eu-central-1.amazonaws.com/api/v1/query\": dial: i/o timeout"
time="2026-09-05T15:26:47+02:00" level=warning msg="Request Failed" error="Post \"http://k8s-ragplatf-ciliumga-56da93c17a-2adc9d09e1c34b13.elb.eu-central-1.amazonaws.com/api/v1/query\": dial: i/o timeout"

running (04m48.9s), 0493/0877 VUs, 56919 complete and 0 interrupted iterations
constant_load   [  48% ] 0493/0877 VUs  04m48.9s/10m0s  200.00 iters/s
time="2026-09-05T15:26:47+02:00" level=warning msg="Request Failed" error="Post \"http://k8s-ragplatf-ciliumga-56da93c17a-2adc9d09e1c34b13.elb.eu-central-1.amazonaws.com/api/v1/query\": dial: i/o timeout"
time="2026-09-05T15:26:47+02:00" level=warning msg="Request Failed" error="Post \"http://k8s-ragplatf-ciliumga-56da93c17a-2adc9d09e1c34b13.elb.eu-central-1.amazonaws.com/api/v1/query\": dial: i/o timeout"
time="2026-09-05T15:26:47+02:00" level=warning msg="Request Failed" error="Post \"http://k8s-ragplatf-ciliumga-56da93c17a-2adc9d09e1c34b13.elb.eu-central-1.amazonaws.com/api/v1/query\": dial: i/o timeout"
time="2026-09-05T15:26:47+02:00" level=warning msg="Request Failed" error="Post \"http://k8s-ragplatf-ciliumga-56da93c17a-2adc9d09e1c34b13.elb.eu-central-1.amazonaws.com/api/v1/query\": dial: i/o timeout"
time="2026-09-05T15:26:47+02:00" level=warning msg="Request Failed" error="Post \"http://k8s-ragplatf-ciliumga-56da93c17a-2adc9d09e1c34b13.elb.eu-central-1.amazonaws.com/api/v1/query\": dial: i/o timeout"

running (04m49.9s), 0497/0877 VUs, 57115 complete and 0 interrupted iterations
constant_load   [  48% ] 0497/0877 VUs  04m49.9s/10m0s  200.00 iters/s
time="2026-09-05T15:26:48+02:00" level=warning msg="Request Failed" error="Post \"http://k8s-ragplatf-ciliumga-56da93c17a-2adc9d09e1c34b13.elb.eu-central-1.amazonaws.com/api/v1/query\": dial: i/o timeout"
time="2026-09-05T15:26:48+02:00" level=warning msg="Request Failed" error="Post \"http://k8s-ragplatf-ciliumga-56da93c17a-2adc9d09e1c34b13.elb.eu-central-1.amazonaws.com/api/v1/query\": dial: i/o timeout"
time="2026-09-05T15:26:48+02:00" level=warning msg="Request Failed" error="Post \"http://k8s-ragplatf-ciliumga-56da93c17a-2adc9d09e1c34b13.elb.eu-central-1.amazonaws.com/api/v1/query\": dial: i/o timeout"
time="2026-09-05T15:26:49+02:00" level=warning msg="Request Failed" error="Post \"http://k8s-ragplatf-ciliumga-56da93c17a-2adc9d09e1c34b13.elb.eu-central-1.amazonaws.com/api/v1/query\": dial: i/o timeout"

running (04m50.9s), 0496/0877 VUs, 57316 complete and 0 interrupted iterations
constant_load   [  48% ] 0496/0877 VUs  04m50.9s/10m0s  200.00 iters/s
time="2026-09-05T15:26:49+02:00" level=warning msg="Request Failed" error="Post \"http://k8s-ragplatf-ciliumga-56da93c17a-2adc9d09e1c34b13.elb.eu-central-1.amazonaws.com/api/v1/query\": dial: i/o timeout"

running (04m51.9s), 0499/0877 VUs, 57513 complete and 0 interrupted iterations
constant_load   [  49% ] 0499/0877 VUs  04m51.9s/10m0s  200.00 iters/s
time="2026-09-05T15:26:50+02:00" level=warning msg="Request Failed" error="Post \"http://k8s-ragplatf-ciliumga-56da93c17a-2adc9d09e1c34b13.elb.eu-central-1.amazonaws.com/api/v1/query\": dial: i/o timeout"
time="2026-09-05T15:26:50+02:00" level=warning msg="Request Failed" error="Post \"http://k8s-ragplatf-ciliumga-56da93c17a-2adc9d09e1c34b13.elb.eu-central-1.amazonaws.com/api/v1/query\": dial: i/o timeout"
time="2026-09-05T15:26:50+02:00" level=warning msg="Request Failed" error="Post \"http://k8s-ragplatf-ciliumga-56da93c17a-2adc9d09e1c34b13.elb.eu-central-1.amazonaws.com/api/v1/query\": dial: i/o timeout"
time="2026-09-05T15:26:51+02:00" level=warning msg="Request Failed" error="Post \"http://k8s-ragplatf-ciliumga-56da93c17a-2adc9d09e1c34b13.elb.eu-central-1.amazonaws.com/api/v1/query\": dial: i/o timeout"

running (04m52.9s), 0495/0877 VUs, 57717 complete and 0 interrupted iterations
constant_load   [  49% ] 0495/0877 VUs  04m52.9s/10m0s  200.00 iters/s
time="2026-09-05T15:26:51+02:00" level=warning msg="Request Failed" error="Post \"http://k8s-ragplatf-ciliumga-56da93c17a-2adc9d09e1c34b13.elb.eu-central-1.amazonaws.com/api/v1/query\": dial: i/o timeout"
time="2026-09-05T15:26:52+02:00" level=warning msg="Request Failed" error="Post \"http://k8s-ragplatf-ciliumga-56da93c17a-2adc9d09e1c34b13.elb.eu-central-1.amazonaws.com/api/v1/query\": dial: i/o timeout"

running (04m53.9s), 0495/0877 VUs, 57917 complete and 0 interrupted iterations
constant_load   [  49% ] 0495/0877 VUs  04m53.9s/10m0s  200.00 iters/s
time="2026-09-05T15:26:52+02:00" level=warning msg="Request Failed" error="Post \"http://k8s-ragplatf-ciliumga-56da93c17a-2adc9d09e1c34b13.elb.eu-central-1.amazonaws.com/api/v1/query\": dial: i/o timeout"
time="2026-09-05T15:26:52+02:00" level=warning msg="Request Failed" error="Post \"http://k8s-ragplatf-ciliumga-56da93c17a-2adc9d09e1c34b13.elb.eu-central-1.amazonaws.com/api/v1/query\": dial: i/o timeout"
time="2026-09-05T15:26:53+02:00" level=warning msg="Request Failed" error="Post \"http://k8s-ragplatf-ciliumga-56da93c17a-2adc9d09e1c34b13.elb.eu-central-1.amazonaws.com/api/v1/query\": dial: i/o timeout"

running (04m54.9s), 0493/0877 VUs, 58119 complete and 0 interrupted iterations
constant_load   [  49% ] 0493/0877 VUs  04m54.9s/10m0s  200.00 iters/s
time="2026-09-05T15:26:53+02:00" level=warning msg="Request Failed" error="Post \"http://k8s-ragplatf-ciliumga-56da93c17a-2adc9d09e1c34b13.elb.eu-central-1.amazonaws.com/api/v1/query\": dial: i/o timeout"

running (04m55.9s), 0493/0877 VUs, 58319 complete and 0 interrupted iterations
constant_load   [  49% ] 0493/0877 VUs  04m55.9s/10m0s  200.00 iters/s
time="2026-09-05T15:26:54+02:00" level=warning msg="Request Failed" error="Post \"http://k8s-ragplatf-ciliumga-56da93c17a-2adc9d09e1c34b13.elb.eu-central-1.amazonaws.com/api/v1/query\": dial: i/o timeout"
time="2026-09-05T15:26:54+02:00" level=warning msg="Request Failed" error="Post \"http://k8s-ragplatf-ciliumga-56da93c17a-2adc9d09e1c34b13.elb.eu-central-1.amazonaws.com/api/v1/query\": dial: i/o timeout"
time="2026-09-05T15:26:54+02:00" level=warning msg="Request Failed" error="Post \"http://k8s-ragplatf-ciliumga-56da93c17a-2adc9d09e1c34b13.elb.eu-central-1.amazonaws.com/api/v1/query\": dial: i/o timeout"

running (04m56.9s), 0493/0877 VUs, 58519 complete and 0 interrupted iterations
constant_load   [  49% ] 0493/0877 VUs  04m56.9s/10m0s  200.00 iters/s
time="2026-09-05T15:26:55+02:00" level=warning msg="Request Failed" error="Post \"http://k8s-ragplatf-ciliumga-56da93c17a-2adc9d09e1c34b13.elb.eu-central-1.amazonaws.com/api/v1/query\": dial: i/o timeout"

running (04m57.9s), 0491/0877 VUs, 58721 complete and 0 interrupted iterations
constant_load   [  50% ] 0491/0877 VUs  04m57.9s/10m0s  200.00 iters/s
time="2026-09-05T15:26:56+02:00" level=warning msg="Request Failed" error="Post \"http://k8s-ragplatf-ciliumga-56da93c17a-2adc9d09e1c34b13.elb.eu-central-1.amazonaws.com/api/v1/query\": dial: i/o timeout"
time="2026-09-05T15:26:56+02:00" level=warning msg="Request Failed" error="Post \"http://k8s-ragplatf-ciliumga-56da93c17a-2adc9d09e1c34b13.elb.eu-central-1.amazonaws.com/api/v1/query\": dial: i/o timeout"

running (04m58.9s), 0490/0877 VUs, 58922 complete and 0 interrupted iterations
constant_load   [  50% ] 0490/0877 VUs  04m58.9s/10m0s  200.00 iters/s
time="2026-09-05T15:26:57+02:00" level=warning msg="Request Failed" error="Post \"http://k8s-ragplatf-ciliumga-56da93c17a-2adc9d09e1c34b13.elb.eu-central-1.amazonaws.com/api/v1/query\": dial: i/o timeout"

running (04m59.9s), 0491/0877 VUs, 59122 complete and 0 interrupted iterations
constant_load   [  50% ] 0491/0877 VUs  04m59.9s/10m0s  200.00 iters/s

running (05m00.9s), 0490/0877 VUs, 59322 complete and 0 interrupted iterations
constant_load   [  50% ] 0490/0877 VUs  05m00.9s/10m0s  200.00 iters/s
time="2026-09-05T15:26:59+02:00" level=warning msg="Request Failed" error="Post \"http://k8s-ragplatf-ciliumga-56da93c17a-2adc9d09e1c34b13.elb.eu-central-1.amazonaws.com/api/v1/query\": dial: i/o timeout"
time="2026-09-05T15:26:59+02:00" level=warning msg="Request Failed" error="Post \"http://k8s-ragplatf-ciliumga-56da93c17a-2adc9d09e1c34b13.elb.eu-central-1.amazonaws.com/api/v1/query\": dial: i/o timeout"

running (05m01.9s), 0487/0877 VUs, 59525 complete and 0 interrupted iterations
constant_load   [  50% ] 0487/0877 VUs  05m01.9s/10m0s  200.00 iters/s
time="2026-09-05T15:27:00+02:00" level=warning msg="Request Failed" error="Post \"http://k8s-ragplatf-ciliumga-56da93c17a-2adc9d09e1c34b13.elb.eu-central-1.amazonaws.com/api/v1/query\": dial: i/o timeout"
time="2026-09-05T15:27:00+02:00" level=warning msg="Request Failed" error="Post \"http://k8s-ragplatf-ciliumga-56da93c17a-2adc9d09e1c34b13.elb.eu-central-1.amazonaws.com/api/v1/query\": dial: i/o timeout"
time="2026-09-05T15:27:01+02:00" level=warning msg="Request Failed" error="Post \"http://k8s-ragplatf-ciliumga-56da93c17a-2adc9d09e1c34b13.elb.eu-central-1.amazonaws.com/api/v1/query\": dial: i/o timeout"
time="2026-09-05T15:27:01+02:00" level=warning msg="Request Failed" error="Post \"http://k8s-ragplatf-ciliumga-56da93c17a-2adc9d09e1c34b13.elb.eu-central-1.amazonaws.com/api/v1/query\": dial: i/o timeout"

running (05m02.9s), 0484/0877 VUs, 59728 complete and 0 interrupted iterations
constant_load   [  50% ] 0484/0877 VUs  05m02.9s/10m0s  200.00 iters/s
time="2026-09-05T15:27:01+02:00" level=warning msg="Request Failed" error="Post \"http://k8s-ragplatf-ciliumga-56da93c17a-2adc9d09e1c34b13.elb.eu-central-1.amazonaws.com/api/v1/query\": dial: i/o timeout"

running (05m03.9s), 0482/0877 VUs, 59930 complete and 0 interrupted iterations
constant_load   [  51% ] 0482/0877 VUs  05m03.9s/10m0s  200.00 iters/s
time="2026-09-05T15:27:02+02:00" level=warning msg="Request Failed" error="Post \"http://k8s-ragplatf-ciliumga-56da93c17a-2adc9d09e1c34b13.elb.eu-central-1.amazonaws.com/api/v1/query\": dial: i/o timeout"
time="2026-09-05T15:27:02+02:00" level=warning msg="Request Failed" error="Post \"http://k8s-ragplatf-ciliumga-56da93c17a-2adc9d09e1c34b13.elb.eu-central-1.amazonaws.com/api/v1/query\": dial: i/o timeout"

running (05m04.9s), 0493/0877 VUs, 60119 complete and 0 interrupted iterations
constant_load   [  51% ] 0493/0877 VUs  05m04.9s/10m0s  200.00 iters/s
time="2026-09-05T15:27:03+02:00" level=warning msg="Request Failed" error="Post \"http://k8s-ragplatf-ciliumga-56da93c17a-2adc9d09e1c34b13.elb.eu-central-1.amazonaws.com/api/v1/query\": dial: i/o timeout"
time="2026-09-05T15:27:03+02:00" level=warning msg="Request Failed" error="Post \"http://k8s-ragplatf-ciliumga-56da93c17a-2adc9d09e1c34b13.elb.eu-central-1.amazonaws.com/api/v1/query\": dial: i/o timeout"
time="2026-09-05T15:27:03+02:00" level=warning msg="Request Failed" error="Post \"http://k8s-ragplatf-ciliumga-56da93c17a-2adc9d09e1c34b13.elb.eu-central-1.amazonaws.com/api/v1/query\": dial: i/o timeout"
time="2026-09-05T15:27:03+02:00" level=warning msg="Request Failed" error="Post \"http://k8s-ragplatf-ciliumga-56da93c17a-2adc9d09e1c34b13.elb.eu-central-1.amazonaws.com/api/v1/query\": dial: i/o timeout"
time="2026-09-05T15:27:03+02:00" level=warning msg="Request Failed" error="Post \"http://k8s-ragplatf-ciliumga-56da93c17a-2adc9d09e1c34b13.elb.eu-central-1.amazonaws.com/api/v1/query\": dial: i/o timeout"
time="2026-09-05T15:27:03+02:00" level=warning msg="Request Failed" error="Post \"http://k8s-ragplatf-ciliumga-56da93c17a-2adc9d09e1c34b13.elb.eu-central-1.amazonaws.com/api/v1/query\": dial: i/o timeout"
time="2026-09-05T15:27:03+02:00" level=warning msg="Request Failed" error="Post \"http://k8s-ragplatf-ciliumga-56da93c17a-2adc9d09e1c34b13.elb.eu-central-1.amazonaws.com/api/v1/query\": dial: i/o timeout"
time="2026-09-05T15:27:03+02:00" level=warning msg="Request Failed" error="Post \"http://k8s-ragplatf-ciliumga-56da93c17a-2adc9d09e1c34b13.elb.eu-central-1.amazonaws.com/api/v1/query\": dial: i/o timeout"
time="2026-09-05T15:27:03+02:00" level=warning msg="Request Failed" error="Post \"http://k8s-ragplatf-ciliumga-56da93c17a-2adc9d09e1c34b13.elb.eu-central-1.amazonaws.com/api/v1/query\": dial: i/o timeout"
time="2026-09-05T15:27:03+02:00" level=warning msg="Request Failed" error="Post \"http://k8s-ragplatf-ciliumga-56da93c17a-2adc9d09e1c34b13.elb.eu-central-1.amazonaws.com/api/v1/query\": dial: i/o timeout"
time="2026-09-05T15:27:03+02:00" level=warning msg="Request Failed" error="Post \"http://k8s-ragplatf-ciliumga-56da93c17a-2adc9d09e1c34b13.elb.eu-central-1.amazonaws.com/api/v1/query\": dial: i/o timeout"
time="2026-09-05T15:27:03+02:00" level=warning msg="Request Failed" error="Post \"http://k8s-ragplatf-ciliumga-56da93c17a-2adc9d09e1c34b13.elb.eu-central-1.amazonaws.com/api/v1/query\": dial: i/o timeout"
time="2026-09-05T15:27:04+02:00" level=warning msg="Request Failed" error="Post \"http://k8s-ragplatf-ciliumga-56da93c17a-2adc9d09e1c34b13.elb.eu-central-1.amazonaws.com/api/v1/query\": dial: i/o timeout"
time="2026-09-05T15:27:04+02:00" level=warning msg="Request Failed" error="Post \"http://k8s-ragplatf-ciliumga-56da93c17a-2adc9d09e1c34b13.elb.eu-central-1.amazonaws.com/api/v1/query\": dial: i/o timeout"
time="2026-09-05T15:27:04+02:00" level=warning msg="Request Failed" error="Post \"http://k8s-ragplatf-ciliumga-56da93c17a-2adc9d09e1c34b13.elb.eu-central-1.amazonaws.com/api/v1/query\": dial: i/o timeout"
time="2026-09-05T15:27:04+02:00" level=warning msg="Request Failed" error="Post \"http://k8s-ragplatf-ciliumga-56da93c17a-2adc9d09e1c34b13.elb.eu-central-1.amazonaws.com/api/v1/query\": dial: i/o timeout"

running (05m05.9s), 0464/0877 VUs, 60349 complete and 0 interrupted iterations
constant_load   [  51% ] 0464/0877 VUs  05m05.9s/10m0s  200.00 iters/s
time="2026-09-05T15:27:04+02:00" level=warning msg="Request Failed" error="Post \"http://k8s-ragplatf-ciliumga-56da93c17a-2adc9d09e1c34b13.elb.eu-central-1.amazonaws.com/api/v1/query\": dial: i/o timeout"
time="2026-09-05T15:27:04+02:00" level=warning msg="Request Failed" error="Post \"http://k8s-ragplatf-ciliumga-56da93c17a-2adc9d09e1c34b13.elb.eu-central-1.amazonaws.com/api/v1/query\": dial: i/o timeout"
time="2026-09-05T15:27:04+02:00" level=warning msg="Request Failed" error="Post \"http://k8s-ragplatf-ciliumga-56da93c17a-2adc9d09e1c34b13.elb.eu-central-1.amazonaws.com/api/v1/query\": dial: i/o timeout"
time="2026-09-05T15:27:04+02:00" level=warning msg="Request Failed" error="Post \"http://k8s-ragplatf-ciliumga-56da93c17a-2adc9d09e1c34b13.elb.eu-central-1.amazonaws.com/api/v1/query\": dial: i/o timeout"
time="2026-09-05T15:27:04+02:00" level=warning msg="Request Failed" error="Post \"http://k8s-ragplatf-ciliumga-56da93c17a-2adc9d09e1c34b13.elb.eu-central-1.amazonaws.com/api/v1/query\": dial: i/o timeout"
time="2026-09-05T15:27:04+02:00" level=warning msg="Request Failed" error="Post \"http://k8s-ragplatf-ciliumga-56da93c17a-2adc9d09e1c34b13.elb.eu-central-1.amazonaws.com/api/v1/query\": dial: i/o timeout"
time="2026-09-05T15:27:04+02:00" level=warning msg="Request Failed" error="Post \"http://k8s-ragplatf-ciliumga-56da93c17a-2adc9d09e1c34b13.elb.eu-central-1.amazonaws.com/api/v1/query\": dial: i/o timeout"
time="2026-09-05T15:27:04+02:00" level=warning msg="Request Failed" error="Post \"http://k8s-ragplatf-ciliumga-56da93c17a-2adc9d09e1c34b13.elb.eu-central-1.amazonaws.com/api/v1/query\": dial: i/o timeout"
time="2026-09-05T15:27:04+02:00" level=warning msg="Request Failed" error="Post \"http://k8s-ragplatf-ciliumga-56da93c17a-2adc9d09e1c34b13.elb.eu-central-1.amazonaws.com/api/v1/query\": dial: i/o timeout"
time="2026-09-05T15:27:04+02:00" level=warning msg="Request Failed" error="Post \"http://k8s-ragplatf-ciliumga-56da93c17a-2adc9d09e1c34b13.elb.eu-central-1.amazonaws.com/api/v1/query\": dial: i/o timeout"
time="2026-09-05T15:27:04+02:00" level=warning msg="Request Failed" error="Post \"http://k8s-ragplatf-ciliumga-56da93c17a-2adc9d09e1c34b13.elb.eu-central-1.amazonaws.com/api/v1/query\": dial: i/o timeout"
time="2026-09-05T15:27:04+02:00" level=warning msg="Request Failed" error="Post \"http://k8s-ragplatf-ciliumga-56da93c17a-2adc9d09e1c34b13.elb.eu-central-1.amazonaws.com/api/v1/query\": dial: i/o timeout"
time="2026-09-05T15:27:04+02:00" level=warning msg="Request Failed" error="Post \"http://k8s-ragplatf-ciliumga-56da93c17a-2adc9d09e1c34b13.elb.eu-central-1.amazonaws.com/api/v1/query\": dial: i/o timeout"
time="2026-09-05T15:27:04+02:00" level=warning msg="Request Failed" error="Post \"http://k8s-ragplatf-ciliumga-56da93c17a-2adc9d09e1c34b13.elb.eu-central-1.amazonaws.com/api/v1/query\": dial: i/o timeout"
time="2026-09-05T15:27:05+02:00" level=warning msg="Request Failed" error="Post \"http://k8s-ragplatf-ciliumga-56da93c17a-2adc9d09e1c34b13.elb.eu-central-1.amazonaws.com/api/v1/query\": dial: i/o timeout"
time="2026-09-05T15:27:05+02:00" level=warning msg="Request Failed" error="Post \"http://k8s-ragplatf-ciliumga-56da93c17a-2adc9d09e1c34b13.elb.eu-central-1.amazonaws.com/api/v1/query\": dial: i/o timeout"

running (05m06.9s), 0448/0877 VUs, 60564 complete and 0 interrupted iterations
constant_load   [  51% ] 0448/0877 VUs  05m06.9s/10m0s  200.00 iters/s
time="2026-09-05T15:27:05+02:00" level=warning msg="Request Failed" error="Post \"http://k8s-ragplatf-ciliumga-56da93c17a-2adc9d09e1c34b13.elb.eu-central-1.amazonaws.com/api/v1/query\": dial: i/o timeout"
time="2026-09-05T15:27:05+02:00" level=warning msg="Request Failed" error="Post \"http://k8s-ragplatf-ciliumga-56da93c17a-2adc9d09e1c34b13.elb.eu-central-1.amazonaws.com/api/v1/query\": dial: i/o timeout"
time="2026-09-05T15:27:05+02:00" level=warning msg="Request Failed" error="Post \"http://k8s-ragplatf-ciliumga-56da93c17a-2adc9d09e1c34b13.elb.eu-central-1.amazonaws.com/api/v1/query\": dial: i/o timeout"
time="2026-09-05T15:27:05+02:00" level=warning msg="Request Failed" error="Post \"http://k8s-ragplatf-ciliumga-56da93c17a-2adc9d09e1c34b13.elb.eu-central-1.amazonaws.com/api/v1/query\": dial: i/o timeout"
time="2026-09-05T15:27:05+02:00" level=warning msg="Request Failed" error="Post \"http://k8s-ragplatf-ciliumga-56da93c17a-2adc9d09e1c34b13.elb.eu-central-1.amazonaws.com/api/v1/query\": dial: i/o timeout"
time="2026-09-05T15:27:05+02:00" level=warning msg="Request Failed" error="Post \"http://k8s-ragplatf-ciliumga-56da93c17a-2adc9d09e1c34b13.elb.eu-central-1.amazonaws.com/api/v1/query\": dial: i/o timeout"
time="2026-09-05T15:27:05+02:00" level=warning msg="Request Failed" error="Post \"http://k8s-ragplatf-ciliumga-56da93c17a-2adc9d09e1c34b13.elb.eu-central-1.amazonaws.com/api/v1/query\": dial: i/o timeout"
time="2026-09-05T15:27:05+02:00" level=warning msg="Request Failed" error="Post \"http://k8s-ragplatf-ciliumga-56da93c17a-2adc9d09e1c34b13.elb.eu-central-1.amazonaws.com/api/v1/query\": dial: i/o timeout"
time="2026-09-05T15:27:06+02:00" level=warning msg="Request Failed" error="Post \"http://k8s-ragplatf-ciliumga-56da93c17a-2adc9d09e1c34b13.elb.eu-central-1.amazonaws.com/api/v1/query\": dial: i/o timeout"
time="2026-09-05T15:27:06+02:00" level=warning msg="Request Failed" error="Post \"http://k8s-ragplatf-ciliumga-56da93c17a-2adc9d09e1c34b13.elb.eu-central-1.amazonaws.com/api/v1/query\": dial: i/o timeout"

running (05m07.9s), 0440/0877 VUs, 60772 complete and 0 interrupted iterations
constant_load   [  51% ] 0440/0877 VUs  05m07.9s/10m0s  200.00 iters/s
time="2026-09-05T15:27:06+02:00" level=warning msg="Request Failed" error="Post \"http://k8s-ragplatf-ciliumga-56da93c17a-2adc9d09e1c34b13.elb.eu-central-1.amazonaws.com/api/v1/query\": dial: i/o timeout"
time="2026-09-05T15:27:06+02:00" level=warning msg="Request Failed" error="Post \"http://k8s-ragplatf-ciliumga-56da93c17a-2adc9d09e1c34b13.elb.eu-central-1.amazonaws.com/api/v1/query\": dial: i/o timeout"
time="2026-09-05T15:27:06+02:00" level=warning msg="Request Failed" error="Post \"http://k8s-ragplatf-ciliumga-56da93c17a-2adc9d09e1c34b13.elb.eu-central-1.amazonaws.com/api/v1/query\": dial: i/o timeout"
time="2026-09-05T15:27:06+02:00" level=warning msg="Request Failed" error="Post \"http://k8s-ragplatf-ciliumga-56da93c17a-2adc9d09e1c34b13.elb.eu-central-1.amazonaws.com/api/v1/query\": dial: i/o timeout"
time="2026-09-05T15:27:07+02:00" level=warning msg="Request Failed" error="Post \"http://k8s-ragplatf-ciliumga-56da93c17a-2adc9d09e1c34b13.elb.eu-central-1.amazonaws.com/api/v1/query\": dial: i/o timeout"
time="2026-09-05T15:27:07+02:00" level=warning msg="Request Failed" error="Post \"http://k8s-ragplatf-ciliumga-56da93c17a-2adc9d09e1c34b13.elb.eu-central-1.amazonaws.com/api/v1/query\": dial: i/o timeout"
time="2026-09-05T15:27:07+02:00" level=warning msg="Request Failed" error="Post \"http://k8s-ragplatf-ciliumga-56da93c17a-2adc9d09e1c34b13.elb.eu-central-1.amazonaws.com/api/v1/query\": dial: i/o timeout"

running (05m08.9s), 0431/0877 VUs, 60981 complete and 0 interrupted iterations
constant_load   [  51% ] 0431/0877 VUs  05m08.9s/10m0s  200.00 iters/s
time="2026-09-05T15:27:07+02:00" level=warning msg="Request Failed" error="Post \"http://k8s-ragplatf-ciliumga-56da93c17a-2adc9d09e1c34b13.elb.eu-central-1.amazonaws.com/api/v1/query\": dial: i/o timeout"
time="2026-09-05T15:27:07+02:00" level=warning msg="Request Failed" error="Post \"http://k8s-ragplatf-ciliumga-56da93c17a-2adc9d09e1c34b13.elb.eu-central-1.amazonaws.com/api/v1/query\": dial: i/o timeout"
time="2026-09-05T15:27:07+02:00" level=warning msg="Request Failed" error="Post \"http://k8s-ragplatf-ciliumga-56da93c17a-2adc9d09e1c34b13.elb.eu-central-1.amazonaws.com/api/v1/query\": dial: i/o timeout"
time="2026-09-05T15:27:07+02:00" level=warning msg="Request Failed" error="Post \"http://k8s-ragplatf-ciliumga-56da93c17a-2adc9d09e1c34b13.elb.eu-central-1.amazonaws.com/api/v1/query\": dial: i/o timeout"
time="2026-09-05T15:27:07+02:00" level=warning msg="Request Failed" error="Post \"http://k8s-ragplatf-ciliumga-56da93c17a-2adc9d09e1c34b13.elb.eu-central-1.amazonaws.com/api/v1/query\": dial: i/o timeout"
time="2026-09-05T15:27:08+02:00" level=warning msg="Request Failed" error="Post \"http://k8s-ragplatf-ciliumga-56da93c17a-2adc9d09e1c34b13.elb.eu-central-1.amazonaws.com/api/v1/query\": dial: i/o timeout"
time="2026-09-05T15:27:08+02:00" level=warning msg="Request Failed" error="Post \"http://k8s-ragplatf-ciliumga-56da93c17a-2adc9d09e1c34b13.elb.eu-central-1.amazonaws.com/api/v1/query\": dial: i/o timeout"
time="2026-09-05T15:27:08+02:00" level=warning msg="Request Failed" error="Post \"http://k8s-ragplatf-ciliumga-56da93c17a-2adc9d09e1c34b13.elb.eu-central-1.amazonaws.com/api/v1/query\": dial: i/o timeout"

running (05m09.9s), 0423/0877 VUs, 61189 complete and 0 interrupted iterations
constant_load   [  52% ] 0423/0877 VUs  05m09.9s/10m0s  200.00 iters/s
time="2026-09-05T15:27:08+02:00" level=warning msg="Request Failed" error="Post \"http://k8s-ragplatf-ciliumga-56da93c17a-2adc9d09e1c34b13.elb.eu-central-1.amazonaws.com/api/v1/query\": dial: i/o timeout"
time="2026-09-05T15:27:08+02:00" level=warning msg="Request Failed" error="Post \"http://k8s-ragplatf-ciliumga-56da93c17a-2adc9d09e1c34b13.elb.eu-central-1.amazonaws.com/api/v1/query\": dial: i/o timeout"
time="2026-09-05T15:27:08+02:00" level=warning msg="Request Failed" error="Post \"http://k8s-ragplatf-ciliumga-56da93c17a-2adc9d09e1c34b13.elb.eu-central-1.amazonaws.com/api/v1/query\": dial: i/o timeout"
time="2026-09-05T15:27:08+02:00" level=warning msg="Request Failed" error="Post \"http://k8s-ragplatf-ciliumga-56da93c17a-2adc9d09e1c34b13.elb.eu-central-1.amazonaws.com/api/v1/query\": dial: i/o timeout"
time="2026-09-05T15:27:08+02:00" level=warning msg="Request Failed" error="Post \"http://k8s-ragplatf-ciliumga-56da93c17a-2adc9d09e1c34b13.elb.eu-central-1.amazonaws.com/api/v1/query\": dial: i/o timeout"

running (05m10.9s), 0419/0877 VUs, 61393 complete and 0 interrupted iterations
constant_load   [  52% ] 0419/0877 VUs  05m10.9s/10m0s  200.00 iters/s
time="2026-09-05T15:27:10+02:00" level=warning msg="Request Failed" error="Post \"http://k8s-ragplatf-ciliumga-56da93c17a-2adc9d09e1c34b13.elb.eu-central-1.amazonaws.com/api/v1/query\": dial: i/o timeout"

running (05m11.9s), 0419/0877 VUs, 61593 complete and 0 interrupted iterations
constant_load   [  52% ] 0419/0877 VUs  05m11.9s/10m0s  200.00 iters/s
time="2026-09-05T15:27:10+02:00" level=warning msg="Request Failed" error="Post \"http://k8s-ragplatf-ciliumga-56da93c17a-2adc9d09e1c34b13.elb.eu-central-1.amazonaws.com/api/v1/query\": dial: i/o timeout"
time="2026-09-05T15:27:10+02:00" level=warning msg="Request Failed" error="Post \"http://k8s-ragplatf-ciliumga-56da93c17a-2adc9d09e1c34b13.elb.eu-central-1.amazonaws.com/api/v1/query\": dial: i/o timeout"
time="2026-09-05T15:27:10+02:00" level=warning msg="Request Failed" error="Post \"http://k8s-ragplatf-ciliumga-56da93c17a-2adc9d09e1c34b13.elb.eu-central-1.amazonaws.com/api/v1/query\": dial: i/o timeout"

running (05m12.9s), 0414/0877 VUs, 61798 complete and 0 interrupted iterations
constant_load   [  52% ] 0414/0877 VUs  05m12.9s/10m0s  200.00 iters/s
time="2026-09-05T15:27:12+02:00" level=warning msg="Request Failed" error="Post \"http://k8s-ragplatf-ciliumga-56da93c17a-2adc9d09e1c34b13.elb.eu-central-1.amazonaws.com/api/v1/query\": dial: i/o timeout"
time="2026-09-05T15:27:12+02:00" level=warning msg="Request Failed" error="Post \"http://k8s-ragplatf-ciliumga-56da93c17a-2adc9d09e1c34b13.elb.eu-central-1.amazonaws.com/api/v1/query\": dial: i/o timeout"

running (05m13.9s), 0434/0877 VUs, 61978 complete and 0 interrupted iterations
constant_load   [  52% ] 0434/0877 VUs  05m13.9s/10m0s  200.00 iters/s
time="2026-09-05T15:27:13+02:00" level=warning msg="Request Failed" error="Post \"http://k8s-ragplatf-ciliumga-56da93c17a-2adc9d09e1c34b13.elb.eu-central-1.amazonaws.com/api/v1/query\": dial: i/o timeout"

running (05m14.9s), 0459/0877 VUs, 62153 complete and 0 interrupted iterations
constant_load   [  52% ] 0459/0877 VUs  05m14.9s/10m0s  200.00 iters/s

running (05m15.9s), 0459/0877 VUs, 62353 complete and 0 interrupted iterations
constant_load   [  53% ] 0459/0877 VUs  05m15.9s/10m0s  200.00 iters/s
time="2026-09-05T15:27:14+02:00" level=warning msg="Request Failed" error="Post \"http://k8s-ragplatf-ciliumga-56da93c17a-2adc9d09e1c34b13.elb.eu-central-1.amazonaws.com/api/v1/query\": dial: i/o timeout"
time="2026-09-05T15:27:15+02:00" level=warning msg="Request Failed" error="Post \"http://k8s-ragplatf-ciliumga-56da93c17a-2adc9d09e1c34b13.elb.eu-central-1.amazonaws.com/api/v1/query\": dial: i/o timeout"

running (05m16.9s), 0457/0877 VUs, 62555 complete and 0 interrupted iterations
constant_load   [  53% ] 0457/0877 VUs  05m16.9s/10m0s  200.00 iters/s
time="2026-09-05T15:27:15+02:00" level=warning msg="Request Failed" error="Post \"http://k8s-ragplatf-ciliumga-56da93c17a-2adc9d09e1c34b13.elb.eu-central-1.amazonaws.com/api/v1/query\": dial: i/o timeout"

running (05m17.9s), 0457/0877 VUs, 62755 complete and 0 interrupted iterations
constant_load   [  53% ] 0456/0877 VUs  05m17.9s/10m0s  200.00 iters/s
time="2026-09-05T15:27:17+02:00" level=warning msg="Request Failed" error="Post \"http://k8s-ragplatf-ciliumga-56da93c17a-2adc9d09e1c34b13.elb.eu-central-1.amazonaws.com/api/v1/query\": dial: i/o timeout"

running (05m18.9s), 0455/0877 VUs, 62957 complete and 0 interrupted iterations
constant_load   [  53% ] 0455/0877 VUs  05m18.9s/10m0s  200.00 iters/s

running (05m19.9s), 0455/0877 VUs, 63157 complete and 0 interrupted iterations
constant_load   [  53% ] 0455/0877 VUs  05m19.9s/10m0s  200.00 iters/s

running (05m20.9s), 0454/0877 VUs, 63358 complete and 0 interrupted iterations
constant_load   [  53% ] 0454/0877 VUs  05m20.9s/10m0s  200.00 iters/s

running (05m21.9s), 0455/0877 VUs, 63557 complete and 0 interrupted iterations
constant_load   [  54% ] 0455/0877 VUs  05m21.9s/10m0s  200.00 iters/s

running (05m22.9s), 0455/0877 VUs, 63757 complete and 0 interrupted iterations
constant_load   [  54% ] 0455/0877 VUs  05m22.9s/10m0s  200.00 iters/s

running (05m23.9s), 0453/0877 VUs, 63959 complete and 0 interrupted iterations
constant_load   [  54% ] 0453/0877 VUs  05m23.9s/10m0s  200.00 iters/s

running (05m24.9s), 0453/0877 VUs, 64159 complete and 0 interrupted iterations
constant_load   [  54% ] 0453/0877 VUs  05m24.9s/10m0s  200.00 iters/s

running (05m25.9s), 0454/0877 VUs, 64358 complete and 0 interrupted iterations
constant_load   [  54% ] 0454/0877 VUs  05m25.9s/10m0s  200.00 iters/s

running (05m26.9s), 0454/0877 VUs, 64558 complete and 0 interrupted iterations
constant_load   [  54% ] 0454/0877 VUs  05m26.9s/10m0s  200.00 iters/s

running (05m27.9s), 0452/0877 VUs, 64760 complete and 0 interrupted iterations
constant_load   [  55% ] 0452/0877 VUs  05m27.9s/10m0s  200.00 iters/s

running (05m28.9s), 0451/0877 VUs, 64961 complete and 0 interrupted iterations
constant_load   [  55% ] 0451/0877 VUs  05m28.9s/10m0s  200.00 iters/s

running (05m29.9s), 0455/0877 VUs, 65157 complete and 0 interrupted iterations
constant_load   [  55% ] 0455/0877 VUs  05m29.9s/10m0s  200.00 iters/s

running (05m30.9s), 0456/0877 VUs, 65356 complete and 0 interrupted iterations
constant_load   [  55% ] 0456/0877 VUs  05m30.9s/10m0s  200.00 iters/s

running (05m31.9s), 0456/0877 VUs, 65556 complete and 0 interrupted iterations
constant_load   [  55% ] 0456/0877 VUs  05m31.9s/10m0s  200.00 iters/s

running (05m32.9s), 0455/0877 VUs, 65757 complete and 0 interrupted iterations
constant_load   [  55% ] 0455/0877 VUs  05m32.9s/10m0s  200.00 iters/s

running (05m33.9s), 0456/0877 VUs, 65956 complete and 0 interrupted iterations
constant_load   [  56% ] 0456/0877 VUs  05m33.9s/10m0s  200.00 iters/s

running (05m34.9s), 0455/0877 VUs, 66157 complete and 0 interrupted iterations
constant_load   [  56% ] 0455/0877 VUs  05m34.9s/10m0s  200.00 iters/s

running (05m35.9s), 0455/0877 VUs, 66357 complete and 0 interrupted iterations
constant_load   [  56% ] 0455/0877 VUs  05m35.9s/10m0s  200.00 iters/s

running (05m36.9s), 0456/0877 VUs, 66556 complete and 0 interrupted iterations
constant_load   [  56% ] 0456/0877 VUs  05m36.9s/10m0s  200.00 iters/s

running (05m37.9s), 0456/0877 VUs, 66757 complete and 0 interrupted iterations
constant_load   [  56% ] 0456/0877 VUs  05m37.9s/10m0s  200.00 iters/s

running (05m38.9s), 0455/0877 VUs, 66957 complete and 0 interrupted iterations
constant_load   [  56% ] 0455/0877 VUs  05m38.9s/10m0s  200.00 iters/s

running (05m39.9s), 0456/0877 VUs, 67156 complete and 0 interrupted iterations
constant_load   [  57% ] 0456/0877 VUs  05m39.9s/10m0s  200.00 iters/s

running (05m40.9s), 0457/0877 VUs, 67355 complete and 0 interrupted iterations
constant_load   [  57% ] 0456/0877 VUs  05m40.9s/10m0s  200.00 iters/s

running (05m41.9s), 0455/0877 VUs, 67557 complete and 0 interrupted iterations
constant_load   [  57% ] 0455/0877 VUs  05m41.9s/10m0s  200.00 iters/s

running (05m42.9s), 0455/0877 VUs, 67757 complete and 0 interrupted iterations
constant_load   [  57% ] 0455/0877 VUs  05m42.9s/10m0s  200.00 iters/s

running (05m43.9s), 0456/0877 VUs, 67956 complete and 0 interrupted iterations
constant_load   [  57% ] 0456/0877 VUs  05m43.9s/10m0s  200.00 iters/s

running (05m44.9s), 0458/0877 VUs, 68155 complete and 0 interrupted iterations
constant_load   [  57% ] 0458/0877 VUs  05m44.9s/10m0s  200.00 iters/s

running (05m45.9s), 0455/0877 VUs, 68357 complete and 0 interrupted iterations
constant_load   [  58% ] 0455/0877 VUs  05m45.9s/10m0s  200.00 iters/s

running (05m46.9s), 0456/0877 VUs, 68556 complete and 0 interrupted iterations
constant_load   [  58% ] 0456/0877 VUs  05m46.9s/10m0s  200.00 iters/s

running (05m47.9s), 0455/0877 VUs, 68757 complete and 0 interrupted iterations
constant_load   [  58% ] 0455/0877 VUs  05m47.9s/10m0s  200.00 iters/s

running (05m48.9s), 0453/0877 VUs, 68959 complete and 0 interrupted iterations
constant_load   [  58% ] 0453/0877 VUs  05m48.9s/10m0s  200.00 iters/s

running (05m49.9s), 0452/0877 VUs, 69160 complete and 0 interrupted iterations
constant_load   [  58% ] 0452/0877 VUs  05m49.9s/10m0s  200.00 iters/s

running (05m50.9s), 0457/0877 VUs, 69355 complete and 0 interrupted iterations
constant_load   [  58% ] 0457/0877 VUs  05m50.9s/10m0s  200.00 iters/s

running (05m51.9s), 0449/0877 VUs, 69563 complete and 0 interrupted iterations
constant_load   [  59% ] 0449/0877 VUs  05m51.9s/10m0s  200.00 iters/s

running (05m52.9s), 0449/0877 VUs, 69763 complete and 0 interrupted iterations
constant_load   [  59% ] 0449/0877 VUs  05m52.9s/10m0s  200.00 iters/s

running (05m53.9s), 0454/0877 VUs, 69958 complete and 0 interrupted iterations
constant_load   [  59% ] 0454/0877 VUs  05m53.9s/10m0s  200.00 iters/s

running (05m54.9s), 0455/0877 VUs, 70157 complete and 0 interrupted iterations
constant_load   [  59% ] 0455/0877 VUs  05m54.9s/10m0s  200.00 iters/s

running (05m55.9s), 0454/0877 VUs, 70358 complete and 0 interrupted iterations
constant_load   [  59% ] 0454/0877 VUs  05m55.9s/10m0s  200.00 iters/s

running (05m56.9s), 0453/0877 VUs, 70559 complete and 0 interrupted iterations
constant_load   [  59% ] 0453/0877 VUs  05m56.9s/10m0s  200.00 iters/s

running (05m57.9s), 0453/0877 VUs, 70759 complete and 0 interrupted iterations
constant_load   [  60% ] 0453/0877 VUs  05m57.9s/10m0s  200.00 iters/s

running (05m58.9s), 0454/0877 VUs, 70958 complete and 0 interrupted iterations
constant_load   [  60% ] 0454/0877 VUs  05m58.9s/10m0s  200.00 iters/s

running (05m59.9s), 0454/0877 VUs, 71158 complete and 0 interrupted iterations
constant_load   [  60% ] 0454/0877 VUs  05m59.9s/10m0s  200.00 iters/s

running (06m00.9s), 0454/0877 VUs, 71358 complete and 0 interrupted iterations
constant_load   [  60% ] 0454/0877 VUs  06m00.9s/10m0s  200.00 iters/s

running (06m01.9s), 0455/0877 VUs, 71557 complete and 0 interrupted iterations
constant_load   [  60% ] 0455/0877 VUs  06m01.9s/10m0s  200.00 iters/s

running (06m02.9s), 0455/0877 VUs, 71757 complete and 0 interrupted iterations
constant_load   [  60% ] 0455/0877 VUs  06m02.9s/10m0s  200.00 iters/s

running (06m03.9s), 0455/0877 VUs, 71957 complete and 0 interrupted iterations
constant_load   [  61% ] 0455/0877 VUs  06m03.9s/10m0s  200.00 iters/s

running (06m04.9s), 0456/0877 VUs, 72156 complete and 0 interrupted iterations
constant_load   [  61% ] 0456/0877 VUs  06m04.9s/10m0s  200.00 iters/s

running (06m05.9s), 0457/0877 VUs, 72355 complete and 0 interrupted iterations
constant_load   [  61% ] 0457/0877 VUs  06m05.9s/10m0s  200.00 iters/s

running (06m06.9s), 0456/0877 VUs, 72556 complete and 0 interrupted iterations
constant_load   [  61% ] 0456/0877 VUs  06m06.9s/10m0s  200.00 iters/s

running (06m07.9s), 0462/0877 VUs, 72750 complete and 0 interrupted iterations
constant_load   [  61% ] 0462/0877 VUs  06m07.9s/10m0s  200.00 iters/s

running (06m08.9s), 0455/0877 VUs, 72957 complete and 0 interrupted iterations
constant_load   [  61% ] 0455/0877 VUs  06m08.9s/10m0s  200.00 iters/s

running (06m09.9s), 0463/0877 VUs, 73149 complete and 0 interrupted iterations
constant_load   [  62% ] 0463/0877 VUs  06m09.9s/10m0s  200.00 iters/s

running (06m10.9s), 0455/0877 VUs, 73357 complete and 0 interrupted iterations
constant_load   [  62% ] 0455/0877 VUs  06m10.9s/10m0s  200.00 iters/s
time="2026-09-05T15:28:09+02:00" level=warning msg="Request Failed" error="Post \"http://k8s-ragplatf-ciliumga-56da93c17a-2adc9d09e1c34b13.elb.eu-central-1.amazonaws.com/api/v1/query\": request timeout"
time="2026-09-05T15:28:09+02:00" level=warning msg="Request Failed" error="Post \"http://k8s-ragplatf-ciliumga-56da93c17a-2adc9d09e1c34b13.elb.eu-central-1.amazonaws.com/api/v1/query\": request timeout"
time="2026-09-05T15:28:09+02:00" level=warning msg="Request Failed" error="Post \"http://k8s-ragplatf-ciliumga-56da93c17a-2adc9d09e1c34b13.elb.eu-central-1.amazonaws.com/api/v1/query\": request timeout"
time="2026-09-05T15:28:09+02:00" level=warning msg="Request Failed" error="Post \"http://k8s-ragplatf-ciliumga-56da93c17a-2adc9d09e1c34b13.elb.eu-central-1.amazonaws.com/api/v1/query\": request timeout"
time="2026-09-05T15:28:09+02:00" level=warning msg="Request Failed" error="Post \"http://k8s-ragplatf-ciliumga-56da93c17a-2adc9d09e1c34b13.elb.eu-central-1.amazonaws.com/api/v1/query\": request timeout"
time="2026-09-05T15:28:09+02:00" level=warning msg="Request Failed" error="Post \"http://k8s-ragplatf-ciliumga-56da93c17a-2adc9d09e1c34b13.elb.eu-central-1.amazonaws.com/api/v1/query\": request timeout"
time="2026-09-05T15:28:09+02:00" level=warning msg="Request Failed" error="Post \"http://k8s-ragplatf-ciliumga-56da93c17a-2adc9d09e1c34b13.elb.eu-central-1.amazonaws.com/api/v1/query\": request timeout"
time="2026-09-05T15:28:09+02:00" level=warning msg="Request Failed" error="Post \"http://k8s-ragplatf-ciliumga-56da93c17a-2adc9d09e1c34b13.elb.eu-central-1.amazonaws.com/api/v1/query\": request timeout"
time="2026-09-05T15:28:09+02:00" level=warning msg="Request Failed" error="Post \"http://k8s-ragplatf-ciliumga-56da93c17a-2adc9d09e1c34b13.elb.eu-central-1.amazonaws.com/api/v1/query\": request timeout"
time="2026-09-05T15:28:09+02:00" level=warning msg="Request Failed" error="Post \"http://k8s-ragplatf-ciliumga-56da93c17a-2adc9d09e1c34b13.elb.eu-central-1.amazonaws.com/api/v1/query\": request timeout"
time="2026-09-05T15:28:09+02:00" level=warning msg="Request Failed" error="Post \"http://k8s-ragplatf-ciliumga-56da93c17a-2adc9d09e1c34b13.elb.eu-central-1.amazonaws.com/api/v1/query\": request timeout"
time="2026-09-05T15:28:09+02:00" level=warning msg="Request Failed" error="Post \"http://k8s-ragplatf-ciliumga-56da93c17a-2adc9d09e1c34b13.elb.eu-central-1.amazonaws.com/api/v1/query\": request timeout"
time="2026-09-05T15:28:09+02:00" level=warning msg="Request Failed" error="Post \"http://k8s-ragplatf-ciliumga-56da93c17a-2adc9d09e1c34b13.elb.eu-central-1.amazonaws.com/api/v1/query\": request timeout"
time="2026-09-05T15:28:09+02:00" level=warning msg="Request Failed" error="Post \"http://k8s-ragplatf-ciliumga-56da93c17a-2adc9d09e1c34b13.elb.eu-central-1.amazonaws.com/api/v1/query\": request timeout"
time="2026-09-05T15:28:09+02:00" level=warning msg="Request Failed" error="Post \"http://k8s-ragplatf-ciliumga-56da93c17a-2adc9d09e1c34b13.elb.eu-central-1.amazonaws.com/api/v1/query\": request timeout"
time="2026-09-05T15:28:09+02:00" level=warning msg="Request Failed" error="Post \"http://k8s-ragplatf-ciliumga-56da93c17a-2adc9d09e1c34b13.elb.eu-central-1.amazonaws.com/api/v1/query\": request timeout"
time="2026-09-05T15:28:10+02:00" level=warning msg="Request Failed" error="Post \"http://k8s-ragplatf-ciliumga-56da93c17a-2adc9d09e1c34b13.elb.eu-central-1.amazonaws.com/api/v1/query\": request timeout"
time="2026-09-05T15:28:10+02:00" level=warning msg="Request Failed" error="Post \"http://k8s-ragplatf-ciliumga-56da93c17a-2adc9d09e1c34b13.elb.eu-central-1.amazonaws.com/api/v1/query\": request timeout"
time="2026-09-05T15:28:10+02:00" level=warning msg="Request Failed" error="Post \"http://k8s-ragplatf-ciliumga-56da93c17a-2adc9d09e1c34b13.elb.eu-central-1.amazonaws.com/api/v1/query\": request timeout"
time="2026-09-05T15:28:10+02:00" level=warning msg="Request Failed" error="Post \"http://k8s-ragplatf-ciliumga-56da93c17a-2adc9d09e1c34b13.elb.eu-central-1.amazonaws.com/api/v1/query\": request timeout"
time="2026-09-05T15:28:10+02:00" level=warning msg="Request Failed" error="Post \"http://k8s-ragplatf-ciliumga-56da93c17a-2adc9d09e1c34b13.elb.eu-central-1.amazonaws.com/api/v1/query\": request timeout"
time="2026-09-05T15:28:10+02:00" level=warning msg="Request Failed" error="Post \"http://k8s-ragplatf-ciliumga-56da93c17a-2adc9d09e1c34b13.elb.eu-central-1.amazonaws.com/api/v1/query\": request timeout"
time="2026-09-05T15:28:10+02:00" level=warning msg="Request Failed" error="Post \"http://k8s-ragplatf-ciliumga-56da93c17a-2adc9d09e1c34b13.elb.eu-central-1.amazonaws.com/api/v1/query\": request timeout"

running (06m11.9s), 0433/0877 VUs, 73579 complete and 0 interrupted iterations
constant_load   [  62% ] 0433/0877 VUs  06m11.9s/10m0s  200.00 iters/s
time="2026-09-05T15:28:10+02:00" level=warning msg="Request Failed" error="Post \"http://k8s-ragplatf-ciliumga-56da93c17a-2adc9d09e1c34b13.elb.eu-central-1.amazonaws.com/api/v1/query\": request timeout"
time="2026-09-05T15:28:10+02:00" level=warning msg="Request Failed" error="Post \"http://k8s-ragplatf-ciliumga-56da93c17a-2adc9d09e1c34b13.elb.eu-central-1.amazonaws.com/api/v1/query\": request timeout"
time="2026-09-05T15:28:10+02:00" level=warning msg="Request Failed" error="Post \"http://k8s-ragplatf-ciliumga-56da93c17a-2adc9d09e1c34b13.elb.eu-central-1.amazonaws.com/api/v1/query\": request timeout"
time="2026-09-05T15:28:10+02:00" level=warning msg="Request Failed" error="Post \"http://k8s-ragplatf-ciliumga-56da93c17a-2adc9d09e1c34b13.elb.eu-central-1.amazonaws.com/api/v1/query\": request timeout"
time="2026-09-05T15:28:10+02:00" level=warning msg="Request Failed" error="Post \"http://k8s-ragplatf-ciliumga-56da93c17a-2adc9d09e1c34b13.elb.eu-central-1.amazonaws.com/api/v1/query\": request timeout"
time="2026-09-05T15:28:10+02:00" level=warning msg="Request Failed" error="Post \"http://k8s-ragplatf-ciliumga-56da93c17a-2adc9d09e1c34b13.elb.eu-central-1.amazonaws.com/api/v1/query\": request timeout"
time="2026-09-05T15:28:10+02:00" level=warning msg="Request Failed" error="Post \"http://k8s-ragplatf-ciliumga-56da93c17a-2adc9d09e1c34b13.elb.eu-central-1.amazonaws.com/api/v1/query\": request timeout"
time="2026-09-05T15:28:10+02:00" level=warning msg="Request Failed" error="Post \"http://k8s-ragplatf-ciliumga-56da93c17a-2adc9d09e1c34b13.elb.eu-central-1.amazonaws.com/api/v1/query\": request timeout"
time="2026-09-05T15:28:10+02:00" level=warning msg="Request Failed" error="Post \"http://k8s-ragplatf-ciliumga-56da93c17a-2adc9d09e1c34b13.elb.eu-central-1.amazonaws.com/api/v1/query\": request timeout"
time="2026-09-05T15:28:10+02:00" level=warning msg="Request Failed" error="Post \"http://k8s-ragplatf-ciliumga-56da93c17a-2adc9d09e1c34b13.elb.eu-central-1.amazonaws.com/api/v1/query\": request timeout"
time="2026-09-05T15:28:10+02:00" level=warning msg="Request Failed" error="Post \"http://k8s-ragplatf-ciliumga-56da93c17a-2adc9d09e1c34b13.elb.eu-central-1.amazonaws.com/api/v1/query\": request timeout"
time="2026-09-05T15:28:10+02:00" level=warning msg="Request Failed" error="Post \"http://k8s-ragplatf-ciliumga-56da93c17a-2adc9d09e1c34b13.elb.eu-central-1.amazonaws.com/api/v1/query\": request timeout"
time="2026-09-05T15:28:10+02:00" level=warning msg="Request Failed" error="Post \"http://k8s-ragplatf-ciliumga-56da93c17a-2adc9d09e1c34b13.elb.eu-central-1.amazonaws.com/api/v1/query\": request timeout"
time="2026-09-05T15:28:10+02:00" level=warning msg="Request Failed" error="Post \"http://k8s-ragplatf-ciliumga-56da93c17a-2adc9d09e1c34b13.elb.eu-central-1.amazonaws.com/api/v1/query\": request timeout"
time="2026-09-05T15:28:10+02:00" level=warning msg="Request Failed" error="Post \"http://k8s-ragplatf-ciliumga-56da93c17a-2adc9d09e1c34b13.elb.eu-central-1.amazonaws.com/api/v1/query\": request timeout"
time="2026-09-05T15:28:10+02:00" level=warning msg="Request Failed" error="Post \"http://k8s-ragplatf-ciliumga-56da93c17a-2adc9d09e1c34b13.elb.eu-central-1.amazonaws.com/api/v1/query\": request timeout"
time="2026-09-05T15:28:10+02:00" level=warning msg="Request Failed" error="Post \"http://k8s-ragplatf-ciliumga-56da93c17a-2adc9d09e1c34b13.elb.eu-central-1.amazonaws.com/api/v1/query\": request timeout"
time="2026-09-05T15:28:10+02:00" level=warning msg="Request Failed" error="Post \"http://k8s-ragplatf-ciliumga-56da93c17a-2adc9d09e1c34b13.elb.eu-central-1.amazonaws.com/api/v1/query\": request timeout"
time="2026-09-05T15:28:10+02:00" level=warning msg="Request Failed" error="Post \"http://k8s-ragplatf-ciliumga-56da93c17a-2adc9d09e1c34b13.elb.eu-central-1.amazonaws.com/api/v1/query\": request timeout"
time="2026-09-05T15:28:11+02:00" level=warning msg="Request Failed" error="Post \"http://k8s-ragplatf-ciliumga-56da93c17a-2adc9d09e1c34b13.elb.eu-central-1.amazonaws.com/api/v1/query\": request timeout"
time="2026-09-05T15:28:11+02:00" level=warning msg="Request Failed" error="Post \"http://k8s-ragplatf-ciliumga-56da93c17a-2adc9d09e1c34b13.elb.eu-central-1.amazonaws.com/api/v1/query\": request timeout"
time="2026-09-05T15:28:11+02:00" level=warning msg="Request Failed" error="Post \"http://k8s-ragplatf-ciliumga-56da93c17a-2adc9d09e1c34b13.elb.eu-central-1.amazonaws.com/api/v1/query\": request timeout"
time="2026-09-05T15:28:11+02:00" level=warning msg="Request Failed" error="Post \"http://k8s-ragplatf-ciliumga-56da93c17a-2adc9d09e1c34b13.elb.eu-central-1.amazonaws.com/api/v1/query\": request timeout"
time="2026-09-05T15:28:11+02:00" level=warning msg="Request Failed" error="Post \"http://k8s-ragplatf-ciliumga-56da93c17a-2adc9d09e1c34b13.elb.eu-central-1.amazonaws.com/api/v1/query\": request timeout"
time="2026-09-05T15:28:11+02:00" level=warning msg="Request Failed" error="Post \"http://k8s-ragplatf-ciliumga-56da93c17a-2adc9d09e1c34b13.elb.eu-central-1.amazonaws.com/api/v1/query\": request timeout"

running (06m12.9s), 0407/0877 VUs, 73805 complete and 0 interrupted iterations
constant_load   [  62% ] 0407/0877 VUs  06m12.9s/10m0s  200.00 iters/s

running (06m13.9s), 0414/0877 VUs, 73998 complete and 0 interrupted iterations
constant_load   [  62% ] 0414/0877 VUs  06m13.9s/10m0s  200.00 iters/s

running (06m14.9s), 0407/0877 VUs, 74205 complete and 0 interrupted iterations
constant_load   [  62% ] 0407/0877 VUs  06m14.9s/10m0s  200.00 iters/s

running (06m15.9s), 0420/0877 VUs, 74392 complete and 0 interrupted iterations
constant_load   [  63% ] 0420/0877 VUs  06m15.9s/10m0s  200.00 iters/s

running (06m16.9s), 0408/0877 VUs, 74604 complete and 0 interrupted iterations
constant_load   [  63% ] 0408/0877 VUs  06m16.9s/10m0s  200.00 iters/s

running (06m17.9s), 0408/0877 VUs, 74804 complete and 0 interrupted iterations
constant_load   [  63% ] 0408/0877 VUs  06m17.9s/10m0s  200.00 iters/s

running (06m18.9s), 0420/0877 VUs, 74992 complete and 0 interrupted iterations
constant_load   [  63% ] 0420/0877 VUs  06m18.9s/10m0s  200.00 iters/s

running (06m19.9s), 0409/0877 VUs, 75203 complete and 0 interrupted iterations
constant_load   [  63% ] 0409/0877 VUs  06m19.9s/10m0s  200.00 iters/s

running (06m20.9s), 0412/0877 VUs, 75400 complete and 0 interrupted iterations
constant_load   [  63% ] 0412/0877 VUs  06m20.9s/10m0s  200.00 iters/s

running (06m21.9s), 0408/0877 VUs, 75604 complete and 0 interrupted iterations
constant_load   [  64% ] 0408/0877 VUs  06m21.9s/10m0s  200.00 iters/s

running (06m22.9s), 0407/0877 VUs, 75805 complete and 0 interrupted iterations
constant_load   [  64% ] 0407/0877 VUs  06m22.9s/10m0s  200.00 iters/s

running (06m23.9s), 0408/0877 VUs, 76004 complete and 0 interrupted iterations
constant_load   [  64% ] 0408/0877 VUs  06m23.9s/10m0s  200.00 iters/s

running (06m24.9s), 0407/0877 VUs, 76205 complete and 0 interrupted iterations
constant_load   [  64% ] 0407/0877 VUs  06m24.9s/10m0s  200.00 iters/s

running (06m25.9s), 0409/0877 VUs, 76403 complete and 0 interrupted iterations
constant_load   [  64% ] 0409/0877 VUs  06m25.9s/10m0s  200.00 iters/s

running (06m26.9s), 0408/0877 VUs, 76604 complete and 0 interrupted iterations
constant_load   [  64% ] 0408/0877 VUs  06m26.9s/10m0s  200.00 iters/s

running (06m27.9s), 0407/0877 VUs, 76805 complete and 0 interrupted iterations
constant_load   [  65% ] 0407/0877 VUs  06m27.9s/10m0s  200.00 iters/s

running (06m28.9s), 0419/0877 VUs, 76993 complete and 0 interrupted iterations
constant_load   [  65% ] 0419/0877 VUs  06m28.9s/10m0s  200.00 iters/s

running (06m29.9s), 0407/0877 VUs, 77205 complete and 0 interrupted iterations
constant_load   [  65% ] 0407/0877 VUs  06m29.9s/10m0s  200.00 iters/s

running (06m30.9s), 0407/0877 VUs, 77405 complete and 0 interrupted iterations
constant_load   [  65% ] 0407/0877 VUs  06m30.9s/10m0s  200.00 iters/s

running (06m31.9s), 0408/0877 VUs, 77604 complete and 0 interrupted iterations
constant_load   [  65% ] 0408/0877 VUs  06m31.9s/10m0s  200.00 iters/s

running (06m32.9s), 0408/0877 VUs, 77804 complete and 0 interrupted iterations
constant_load   [  65% ] 0408/0877 VUs  06m32.9s/10m0s  200.00 iters/s

running (06m33.9s), 0408/0877 VUs, 78004 complete and 0 interrupted iterations
constant_load   [  66% ] 0408/0877 VUs  06m33.9s/10m0s  200.00 iters/s

running (06m34.9s), 0408/0877 VUs, 78204 complete and 0 interrupted iterations
constant_load   [  66% ] 0408/0877 VUs  06m34.9s/10m0s  200.00 iters/s

running (06m35.9s), 0408/0877 VUs, 78404 complete and 0 interrupted iterations
constant_load   [  66% ] 0408/0877 VUs  06m35.9s/10m0s  200.00 iters/s

running (06m36.9s), 0407/0877 VUs, 78605 complete and 0 interrupted iterations
constant_load   [  66% ] 0407/0877 VUs  06m36.9s/10m0s  200.00 iters/s

running (06m37.9s), 0407/0877 VUs, 78805 complete and 0 interrupted iterations
constant_load   [  66% ] 0407/0877 VUs  06m37.9s/10m0s  200.00 iters/s

running (06m38.9s), 0407/0877 VUs, 79005 complete and 0 interrupted iterations
constant_load   [  66% ] 0407/0877 VUs  06m38.9s/10m0s  200.00 iters/s

running (06m39.9s), 0407/0877 VUs, 79205 complete and 0 interrupted iterations
constant_load   [  67% ] 0407/0877 VUs  06m39.9s/10m0s  200.00 iters/s

running (06m40.9s), 0408/0877 VUs, 79404 complete and 0 interrupted iterations
constant_load   [  67% ] 0408/0877 VUs  06m40.9s/10m0s  200.00 iters/s

running (06m41.9s), 0407/0877 VUs, 79605 complete and 0 interrupted iterations
constant_load   [  67% ] 0407/0877 VUs  06m41.9s/10m0s  200.00 iters/s

running (06m42.9s), 0407/0877 VUs, 79805 complete and 0 interrupted iterations
constant_load   [  67% ] 0407/0877 VUs  06m42.9s/10m0s  200.00 iters/s

running (06m43.9s), 0408/0877 VUs, 80004 complete and 0 interrupted iterations
constant_load   [  67% ] 0408/0877 VUs  06m43.9s/10m0s  200.00 iters/s

running (06m44.9s), 0407/0877 VUs, 80205 complete and 0 interrupted iterations
constant_load   [  67% ] 0407/0877 VUs  06m44.9s/10m0s  200.00 iters/s

running (06m45.9s), 0423/0877 VUs, 80389 complete and 0 interrupted iterations
constant_load   [  68% ] 0423/0877 VUs  06m45.9s/10m0s  200.00 iters/s

running (06m46.9s), 0407/0877 VUs, 80605 complete and 0 interrupted iterations
constant_load   [  68% ] 0407/0877 VUs  06m46.9s/10m0s  200.00 iters/s

running (06m47.9s), 0407/0877 VUs, 80805 complete and 0 interrupted iterations
constant_load   [  68% ] 0408/0877 VUs  06m47.9s/10m0s  200.00 iters/s

running (06m48.9s), 0407/0877 VUs, 81005 complete and 0 interrupted iterations
constant_load   [  68% ] 0407/0877 VUs  06m48.9s/10m0s  200.00 iters/s

running (06m49.9s), 0408/0877 VUs, 81204 complete and 0 interrupted iterations
constant_load   [  68% ] 0408/0877 VUs  06m49.9s/10m0s  200.00 iters/s

running (06m50.9s), 0407/0877 VUs, 81405 complete and 0 interrupted iterations
constant_load   [  68% ] 0407/0877 VUs  06m50.9s/10m0s  200.00 iters/s

running (06m51.9s), 0439/0877 VUs, 81573 complete and 0 interrupted iterations
constant_load   [  69% ] 0439/0877 VUs  06m51.9s/10m0s  200.00 iters/s

running (06m52.9s), 0407/0877 VUs, 81805 complete and 0 interrupted iterations
constant_load   [  69% ] 0407/0877 VUs  06m52.9s/10m0s  200.00 iters/s

running (06m53.9s), 0407/0877 VUs, 82005 complete and 0 interrupted iterations
constant_load   [  69% ] 0407/0877 VUs  06m53.9s/10m0s  200.00 iters/s

running (06m54.9s), 0407/0877 VUs, 82205 complete and 0 interrupted iterations
constant_load   [  69% ] 0407/0877 VUs  06m54.9s/10m0s  200.00 iters/s

running (06m55.9s), 0422/0877 VUs, 82390 complete and 0 interrupted iterations
constant_load   [  69% ] 0422/0877 VUs  06m55.9s/10m0s  200.00 iters/s

running (06m56.9s), 0407/0877 VUs, 82605 complete and 0 interrupted iterations
constant_load   [  69% ] 0407/0877 VUs  06m56.9s/10m0s  200.00 iters/s

running (06m57.9s), 0411/0877 VUs, 82801 complete and 0 interrupted iterations
constant_load   [  70% ] 0411/0877 VUs  06m57.9s/10m0s  200.00 iters/s

running (06m58.9s), 0408/0877 VUs, 83004 complete and 0 interrupted iterations
constant_load   [  70% ] 0408/0877 VUs  06m58.9s/10m0s  200.00 iters/s

running (06m59.9s), 0407/0877 VUs, 83205 complete and 0 interrupted iterations
constant_load   [  70% ] 0407/0877 VUs  06m59.9s/10m0s  200.00 iters/s

running (07m00.9s), 0407/0877 VUs, 83405 complete and 0 interrupted iterations
constant_load   [  70% ] 0407/0877 VUs  07m00.9s/10m0s  200.00 iters/s

running (07m01.9s), 0406/0877 VUs, 83606 complete and 0 interrupted iterations
constant_load   [  70% ] 0406/0877 VUs  07m01.9s/10m0s  200.00 iters/s

running (07m02.9s), 0408/0877 VUs, 83804 complete and 0 interrupted iterations
constant_load   [  70% ] 0408/0877 VUs  07m02.9s/10m0s  200.00 iters/s

running (07m03.9s), 0408/0877 VUs, 84004 complete and 0 interrupted iterations
constant_load   [  71% ] 0408/0877 VUs  07m03.9s/10m0s  200.00 iters/s

running (07m04.9s), 0408/0877 VUs, 84204 complete and 0 interrupted iterations
constant_load   [  71% ] 0408/0877 VUs  07m04.9s/10m0s  200.00 iters/s

running (07m05.9s), 0411/0877 VUs, 84401 complete and 0 interrupted iterations
constant_load   [  71% ] 0411/0877 VUs  07m05.9s/10m0s  200.00 iters/s

running (07m06.9s), 0407/0877 VUs, 84605 complete and 0 interrupted iterations
constant_load   [  71% ] 0407/0877 VUs  07m06.9s/10m0s  200.00 iters/s

running (07m07.9s), 0407/0877 VUs, 84805 complete and 0 interrupted iterations
constant_load   [  71% ] 0407/0877 VUs  07m07.9s/10m0s  200.00 iters/s

running (07m08.9s), 0407/0877 VUs, 85005 complete and 0 interrupted iterations
constant_load   [  71% ] 0407/0877 VUs  07m08.9s/10m0s  200.00 iters/s

running (07m09.9s), 0407/0877 VUs, 85205 complete and 0 interrupted iterations
constant_load   [  72% ] 0407/0877 VUs  07m09.9s/10m0s  200.00 iters/s

running (07m10.9s), 0407/0877 VUs, 85405 complete and 0 interrupted iterations
constant_load   [  72% ] 0407/0877 VUs  07m10.9s/10m0s  200.00 iters/s

running (07m11.9s), 0407/0877 VUs, 85605 complete and 0 interrupted iterations
constant_load   [  72% ] 0407/0877 VUs  07m11.9s/10m0s  200.00 iters/s

running (07m12.9s), 0407/0877 VUs, 85805 complete and 0 interrupted iterations
constant_load   [  72% ] 0407/0877 VUs  07m12.9s/10m0s  200.00 iters/s

running (07m13.9s), 0423/0877 VUs, 85989 complete and 0 interrupted iterations
constant_load   [  72% ] 0423/0877 VUs  07m13.9s/10m0s  200.00 iters/s

running (07m14.9s), 0435/0877 VUs, 86177 complete and 0 interrupted iterations
constant_load   [  72% ] 0435/0877 VUs  07m14.9s/10m0s  200.00 iters/s

running (07m15.9s), 0435/0877 VUs, 86377 complete and 0 interrupted iterations
constant_load   [  73% ] 0435/0877 VUs  07m15.9s/10m0s  200.00 iters/s

running (07m16.9s), 0435/0877 VUs, 86577 complete and 0 interrupted iterations
constant_load   [  73% ] 0435/0877 VUs  07m16.9s/10m0s  200.00 iters/s

running (07m17.9s), 0434/0877 VUs, 86778 complete and 0 interrupted iterations
constant_load   [  73% ] 0434/0877 VUs  07m17.9s/10m0s  200.00 iters/s

running (07m18.9s), 0439/0877 VUs, 86973 complete and 0 interrupted iterations
constant_load   [  73% ] 0439/0877 VUs  07m18.9s/10m0s  200.00 iters/s

running (07m19.9s), 0433/0877 VUs, 87179 complete and 0 interrupted iterations
constant_load   [  73% ] 0433/0877 VUs  07m19.9s/10m0s  200.00 iters/s

running (07m20.9s), 0434/0877 VUs, 87378 complete and 0 interrupted iterations
constant_load   [  73% ] 0434/0877 VUs  07m20.9s/10m0s  200.00 iters/s

running (07m21.9s), 0433/0877 VUs, 87579 complete and 0 interrupted iterations
constant_load   [  74% ] 0433/0877 VUs  07m21.9s/10m0s  200.00 iters/s

running (07m22.9s), 0433/0877 VUs, 87779 complete and 0 interrupted iterations
constant_load   [  74% ] 0433/0877 VUs  07m22.9s/10m0s  200.00 iters/s

running (07m23.9s), 0433/0877 VUs, 87979 complete and 0 interrupted iterations
constant_load   [  74% ] 0433/0877 VUs  07m23.9s/10m0s  200.00 iters/s

running (07m24.9s), 0442/0877 VUs, 88170 complete and 0 interrupted iterations
constant_load   [  74% ] 0442/0877 VUs  07m24.9s/10m0s  200.00 iters/s

running (07m25.9s), 0433/0877 VUs, 88379 complete and 0 interrupted iterations
constant_load   [  74% ] 0433/0877 VUs  07m25.9s/10m0s  200.00 iters/s

running (07m26.9s), 0434/0877 VUs, 88578 complete and 0 interrupted iterations
constant_load   [  74% ] 0434/0877 VUs  07m26.9s/10m0s  200.00 iters/s

running (07m27.9s), 0434/0877 VUs, 88778 complete and 0 interrupted iterations
constant_load   [  75% ] 0434/0877 VUs  07m27.9s/10m0s  200.00 iters/s

running (07m28.9s), 0434/0877 VUs, 88978 complete and 0 interrupted iterations
constant_load   [  75% ] 0434/0877 VUs  07m28.9s/10m0s  200.00 iters/s

running (07m29.9s), 0434/0877 VUs, 89178 complete and 0 interrupted iterations
constant_load   [  75% ] 0434/0877 VUs  07m29.9s/10m0s  200.00 iters/s

running (07m30.9s), 0451/0877 VUs, 89361 complete and 0 interrupted iterations
constant_load   [  75% ] 0451/0877 VUs  07m30.9s/10m0s  200.00 iters/s

running (07m31.9s), 0433/0877 VUs, 89579 complete and 0 interrupted iterations
constant_load   [  75% ] 0433/0877 VUs  07m31.9s/10m0s  200.00 iters/s

running (07m32.9s), 0433/0877 VUs, 89779 complete and 0 interrupted iterations
constant_load   [  75% ] 0433/0877 VUs  07m32.9s/10m0s  200.00 iters/s

running (07m33.9s), 0433/0877 VUs, 89979 complete and 0 interrupted iterations
constant_load   [  76% ] 0433/0877 VUs  07m33.9s/10m0s  200.00 iters/s

running (07m34.9s), 0437/0877 VUs, 90175 complete and 0 interrupted iterations
constant_load   [  76% ] 0437/0877 VUs  07m34.9s/10m0s  200.00 iters/s

running (07m35.9s), 0434/0877 VUs, 90378 complete and 0 interrupted iterations
constant_load   [  76% ] 0434/0877 VUs  07m35.9s/10m0s  200.00 iters/s

running (07m36.9s), 0438/0877 VUs, 90574 complete and 0 interrupted iterations
constant_load   [  76% ] 0438/0877 VUs  07m36.9s/10m0s  200.00 iters/s

running (07m37.9s), 0433/0877 VUs, 90779 complete and 0 interrupted iterations
constant_load   [  76% ] 0433/0877 VUs  07m37.9s/10m0s  200.00 iters/s

running (07m38.9s), 0442/0877 VUs, 90970 complete and 0 interrupted iterations
constant_load   [  76% ] 0442/0877 VUs  07m38.9s/10m0s  200.00 iters/s

running (07m39.9s), 0434/0877 VUs, 91178 complete and 0 interrupted iterations
constant_load   [  77% ] 0434/0877 VUs  07m39.9s/10m0s  200.00 iters/s

running (07m40.9s), 0434/0877 VUs, 91378 complete and 0 interrupted iterations
constant_load   [  77% ] 0434/0877 VUs  07m40.9s/10m0s  200.00 iters/s

running (07m41.9s), 0433/0877 VUs, 91579 complete and 0 interrupted iterations
constant_load   [  77% ] 0433/0877 VUs  07m41.9s/10m0s  200.00 iters/s

running (07m42.9s), 0434/0877 VUs, 91778 complete and 0 interrupted iterations
constant_load   [  77% ] 0434/0877 VUs  07m42.9s/10m0s  200.00 iters/s

running (07m43.9s), 0434/0877 VUs, 91978 complete and 0 interrupted iterations
constant_load   [  77% ] 0434/0877 VUs  07m43.9s/10m0s  200.00 iters/s

running (07m44.9s), 0434/0877 VUs, 92178 complete and 0 interrupted iterations
constant_load   [  77% ] 0434/0877 VUs  07m44.9s/10m0s  200.00 iters/s

running (07m45.9s), 0434/0877 VUs, 92378 complete and 0 interrupted iterations
constant_load   [  78% ] 0434/0877 VUs  07m45.9s/10m0s  200.00 iters/s

running (07m46.9s), 0434/0877 VUs, 92578 complete and 0 interrupted iterations
constant_load   [  78% ] 0434/0877 VUs  07m46.9s/10m0s  200.00 iters/s

running (07m47.9s), 0433/0877 VUs, 92779 complete and 0 interrupted iterations
constant_load   [  78% ] 0433/0877 VUs  07m47.9s/10m0s  200.00 iters/s

running (07m48.9s), 0433/0877 VUs, 92979 complete and 0 interrupted iterations
constant_load   [  78% ] 0433/0877 VUs  07m48.9s/10m0s  200.00 iters/s

running (07m49.9s), 0433/0877 VUs, 93179 complete and 0 interrupted iterations
constant_load   [  78% ] 0433/0877 VUs  07m49.9s/10m0s  200.00 iters/s

running (07m50.9s), 0433/0877 VUs, 93379 complete and 0 interrupted iterations
constant_load   [  78% ] 0433/0877 VUs  07m50.9s/10m0s  200.00 iters/s

running (07m51.9s), 0434/0877 VUs, 93578 complete and 0 interrupted iterations
constant_load   [  79% ] 0434/0877 VUs  07m51.9s/10m0s  200.00 iters/s

running (07m52.9s), 0434/0877 VUs, 93778 complete and 0 interrupted iterations
constant_load   [  79% ] 0434/0877 VUs  07m52.9s/10m0s  200.00 iters/s

running (07m53.9s), 0433/0877 VUs, 93979 complete and 0 interrupted iterations
constant_load   [  79% ] 0433/0877 VUs  07m53.9s/10m0s  200.00 iters/s

running (07m54.9s), 0434/0877 VUs, 94178 complete and 0 interrupted iterations
constant_load   [  79% ] 0434/0877 VUs  07m54.9s/10m0s  200.00 iters/s

running (07m55.9s), 0433/0877 VUs, 94379 complete and 0 interrupted iterations
constant_load   [  79% ] 0433/0877 VUs  07m55.9s/10m0s  200.00 iters/s

running (07m56.9s), 0433/0877 VUs, 94579 complete and 0 interrupted iterations
constant_load   [  79% ] 0433/0877 VUs  07m56.9s/10m0s  200.00 iters/s

running (07m57.9s), 0433/0877 VUs, 94779 complete and 0 interrupted iterations
constant_load   [  80% ] 0433/0877 VUs  07m57.9s/10m0s  200.00 iters/s

running (07m58.9s), 0434/0877 VUs, 94978 complete and 0 interrupted iterations
constant_load   [  80% ] 0434/0877 VUs  07m58.9s/10m0s  200.00 iters/s

running (07m59.9s), 0435/0877 VUs, 95177 complete and 0 interrupted iterations
constant_load   [  80% ] 0435/0877 VUs  07m59.9s/10m0s  200.00 iters/s

running (08m00.9s), 0434/0877 VUs, 95378 complete and 0 interrupted iterations
constant_load   [  80% ] 0434/0877 VUs  08m00.9s/10m0s  200.00 iters/s

running (08m01.9s), 0437/0877 VUs, 95575 complete and 0 interrupted iterations
constant_load   [  80% ] 0437/0877 VUs  08m01.9s/10m0s  200.00 iters/s

running (08m02.9s), 0433/0877 VUs, 95779 complete and 0 interrupted iterations
constant_load   [  80% ] 0433/0877 VUs  08m02.9s/10m0s  200.00 iters/s

running (08m03.9s), 0435/0877 VUs, 95977 complete and 0 interrupted iterations
constant_load   [  81% ] 0435/0877 VUs  08m03.9s/10m0s  200.00 iters/s

running (08m04.9s), 0434/0877 VUs, 96178 complete and 0 interrupted iterations
constant_load   [  81% ] 0434/0877 VUs  08m04.9s/10m0s  200.00 iters/s

running (08m05.9s), 0438/0877 VUs, 96374 complete and 0 interrupted iterations
constant_load   [  81% ] 0438/0877 VUs  08m05.9s/10m0s  200.00 iters/s

running (08m06.9s), 0433/0877 VUs, 96579 complete and 0 interrupted iterations
constant_load   [  81% ] 0433/0877 VUs  08m06.9s/10m0s  200.00 iters/s

running (08m07.9s), 0433/0877 VUs, 96779 complete and 0 interrupted iterations
constant_load   [  81% ] 0433/0877 VUs  08m07.9s/10m0s  200.00 iters/s

running (08m08.9s), 0434/0877 VUs, 96978 complete and 0 interrupted iterations
constant_load   [  81% ] 0434/0877 VUs  08m08.9s/10m0s  200.00 iters/s

running (08m09.9s), 0433/0877 VUs, 97179 complete and 0 interrupted iterations
constant_load   [  82% ] 0433/0877 VUs  08m09.9s/10m0s  200.00 iters/s

running (08m10.9s), 0436/0877 VUs, 97376 complete and 0 interrupted iterations
constant_load   [  82% ] 0436/0877 VUs  08m10.9s/10m0s  200.00 iters/s
time="2026-09-05T15:30:09+02:00" level=warning msg="Request Failed" error="Post \"http://k8s-ragplatf-ciliumga-56da93c17a-2adc9d09e1c34b13.elb.eu-central-1.amazonaws.com/api/v1/query\": request timeout"
time="2026-09-05T15:30:09+02:00" level=warning msg="Request Failed" error="Post \"http://k8s-ragplatf-ciliumga-56da93c17a-2adc9d09e1c34b13.elb.eu-central-1.amazonaws.com/api/v1/query\": request timeout"
time="2026-09-05T15:30:09+02:00" level=warning msg="Request Failed" error="Post \"http://k8s-ragplatf-ciliumga-56da93c17a-2adc9d09e1c34b13.elb.eu-central-1.amazonaws.com/api/v1/query\": request timeout"
time="2026-09-05T15:30:09+02:00" level=warning msg="Request Failed" error="Post \"http://k8s-ragplatf-ciliumga-56da93c17a-2adc9d09e1c34b13.elb.eu-central-1.amazonaws.com/api/v1/query\": request timeout"
time="2026-09-05T15:30:09+02:00" level=warning msg="Request Failed" error="Post \"http://k8s-ragplatf-ciliumga-56da93c17a-2adc9d09e1c34b13.elb.eu-central-1.amazonaws.com/api/v1/query\": request timeout"
time="2026-09-05T15:30:09+02:00" level=warning msg="Request Failed" error="Post \"http://k8s-ragplatf-ciliumga-56da93c17a-2adc9d09e1c34b13.elb.eu-central-1.amazonaws.com/api/v1/query\": request timeout"
time="2026-09-05T15:30:09+02:00" level=warning msg="Request Failed" error="Post \"http://k8s-ragplatf-ciliumga-56da93c17a-2adc9d09e1c34b13.elb.eu-central-1.amazonaws.com/api/v1/query\": request timeout"
time="2026-09-05T15:30:09+02:00" level=warning msg="Request Failed" error="Post \"http://k8s-ragplatf-ciliumga-56da93c17a-2adc9d09e1c34b13.elb.eu-central-1.amazonaws.com/api/v1/query\": request timeout"
time="2026-09-05T15:30:09+02:00" level=warning msg="Request Failed" error="Post \"http://k8s-ragplatf-ciliumga-56da93c17a-2adc9d09e1c34b13.elb.eu-central-1.amazonaws.com/api/v1/query\": request timeout"
time="2026-09-05T15:30:10+02:00" level=warning msg="Request Failed" error="Post \"http://k8s-ragplatf-ciliumga-56da93c17a-2adc9d09e1c34b13.elb.eu-central-1.amazonaws.com/api/v1/query\": request timeout"
time="2026-09-05T15:30:10+02:00" level=warning msg="Request Failed" error="Post \"http://k8s-ragplatf-ciliumga-56da93c17a-2adc9d09e1c34b13.elb.eu-central-1.amazonaws.com/api/v1/query\": request timeout"
time="2026-09-05T15:30:10+02:00" level=warning msg="Request Failed" error="Post \"http://k8s-ragplatf-ciliumga-56da93c17a-2adc9d09e1c34b13.elb.eu-central-1.amazonaws.com/api/v1/query\": request timeout"
time="2026-09-05T15:30:10+02:00" level=warning msg="Request Failed" error="Post \"http://k8s-ragplatf-ciliumga-56da93c17a-2adc9d09e1c34b13.elb.eu-central-1.amazonaws.com/api/v1/query\": request timeout"
time="2026-09-05T15:30:10+02:00" level=warning msg="Request Failed" error="Post \"http://k8s-ragplatf-ciliumga-56da93c17a-2adc9d09e1c34b13.elb.eu-central-1.amazonaws.com/api/v1/query\": request timeout"
time="2026-09-05T15:30:10+02:00" level=warning msg="Request Failed" error="Post \"http://k8s-ragplatf-ciliumga-56da93c17a-2adc9d09e1c34b13.elb.eu-central-1.amazonaws.com/api/v1/query\": request timeout"
time="2026-09-05T15:30:10+02:00" level=warning msg="Request Failed" error="Post \"http://k8s-ragplatf-ciliumga-56da93c17a-2adc9d09e1c34b13.elb.eu-central-1.amazonaws.com/api/v1/query\": request timeout"

running (08m11.9s), 0417/0877 VUs, 97595 complete and 0 interrupted iterations
constant_load   [  82% ] 0417/0877 VUs  08m11.9s/10m0s  200.00 iters/s
time="2026-09-05T15:30:10+02:00" level=warning msg="Request Failed" error="Post \"http://k8s-ragplatf-ciliumga-56da93c17a-2adc9d09e1c34b13.elb.eu-central-1.amazonaws.com/api/v1/query\": request timeout"
time="2026-09-05T15:30:10+02:00" level=warning msg="Request Failed" error="Post \"http://k8s-ragplatf-ciliumga-56da93c17a-2adc9d09e1c34b13.elb.eu-central-1.amazonaws.com/api/v1/query\": request timeout"
time="2026-09-05T15:30:10+02:00" level=warning msg="Request Failed" error="Post \"http://k8s-ragplatf-ciliumga-56da93c17a-2adc9d09e1c34b13.elb.eu-central-1.amazonaws.com/api/v1/query\": request timeout"
time="2026-09-05T15:30:10+02:00" level=warning msg="Request Failed" error="Post \"http://k8s-ragplatf-ciliumga-56da93c17a-2adc9d09e1c34b13.elb.eu-central-1.amazonaws.com/api/v1/query\": request timeout"
time="2026-09-05T15:30:10+02:00" level=warning msg="Request Failed" error="Post \"http://k8s-ragplatf-ciliumga-56da93c17a-2adc9d09e1c34b13.elb.eu-central-1.amazonaws.com/api/v1/query\": request timeout"
time="2026-09-05T15:30:10+02:00" level=warning msg="Request Failed" error="Post \"http://k8s-ragplatf-ciliumga-56da93c17a-2adc9d09e1c34b13.elb.eu-central-1.amazonaws.com/api/v1/query\": request timeout"
time="2026-09-05T15:30:11+02:00" level=warning msg="Request Failed" error="Post \"http://k8s-ragplatf-ciliumga-56da93c17a-2adc9d09e1c34b13.elb.eu-central-1.amazonaws.com/api/v1/query\": request timeout"
time="2026-09-05T15:30:11+02:00" level=warning msg="Request Failed" error="Post \"http://k8s-ragplatf-ciliumga-56da93c17a-2adc9d09e1c34b13.elb.eu-central-1.amazonaws.com/api/v1/query\": request timeout"
time="2026-09-05T15:30:11+02:00" level=warning msg="Request Failed" error="Post \"http://k8s-ragplatf-ciliumga-56da93c17a-2adc9d09e1c34b13.elb.eu-central-1.amazonaws.com/api/v1/query\": request timeout"
time="2026-09-05T15:30:11+02:00" level=warning msg="Request Failed" error="Post \"http://k8s-ragplatf-ciliumga-56da93c17a-2adc9d09e1c34b13.elb.eu-central-1.amazonaws.com/api/v1/query\": request timeout"

running (08m12.9s), 0407/0877 VUs, 97805 complete and 0 interrupted iterations
constant_load   [  82% ] 0407/0877 VUs  08m12.9s/10m0s  200.00 iters/s

running (08m13.9s), 0408/0877 VUs, 98004 complete and 0 interrupted iterations
constant_load   [  82% ] 0408/0877 VUs  08m13.9s/10m0s  200.00 iters/s

running (08m14.9s), 0408/0877 VUs, 98204 complete and 0 interrupted iterations
constant_load   [  82% ] 0408/0877 VUs  08m14.9s/10m0s  200.00 iters/s

running (08m15.9s), 0406/0877 VUs, 98406 complete and 0 interrupted iterations
constant_load   [  83% ] 0406/0877 VUs  08m15.9s/10m0s  200.00 iters/s

running (08m16.9s), 0409/0877 VUs, 98603 complete and 0 interrupted iterations
constant_load   [  83% ] 0409/0877 VUs  08m16.9s/10m0s  200.00 iters/s

running (08m17.9s), 0407/0877 VUs, 98805 complete and 0 interrupted iterations
constant_load   [  83% ] 0407/0877 VUs  08m17.9s/10m0s  200.00 iters/s

running (08m18.9s), 0408/0877 VUs, 99004 complete and 0 interrupted iterations
constant_load   [  83% ] 0408/0877 VUs  08m18.9s/10m0s  200.00 iters/s

running (08m19.9s), 0407/0877 VUs, 99206 complete and 0 interrupted iterations
constant_load   [  83% ] 0407/0877 VUs  08m19.9s/10m0s  200.00 iters/s

running (08m20.9s), 0407/0877 VUs, 99405 complete and 0 interrupted iterations
constant_load   [  83% ] 0407/0877 VUs  08m20.9s/10m0s  200.00 iters/s

running (08m21.9s), 0407/0877 VUs, 99605 complete and 0 interrupted iterations
constant_load   [  84% ] 0407/0877 VUs  08m21.9s/10m0s  200.00 iters/s

running (08m22.9s), 0408/0877 VUs, 99804 complete and 0 interrupted iterations
constant_load   [  84% ] 0408/0877 VUs  08m22.9s/10m0s  200.00 iters/s

running (08m23.9s), 0408/0877 VUs, 100005 complete and 0 interrupted iterations
constant_load   [  84% ] 0408/0877 VUs  08m23.9s/10m0s  200.00 iters/s

running (08m24.9s), 0408/0877 VUs, 100204 complete and 0 interrupted iterations
constant_load   [  84% ] 0408/0877 VUs  08m24.9s/10m0s  200.00 iters/s

running (08m25.9s), 0408/0877 VUs, 100404 complete and 0 interrupted iterations
constant_load   [  84% ] 0408/0877 VUs  08m25.9s/10m0s  200.00 iters/s

running (08m26.9s), 0408/0877 VUs, 100604 complete and 0 interrupted iterations
constant_load   [  84% ] 0408/0877 VUs  08m26.9s/10m0s  200.00 iters/s

running (08m27.9s), 0408/0877 VUs, 100804 complete and 0 interrupted iterations
constant_load   [  85% ] 0408/0877 VUs  08m27.9s/10m0s  200.00 iters/s

running (08m28.9s), 0407/0877 VUs, 101005 complete and 0 interrupted iterations
constant_load   [  85% ] 0407/0877 VUs  08m28.9s/10m0s  200.00 iters/s

running (08m29.9s), 0408/0877 VUs, 101204 complete and 0 interrupted iterations
constant_load   [  85% ] 0408/0877 VUs  08m29.9s/10m0s  200.00 iters/s

running (08m30.9s), 0409/0877 VUs, 101404 complete and 0 interrupted iterations
constant_load   [  85% ] 0409/0877 VUs  08m30.9s/10m0s  200.00 iters/s

running (08m31.9s), 0409/0877 VUs, 101603 complete and 0 interrupted iterations
constant_load   [  85% ] 0409/0877 VUs  08m31.9s/10m0s  200.00 iters/s

running (08m32.9s), 0407/0877 VUs, 101805 complete and 0 interrupted iterations
constant_load   [  85% ] 0407/0877 VUs  08m32.9s/10m0s  200.00 iters/s

running (08m33.9s), 0407/0877 VUs, 102005 complete and 0 interrupted iterations
constant_load   [  86% ] 0407/0877 VUs  08m33.9s/10m0s  200.00 iters/s

running (08m34.9s), 0407/0877 VUs, 102205 complete and 0 interrupted iterations
constant_load   [  86% ] 0407/0877 VUs  08m34.9s/10m0s  200.00 iters/s

running (08m35.9s), 0410/0877 VUs, 102402 complete and 0 interrupted iterations
constant_load   [  86% ] 0410/0877 VUs  08m35.9s/10m0s  200.00 iters/s

running (08m36.9s), 0408/0877 VUs, 102604 complete and 0 interrupted iterations
constant_load   [  86% ] 0408/0877 VUs  08m36.9s/10m0s  200.00 iters/s

running (08m37.9s), 0412/0877 VUs, 102800 complete and 0 interrupted iterations
constant_load   [  86% ] 0412/0877 VUs  08m37.9s/10m0s  200.00 iters/s

running (08m38.9s), 0408/0877 VUs, 103004 complete and 0 interrupted iterations
constant_load   [  86% ] 0408/0877 VUs  08m38.9s/10m0s  200.00 iters/s

running (08m39.9s), 0408/0877 VUs, 103204 complete and 0 interrupted iterations
constant_load   [  87% ] 0408/0877 VUs  08m39.9s/10m0s  200.00 iters/s

running (08m40.9s), 0408/0877 VUs, 103404 complete and 0 interrupted iterations
constant_load   [  87% ] 0408/0877 VUs  08m40.9s/10m0s  200.00 iters/s

running (08m41.9s), 0411/0877 VUs, 103601 complete and 0 interrupted iterations
constant_load   [  87% ] 0411/0877 VUs  08m41.9s/10m0s  200.00 iters/s

running (08m42.9s), 0407/0877 VUs, 103805 complete and 0 interrupted iterations
constant_load   [  87% ] 0407/0877 VUs  08m42.9s/10m0s  200.00 iters/s

running (08m43.9s), 0408/0877 VUs, 104004 complete and 0 interrupted iterations
constant_load   [  87% ] 0408/0877 VUs  08m43.9s/10m0s  200.00 iters/s

running (08m44.9s), 0407/0877 VUs, 104205 complete and 0 interrupted iterations
constant_load   [  87% ] 0407/0877 VUs  08m44.9s/10m0s  200.00 iters/s

running (08m45.9s), 0407/0877 VUs, 104405 complete and 0 interrupted iterations
constant_load   [  88% ] 0407/0877 VUs  08m45.9s/10m0s  200.00 iters/s

running (08m46.9s), 0408/0877 VUs, 104604 complete and 0 interrupted iterations
constant_load   [  88% ] 0408/0877 VUs  08m46.9s/10m0s  200.00 iters/s

running (08m47.9s), 0408/0877 VUs, 104804 complete and 0 interrupted iterations
constant_load   [  88% ] 0408/0877 VUs  08m47.9s/10m0s  200.00 iters/s

running (08m48.9s), 0407/0877 VUs, 105005 complete and 0 interrupted iterations
constant_load   [  88% ] 0407/0877 VUs  08m48.9s/10m0s  200.00 iters/s

running (08m49.9s), 0408/0877 VUs, 105204 complete and 0 interrupted iterations
constant_load   [  88% ] 0408/0877 VUs  08m49.9s/10m0s  200.00 iters/s

running (08m50.9s), 0407/0877 VUs, 105405 complete and 0 interrupted iterations
constant_load   [  88% ] 0407/0877 VUs  08m50.9s/10m0s  200.00 iters/s

running (08m51.9s), 0407/0877 VUs, 105605 complete and 0 interrupted iterations
constant_load   [  89% ] 0407/0877 VUs  08m51.9s/10m0s  200.00 iters/s

running (08m52.9s), 0408/0877 VUs, 105804 complete and 0 interrupted iterations
constant_load   [  89% ] 0408/0877 VUs  08m52.9s/10m0s  200.00 iters/s

running (08m53.9s), 0408/0877 VUs, 106004 complete and 0 interrupted iterations
constant_load   [  89% ] 0408/0877 VUs  08m53.9s/10m0s  200.00 iters/s

running (08m54.9s), 0408/0877 VUs, 106204 complete and 0 interrupted iterations
constant_load   [  89% ] 0408/0877 VUs  08m54.9s/10m0s  200.00 iters/s

running (08m55.9s), 0407/0877 VUs, 106405 complete and 0 interrupted iterations
constant_load   [  89% ] 0407/0877 VUs  08m55.9s/10m0s  200.00 iters/s

running (08m56.9s), 0407/0877 VUs, 106605 complete and 0 interrupted iterations
constant_load   [  89% ] 0407/0877 VUs  08m56.9s/10m0s  200.00 iters/s

running (08m57.9s), 0408/0877 VUs, 106804 complete and 0 interrupted iterations
constant_load   [  90% ] 0408/0877 VUs  08m57.9s/10m0s  200.00 iters/s

running (08m58.9s), 0406/0877 VUs, 107006 complete and 0 interrupted iterations
constant_load   [  90% ] 0406/0877 VUs  08m58.9s/10m0s  200.00 iters/s

running (08m59.9s), 0407/0877 VUs, 107205 complete and 0 interrupted iterations
constant_load   [  90% ] 0407/0877 VUs  08m59.9s/10m0s  200.00 iters/s

running (09m00.9s), 0407/0877 VUs, 107405 complete and 0 interrupted iterations
constant_load   [  90% ] 0407/0877 VUs  09m00.9s/10m0s  200.00 iters/s

running (09m01.9s), 0407/0877 VUs, 107605 complete and 0 interrupted iterations
constant_load   [  90% ] 0407/0877 VUs  09m01.9s/10m0s  200.00 iters/s

running (09m02.9s), 0408/0877 VUs, 107804 complete and 0 interrupted iterations
constant_load   [  90% ] 0408/0877 VUs  09m02.9s/10m0s  200.00 iters/s

running (09m03.9s), 0407/0877 VUs, 108005 complete and 0 interrupted iterations
constant_load   [  91% ] 0407/0877 VUs  09m03.9s/10m0s  200.00 iters/s

running (09m04.9s), 0408/0877 VUs, 108204 complete and 0 interrupted iterations
constant_load   [  91% ] 0408/0877 VUs  09m04.9s/10m0s  200.00 iters/s

running (09m05.9s), 0407/0877 VUs, 108405 complete and 0 interrupted iterations
constant_load   [  91% ] 0407/0877 VUs  09m05.9s/10m0s  200.00 iters/s

running (09m06.9s), 0406/0877 VUs, 108606 complete and 0 interrupted iterations
constant_load   [  91% ] 0406/0877 VUs  09m06.9s/10m0s  200.00 iters/s

running (09m07.9s), 0406/0877 VUs, 108806 complete and 0 interrupted iterations
constant_load   [  91% ] 0406/0877 VUs  09m07.9s/10m0s  200.00 iters/s

running (09m08.9s), 0407/0877 VUs, 109005 complete and 0 interrupted iterations
constant_load   [  91% ] 0407/0877 VUs  09m08.9s/10m0s  200.00 iters/s

running (09m09.9s), 0407/0877 VUs, 109205 complete and 0 interrupted iterations
constant_load   [  92% ] 0407/0877 VUs  09m09.9s/10m0s  200.00 iters/s

running (09m10.9s), 0412/0877 VUs, 109400 complete and 0 interrupted iterations
constant_load   [  92% ] 0412/0877 VUs  09m10.9s/10m0s  200.00 iters/s

running (09m11.9s), 0404/0877 VUs, 109608 complete and 0 interrupted iterations
constant_load   [  92% ] 0404/0877 VUs  09m11.9s/10m0s  200.00 iters/s

running (09m12.9s), 0409/0877 VUs, 109803 complete and 0 interrupted iterations
constant_load   [  92% ] 0409/0877 VUs  09m12.9s/10m0s  200.00 iters/s

running (09m13.9s), 0416/0877 VUs, 109996 complete and 0 interrupted iterations
constant_load   [  92% ] 0416/0877 VUs  09m13.9s/10m0s  200.00 iters/s

running (09m14.9s), 0426/0877 VUs, 110186 complete and 0 interrupted iterations
constant_load   [  92% ] 0426/0877 VUs  09m14.9s/10m0s  200.00 iters/s

running (09m15.9s), 0426/0877 VUs, 110386 complete and 0 interrupted iterations
constant_load   [  93% ] 0426/0877 VUs  09m15.9s/10m0s  200.00 iters/s

running (09m16.9s), 0426/0877 VUs, 110586 complete and 0 interrupted iterations
constant_load   [  93% ] 0426/0877 VUs  09m16.9s/10m0s  200.00 iters/s

running (09m17.9s), 0426/0877 VUs, 110786 complete and 0 interrupted iterations
constant_load   [  93% ] 0426/0877 VUs  09m17.9s/10m0s  200.00 iters/s

running (09m18.9s), 0426/0877 VUs, 110986 complete and 0 interrupted iterations
constant_load   [  93% ] 0426/0877 VUs  09m18.9s/10m0s  200.00 iters/s

running (09m19.9s), 0426/0877 VUs, 111186 complete and 0 interrupted iterations
constant_load   [  93% ] 0426/0877 VUs  09m19.9s/10m0s  200.00 iters/s

running (09m20.9s), 0426/0877 VUs, 111386 complete and 0 interrupted iterations
constant_load   [  93% ] 0426/0877 VUs  09m20.9s/10m0s  200.00 iters/s

running (09m21.9s), 0427/0877 VUs, 111585 complete and 0 interrupted iterations
constant_load   [  94% ] 0427/0877 VUs  09m21.9s/10m0s  200.00 iters/s

running (09m22.9s), 0426/0877 VUs, 111786 complete and 0 interrupted iterations
constant_load   [  94% ] 0426/0877 VUs  09m22.9s/10m0s  200.00 iters/s

running (09m23.9s), 0427/0877 VUs, 111985 complete and 0 interrupted iterations
constant_load   [  94% ] 0427/0877 VUs  09m23.9s/10m0s  200.00 iters/s

running (09m24.9s), 0426/0877 VUs, 112186 complete and 0 interrupted iterations
constant_load   [  94% ] 0426/0877 VUs  09m24.9s/10m0s  200.00 iters/s

running (09m25.9s), 0427/0877 VUs, 112385 complete and 0 interrupted iterations
constant_load   [  94% ] 0427/0877 VUs  09m25.9s/10m0s  200.00 iters/s

running (09m26.9s), 0427/0877 VUs, 112585 complete and 0 interrupted iterations
constant_load   [  94% ] 0427/0877 VUs  09m26.9s/10m0s  200.00 iters/s

running (09m27.9s), 0426/0877 VUs, 112786 complete and 0 interrupted iterations
constant_load   [  95% ] 0426/0877 VUs  09m27.9s/10m0s  200.00 iters/s

running (09m28.9s), 0426/0877 VUs, 112986 complete and 0 interrupted iterations
constant_load   [  95% ] 0426/0877 VUs  09m28.9s/10m0s  200.00 iters/s

running (09m29.9s), 0426/0877 VUs, 113186 complete and 0 interrupted iterations
constant_load   [  95% ] 0426/0877 VUs  09m29.9s/10m0s  200.00 iters/s

running (09m30.9s), 0426/0877 VUs, 113386 complete and 0 interrupted iterations
constant_load   [  95% ] 0426/0877 VUs  09m30.9s/10m0s  200.00 iters/s

running (09m31.9s), 0426/0877 VUs, 113586 complete and 0 interrupted iterations
constant_load   [  95% ] 0426/0877 VUs  09m31.9s/10m0s  200.00 iters/s

running (09m32.9s), 0426/0877 VUs, 113786 complete and 0 interrupted iterations
constant_load   [  95% ] 0426/0877 VUs  09m32.9s/10m0s  200.00 iters/s

running (09m33.9s), 0426/0877 VUs, 113986 complete and 0 interrupted iterations
constant_load   [  96% ] 0426/0877 VUs  09m33.9s/10m0s  200.00 iters/s

running (09m34.9s), 0427/0877 VUs, 114185 complete and 0 interrupted iterations
constant_load   [  96% ] 0427/0877 VUs  09m34.9s/10m0s  200.00 iters/s

running (09m35.9s), 0427/0877 VUs, 114385 complete and 0 interrupted iterations
constant_load   [  96% ] 0427/0877 VUs  09m35.9s/10m0s  200.00 iters/s

running (09m36.9s), 0426/0877 VUs, 114586 complete and 0 interrupted iterations
constant_load   [  96% ] 0426/0877 VUs  09m36.9s/10m0s  200.00 iters/s

running (09m37.9s), 0426/0877 VUs, 114786 complete and 0 interrupted iterations
constant_load   [  96% ] 0426/0877 VUs  09m37.9s/10m0s  200.00 iters/s

running (09m38.9s), 0426/0877 VUs, 114986 complete and 0 interrupted iterations
constant_load   [  96% ] 0426/0877 VUs  09m38.9s/10m0s  200.00 iters/s

running (09m39.9s), 0428/0877 VUs, 115184 complete and 0 interrupted iterations
constant_load   [  97% ] 0428/0877 VUs  09m39.9s/10m0s  200.00 iters/s

running (09m40.9s), 0426/0877 VUs, 115386 complete and 0 interrupted iterations
constant_load   [  97% ] 0426/0877 VUs  09m40.9s/10m0s  200.00 iters/s

running (09m41.9s), 0426/0877 VUs, 115586 complete and 0 interrupted iterations
constant_load   [  97% ] 0426/0877 VUs  09m41.9s/10m0s  200.00 iters/s

running (09m42.9s), 0426/0877 VUs, 115786 complete and 0 interrupted iterations
constant_load   [  97% ] 0426/0877 VUs  09m42.9s/10m0s  200.00 iters/s

running (09m43.9s), 0428/0877 VUs, 115984 complete and 0 interrupted iterations
constant_load   [  97% ] 0428/0877 VUs  09m43.9s/10m0s  200.00 iters/s

running (09m44.9s), 0426/0877 VUs, 116186 complete and 0 interrupted iterations
constant_load   [  97% ] 0426/0877 VUs  09m44.9s/10m0s  200.00 iters/s

running (09m45.9s), 0451/0877 VUs, 116361 complete and 0 interrupted iterations
constant_load   [  98% ] 0451/0877 VUs  09m45.9s/10m0s  200.00 iters/s

running (09m46.9s), 0426/0877 VUs, 116586 complete and 0 interrupted iterations
constant_load   [  98% ] 0426/0877 VUs  09m46.9s/10m0s  200.00 iters/s

running (09m47.9s), 0426/0877 VUs, 116786 complete and 0 interrupted iterations
constant_load   [  98% ] 0426/0877 VUs  09m47.9s/10m0s  200.00 iters/s

running (09m48.9s), 0426/0877 VUs, 116986 complete and 0 interrupted iterations
constant_load   [  98% ] 0426/0877 VUs  09m48.9s/10m0s  200.00 iters/s

running (09m49.9s), 0427/0877 VUs, 117185 complete and 0 interrupted iterations
constant_load   [  98% ] 0427/0877 VUs  09m49.9s/10m0s  200.00 iters/s

running (09m50.9s), 0426/0877 VUs, 117386 complete and 0 interrupted iterations
constant_load   [  98% ] 0426/0877 VUs  09m50.9s/10m0s  200.00 iters/s

running (09m51.9s), 0426/0877 VUs, 117586 complete and 0 interrupted iterations
constant_load   [  99% ] 0426/0877 VUs  09m51.9s/10m0s  200.00 iters/s

running (09m52.9s), 0427/0877 VUs, 117785 complete and 0 interrupted iterations
constant_load   [  99% ] 0427/0877 VUs  09m52.9s/10m0s  200.00 iters/s

running (09m53.9s), 0426/0877 VUs, 117986 complete and 0 interrupted iterations
constant_load   [  99% ] 0426/0877 VUs  09m53.9s/10m0s  200.00 iters/s

running (09m54.9s), 0426/0877 VUs, 118186 complete and 0 interrupted iterations
constant_load   [  99% ] 0426/0877 VUs  09m54.9s/10m0s  200.00 iters/s

running (09m55.9s), 0426/0877 VUs, 118386 complete and 0 interrupted iterations
constant_load   [  99% ] 0426/0877 VUs  09m55.9s/10m0s  200.00 iters/s

running (09m56.9s), 0426/0877 VUs, 118586 complete and 0 interrupted iterations
constant_load   [  99% ] 0426/0877 VUs  09m56.9s/10m0s  200.00 iters/s

running (09m57.9s), 0427/0877 VUs, 118785 complete and 0 interrupted iterations
constant_load   [ 100% ] 0427/0877 VUs  09m57.9s/10m0s  200.00 iters/s

running (09m58.9s), 0426/0877 VUs, 118986 complete and 0 interrupted iterations
constant_load   [ 100% ] 0426/0877 VUs  09m58.9s/10m0s  200.00 iters/s

running (09m59.9s), 0426/0877 VUs, 119186 complete and 0 interrupted iterations
constant_load   [ 100% ] 0426/0877 VUs  09m59.9s/10m0s  200.00 iters/s

running (10m00.9s), 0238/0877 VUs, 119385 complete and 0 interrupted iterations
constant_load ↓ [ 100% ] 0432/0877 VUs  10m0s  200.00 iters/s

running (10m01.9s), 0037/0877 VUs, 119586 complete and 0 interrupted iterations
constant_load ↓ [ 100% ] 0432/0877 VUs  10m0s  200.00 iters/s

running (10m02.9s), 0019/0877 VUs, 119604 complete and 0 interrupted iterations
constant_load ↓ [ 100% ] 0432/0877 VUs  10m0s  200.00 iters/s

running (10m03.9s), 0019/0877 VUs, 119604 complete and 0 interrupted iterations
constant_load ↓ [ 100% ] 0432/0877 VUs  10m0s  200.00 iters/s

running (10m04.9s), 0019/0877 VUs, 119604 complete and 0 interrupted iterations
constant_load ↓ [ 100% ] 0432/0877 VUs  10m0s  200.00 iters/s

running (10m05.9s), 0019/0877 VUs, 119604 complete and 0 interrupted iterations
constant_load ↓ [ 100% ] 0432/0877 VUs  10m0s  200.00 iters/s

running (10m06.9s), 0019/0877 VUs, 119604 complete and 0 interrupted iterations
constant_load ↓ [ 100% ] 0432/0877 VUs  10m0s  200.00 iters/s

running (10m07.9s), 0019/0877 VUs, 119604 complete and 0 interrupted iterations
constant_load ↓ [ 100% ] 0432/0877 VUs  10m0s  200.00 iters/s

running (10m08.9s), 0019/0877 VUs, 119604 complete and 0 interrupted iterations
constant_load ↓ [ 100% ] 0432/0877 VUs  10m0s  200.00 iters/s

running (10m09.9s), 0019/0877 VUs, 119604 complete and 0 interrupted iterations
constant_load ↓ [ 100% ] 0432/0877 VUs  10m0s  200.00 iters/s

running (10m10.9s), 0019/0877 VUs, 119604 complete and 0 interrupted iterations
constant_load ↓ [ 100% ] 0432/0877 VUs  10m0s  200.00 iters/s
time="2026-09-05T15:32:09+02:00" level=warning msg="Request Failed" error="Post \"http://k8s-ragplatf-ciliumga-56da93c17a-2adc9d09e1c34b13.elb.eu-central-1.amazonaws.com/api/v1/query\": request timeout"
time="2026-09-05T15:32:09+02:00" level=warning msg="Request Failed" error="Post \"http://k8s-ragplatf-ciliumga-56da93c17a-2adc9d09e1c34b13.elb.eu-central-1.amazonaws.com/api/v1/query\": request timeout"
time="2026-09-05T15:32:09+02:00" level=warning msg="Request Failed" error="Post \"http://k8s-ragplatf-ciliumga-56da93c17a-2adc9d09e1c34b13.elb.eu-central-1.amazonaws.com/api/v1/query\": request timeout"
time="2026-09-05T15:32:09+02:00" level=warning msg="Request Failed" error="Post \"http://k8s-ragplatf-ciliumga-56da93c17a-2adc9d09e1c34b13.elb.eu-central-1.amazonaws.com/api/v1/query\": request timeout"
time="2026-09-05T15:32:09+02:00" level=warning msg="Request Failed" error="Post \"http://k8s-ragplatf-ciliumga-56da93c17a-2adc9d09e1c34b13.elb.eu-central-1.amazonaws.com/api/v1/query\": request timeout"
time="2026-09-05T15:32:09+02:00" level=warning msg="Request Failed" error="Post \"http://k8s-ragplatf-ciliumga-56da93c17a-2adc9d09e1c34b13.elb.eu-central-1.amazonaws.com/api/v1/query\": request timeout"
time="2026-09-05T15:32:09+02:00" level=warning msg="Request Failed" error="Post \"http://k8s-ragplatf-ciliumga-56da93c17a-2adc9d09e1c34b13.elb.eu-central-1.amazonaws.com/api/v1/query\": request timeout"
time="2026-09-05T15:32:10+02:00" level=warning msg="Request Failed" error="Post \"http://k8s-ragplatf-ciliumga-56da93c17a-2adc9d09e1c34b13.elb.eu-central-1.amazonaws.com/api/v1/query\": request timeout"
time="2026-09-05T15:32:10+02:00" level=warning msg="Request Failed" error="Post \"http://k8s-ragplatf-ciliumga-56da93c17a-2adc9d09e1c34b13.elb.eu-central-1.amazonaws.com/api/v1/query\": request timeout"
time="2026-09-05T15:32:10+02:00" level=warning msg="Request Failed" error="Post \"http://k8s-ragplatf-ciliumga-56da93c17a-2adc9d09e1c34b13.elb.eu-central-1.amazonaws.com/api/v1/query\": request timeout"

running (10m11.9s), 0009/0877 VUs, 119614 complete and 0 interrupted iterations
constant_load ↓ [ 100% ] 0432/0877 VUs  10m0s  200.00 iters/s
time="2026-09-05T15:32:10+02:00" level=warning msg="Request Failed" error="Post \"http://k8s-ragplatf-ciliumga-56da93c17a-2adc9d09e1c34b13.elb.eu-central-1.amazonaws.com/api/v1/query\": request timeout"
time="2026-09-05T15:32:10+02:00" level=warning msg="Request Failed" error="Post \"http://k8s-ragplatf-ciliumga-56da93c17a-2adc9d09e1c34b13.elb.eu-central-1.amazonaws.com/api/v1/query\": request timeout"
time="2026-09-05T15:32:10+02:00" level=warning msg="Request Failed" error="Post \"http://k8s-ragplatf-ciliumga-56da93c17a-2adc9d09e1c34b13.elb.eu-central-1.amazonaws.com/api/v1/query\": request timeout"
time="2026-09-05T15:32:10+02:00" level=warning msg="Request Failed" error="Post \"http://k8s-ragplatf-ciliumga-56da93c17a-2adc9d09e1c34b13.elb.eu-central-1.amazonaws.com/api/v1/query\": request timeout"
time="2026-09-05T15:32:10+02:00" level=warning msg="Request Failed" error="Post \"http://k8s-ragplatf-ciliumga-56da93c17a-2adc9d09e1c34b13.elb.eu-central-1.amazonaws.com/api/v1/query\": request timeout"
time="2026-09-05T15:32:10+02:00" level=warning msg="Request Failed" error="Post \"http://k8s-ragplatf-ciliumga-56da93c17a-2adc9d09e1c34b13.elb.eu-central-1.amazonaws.com/api/v1/query\": request timeout"
time="2026-09-05T15:32:11+02:00" level=warning msg="Request Failed" error="Post \"http://k8s-ragplatf-ciliumga-56da93c17a-2adc9d09e1c34b13.elb.eu-central-1.amazonaws.com/api/v1/query\": request timeout"
time="2026-09-05T15:32:11+02:00" level=warning msg="Request Failed" error="Post \"http://k8s-ragplatf-ciliumga-56da93c17a-2adc9d09e1c34b13.elb.eu-central-1.amazonaws.com/api/v1/query\": request timeout"
time="2026-09-05T15:32:11+02:00" level=warning msg="Request Failed" error="Post \"http://k8s-ragplatf-ciliumga-56da93c17a-2adc9d09e1c34b13.elb.eu-central-1.amazonaws.com/api/v1/query\": request timeout"


  █ TOTAL RESULTS 

    checks_total.......: 119623 195.193727/s
    checks_succeeded...: 98.08% 117331 out of 119623
    checks_failed......: 1.91%  2292 out of 119623

    ✗ status is 200
      ↳  98% — ✓ 117331 / ✗ 2292

    HTTP
    http_req_duration..............: avg=2.12s min=0s     med=2.03s max=1m0s  p(90)=2.11s p(95)=2.15s
      { expected_response:true }...: avg=2.06s min=2.03s  med=2.03s max=2.96s p(90)=2.11s p(95)=2.15s
    http_req_failed................: 1.91%  2292 out of 119623
    http_reqs......................: 119623 195.193727/s

    EXECUTION
    dropped_iterations.............: 377    0.615166/s
    iteration_duration.............: avg=2.29s min=2.71ms med=2.03s max=1m0s  p(90)=2.11s p(95)=2.16s
    iterations.....................: 119623 195.193727/s
    vus............................: 9      min=9              max=866
    vus_max........................: 877    min=500            max=877

    NETWORK
    data_received..................: 826 MB 1.3 MB/s
    data_sent......................: 36 MB  58 kB/s




running (10m12.8s), 0000/0877 VUs, 119623 complete and 0 interrupted iterations
constant_load ✓ [ 100% ] 0000/0877 VUs  10m0s  200.00 iters/s
